signal_id,bar_utc,event,reason,entry,sl,tp,decision_utc,spread_points,ema,adx,sl_touched,tp_touched,bar_utc_chart_label,decision_utc_chart_label
1,2026-09-08 05:10:00+00:00,DETECTED,Decision at candle close,4430.22,4434.38,,2026-09-08 05:11:00+00:00,,,,,,2026.09.08 08:10:00,2026.09.08 08:11:00
1,2026-09-08 05:10:00+00:00,PLACED,Effective after this candle closes; no same-bar fill,4430.22,4434.38,4426.06,2026-09-08 05:11:00+00:00,,,,,,2026.09.08 08:10:00,2026.09.08 08:11:00
1,2026-09-08 05:11:00+00:00,MODIFIED,Effective after this candle closes; no same-bar fill,4428.82,4434.38,4423.26,2026-09-08 05:12:00+00:00,,,,,,2026.09.08 08:11:00,2026.09.08 08:12:00
1,2026-09-08 05:12:00+00:00,FILLED,Simulated limit touch; exact tick time unknown,4428.82,4434.38,4423.26,,16.0,,,,,2026.09.08 08:12:00,
1,2026-09-08 05:31:00+00:00,TP,"exit_result: open-gap priority, otherwise SL-first; fill-bar TP requires proof",4428.82,4434.38,4423.26,,,,,,,2026.09.08 08:31:00,
2,2026-09-08 07:24:00+00:00,DETECTED,Decision at candle close,4434.8,4438.35,,2026-09-08 07:25:00+00:00,,,,,,2026.09.08 10:24:00,2026.09.08 10:25:00
2,2026-09-08 07:24:00+00:00,PLACED,Effective after this candle closes; no same-bar fill,4434.8,4438.35,4431.25,2026-09-08 07:25:00+00:00,,,,,,2026.09.08 10:24:00,2026.09.08 10:25:00
2,2026-09-08 07:25:00+00:00,MODIFIED,Effective after this candle closes; no same-bar fill,4434.07,4438.35,4429.79,2026-09-08 07:26:00+00:00,,,,,,2026.09.08 10:25:00,2026.09.08 10:26:00
2,2026-09-08 07:26:00+00:00,MODIFIED,Effective after this candle closes; no same-bar fill,4433.82,4438.35,4429.29,2026-09-08 07:27:00+00:00,,,,,,2026.09.08 10:26:00,2026.09.08 10:27:00
2,2026-09-08 07:27:00+00:00,MODIFIED,Effective after this candle closes; no same-bar fill,4433.23,4438.35,4428.11,2026-09-08 07:28:00+00:00,,,,,,2026.09.08 10:27:00,2026.09.08 10:28:00
2,2026-09-08 07:28:00+00:00,MODIFIED,Effective after this candle closes; no same-bar fill,4432.69,4438.35,4427.03,2026-09-08 07:29:00+00:00,,,,,,2026.09.08 10:28:00,2026.09.08 10:29:00
2,2026-09-08 07:29:00+00:00,FILLED,Simulated limit touch; exact tick time unknown,4432.69,4438.35,4427.03,,11.0,,,,,2026.09.08 10:29:00,
2,2026-09-08 07:58:00+00:00,SL,"exit_result: open-gap priority, otherwise SL-first; fill-bar TP requires proof",4432.69,4438.35,4427.03,,,,,,,2026.09.08 10:58:00,
3,2026-09-08 08:13:00+00:00,DETECTED,Decision at candle close,4429.34,4431.46,,2026-09-08 08:14:00+00:00,,,,,,2026.09.08 11:13:00,2026.09.08 11:14:00
3,2026-09-08 08:13:00+00:00,PLACED,Effective after this candle closes; no same-bar fill,4429.34,4431.46,4427.22,2026-09-08 08:14:00+00:00,,,,,,2026.09.08 11:13:00,2026.09.08 11:14:00
3,2026-09-08 08:14:00+00:00,MODIFIED,Effective after this candle closes; no same-bar fill,4429.09,4431.46,4426.72,2026-09-08 08:15:00+00:00,,,,,,2026.09.08 11:14:00,2026.09.08 11:15:00
3,2026-09-08 08:15:00+00:00,MODIFIED,Effective after this candle closes; no same-bar fill,4427.85,4431.46,4424.24,2026-09-08 08:16:00+00:00,,,,,,2026.09.08 11:15:00,2026.09.08 11:16:00
3,2026-09-08 08:16:00+00:00,FILLED,Simulated limit touch; exact tick time unknown,4427.85,4431.46,4424.24,,17.0,,,,,2026.09.08 11:16:00,
3,2026-09-08 08:22:00+00:00,SL,"exit_result: open-gap priority, otherwise SL-first; fill-bar TP requires proof",4427.85,4431.46,4424.24,,,,,,,2026.09.08 11:22:00,
4,2026-09-08 08:25:00+00:00,DETECTED,Decision at candle close,4426.53,4431.62,,2026-09-08 08:26:00+00:00,,,,,,2026.09.08 11:25:00,2026.09.08 11:26:00
4,2026-09-08 08:25:00+00:00,PLACED,Effective after this candle closes; no same-bar fill,4426.53,4431.62,4421.44,2026-09-08 08:26:00+00:00,,,,,,2026.09.08 11:25:00,2026.09.08 11:26:00
4,2026-09-08 08:26:00+00:00,MODIFIED,Effective after this candle closes; no same-bar fill,4424.49,4431.62,4417.36,2026-09-08 08:27:00+00:00,,,,,,2026.09.08 11:26:00,2026.09.08 11:27:00
4,2026-09-08 08:27:00+00:00,MODIFIED,Effective after this candle closes; no same-bar fill,4423.96,4431.62,4416.3,2026-09-08 08:28:00+00:00,,,,,,2026.09.08 11:27:00,2026.09.08 11:28:00
4,2026-09-08 08:28:00+00:00,MODIFIED,Effective after this candle closes; no same-bar fill,4422.76,4431.62,4413.9,2026-09-08 08:29:00+00:00,,,,,,2026.09.08 11:28:00,2026.09.08 11:29:00
4,2026-09-08 08:29:00+00:00,MODIFIED,Effective after this candle closes; no same-bar fill,4422.42,4431.62,4413.22,2026-09-08 08:30:00+00:00,,,,,,2026.09.08 11:29:00,2026.09.08 11:30:00
4,2026-09-08 08:30:00+00:00,FILLED,Simulated limit touch; exact tick time unknown,4422.42,4431.62,4413.22,,17.0,,,,,2026.09.08 11:30:00,
4,2026-09-08 09:02:00+00:00,TP,"exit_result: open-gap priority, otherwise SL-first; fill-bar TP requires proof",4422.42,4431.62,4413.22,,,,,,,2026.09.08 12:02:00,
5,2026-09-08 09:17:00+00:00,DETECTED,Decision at candle close,4409.39,4412.48,,2026-09-08 09:18:00+00:00,,,,,,2026.09.08 12:17:00,2026.09.08 12:18:00
5,2026-09-08 09:17:00+00:00,PLACED,Effective after this candle closes; no same-bar fill,4409.39,4412.48,4406.3,2026-09-08 09:18:00+00:00,,,,,,2026.09.08 12:17:00,2026.09.08 12:18:00
5,2026-09-08 09:18:00+00:00,MODIFIED,Effective after this candle closes; no same-bar fill,4408.15,4412.48,4403.82,2026-09-08 09:19:00+00:00,,,,,,2026.09.08 12:18:00,2026.09.08 12:19:00
5,2026-09-08 09:19:00+00:00,MODIFIED,Effective after this candle closes; no same-bar fill,4405.61,4412.48,4398.74,2026-09-08 09:20:00+00:00,,,,,,2026.09.08 12:19:00,2026.09.08 12:20:00
5,2026-09-08 09:20:00+00:00,MODIFIED,Effective after this candle closes; no same-bar fill,4405.36,4412.48,4398.24,2026-09-08 09:21:00+00:00,,,,,,2026.09.08 12:20:00,2026.09.08 12:21:00
5,2026-09-08 09:21:00+00:00,FILLED,Simulated limit touch; exact tick time unknown,4405.36,4412.48,4398.24,,14.0,,,,,2026.09.08 12:21:00,
5,2026-09-08 10:35:00+00:00,TP,"exit_result: open-gap priority, otherwise SL-first; fill-bar TP requires proof",4405.36,4412.48,4398.24,,,,,,,2026.09.08 13:35:00,
6,2026-09-08 14:35:00+00:00,DETECTED,Decision at candle close,4404.06,4400.62,,2026-09-08 14:36:00+00:00,,,,,,2026.09.08 17:35:00,2026.09.08 17:36:00
6,2026-09-08 14:35:00+00:00,PLACED,Effective after this candle closes; no same-bar fill,4404.06,4400.62,4407.5,2026-09-08 14:36:00+00:00,,,,,,2026.09.08 17:35:00,2026.09.08 17:36:00
6,2026-09-08 14:36:00+00:00,MODIFIED,Effective after this candle closes; no same-bar fill,4404.28,4400.62,4407.94,2026-09-08 14:37:00+00:00,,,,,,2026.09.08 17:36:00,2026.09.08 17:37:00
6,2026-09-08 14:37:00+00:00,MODIFIED,Effective after this candle closes; no same-bar fill,4406.03,4400.62,4411.44,2026-09-08 14:38:00+00:00,,,,,,2026.09.08 17:37:00,2026.09.08 17:38:00
6,2026-09-08 14:38:00+00:00,FILLED,Simulated limit touch; exact tick time unknown,4406.03,4400.62,4411.44,,16.0,,,,,2026.09.08 17:38:00,
6,2026-09-08 14:47:00+00:00,SL,"exit_result: open-gap priority, otherwise SL-first; fill-bar TP requires proof",4406.03,4400.62,4411.44,,,,,,,2026.09.08 17:47:00,
7,2026-09-08 14:49:00+00:00,DETECTED,Decision at candle close,4400.92,4404.31,,2026-09-08 14:50:00+00:00,,,,,,2026.09.08 17:49:00,2026.09.08 17:50:00
7,2026-09-08 14:49:00+00:00,PLACED,Effective after this candle closes; no same-bar fill,4400.92,4404.31,4397.53,2026-09-08 14:50:00+00:00,,,,,,2026.09.08 17:49:00,2026.09.08 17:50:00
7,2026-09-08 14:50:00+00:00,FILLED,Simulated limit touch; exact tick time unknown,4400.92,4404.31,4397.53,,9.0,,,,,2026.09.08 17:50:00,
7,2026-09-08 14:58:00+00:00,SL,"exit_result: open-gap priority, otherwise SL-first; fill-bar TP requires proof",4400.92,4404.31,4397.53,,,,,,,2026.09.08 17:58:00,
8,2026-09-08 15:00:00+00:00,DETECTED,Decision at candle close,4404.92,4402.39,,2026-09-08 15:01:00+00:00,,,,,,2026.09.08 18:00:00,2026.09.08 18:01:00
8,2026-09-08 15:00:00+00:00,WAIT,Limit not passive or too close to market; existing order unchanged,4404.92,4402.39,,,,,,,,2026.09.08 18:00:00,
8,2026-09-08 15:01:00+00:00,WAIT,Limit not passive or too close to market; existing order unchanged,4404.92,4402.39,,,,,,,,2026.09.08 18:01:00,
8,2026-09-08 15:02:00+00:00,WAIT,Trend filter failed; existing order unchanged,4404.92,4402.39,,,,,,,,2026.09.08 18:02:00,
8,2026-09-08 15:03:00+00:00,WAIT,Trend filter failed; existing order unchanged,4404.92,4402.39,,,,,,,,2026.09.08 18:03:00,
8,2026-09-08 15:04:00+00:00,WAIT,Trend filter failed; existing order unchanged,4404.92,4402.39,,,,,,,,2026.09.08 18:04:00,
8,2026-09-08 15:05:00+00:00,CANCELLED,SL breached or risk outside permitted distance,4404.92,4402.39,,,,,,,,2026.09.08 18:05:00,
9,2026-09-08 15:14:00+00:00,DETECTED,Decision at candle close,4395.25,4401.09,,2026-09-08 15:15:00+00:00,,,,,,2026.09.08 18:14:00,2026.09.08 18:15:00
9,2026-09-08 15:14:00+00:00,PLACED,Effective after this candle closes; no same-bar fill,4395.25,4401.09,4389.41,2026-09-08 15:15:00+00:00,,,,,,2026.09.08 18:14:00,2026.09.08 18:15:00
9,2026-09-08 15:15:00+00:00,MODIFIED,Effective after this candle closes; no same-bar fill,4391.86,4401.09,4382.63,2026-09-08 15:16:00+00:00,,,,,,2026.09.08 18:15:00,2026.09.08 18:16:00
9,2026-09-08 15:16:00+00:00,CANCELLED,SL breached or risk outside permitted distance,4390.28,4401.09,,,,,,,,2026.09.08 18:16:00,
10,2026-09-08 16:42:00+00:00,DETECTED,Decision at candle close,4396.88,4402.07,,2026-09-08 16:43:00+00:00,,,,,,2026.09.08 19:42:00,2026.09.08 19:43:00
10,2026-09-08 16:42:00+00:00,WAIT,EMA/ADX/session filter failed; existing order unchanged,4396.88,4402.07,,,,4401.93622410642,14.271170839375872,,,2026.09.08 19:42:00,
10,2026-09-08 16:43:00+00:00,WAIT,EMA/ADX/session filter failed; existing order unchanged,4395.3,4402.07,,,,4401.707823245088,15.657473821738837,,,2026.09.08 19:43:00,
10,2026-09-08 16:44:00+00:00,WAIT,Trend filter failed; existing order unchanged,4395.3,4402.07,,,,,,,,2026.09.08 19:44:00,
10,2026-09-08 16:45:00+00:00,WAIT,Trend filter failed; existing order unchanged,4395.3,4402.07,,,,,,,,2026.09.08 19:45:00,
10,2026-09-08 16:46:00+00:00,WAIT,Trend filter failed; existing order unchanged,4395.3,4402.07,,,,,,,,2026.09.08 19:46:00,
10,2026-09-08 16:47:00+00:00,WAIT,Trend filter failed; existing order unchanged,4395.3,4402.07,,,,,,,,2026.09.08 19:47:00,
10,2026-09-08 16:48:00+00:00,CANCELLED,SL breached or risk outside permitted distance,4395.3,4402.07,,,,,,,,2026.09.08 19:48:00,
11,2026-09-08 17:41:00+00:00,DETECTED,Decision at candle close,4395.68,4400.43,,2026-09-08 17:42:00+00:00,,,,,,2026.09.08 20:41:00,2026.09.08 20:42:00
11,2026-09-08 17:41:00+00:00,WAIT,EMA/ADX/session filter failed; existing order unchanged,4395.68,4400.43,,,,4399.212429881391,15.668834588581017,,,2026.09.08 20:41:00,
11,2026-09-08 17:42:00+00:00,WAIT,EMA/ADX/session filter failed; existing order unchanged,4394.35,4400.43,,,,4399.020218901772,16.735301124182627,,,2026.09.08 20:42:00,
11,2026-09-08 17:43:00+00:00,WAIT,EMA/ADX/session filter failed; existing order unchanged,4394.18,4400.43,,,,4398.842179009893,17.725591478669838,,,2026.09.08 20:43:00,
11,2026-09-08 17:44:00+00:00,WAIT,Trend filter failed; existing order unchanged,4394.18,4400.43,,,,,,,,2026.09.08 20:44:00,
11,2026-09-08 17:45:00+00:00,WAIT,Trend filter failed; existing order unchanged,4394.18,4400.43,,,,,,,,2026.09.08 20:45:00,
11,2026-09-08 17:46:00+00:00,WAIT,Trend filter failed; existing order unchanged,4394.18,4400.43,,,,,,,,2026.09.08 20:46:00,
11,2026-09-08 17:47:00+00:00,WAIT,Trend filter failed; existing order unchanged,4394.18,4400.43,,,,,,,,2026.09.08 20:47:00,
11,2026-09-08 17:48:00+00:00,WAIT,Trend filter failed; existing order unchanged,4394.18,4400.43,,,,,,,,2026.09.08 20:48:00,
11,2026-09-08 17:49:00+00:00,WAIT,Trend filter failed; existing order unchanged,4393.77,4400.43,,,,,,,,2026.09.08 20:49:00,
11,2026-09-08 17:50:00+00:00,WAIT,Trend filter failed; existing order unchanged,4393.77,4400.43,,,,,,,,2026.09.08 20:50:00,
11,2026-09-08 17:51:00+00:00,WAIT,Trend filter failed; existing order unchanged,4393.77,4400.43,,,,,,,,2026.09.08 20:51:00,
11,2026-09-08 17:52:00+00:00,WAIT,Trend filter failed; existing order unchanged,4391.78,4400.43,,,,,,,,2026.09.08 20:52:00,
11,2026-09-08 17:53:00+00:00,WAIT,Trend filter failed; existing order unchanged,4391.78,4400.43,,,,,,,,2026.09.08 20:53:00,
11,2026-09-08 17:54:00+00:00,WAIT,Trend filter failed; existing order unchanged,4391.78,4400.43,,,,,,,,2026.09.08 20:54:00,
11,2026-09-08 17:55:00+00:00,WAIT,Trend filter failed; existing order unchanged,4391.78,4400.43,,,,,,,,2026.09.08 20:55:00,
11,2026-09-08 17:56:00+00:00,WAIT,Trend filter failed; existing order unchanged,4391.78,4400.43,,,,,,,,2026.09.08 20:56:00,
11,2026-09-08 17:57:00+00:00,WAIT,Trend filter failed; existing order unchanged,4391.78,4400.43,,,,,,,,2026.09.08 20:57:00,
11,2026-09-08 17:58:00+00:00,WAIT,Trend filter failed; existing order unchanged,4391.78,4400.43,,,,,,,,2026.09.08 20:58:00,
11,2026-09-08 17:59:00+00:00,WAIT,Trend filter failed; existing order unchanged,4391.78,4400.43,,,,,,,,2026.09.08 20:59:00,
11,2026-09-08 18:00:00+00:00,WAIT,Trend filter failed; existing order unchanged,4391.78,4400.43,,,,,,,,2026.09.08 21:00:00,
11,2026-09-08 18:01:00+00:00,CANCELLED,SL breached or risk outside permitted distance,4391.78,4400.43,,,,,,,,2026.09.08 21:01:00,
12,2026-09-08 18:27:00+00:00,DETECTED,Decision at candle close,4400.71,4397.14,,2026-09-08 18:28:00+00:00,,,,,,2026.09.08 21:27:00,2026.09.08 21:28:00
12,2026-09-08 18:27:00+00:00,WAIT,EMA/ADX/session filter failed; existing order unchanged,4400.71,4397.14,,,,4400.874563837271,21.750486587698905,,,2026.09.08 21:27:00,
12,2026-09-08 18:28:00+00:00,WAIT,EMA/ADX/session filter failed; existing order unchanged,4400.71,4397.14,,,,4400.852446934189,20.307022676994865,,,2026.09.08 21:28:00,
12,2026-09-08 18:29:00+00:00,WAIT,Trend filter failed; existing order unchanged,4400.71,4397.14,,,,,,,,2026.09.08 21:29:00,
12,2026-09-08 18:30:00+00:00,WAIT,Trend filter failed; existing order unchanged,4400.71,4397.14,,,,,,,,2026.09.08 21:30:00,
12,2026-09-08 18:31:00+00:00,WAIT,Trend filter failed; existing order unchanged,4400.71,4397.14,,,,,,,,2026.09.08 21:31:00,
12,2026-09-08 18:32:00+00:00,WAIT,Trend filter failed; existing order unchanged,4401.67,4397.14,,,,,,,,2026.09.08 21:32:00,
12,2026-09-08 18:33:00+00:00,WAIT,Trend filter failed; existing order unchanged,4401.87,4397.14,,,,,,,,2026.09.08 21:33:00,
12,2026-09-08 18:34:00+00:00,WAIT,Trend filter failed; existing order unchanged,4401.87,4397.14,,,,,,,,2026.09.08 21:34:00,
12,2026-09-08 18:35:00+00:00,WAIT,Trend filter failed; existing order unchanged,4402.3,4397.14,,,,,,,,2026.09.08 21:35:00,
12,2026-09-08 18:36:00+00:00,WAIT,Trend filter failed; existing order unchanged,4402.3,4397.14,,,,,,,,2026.09.08 21:36:00,
12,2026-09-08 18:37:00+00:00,WAIT,Trend filter failed; existing order unchanged,4402.3,4397.14,,,,,,,,2026.09.08 21:37:00,
12,2026-09-08 18:38:00+00:00,WAIT,Trend filter failed; existing order unchanged,4402.3,4397.14,,,,,,,,2026.09.08 21:38:00,
12,2026-09-08 18:39:00+00:00,WAIT,Trend filter failed; existing order unchanged,4402.3,4397.14,,,,,,,,2026.09.08 21:39:00,
12,2026-09-08 18:40:00+00:00,WAIT,Trend filter failed; existing order unchanged,4402.3,4397.14,,,,,,,,2026.09.08 21:40:00,
12,2026-09-08 18:41:00+00:00,WAIT,Trend filter failed; existing order unchanged,4402.3,4397.14,,,,,,,,2026.09.08 21:41:00,
12,2026-09-08 18:42:00+00:00,WAIT,Trend filter failed; existing order unchanged,4402.3,4397.14,,,,,,,,2026.09.08 21:42:00,
12,2026-09-08 18:43:00+00:00,WAIT,Trend filter failed; existing order unchanged,4402.3,4397.14,,,,,,,,2026.09.08 21:43:00,
12,2026-09-08 18:44:00+00:00,WAIT,Trend filter failed; existing order unchanged,4402.3,4397.14,,,,,,,,2026.09.08 21:44:00,
12,2026-09-08 18:45:00+00:00,WAIT,Trend filter failed; existing order unchanged,4402.3,4397.14,,,,,,,,2026.09.08 21:45:00,
12,2026-09-08 18:46:00+00:00,WAIT,Trend filter failed; existing order unchanged,4402.3,4397.14,,,,,,,,2026.09.08 21:46:00,
12,2026-09-08 18:47:00+00:00,CANCELLED,SL breached or risk outside permitted distance,4402.3,4397.14,,,,,,,,2026.09.08 21:47:00,
13,2026-09-08 19:22:00+00:00,DETECTED,Decision at candle close,4386.96,4383.74,,2026-09-08 19:23:00+00:00,,,,,,2026.09.08 22:22:00,2026.09.08 22:23:00
13,2026-09-08 19:22:00+00:00,WAIT,EMA/ADX/session filter failed; existing order unchanged,4386.96,4383.74,,,,4393.36565765019,29.429920410196832,,,2026.09.08 22:22:00,
13,2026-09-08 19:23:00+00:00,WAIT,EMA/ADX/session filter failed; existing order unchanged,4391.52,4383.74,,,,4393.30776729485,27.900962743334404,,,2026.09.08 22:23:00,
13,2026-09-08 19:24:00+00:00,WAIT,EMA/ADX/session filter failed; existing order unchanged,4391.52,4383.74,,,,4393.29079140104,26.65129040885991,,,2026.09.08 22:24:00,
13,2026-09-08 19:25:00+00:00,PLACED,Effective after this candle closes; no same-bar fill,4391.52,4383.74,4399.3,2026-09-08 19:26:00+00:00,,,,,,2026.09.08 22:25:00,2026.09.08 22:26:00
13,2026-09-08 19:26:00+00:00,WAIT,EMA/ADX/session filter failed; existing order unchanged,4392.15,4383.74,,,,4393.276502298063,25.685476900847625,,,2026.09.08 22:26:00,
13,2026-09-08 19:27:00+00:00,WAIT,Trend filter failed; existing order unchanged,4392.15,4383.74,,,,,,,,2026.09.08 22:27:00,
13,2026-09-08 19:28:00+00:00,WAIT,Trend filter failed; existing order unchanged,4392.15,4383.74,,,,,,,,2026.09.08 22:28:00,
13,2026-09-08 19:29:00+00:00,WAIT,Trend filter failed; existing order unchanged,4392.99,4383.74,,,,,,,,2026.09.08 22:29:00,
13,2026-09-08 19:30:00+00:00,WAIT,Trend filter failed; existing order unchanged,4393.01,4383.74,,,,,,,,2026.09.08 22:30:00,
13,2026-09-08 19:31:00+00:00,CANCELLED,SL breached or risk outside permitted distance,4394.9,4383.74,,,,,,,,2026.09.08 22:31:00,
14,2026-09-08 20:09:00+00:00,DETECTED,Decision at candle close,4399.06,4401.25,,2026-09-08 20:10:00+00:00,,,,,,2026.09.08 23:09:00,2026.09.08 23:10:00
14,2026-09-08 20:09:00+00:00,WAIT,EMA/ADX/session filter failed; existing order unchanged,4399.06,4401.25,,,,4395.3620865451585,17.8953699417701,,,2026.09.08 23:09:00,
14,2026-09-08 20:10:00+00:00,WAIT,EMA/ADX/session filter failed; existing order unchanged,4399.06,4401.25,,,,4395.45283780251,17.313018343567844,,,2026.09.08 23:10:00,
14,2026-09-08 20:11:00+00:00,WAIT,EMA/ADX/session filter failed; existing order unchanged,4398.14,4401.25,,,,4395.501925082482,16.31270351399702,,,2026.09.08 23:11:00,
14,2026-09-08 20:12:00+00:00,WAIT,EMA/ADX/session filter failed; existing order unchanged,4396.94,4401.25,,,,4395.505796394137,15.604314034074694,,,2026.09.08 23:12:00,
14,2026-09-08 20:13:00+00:00,WAIT,EMA/ADX/session filter failed; existing order unchanged,4396.11,4401.25,,,,4395.498065370012,15.1725371873795,,,2026.09.08 23:13:00,
14,2026-09-08 20:14:00+00:00,WAIT,EMA/ADX/session filter failed; existing order unchanged,4396.03,4401.25,,,,4395.501735307116,14.993749113797728,,,2026.09.08 23:14:00,
14,2026-09-08 20:15:00+00:00,WAIT,EMA/ADX/session filter failed; existing order unchanged,4396.03,4401.25,,,,4395.531514579483,14.583688230904315,,,2026.09.08 23:15:00,
14,2026-09-08 20:16:00+00:00,WAIT,Trend filter failed; existing order unchanged,4396.03,4401.25,,,,,,,,2026.09.08 23:16:00,
14,2026-09-08 20:17:00+00:00,WAIT,Trend filter failed; existing order unchanged,4396.03,4401.25,,,,,,,,2026.09.08 23:17:00,
14,2026-09-08 20:18:00+00:00,WAIT,Trend filter failed; existing order unchanged,4396.03,4401.25,,,,,,,,2026.09.08 23:18:00,
14,2026-09-08 20:19:00+00:00,WAIT,Trend filter failed; existing order unchanged,4396.03,4401.25,,,,,,,,2026.09.08 23:19:00,
14,2026-09-08 20:20:00+00:00,WAIT,Trend filter failed; existing order unchanged,4396.03,4401.25,,,,,,,,2026.09.08 23:20:00,
14,2026-09-08 20:21:00+00:00,WAIT,Trend filter failed; existing order unchanged,4394.98,4401.25,,,,,,,,2026.09.08 23:21:00,
14,2026-09-08 20:22:00+00:00,WAIT,Trend filter failed; existing order unchanged,4394.77,4401.25,,,,,,,,2026.09.08 23:22:00,
14,2026-09-08 20:23:00+00:00,WAIT,Trend filter failed; existing order unchanged,4394.04,4401.25,,,,,,,,2026.09.08 23:23:00,
14,2026-09-08 20:24:00+00:00,WAIT,Trend filter failed; existing order unchanged,4394.04,4401.25,,,,,,,,2026.09.08 23:24:00,
14,2026-09-08 20:25:00+00:00,WAIT,Trend filter failed; existing order unchanged,4394.04,4401.25,,,,,,,,2026.09.08 23:25:00,
14,2026-09-08 20:26:00+00:00,WAIT,Trend filter failed; existing order unchanged,4393.06,4401.25,,,,,,,,2026.09.08 23:26:00,
14,2026-09-08 20:27:00+00:00,WAIT,Trend filter failed; existing order unchanged,4393.03,4401.25,,,,,,,,2026.09.08 23:27:00,
14,2026-09-08 20:28:00+00:00,WAIT,Trend filter failed; existing order unchanged,4393.03,4401.25,,,,,,,,2026.09.08 23:28:00,
14,2026-09-08 20:29:00+00:00,WAIT,Trend filter failed; existing order unchanged,4393.03,4401.25,,,,,,,,2026.09.08 23:29:00,
14,2026-09-08 20:30:00+00:00,WAIT,Trend filter failed; existing order unchanged,4393.03,4401.25,,,,,,,,2026.09.08 23:30:00,
14,2026-09-08 20:31:00+00:00,WAIT,Trend filter failed; existing order unchanged,4393.03,4401.25,,,,,,,,2026.09.08 23:31:00,
14,2026-09-08 20:32:00+00:00,WAIT,Trend filter failed; existing order unchanged,4393.03,4401.25,,,,,,,,2026.09.08 23:32:00,
14,2026-09-08 20:33:00+00:00,WAIT,Trend filter failed; existing order unchanged,4393.03,4401.25,,,,,,,,2026.09.08 23:33:00,
14,2026-09-08 20:34:00+00:00,WAIT,Trend filter failed; existing order unchanged,4393.03,4401.25,,,,,,,,2026.09.08 23:34:00,
14,2026-09-08 20:35:00+00:00,WAIT,Trend filter failed; existing order unchanged,4391.94,4401.25,,,,,,,,2026.09.08 23:35:00,
14,2026-09-08 20:36:00+00:00,WAIT,Trend filter failed; existing order unchanged,4391.94,4401.25,,,,,,,,2026.09.08 23:36:00,
14,2026-09-08 20:37:00+00:00,WAIT,Trend filter failed; existing order unchanged,4391.94,4401.25,,,,,,,,2026.09.08 23:37:00,
14,2026-09-08 20:38:00+00:00,WAIT,Trend filter failed; existing order unchanged,4391.94,4401.25,,,,,,,,2026.09.08 23:38:00,
14,2026-09-08 20:39:00+00:00,WAIT,Trend filter failed; existing order unchanged,4391.87,4401.25,,,,,,,,2026.09.08 23:39:00,
14,2026-09-08 20:40:00+00:00,CANCELLED,SL breached or risk outside permitted distance,4389.51,4401.25,,,,,,,,2026.09.08 23:40:00,
15,2026-09-08 21:50:00+00:00,DETECTED,Decision at candle close,4371.36,4386.61,,2026-09-08 21:51:00+00:00,,,,,,2026.09.09 00:50:00,2026.09.09 00:51:00
15,2026-09-08 21:50:00+00:00,CANCELLED,SL breached or risk outside permitted distance,4371.36,4386.61,,,,,,,,2026.09.09 00:50:00,
16,2026-09-09 01:14:00+00:00,DETECTED,Decision at candle close,4356.51,4353.68,,2026-09-09 01:15:00+00:00,,,,,,2026.09.09 04:14:00,2026.09.09 04:15:00
16,2026-09-09 01:14:00+00:00,WAIT,EMA/ADX/session filter failed; existing order unchanged,4356.51,4353.68,,,,4357.337207779616,16.553021491431362,,,2026.09.09 04:14:00,
16,2026-09-09 01:15:00+00:00,WAIT,EMA/ADX/session filter failed; existing order unchanged,4356.51,4353.68,,,,4357.334020747755,15.90543487114071,,,2026.09.09 04:15:00,
16,2026-09-09 01:16:00+00:00,WAIT,EMA/ADX/session filter failed; existing order unchanged,4356.94,4353.68,,,,4357.323397088988,15.206206991830266,,,2026.09.09 04:16:00,
16,2026-09-09 01:17:00+00:00,WAIT,EMA/ADX/session filter failed; existing order unchanged,4356.94,4353.68,,,,4357.277712060253,15.209167009984325,,,2026.09.09 04:17:00,
16,2026-09-09 01:18:00+00:00,WAIT,Trend filter failed; existing order unchanged,4356.94,4353.68,,,,,,,,2026.09.09 04:18:00,
16,2026-09-09 01:19:00+00:00,REPLACED,New setup replaces previous setup/order,4356.94,4353.68,,,,,,,,2026.09.09 04:19:00,
17,2026-09-09 01:19:00+00:00,DETECTED,Decision at candle close,4355.92,4357.61,,2026-09-09 01:20:00+00:00,,,,,,2026.09.09 04:19:00,2026.09.09 04:20:00
17,2026-09-09 01:19:00+00:00,WAIT,EMA/ADX/session filter failed; existing order unchanged,4355.92,4357.61,,,,4357.1708134008495,16.533207583455685,,,2026.09.09 04:19:00,
17,2026-09-09 01:20:00+00:00,WAIT,EMA/ADX/session filter failed; existing order unchanged,4355.66,4357.61,,,,4357.083901264543,17.55327768245058,,,2026.09.09 04:20:00,
17,2026-09-09 01:21:00+00:00,WAIT,EMA/ADX/session filter failed; existing order unchanged,4354.64,4357.61,,,,4356.982461703447,18.81537597963438,,,2026.09.09 04:21:00,
17,2026-09-09 01:22:00+00:00,PLACED,Effective after this candle closes; no same-bar fill,4353.99,4357.61,4350.37,2026-09-09 01:23:00+00:00,,,,,,2026.09.09 04:22:00,2026.09.09 04:23:00
17,2026-09-09 01:23:00+00:00,WAIT,Limit not passive or too close to market; existing order unchanged,4353.93,4357.61,,,,,,,,2026.09.09 04:23:00,
17,2026-09-09 01:24:00+00:00,FILLED,Simulated limit touch; exact tick time unknown,4353.99,4357.61,4350.37,,17.0,,,,,2026.09.09 04:24:00,
17,2026-09-09 02:29:00+00:00,SL,"exit_result: open-gap priority, otherwise SL-first; fill-bar TP requires proof",4353.99,4357.61,4350.37,,,,,,,2026.09.09 05:29:00,
18,2026-09-09 02:33:00+00:00,DETECTED,Decision at candle close,4359.28,4357.13,,2026-09-09 02:34:00+00:00,,,,,,2026.09.09 05:33:00,2026.09.09 05:34:00
18,2026-09-09 02:33:00+00:00,PLACED,Effective after this candle closes; no same-bar fill,4359.28,4357.13,4361.43,2026-09-09 02:34:00+00:00,,,,,,2026.09.09 05:33:00,2026.09.09 05:34:00
18,2026-09-09 02:34:00+00:00,FILLED,Simulated limit touch; exact tick time unknown,4359.28,4357.13,4361.43,,11.0,,,,,2026.09.09 05:34:00,
18,2026-09-09 02:37:00+00:00,SL,"exit_result: open-gap priority, otherwise SL-first; fill-bar TP requires proof",4359.28,4357.13,4361.43,,,,,,,2026.09.09 05:37:00,
19,2026-09-09 04:53:00+00:00,DETECTED,Decision at candle close,4372.81,4375.98,,2026-09-09 04:54:00+00:00,,,,,,2026.09.09 07:53:00,2026.09.09 07:54:00
19,2026-09-09 04:53:00+00:00,WAIT,EMA/ADX/session filter failed; existing order unchanged,4372.81,4375.98,,,,4368.721247329622,26.588528546654228,,,2026.09.09 07:53:00,
19,2026-09-09 04:54:00+00:00,WAIT,EMA/ADX/session filter failed; existing order unchanged,4372.81,4375.98,,,,4368.88415724978,24.906330620731108,,,2026.09.09 07:54:00,
19,2026-09-09 04:55:00+00:00,WAIT,Trend filter failed; existing order unchanged,4372.81,4375.98,,,,,,,,2026.09.09 07:55:00,
19,2026-09-09 04:56:00+00:00,WAIT,Trend filter failed; existing order unchanged,4372.81,4375.98,,,,,,,,2026.09.09 07:56:00,
19,2026-09-09 04:57:00+00:00,CANCELLED,SL breached or risk outside permitted distance,4372.81,4375.98,,,,,,,,2026.09.09 07:57:00,
20,2026-09-09 05:11:00+00:00,DETECTED,Decision at candle close,4374.55,4372.02,,2026-09-09 05:12:00+00:00,,,,,,2026.09.09 08:11:00,2026.09.09 08:12:00
20,2026-09-09 05:11:00+00:00,WAIT,EMA/ADX/session filter failed; existing order unchanged,4374.55,4372.02,,,,4370.72819428103,13.365633021588181,,,2026.09.09 08:11:00,
20,2026-09-09 05:12:00+00:00,WAIT,EMA/ADX/session filter failed; existing order unchanged,4374.55,4372.02,,,,4370.865630584299,13.129055535368831,,,2026.09.09 08:12:00,
20,2026-09-09 05:13:00+00:00,WAIT,EMA/ADX/session filter failed; existing order unchanged,4374.55,4372.02,,,,4370.925118153427,12.70636487408009,,,2026.09.09 08:13:00,
20,2026-09-09 05:14:00+00:00,WAIT,Trend filter failed; existing order unchanged,4374.55,4372.02,,,,,,,,2026.09.09 08:14:00,
20,2026-09-09 05:15:00+00:00,WAIT,Trend filter failed; existing order unchanged,4374.55,4372.02,,,,,,,,2026.09.09 08:15:00,
20,2026-09-09 05:16:00+00:00,WAIT,Trend filter failed; existing order unchanged,4374.55,4372.02,,,,,,,,2026.09.09 08:16:00,
20,2026-09-09 05:17:00+00:00,WAIT,Trend filter failed; existing order unchanged,4374.55,4372.02,,,,,,,,2026.09.09 08:17:00,
20,2026-09-09 05:18:00+00:00,WAIT,Trend filter failed; existing order unchanged,4374.55,4372.02,,,,,,,,2026.09.09 08:18:00,
20,2026-09-09 05:19:00+00:00,WAIT,Trend filter failed; existing order unchanged,4374.55,4372.02,,,,,,,,2026.09.09 08:19:00,
20,2026-09-09 05:20:00+00:00,WAIT,Trend filter failed; existing order unchanged,4374.55,4372.02,,,,,,,,2026.09.09 08:20:00,
20,2026-09-09 05:21:00+00:00,WAIT,Trend filter failed; existing order unchanged,4374.55,4372.02,,,,,,,,2026.09.09 08:21:00,
20,2026-09-09 05:22:00+00:00,WAIT,Trend filter failed; existing order unchanged,4374.55,4372.02,,,,,,,,2026.09.09 08:22:00,
20,2026-09-09 05:23:00+00:00,WAIT,Trend filter failed; existing order unchanged,4374.55,4372.02,,,,,,,,2026.09.09 08:23:00,
20,2026-09-09 05:24:00+00:00,WAIT,Trend filter failed; existing order unchanged,4374.55,4372.02,,,,,,,,2026.09.09 08:24:00,
20,2026-09-09 05:25:00+00:00,CANCELLED,SL breached or risk outside permitted distance,4374.55,4372.02,,,,,,,,2026.09.09 08:25:00,
21,2026-09-09 07:01:00+00:00,DETECTED,Decision at candle close,4375.34,4377.49,,2026-09-09 07:02:00+00:00,,,,,,2026.09.09 10:01:00,2026.09.09 10:02:00
21,2026-09-09 07:01:00+00:00,WAIT,EMA/ADX/session filter failed; existing order unchanged,4375.34,4377.49,,,,4377.074983376536,9.607333572470449,,,2026.09.09 10:01:00,
21,2026-09-09 07:02:00+00:00,WAIT,EMA/ADX/session filter failed; existing order unchanged,4375.34,4377.49,,,,4377.014820021752,9.50051950380763,,,2026.09.09 10:02:00,
21,2026-09-09 07:03:00+00:00,WAIT,EMA/ADX/session filter failed; existing order unchanged,4375.34,4377.49,,,,4376.946465245596,9.711423426534209,,,2026.09.09 10:03:00,
21,2026-09-09 07:04:00+00:00,WAIT,EMA/ADX/session filter failed; existing order unchanged,4375.12,4377.49,,,,4376.872155003708,9.907262783351761,,,2026.09.09 10:04:00,
21,2026-09-09 07:05:00+00:00,WAIT,EMA/ADX/session filter failed; existing order unchanged,4374.72,4377.49,,,,4376.778313789706,11.00882553560107,,,2026.09.09 10:05:00,
21,2026-09-09 07:06:00+00:00,WAIT,EMA/ADX/session filter failed; existing order unchanged,4374.1,4377.49,,,,4376.6245986307895,13.011354689506579,,,2026.09.09 10:06:00,
21,2026-09-09 07:07:00+00:00,WAIT,EMA/ADX/session filter failed; existing order unchanged,4372.72,4377.49,,,,4376.491988680972,14.992028354480109,,,2026.09.09 10:07:00,
21,2026-09-09 07:08:00+00:00,WAIT,EMA/ADX/session filter failed; existing order unchanged,4372.72,4377.49,,,,4376.363070372038,16.6036573230447,,,2026.09.09 10:08:00,
21,2026-09-09 07:09:00+00:00,WAIT,EMA/ADX/session filter failed; existing order unchanged,4372.72,4377.49,,,,4376.228215162694,18.150759609979282,,,2026.09.09 10:09:00,
21,2026-09-09 07:10:00+00:00,PLACED,Effective after this candle closes; no same-bar fill,4372.37,4377.49,4367.25,2026-09-09 07:11:00+00:00,,,,,,2026.09.09 10:10:00,2026.09.09 10:11:00
21,2026-09-09 07:11:00+00:00,FILLED,Simulated limit touch; exact tick time unknown,4372.37,4377.49,4367.25,,17.0,,,,,2026.09.09 10:11:00,
21,2026-09-09 07:25:00+00:00,SL,"exit_result: open-gap priority, otherwise SL-first; fill-bar TP requires proof",4372.37,4377.49,4367.25,,,,,,,2026.09.09 10:25:00,
22,2026-09-09 08:23:00+00:00,DETECTED,Decision at candle close,4384.41,4388.31,,2026-09-09 08:24:00+00:00,,,,,,2026.09.09 11:23:00,2026.09.09 11:24:00
22,2026-09-09 08:23:00+00:00,WAIT,EMA/ADX/session filter failed; existing order unchanged,4384.41,4388.31,,,,4382.196649113454,27.324108795058486,,,2026.09.09 11:23:00,
22,2026-09-09 08:24:00+00:00,WAIT,EMA/ADX/session filter failed; existing order unchanged,4384.41,4388.31,,,,4382.342332661969,26.44668895828596,,,2026.09.09 11:24:00,
22,2026-09-09 08:25:00+00:00,WAIT,Trend filter failed; existing order unchanged,4384.41,4388.31,,,,,,,,2026.09.09 11:25:00,
22,2026-09-09 08:26:00+00:00,WAIT,Trend filter failed; existing order unchanged,4384.41,4388.31,,,,,,,,2026.09.09 11:26:00,
22,2026-09-09 08:27:00+00:00,WAIT,Trend filter failed; existing order unchanged,4384.41,4388.31,,,,,,,,2026.09.09 11:27:00,
22,2026-09-09 08:28:00+00:00,CANCELLED,SL breached or risk outside permitted distance,4384.41,4388.31,,,,,,,,2026.09.09 11:28:00,
23,2026-09-09 09:05:00+00:00,DETECTED,Decision at candle close,4402.01,4398.61,,2026-09-09 09:06:00+00:00,,,,,,2026.09.09 12:05:00,2026.09.09 12:06:00
23,2026-09-09 09:05:00+00:00,PLACED,Effective after this candle closes; no same-bar fill,4402.01,4398.61,4405.41,2026-09-09 09:06:00+00:00,,,,,,2026.09.09 12:05:00,2026.09.09 12:06:00
23,2026-09-09 09:06:00+00:00,MODIFIED,Effective after this candle closes; no same-bar fill,4402.17,4398.61,4405.73,2026-09-09 09:07:00+00:00,,,,,,2026.09.09 12:06:00,2026.09.09 12:07:00
23,2026-09-09 09:07:00+00:00,FILLED,Simulated limit touch; exact tick time unknown,4402.17,4398.61,4405.73,,13.0,,,,,2026.09.09 12:07:00,
23,2026-09-09 09:21:00+00:00,SL,"exit_result: open-gap priority, otherwise SL-first; fill-bar TP requires proof",4402.17,4398.61,4405.73,,,,,,,2026.09.09 12:21:00,
24,2026-09-09 11:07:00+00:00,DETECTED,Decision at candle close,4410.49,4407.06,,2026-09-09 11:08:00+00:00,,,,,,2026.09.09 14:07:00,2026.09.09 14:08:00
24,2026-09-09 11:07:00+00:00,WAIT,Limit not passive or too close to market; existing order unchanged,4410.49,4407.06,,,,,,,,2026.09.09 14:07:00,
24,2026-09-09 11:08:00+00:00,WAIT,Limit not passive or too close to market; existing order unchanged,4410.49,4407.06,,,,,,,,2026.09.09 14:08:00,
24,2026-09-09 11:09:00+00:00,WAIT,Trend filter failed; existing order unchanged,4410.49,4407.06,,,,,,,,2026.09.09 14:09:00,
24,2026-09-09 11:10:00+00:00,CANCELLED,SL breached or risk outside permitted distance,4410.49,4407.06,,,,,,,,2026.09.09 14:10:00,
25,2026-09-09 12:56:00+00:00,DETECTED,Decision at candle close,4391.13,4394.0,,2026-09-09 12:57:00+00:00,,,,,,2026.09.09 15:56:00,2026.09.09 15:57:00
25,2026-09-09 12:56:00+00:00,PLACED,Effective after this candle closes; no same-bar fill,4391.13,4394.0,4388.26,2026-09-09 12:57:00+00:00,,,,,,2026.09.09 15:56:00,2026.09.09 15:57:00
25,2026-09-09 12:57:00+00:00,MODIFIED,Effective after this candle closes; no same-bar fill,4390.54,4394.0,4387.08,2026-09-09 12:58:00+00:00,,,,,,2026.09.09 15:57:00,2026.09.09 15:58:00
25,2026-09-09 12:58:00+00:00,MODIFIED,Effective after this candle closes; no same-bar fill,4389.84,4394.0,4385.68,2026-09-09 12:59:00+00:00,,,,,,2026.09.09 15:58:00,2026.09.09 15:59:00
25,2026-09-09 12:59:00+00:00,FILLED,Simulated limit touch; exact tick time unknown,4389.84,4394.0,4385.68,,8.0,,,,,2026.09.09 15:59:00,
25,2026-09-09 13:19:00+00:00,SL,"exit_result: open-gap priority, otherwise SL-first; fill-bar TP requires proof",4389.84,4394.0,4385.68,,,,,,,2026.09.09 16:19:00,
26,2026-09-09 13:21:00+00:00,DETECTED,Decision at candle close,4394.34,4390.61,,2026-09-09 13:22:00+00:00,,,,,,2026.09.09 16:21:00,2026.09.09 16:22:00
26,2026-09-09 13:21:00+00:00,PLACED,Effective after this candle closes; no same-bar fill,4394.34,4390.61,4398.07,2026-09-09 13:22:00+00:00,,,,,,2026.09.09 16:21:00,2026.09.09 16:22:00
26,2026-09-09 13:22:00+00:00,FILLED,Simulated limit touch; exact tick time unknown,4394.34,4390.61,4398.07,,8.0,,,,,2026.09.09 16:22:00,
26,2026-09-09 13:37:00+00:00,TP,"exit_result: open-gap priority, otherwise SL-first; fill-bar TP requires proof",4394.34,4390.61,4398.07,,,,,,,2026.09.09 16:37:00,
27,2026-09-09 13:39:00+00:00,DETECTED,Decision at candle close,4398.54,4396.4,,2026-09-09 13:40:00+00:00,,,,,,2026.09.09 16:39:00,2026.09.09 16:40:00
27,2026-09-09 13:39:00+00:00,WAIT,Limit not passive or too close to market; existing order unchanged,4398.54,4396.4,,,,,,,,2026.09.09 16:39:00,
27,2026-09-09 13:40:00+00:00,WAIT,Limit not passive or too close to market; existing order unchanged,4398.54,4396.4,,,,,,,,2026.09.09 16:40:00,
27,2026-09-09 13:41:00+00:00,CANCELLED,SL breached or risk outside permitted distance,4398.54,4396.4,,,,,,,,2026.09.09 16:41:00,
28,2026-09-09 13:42:00+00:00,DETECTED,Decision at candle close,4397.31,4399.25,,2026-09-09 13:43:00+00:00,,,,,,2026.09.09 16:42:00,2026.09.09 16:43:00
28,2026-09-09 13:42:00+00:00,WAIT,EMA/ADX/session filter failed; existing order unchanged,4397.31,4399.25,,,,4395.119116282085,21.62712009904832,,,2026.09.09 16:42:00,
28,2026-09-09 13:43:00+00:00,PLACED,Effective after this candle closes; no same-bar fill,4395.55,4399.25,4391.85,2026-09-09 13:44:00+00:00,,,,,,2026.09.09 16:43:00,2026.09.09 16:44:00
28,2026-09-09 13:44:00+00:00,WAIT,EMA/ADX/session filter failed; existing order unchanged,4395.18,4399.25,,,,4395.111772007336,19.983116205664782,,,2026.09.09 16:44:00,
28,2026-09-09 13:45:00+00:00,FILLED,Simulated limit touch; exact tick time unknown,4395.55,4399.25,4391.85,,8.0,,,,,2026.09.09 16:45:00,
28,2026-09-09 13:48:00+00:00,SL,"exit_result: open-gap priority, otherwise SL-first; fill-bar TP requires proof",4395.55,4399.25,4391.85,,,,,,,2026.09.09 16:48:00,
29,2026-09-09 13:55:00+00:00,DETECTED,Decision at candle close,4400.91,4398.45,,2026-09-09 13:56:00+00:00,,,,,,2026.09.09 16:55:00,2026.09.09 16:56:00
29,2026-09-09 13:55:00+00:00,PLACED,Effective after this candle closes; no same-bar fill,4400.91,4398.45,4403.37,2026-09-09 13:56:00+00:00,,,,,,2026.09.09 16:55:00,2026.09.09 16:56:00
29,2026-09-09 13:57:00+00:00,WAIT,Trend filter failed; existing order unchanged,4400.99,4398.45,,,,,,,,2026.09.09 16:57:00,
29,2026-09-09 13:58:00+00:00,FILLED,Simulated limit touch; exact tick time unknown,4400.91,4398.45,4403.37,,11.0,,,,,2026.09.09 16:58:00,
29,2026-09-09 14:01:00+00:00,TP,"exit_result: open-gap priority, otherwise SL-first; fill-bar TP requires proof",4400.91,4398.45,4403.37,,,,,,,2026.09.09 17:01:00,
30,2026-09-09 14:56:00+00:00,DETECTED,Decision at candle close,4407.14,4410.48,,2026-09-09 14:57:00+00:00,,,,,,2026.09.09 17:56:00,2026.09.09 17:57:00
30,2026-09-09 14:56:00+00:00,WAIT,EMA/ADX/session filter failed; existing order unchanged,4407.14,4410.48,,,,4404.854343443098,19.902352541678386,,,2026.09.09 17:56:00,
30,2026-09-09 14:57:00+00:00,WAIT,EMA/ADX/session filter failed; existing order unchanged,4407.14,4410.48,,,,4404.954856765333,19.364806804366932,,,2026.09.09 17:57:00,
30,2026-09-09 14:58:00+00:00,WAIT,EMA/ADX/session filter failed; existing order unchanged,4407.14,4410.48,,,,4405.023877897108,18.725822545810786,,,2026.09.09 17:58:00,
30,2026-09-09 14:59:00+00:00,WAIT,EMA/ADX/session filter failed; existing order unchanged,4407.14,4410.48,,,,4405.099160627079,17.914012102441056,,,2026.09.09 17:59:00,
30,2026-09-09 15:00:00+00:00,WAIT,EMA/ADX/session filter failed; existing order unchanged,4407.14,4410.48,,,,4405.22181118774,17.83467752355594,,,2026.09.09 18:00:00,
30,2026-09-09 15:01:00+00:00,WAIT,EMA/ADX/session filter failed; existing order unchanged,4407.14,4410.48,,,,4405.272899275139,17.374684689207488,,,2026.09.09 18:01:00,
30,2026-09-09 15:02:00+00:00,WAIT,EMA/ADX/session filter failed; existing order unchanged,4407.08,4410.48,,,,4405.301984522308,16.61686375980544,,,2026.09.09 18:02:00,
30,2026-09-09 15:03:00+00:00,WAIT,EMA/ADX/session filter failed; existing order unchanged,4407.08,4410.48,,,,4405.295689972037,15.515289856290877,,,2026.09.09 18:03:00,
30,2026-09-09 15:04:00+00:00,WAIT,EMA/ADX/session filter failed; existing order unchanged,4405.14,4410.48,,,,4405.261732883966,15.242650281937255,,,2026.09.09 18:04:00,
30,2026-09-09 15:05:00+00:00,WAIT,EMA/ADX/session filter failed; existing order unchanged,4405.14,4410.48,,,,4405.21708589378,14.645348999929565,,,2026.09.09 18:05:00,
30,2026-09-09 15:06:00+00:00,WAIT,EMA/ADX/session filter failed; existing order unchanged,4404.63,4410.48,,,,4405.098492924615,14.926818602724888,,,2026.09.09 18:06:00,
30,2026-09-09 15:07:00+00:00,WAIT,EMA/ADX/session filter failed; existing order unchanged,4403.05,4410.48,,,,4405.03132920198,15.420723549935525,,,2026.09.09 18:07:00,
30,2026-09-09 15:08:00+00:00,WAIT,EMA/ADX/session filter failed; existing order unchanged,4403.05,4410.48,,,,4404.9217774346735,15.395617079249515,,,2026.09.09 18:08:00,
30,2026-09-09 15:09:00+00:00,WAIT,EMA/ADX/session filter failed; existing order unchanged,4403.05,4410.48,,,,4404.868276563443,15.6064641912706,,,2026.09.09 18:09:00,
30,2026-09-09 15:10:00+00:00,WAIT,EMA/ADX/session filter failed; existing order unchanged,4403.05,4410.48,,,,4404.843087096387,14.998612894888874,,,2026.09.09 18:10:00,
30,2026-09-09 15:11:00+00:00,WAIT,EMA/ADX/session filter failed; existing order unchanged,4403.05,4410.48,,,,4404.785608815932,14.605591100941604,,,2026.09.09 18:11:00,
30,2026-09-09 15:12:00+00:00,WAIT,EMA/ADX/session filter failed; existing order unchanged,4403.05,4410.48,,,,4404.6500151148375,15.212569348042555,,,2026.09.09 18:12:00,
30,2026-09-09 15:13:00+00:00,WAIT,EMA/ADX/session filter failed; existing order unchanged,4401.06,4410.48,,,,4404.497555606914,16.02107617454607,,,2026.09.09 18:13:00,
30,2026-09-09 15:14:00+00:00,REPLACED,New setup replaces previous setup/order,4399.98,4410.48,,,,,,,,2026.09.09 18:14:00,
31,2026-09-09 15:14:00+00:00,DETECTED,Decision at candle close,4401.06,4404.66,,2026-09-09 15:15:00+00:00,,,,,,2026.09.09 18:14:00,2026.09.09 18:15:00
31,2026-09-09 15:14:00+00:00,WAIT,EMA/ADX/session filter failed; existing order unchanged,4401.06,4404.66,,,,4404.326488191506,17.104373809533186,,,2026.09.09 18:14:00,
31,2026-09-09 15:15:00+00:00,WAIT,EMA/ADX/session filter failed; existing order unchanged,4399.52,4404.66,,,,4404.143652502133,18.408434855080113,,,2026.09.09 18:15:00,
31,2026-09-09 15:16:00+00:00,WAIT,EMA/ADX/session filter failed; existing order unchanged,4399.52,4404.66,,,,4403.943860648546,19.122350467501967,,,2026.09.09 18:16:00,
31,2026-09-09 15:17:00+00:00,WAIT,EMA/ADX/session filter failed; existing order unchanged,4398.01,4404.66,,,,4403.743078298741,19.957650339196157,,,2026.09.09 18:17:00,
31,2026-09-09 15:18:00+00:00,PLACED,Effective after this candle closes; no same-bar fill,4398.01,4404.66,4391.36,2026-09-09 15:19:00+00:00,,,,,,2026.09.09 18:18:00,2026.09.09 18:19:00
31,2026-09-09 15:19:00+00:00,MODIFIED,Effective after this candle closes; no same-bar fill,4397.85,4404.66,4391.04,2026-09-09 15:20:00+00:00,,,,,,2026.09.09 18:19:00,2026.09.09 18:20:00
31,2026-09-09 15:20:00+00:00,FILLED,Simulated limit touch; exact tick time unknown,4397.85,4404.66,4391.04,,13.0,,,,,2026.09.09 18:20:00,
31,2026-09-09 16:00:00+00:00,SL,"exit_result: open-gap priority, otherwise SL-first; fill-bar TP requires proof",4397.85,4404.66,4391.04,,,,,,,2026.09.09 19:00:00,
32,2026-09-09 16:21:00+00:00,DETECTED,Decision at candle close,4414.4,4411.97,,2026-09-09 16:22:00+00:00,,,,,,2026.09.09 19:21:00,2026.09.09 19:22:00
32,2026-09-09 16:21:00+00:00,PLACED,Effective after this candle closes; no same-bar fill,4414.4,4411.97,4416.83,2026-09-09 16:22:00+00:00,,,,,,2026.09.09 19:21:00,2026.09.09 19:22:00
32,2026-09-09 16:22:00+00:00,MODIFIED,Effective after this candle closes; no same-bar fill,4416.57,4411.97,4421.17,2026-09-09 16:23:00+00:00,,,,,,2026.09.09 19:22:00,2026.09.09 19:23:00
32,2026-09-09 16:23:00+00:00,MODIFIED,Effective after this candle closes; no same-bar fill,4418.67,4411.97,4425.37,2026-09-09 16:24:00+00:00,,,,,,2026.09.09 19:23:00,2026.09.09 19:24:00
32,2026-09-09 16:24:00+00:00,CANCELLED,SL breached or risk outside permitted distance,4422.69,4411.97,,,,,,,,2026.09.09 19:24:00,
33,2026-09-09 17:37:00+00:00,DETECTED,Decision at candle close,4424.44,4421.1,,2026-09-09 17:38:00+00:00,,,,,,2026.09.09 20:37:00,2026.09.09 20:38:00
33,2026-09-09 17:37:00+00:00,WAIT,EMA/ADX/session filter failed; existing order unchanged,4424.44,4421.1,,,,4419.390352107624,17.97348709831009,,,2026.09.09 20:37:00,
33,2026-09-09 17:38:00+00:00,WAIT,EMA/ADX/session filter failed; existing order unchanged,4424.44,4421.1,,,,4419.5362421713035,17.54922792271618,,,2026.09.09 20:38:00,
33,2026-09-09 17:39:00+00:00,WAIT,EMA/ADX/session filter failed; existing order unchanged,4424.44,4421.1,,,,4419.752430951995,17.817603447123822,,,2026.09.09 20:39:00,
33,2026-09-09 17:40:00+00:00,WAIT,EMA/ADX/session filter failed; existing order unchanged,4424.44,4421.1,,,,4419.896941273556,17.88653926298731,,,2026.09.09 20:40:00,
33,2026-09-09 17:41:00+00:00,WAIT,Trend filter failed; existing order unchanged,4424.44,4421.1,,,,,,,,2026.09.09 20:41:00,
33,2026-09-09 17:42:00+00:00,WAIT,Trend filter failed; existing order unchanged,4424.44,4421.1,,,,,,,,2026.09.09 20:42:00,
33,2026-09-09 17:43:00+00:00,CANCELLED,SL breached or risk outside permitted distance,4424.44,4421.1,,,,,,,,2026.09.09 20:43:00,
34,2026-09-09 17:57:00+00:00,DETECTED,Decision at candle close,4417.98,4421.72,,2026-09-09 17:58:00+00:00,,,,,,2026.09.09 20:57:00,2026.09.09 20:58:00
34,2026-09-09 17:57:00+00:00,WAIT,EMA/ADX/session filter failed; existing order unchanged,4417.98,4421.72,,,,4419.9422954219535,16.124567053270468,,,2026.09.09 20:57:00,
34,2026-09-09 17:58:00+00:00,WAIT,EMA/ADX/session filter failed; existing order unchanged,4417.84,4421.72,,,,4419.862220116642,17.751374821821653,,,2026.09.09 20:58:00,
34,2026-09-09 17:59:00+00:00,WAIT,EMA/ADX/session filter failed; existing order unchanged,4417.84,4421.72,,,,4419.823458652505,18.610423460479435,,,2026.09.09 20:59:00,
34,2026-09-09 18:00:00+00:00,CANCELLED,SL breached or risk outside permitted distance,4417.84,4421.72,,,,,,,,2026.09.09 21:00:00,
35,2026-09-09 18:27:00+00:00,DETECTED,Decision at candle close,4386.96,4377.83,,2026-09-09 18:28:00+00:00,,,,,,2026.09.09 21:27:00,2026.09.09 21:28:00
35,2026-09-09 18:27:00+00:00,WAIT,EMA/ADX/session filter failed; existing order unchanged,4386.96,4377.83,,,,4401.226797438856,31.787370679282855,,,2026.09.09 21:27:00,
35,2026-09-09 18:28:00+00:00,CANCELLED,SL breached or risk outside permitted distance,4390.46,4377.83,,,,,,,,2026.09.09 21:28:00,
36,2026-09-09 18:54:00+00:00,DETECTED,Decision at candle close,4402.06,4406.29,,2026-09-09 18:55:00+00:00,,,,,,2026.09.09 21:54:00,2026.09.09 21:55:00
36,2026-09-09 18:54:00+00:00,PLACED,Effective after this candle closes; no same-bar fill,4402.06,4406.29,4397.83,2026-09-09 18:55:00+00:00,,,,,,2026.09.09 21:54:00,2026.09.09 21:55:00
36,2026-09-09 18:55:00+00:00,MODIFIED,Effective after this candle closes; no same-bar fill,4401.22,4406.29,4396.15,2026-09-09 18:56:00+00:00,,,,,,2026.09.09 21:55:00,2026.09.09 21:56:00
36,2026-09-09 18:56:00+00:00,WAIT,Limit not passive or too close to market; existing order unchanged,4400.43,4406.29,,,,,,,,2026.09.09 21:56:00,
36,2026-09-09 18:57:00+00:00,WAIT,EMA/ADX/session filter failed; existing order unchanged,4400.41,4406.29,,,,4401.352007405618,19.55031124117549,,,2026.09.09 21:57:00,
36,2026-09-09 18:58:00+00:00,WAIT,EMA/ADX/session filter failed; existing order unchanged,4400.35,4406.29,,,,4401.297515471447,18.517398067652497,,,2026.09.09 21:58:00,
36,2026-09-09 18:59:00+00:00,WAIT,EMA/ADX/session filter failed; existing order unchanged,4399.69,4406.29,,,,4401.201859146871,17.558264406524003,,,2026.09.09 21:59:00,
36,2026-09-09 19:00:00+00:00,WAIT,EMA/ADX/session filter failed; existing order unchanged,4398.7,4406.29,,,,4401.107699869807,17.15243189512847,,,2026.09.09 22:00:00,
36,2026-09-09 19:01:00+00:00,WAIT,EMA/ADX/session filter failed; existing order unchanged,4398.7,4406.29,,,,4401.00810310546,16.692305789795693,,,2026.09.09 22:01:00,
36,2026-09-09 19:02:00+00:00,WAIT,Trend filter failed; existing order unchanged,4398.7,4406.29,,,,,,,,2026.09.09 22:02:00,
36,2026-09-09 19:03:00+00:00,FILLED,Simulated limit touch; exact tick time unknown,4401.22,4406.29,4396.15,,13.0,,,,,2026.09.09 22:03:00,
36,2026-09-09 19:08:00+00:00,TP,"exit_result: open-gap priority, otherwise SL-first; fill-bar TP requires proof",4401.22,4406.29,4396.15,,,,,,,2026.09.09 22:08:00,
37,2026-09-09 20:42:00+00:00,DETECTED,Decision at candle close,4415.16,4412.64,,2026-09-09 20:43:00+00:00,,,,,,2026.09.09 23:42:00,2026.09.09 23:43:00
37,2026-09-09 20:42:00+00:00,PLACED,Effective after this candle closes; no same-bar fill,4415.16,4412.64,4417.68,2026-09-09 20:43:00+00:00,,,,,,2026.09.09 23:42:00,2026.09.09 23:43:00
37,2026-09-09 20:43:00+00:00,FILLED,Simulated limit touch; exact tick time unknown,4415.16,4412.64,4417.68,,14.0,,,,,2026.09.09 23:43:00,
37,2026-09-09 21:00:00+00:00,TP,"exit_result: open-gap priority, otherwise SL-first; fill-bar TP requires proof",4415.16,4412.64,4417.68,,,,,,,2026.09.10 00:00:00,
38,2026-09-09 22:20:00+00:00,DETECTED,Decision at candle close,4401.23,4398.67,,2026-09-09 22:21:00+00:00,,,,,,2026.09.10 01:20:00,2026.09.10 01:21:00
38,2026-09-09 22:20:00+00:00,WAIT,EMA/ADX/session filter failed; existing order unchanged,4401.23,4398.67,,,,4405.5856057631645,32.16047652985113,,,2026.09.10 01:20:00,
38,2026-09-09 22:21:00+00:00,WAIT,EMA/ADX/session filter failed; existing order unchanged,4402.3,4398.67,,,,4405.520175993327,31.201437284525092,,,2026.09.10 01:21:00,
38,2026-09-09 22:22:00+00:00,WAIT,EMA/ADX/session filter failed; existing order unchanged,4402.3,4398.67,,,,4405.4709899390255,30.10912393125803,,,2026.09.10 01:22:00,
38,2026-09-09 22:23:00+00:00,WAIT,EMA/ADX/session filter failed; existing order unchanged,4403.91,4398.67,,,,4405.446367367687,29.512932283936877,,,2026.09.10 01:23:00,
38,2026-09-09 22:24:00+00:00,WAIT,EMA/ADX/session filter failed; existing order unchanged,4404.34,4398.67,,,,4405.4166503909655,29.01050036512565,,,2026.09.10 01:24:00,
38,2026-09-09 22:25:00+00:00,WAIT,EMA/ADX/session filter failed; existing order unchanged,4404.34,4398.67,,,,4405.385940533426,28.54395644051522,,,2026.09.10 01:25:00,
38,2026-09-09 22:26:00+00:00,WAIT,Trend filter failed; existing order unchanged,4404.34,4398.67,,,,,,,,2026.09.10 01:26:00,
38,2026-09-09 22:27:00+00:00,WAIT,Trend filter failed; existing order unchanged,4404.34,4398.67,,,,,,,,2026.09.10 01:27:00,
38,2026-09-09 22:28:00+00:00,REPLACED,New setup replaces previous setup/order,4404.34,4398.67,,,,,,,,2026.09.10 01:28:00,
39,2026-09-09 22:28:00+00:00,DETECTED,Decision at candle close,4402.54,4404.75,,2026-09-09 22:29:00+00:00,,,,,,2026.09.10 01:28:00,2026.09.10 01:29:00
39,2026-09-09 22:28:00+00:00,PLACED,Effective after this candle closes; no same-bar fill,4402.54,4404.75,4400.33,2026-09-09 22:29:00+00:00,,,,,,2026.09.10 01:28:00,2026.09.10 01:29:00
39,2026-09-09 22:29:00+00:00,MODIFIED,Effective after this candle closes; no same-bar fill,4400.84,4404.75,4396.93,2026-09-09 22:30:00+00:00,,,,,,2026.09.10 01:29:00,2026.09.10 01:30:00
39,2026-09-09 22:30:00+00:00,FILLED,Simulated limit touch; exact tick time unknown,4400.84,4404.75,4396.93,,12.0,,,,,2026.09.10 01:30:00,
39,2026-09-09 22:36:00+00:00,TP,"exit_result: open-gap priority, otherwise SL-first; fill-bar TP requires proof",4400.84,4404.75,4396.93,,,,,,,2026.09.10 01:36:00,
40,2026-09-09 23:21:00+00:00,DETECTED,Decision at candle close,4394.53,4396.25,,2026-09-09 23:22:00+00:00,,,,,,2026.09.10 02:21:00,2026.09.10 02:22:00
40,2026-09-09 23:21:00+00:00,PLACED,Effective after this candle closes; no same-bar fill,4394.53,4396.25,4392.81,2026-09-09 23:22:00+00:00,,,,,,2026.09.10 02:21:00,2026.09.10 02:22:00
40,2026-09-09 23:22:00+00:00,FILLED,Simulated limit touch; exact tick time unknown,4394.53,4396.25,4392.81,,12.0,,,,,2026.09.10 02:22:00,
40,2026-09-09 23:31:00+00:00,SL,"exit_result: open-gap priority, otherwise SL-first; fill-bar TP requires proof",4394.53,4396.25,4392.81,,,,,,,2026.09.10 02:31:00,
41,2026-09-10 02:25:00+00:00,DETECTED,Decision at candle close,4398.37,4400.9,,2026-09-10 02:26:00+00:00,,,,,,2026.09.10 05:25:00,2026.09.10 05:26:00
41,2026-09-10 02:25:00+00:00,WAIT,EMA/ADX/session filter failed; existing order unchanged,4398.37,4400.9,,,,4400.466461535215,16.19852198254091,,,2026.09.10 05:25:00,
41,2026-09-10 02:26:00+00:00,WAIT,EMA/ADX/session filter failed; existing order unchanged,4398.37,4400.9,,,,4400.427233236241,16.475523944840006,,,2026.09.10 05:26:00,
41,2026-09-10 02:27:00+00:00,WAIT,EMA/ADX/session filter failed; existing order unchanged,4398.37,4400.9,,,,4400.323717350893,17.155797363703474,,,2026.09.10 05:27:00,
41,2026-09-10 02:28:00+00:00,WAIT,EMA/ADX/session filter failed; existing order unchanged,4397.27,4400.9,,,,4400.198349530822,18.38679443006407,,,2026.09.10 05:28:00,
41,2026-09-10 02:29:00+00:00,WAIT,EMA/ADX/session filter failed; existing order unchanged,4397.27,4400.9,,,,4400.114469210835,19.03661975710251,,,2026.09.10 05:29:00,
41,2026-09-10 02:30:00+00:00,WAIT,Trend filter failed; existing order unchanged,4397.27,4400.9,,,,,,,,2026.09.10 05:30:00,
41,2026-09-10 02:31:00+00:00,WAIT,Trend filter failed; existing order unchanged,4397.27,4400.9,,,,,,,,2026.09.10 05:31:00,
41,2026-09-10 02:32:00+00:00,WAIT,Trend filter failed; existing order unchanged,4397.05,4400.9,,,,,,,,2026.09.10 05:32:00,
41,2026-09-10 02:33:00+00:00,WAIT,Trend filter failed; existing order unchanged,4395.12,4400.9,,,,,,,,2026.09.10 05:33:00,
41,2026-09-10 02:34:00+00:00,REPLACED,New setup replaces previous setup/order,4395.12,4400.9,,,,,,,,2026.09.10 05:34:00,
42,2026-09-10 02:34:00+00:00,DETECTED,Decision at candle close,4395.12,4398.32,,2026-09-10 02:35:00+00:00,,,,,,2026.09.10 05:34:00,2026.09.10 05:35:00
42,2026-09-10 02:34:00+00:00,PLACED,Effective after this candle closes; no same-bar fill,4395.12,4398.32,4391.92,2026-09-10 02:35:00+00:00,,,,,,2026.09.10 05:34:00,2026.09.10 05:35:00
42,2026-09-10 02:35:00+00:00,MODIFIED,Effective after this candle closes; no same-bar fill,4394.65,4398.32,4390.98,2026-09-10 02:36:00+00:00,,,,,,2026.09.10 05:35:00,2026.09.10 05:36:00
42,2026-09-10 02:36:00+00:00,FILLED,Simulated limit touch; exact tick time unknown,4394.65,4398.32,4390.98,,11.0,,,,,2026.09.10 05:36:00,
42,2026-09-10 03:02:00+00:00,TP,"exit_result: open-gap priority, otherwise SL-first; fill-bar TP requires proof",4394.65,4398.32,4390.98,,,,,,,2026.09.10 06:02:00,
43,2026-09-10 03:13:00+00:00,DETECTED,Decision at candle close,4396.09,4393.18,,2026-09-10 03:14:00+00:00,,,,,,2026.09.10 06:13:00,2026.09.10 06:14:00
43,2026-09-10 03:13:00+00:00,WAIT,Limit not passive or too close to market; existing order unchanged,4396.09,4393.18,,,,,,,,2026.09.10 06:13:00,
43,2026-09-10 03:14:00+00:00,WAIT,EMA/ADX/session filter failed; existing order unchanged,4396.09,4393.18,,,,4395.211706795951,22.97356512357102,,,2026.09.10 06:14:00,
43,2026-09-10 03:15:00+00:00,PLACED,Effective after this candle closes; no same-bar fill,4396.09,4393.18,4399.0,2026-09-10 03:16:00+00:00,,,,,,2026.09.10 06:15:00,2026.09.10 06:16:00
43,2026-09-10 03:16:00+00:00,MODIFIED,Effective after this candle closes; no same-bar fill,4396.78,4393.18,4400.38,2026-09-10 03:17:00+00:00,,,,,,2026.09.10 06:16:00,2026.09.10 06:17:00
43,2026-09-10 03:17:00+00:00,FILLED,Simulated limit touch; exact tick time unknown,4396.78,4393.18,4400.38,,16.0,,,,,2026.09.10 06:17:00,
43,2026-09-10 03:29:00+00:00,SL,"exit_result: open-gap priority, otherwise SL-first; fill-bar TP requires proof",4396.78,4393.18,4400.38,,,,,,,2026.09.10 06:29:00,
44,2026-09-10 03:45:00+00:00,DETECTED,Decision at candle close,4400.01,4396.58,,2026-09-10 03:46:00+00:00,,,,,,2026.09.10 06:45:00,2026.09.10 06:46:00
44,2026-09-10 03:45:00+00:00,WAIT,Limit not passive or too close to market; existing order unchanged,4400.01,4396.58,,,,,,,,2026.09.10 06:45:00,
44,2026-09-10 03:46:00+00:00,WAIT,Limit not passive or too close to market; existing order unchanged,4400.01,4396.58,,,,,,,,2026.09.10 06:46:00,
44,2026-09-10 03:47:00+00:00,WAIT,Trend filter failed; existing order unchanged,4400.01,4396.58,,,,,,,,2026.09.10 06:47:00,
44,2026-09-10 03:48:00+00:00,WAIT,Trend filter failed; existing order unchanged,4400.01,4396.58,,,,,,,,2026.09.10 06:48:00,
44,2026-09-10 03:49:00+00:00,WAIT,Trend filter failed; existing order unchanged,4400.01,4396.58,,,,,,,,2026.09.10 06:49:00,
44,2026-09-10 03:50:00+00:00,WAIT,Trend filter failed; existing order unchanged,4400.01,4396.58,,,,,,,,2026.09.10 06:50:00,
44,2026-09-10 03:51:00+00:00,WAIT,Trend filter failed; existing order unchanged,4400.01,4396.58,,,,,,,,2026.09.10 06:51:00,
44,2026-09-10 03:52:00+00:00,WAIT,Trend filter failed; existing order unchanged,4401.25,4396.58,,,,,,,,2026.09.10 06:52:00,
44,2026-09-10 03:53:00+00:00,WAIT,Trend filter failed; existing order unchanged,4401.99,4396.58,,,,,,,,2026.09.10 06:53:00,
44,2026-09-10 03:54:00+00:00,WAIT,Trend filter failed; existing order unchanged,4402.54,4396.58,,,,,,,,2026.09.10 06:54:00,
44,2026-09-10 03:55:00+00:00,WAIT,Trend filter failed; existing order unchanged,4402.54,4396.58,,,,,,,,2026.09.10 06:55:00,
44,2026-09-10 03:56:00+00:00,WAIT,Trend filter failed; existing order unchanged,4402.71,4396.58,,,,,,,,2026.09.10 06:56:00,
44,2026-09-10 03:57:00+00:00,WAIT,Trend filter failed; existing order unchanged,4402.71,4396.58,,,,,,,,2026.09.10 06:57:00,
44,2026-09-10 03:58:00+00:00,WAIT,Trend filter failed; existing order unchanged,4402.71,4396.58,,,,,,,,2026.09.10 06:58:00,
44,2026-09-10 03:59:00+00:00,WAIT,Trend filter failed; existing order unchanged,4402.71,4396.58,,,,,,,,2026.09.10 06:59:00,
44,2026-09-10 04:00:00+00:00,WAIT,Trend filter failed; existing order unchanged,4402.71,4396.58,,,,,,,,2026.09.10 07:00:00,
44,2026-09-10 04:01:00+00:00,WAIT,Trend filter failed; existing order unchanged,4405.71,4396.58,,,,,,,,2026.09.10 07:01:00,
44,2026-09-10 04:02:00+00:00,WAIT,Trend filter failed; existing order unchanged,4406.48,4396.58,,,,,,,,2026.09.10 07:02:00,
44,2026-09-10 04:03:00+00:00,CANCELLED,SL breached or risk outside permitted distance,4409.87,4396.58,,,,,,,,2026.09.10 07:03:00,
45,2026-09-10 04:09:00+00:00,DETECTED,Decision at candle close,4415.35,4408.7,,2026-09-10 04:10:00+00:00,,,,,,2026.09.10 07:09:00,2026.09.10 07:10:00
45,2026-09-10 04:09:00+00:00,PLACED,Effective after this candle closes; no same-bar fill,4415.35,4408.7,4422.0,2026-09-10 04:10:00+00:00,,,,,,2026.09.10 07:09:00,2026.09.10 07:10:00
45,2026-09-10 04:10:00+00:00,MODIFIED,Effective after this candle closes; no same-bar fill,4416.56,4408.7,4424.42,2026-09-10 04:11:00+00:00,,,,,,2026.09.10 07:10:00,2026.09.10 07:11:00
45,2026-09-10 04:11:00+00:00,FILLED,Simulated limit touch; exact tick time unknown,4416.56,4408.7,4424.42,,17.0,,,,,2026.09.10 07:11:00,
45,2026-09-10 04:30:00+00:00,SL,"exit_result: open-gap priority, otherwise SL-first; fill-bar TP requires proof",4416.56,4408.7,4424.42,,,,,,,2026.09.10 07:30:00,
46,2026-09-10 04:40:00+00:00,DETECTED,Decision at candle close,4407.42,4410.27,,2026-09-10 04:41:00+00:00,,,,,,2026.09.10 07:40:00,2026.09.10 07:41:00
46,2026-09-10 04:40:00+00:00,CANCELLED,SL breached or risk outside permitted distance,4407.42,4410.27,,,,,,,,2026.09.10 07:40:00,
47,2026-09-10 04:53:00+00:00,DETECTED,Decision at candle close,4410.88,4414.46,,2026-09-10 04:54:00+00:00,,,,,,2026.09.10 07:53:00,2026.09.10 07:54:00
47,2026-09-10 04:53:00+00:00,WAIT,EMA/ADX/session filter failed; existing order unchanged,4410.88,4414.46,,,,4408.94377282513,12.452359960173473,,,2026.09.10 07:53:00,
47,2026-09-10 04:54:00+00:00,WAIT,EMA/ADX/session filter failed; existing order unchanged,4410.31,4414.46,,,,4408.941681869565,12.17933602646615,,,2026.09.10 07:54:00,
47,2026-09-10 04:55:00+00:00,WAIT,EMA/ADX/session filter failed; existing order unchanged,4410.31,4414.46,,,,4409.031134882641,12.013523720645097,,,2026.09.10 07:55:00,
47,2026-09-10 04:56:00+00:00,WAIT,Trend filter failed; existing order unchanged,4410.31,4414.46,,,,,,,,2026.09.10 07:56:00,
47,2026-09-10 04:57:00+00:00,WAIT,Trend filter failed; existing order unchanged,4410.31,4414.46,,,,,,,,2026.09.10 07:57:00,
47,2026-09-10 04:58:00+00:00,WAIT,Trend filter failed; existing order unchanged,4410.31,4414.46,,,,,,,,2026.09.10 07:58:00,
47,2026-09-10 04:59:00+00:00,WAIT,Trend filter failed; existing order unchanged,4410.31,4414.46,,,,,,,,2026.09.10 07:59:00,
47,2026-09-10 05:00:00+00:00,WAIT,Trend filter failed; existing order unchanged,4410.31,4414.46,,,,,,,,2026.09.10 08:00:00,
47,2026-09-10 05:01:00+00:00,CANCELLED,SL breached or risk outside permitted distance,4410.31,4414.46,,,,,,,,2026.09.10 08:01:00,
48,2026-09-10 05:40:00+00:00,DETECTED,Decision at candle close,4417.61,4414.51,,2026-09-10 05:41:00+00:00,,,,,,2026.09.10 08:40:00,2026.09.10 08:41:00
48,2026-09-10 05:40:00+00:00,PLACED,Effective after this candle closes; no same-bar fill,4417.61,4414.51,4420.71,2026-09-10 05:41:00+00:00,,,,,,2026.09.10 08:40:00,2026.09.10 08:41:00
48,2026-09-10 05:41:00+00:00,MODIFIED,Effective after this candle closes; no same-bar fill,4417.67,4414.51,4420.83,2026-09-10 05:42:00+00:00,,,,,,2026.09.10 08:41:00,2026.09.10 08:42:00
48,2026-09-10 05:42:00+00:00,MODIFIED,Effective after this candle closes; no same-bar fill,4417.94,4414.51,4421.37,2026-09-10 05:43:00+00:00,,,,,,2026.09.10 08:42:00,2026.09.10 08:43:00
48,2026-09-10 05:43:00+00:00,MODIFIED,Effective after this candle closes; no same-bar fill,4418.63,4414.51,4422.75,2026-09-10 05:44:00+00:00,,,,,,2026.09.10 08:43:00,2026.09.10 08:44:00
48,2026-09-10 05:44:00+00:00,FILLED,Simulated limit touch; exact tick time unknown,4418.63,4414.51,4422.75,,17.0,,,,,2026.09.10 08:44:00,
48,2026-09-10 06:07:00+00:00,SL,"exit_result: open-gap priority, otherwise SL-first; fill-bar TP requires proof",4418.63,4414.51,4422.75,,,,,,,2026.09.10 09:07:00,
49,2026-09-10 07:06:00+00:00,DETECTED,Decision at candle close,4412.42,4409.95,,2026-09-10 07:07:00+00:00,,,,,,2026.09.10 10:06:00,2026.09.10 10:07:00
49,2026-09-10 07:06:00+00:00,PLACED,Effective after this candle closes; no same-bar fill,4412.42,4409.95,4414.89,2026-09-10 07:07:00+00:00,,,,,,2026.09.10 10:06:00,2026.09.10 10:07:00
49,2026-09-10 07:07:00+00:00,WAIT,Limit not passive or too close to market; existing order unchanged,4413.69,4409.95,,,,,,,,2026.09.10 10:07:00,
49,2026-09-10 07:08:00+00:00,WAIT,Trend filter failed; existing order unchanged,4413.69,4409.95,,,,,,,,2026.09.10 10:08:00,
49,2026-09-10 07:09:00+00:00,WAIT,Trend filter failed; existing order unchanged,4413.69,4409.95,,,,,,,,2026.09.10 10:09:00,
49,2026-09-10 07:10:00+00:00,WAIT,Trend filter failed; existing order unchanged,4413.69,4409.95,,,,,,,,2026.09.10 10:10:00,
49,2026-09-10 07:11:00+00:00,WAIT,Trend filter failed; existing order unchanged,4413.69,4409.95,,,,,,,,2026.09.10 10:11:00,
49,2026-09-10 07:12:00+00:00,WAIT,Trend filter failed; existing order unchanged,4414.7,4409.95,,,,,,,,2026.09.10 10:12:00,
49,2026-09-10 07:13:00+00:00,WAIT,Trend filter failed; existing order unchanged,4414.7,4409.95,,,,,,,,2026.09.10 10:13:00,
49,2026-09-10 07:14:00+00:00,WAIT,Trend filter failed; existing order unchanged,4414.7,4409.95,,,,,,,,2026.09.10 10:14:00,
49,2026-09-10 07:15:00+00:00,WAIT,Trend filter failed; existing order unchanged,4414.7,4409.95,,,,,,,,2026.09.10 10:15:00,
49,2026-09-10 07:16:00+00:00,WAIT,Trend filter failed; existing order unchanged,4414.7,4409.95,,,,,,,,2026.09.10 10:16:00,
49,2026-09-10 07:17:00+00:00,WAIT,Trend filter failed; existing order unchanged,4414.7,4409.95,,,,,,,,2026.09.10 10:17:00,
49,2026-09-10 07:18:00+00:00,WAIT,Trend filter failed; existing order unchanged,4414.7,4409.95,,,,,,,,2026.09.10 10:18:00,
49,2026-09-10 07:19:00+00:00,WAIT,Trend filter failed; existing order unchanged,4414.7,4409.95,,,,,,,,2026.09.10 10:19:00,
49,2026-09-10 07:20:00+00:00,WAIT,Trend filter failed; existing order unchanged,4414.7,4409.95,,,,,,,,2026.09.10 10:20:00,
49,2026-09-10 07:21:00+00:00,WAIT,Trend filter failed; existing order unchanged,4414.7,4409.95,,,,,,,,2026.09.10 10:21:00,
49,2026-09-10 07:22:00+00:00,WAIT,Trend filter failed; existing order unchanged,4414.7,4409.95,,,,,,,,2026.09.10 10:22:00,
49,2026-09-10 07:23:00+00:00,WAIT,Trend filter failed; existing order unchanged,4414.7,4409.95,,,,,,,,2026.09.10 10:23:00,
49,2026-09-10 07:24:00+00:00,WAIT,Trend filter failed; existing order unchanged,4414.7,4409.95,,,,,,,,2026.09.10 10:24:00,
49,2026-09-10 07:25:00+00:00,WAIT,Trend filter failed; existing order unchanged,4414.7,4409.95,,,,,,,,2026.09.10 10:25:00,
49,2026-09-10 07:26:00+00:00,WAIT,Trend filter failed; existing order unchanged,4414.7,4409.95,,,,,,,,2026.09.10 10:26:00,
49,2026-09-10 07:27:00+00:00,WAIT,Trend filter failed; existing order unchanged,4414.7,4409.95,,,,,,,,2026.09.10 10:27:00,
49,2026-09-10 07:28:00+00:00,WAIT,Trend filter failed; existing order unchanged,4414.7,4409.95,,,,,,,,2026.09.10 10:28:00,
49,2026-09-10 07:29:00+00:00,FILLED,Simulated limit touch; exact tick time unknown,4412.42,4409.95,4414.89,,17.0,,,,,2026.09.10 10:29:00,
49,2026-09-10 07:37:00+00:00,SL,"exit_result: open-gap priority, otherwise SL-first; fill-bar TP requires proof",4412.42,4409.95,4414.89,,,,,,,2026.09.10 10:37:00,
50,2026-09-10 07:42:00+00:00,DETECTED,Decision at candle close,4407.16,4408.75,,2026-09-10 07:43:00+00:00,,,,,,2026.09.10 10:42:00,2026.09.10 10:43:00
50,2026-09-10 07:42:00+00:00,PLACED,Effective after this candle closes; no same-bar fill,4407.16,4408.75,4405.57,2026-09-10 07:43:00+00:00,,,,,,2026.09.10 10:42:00,2026.09.10 10:43:00
50,2026-09-10 07:43:00+00:00,MODIFIED,Effective after this candle closes; no same-bar fill,4406.49,4408.75,4404.23,2026-09-10 07:44:00+00:00,,,,,,2026.09.10 10:43:00,2026.09.10 10:44:00
50,2026-09-10 07:44:00+00:00,FILLED,Simulated limit touch; exact tick time unknown,4406.49,4408.75,4404.23,,13.0,,,,,2026.09.10 10:44:00,
50,2026-09-10 07:48:00+00:00,SL,"exit_result: open-gap priority, otherwise SL-first; fill-bar TP requires proof",4406.49,4408.75,4404.23,,,,,,,2026.09.10 10:48:00,
51,2026-09-10 09:08:00+00:00,DETECTED,Decision at candle close,4424.62,4427.55,,2026-09-10 09:09:00+00:00,,,,,,2026.09.10 12:08:00,2026.09.10 12:09:00
51,2026-09-10 09:08:00+00:00,WAIT,EMA/ADX/session filter failed; existing order unchanged,4424.62,4427.55,,,,4423.247636841583,27.285472764745386,,,2026.09.10 12:08:00,
51,2026-09-10 09:09:00+00:00,PLACED,Effective after this candle closes; no same-bar fill,4424.31,4427.55,4421.07,2026-09-10 09:10:00+00:00,,,,,,2026.09.10 12:09:00,2026.09.10 12:10:00
51,2026-09-10 09:10:00+00:00,MODIFIED,Effective after this candle closes; no same-bar fill,4423.19,4427.55,4418.83,2026-09-10 09:11:00+00:00,,,,,,2026.09.10 12:10:00,2026.09.10 12:11:00
51,2026-09-10 09:11:00+00:00,WAIT,Limit not passive or too close to market; existing order unchanged,4422.81,4427.55,,,,,,,,2026.09.10 12:11:00,
51,2026-09-10 09:12:00+00:00,MODIFIED,Effective after this candle closes; no same-bar fill,4422.81,4427.55,4418.07,2026-09-10 09:13:00+00:00,,,,,,2026.09.10 12:12:00,2026.09.10 12:13:00
51,2026-09-10 09:13:00+00:00,MODIFIED,Effective after this candle closes; no same-bar fill,4419.82,4427.55,4412.09,2026-09-10 09:14:00+00:00,,,,,,2026.09.10 12:13:00,2026.09.10 12:14:00
51,2026-09-10 09:14:00+00:00,MODIFIED,Effective after this candle closes; no same-bar fill,4418.01,4427.55,4408.47,2026-09-10 09:15:00+00:00,,,,,,2026.09.10 12:14:00,2026.09.10 12:15:00
51,2026-09-10 09:15:00+00:00,CANCELLED,SL breached or risk outside permitted distance,4416.44,4427.55,,,,,,,,2026.09.10 12:15:00,
52,2026-09-10 09:44:00+00:00,DETECTED,Decision at candle close,4424.39,4420.53,,2026-09-10 09:45:00+00:00,,,,,,2026.09.10 12:44:00,2026.09.10 12:45:00
52,2026-09-10 09:44:00+00:00,PLACED,Effective after this candle closes; no same-bar fill,4424.39,4420.53,4428.25,2026-09-10 09:45:00+00:00,,,,,,2026.09.10 12:44:00,2026.09.10 12:45:00
52,2026-09-10 09:45:00+00:00,MODIFIED,Effective after this candle closes; no same-bar fill,4425.7,4420.53,4430.87,2026-09-10 09:46:00+00:00,,,,,,2026.09.10 12:45:00,2026.09.10 12:46:00
52,2026-09-10 09:46:00+00:00,MODIFIED,Effective after this candle closes; no same-bar fill,4427.07,4420.53,4433.61,2026-09-10 09:47:00+00:00,,,,,,2026.09.10 12:46:00,2026.09.10 12:47:00
52,2026-09-10 09:47:00+00:00,FILLED,Simulated limit touch; exact tick time unknown,4427.07,4420.53,4433.61,,12.0,,,,,2026.09.10 12:47:00,
52,2026-09-10 10:01:00+00:00,SL,"exit_result: open-gap priority, otherwise SL-first; fill-bar TP requires proof",4427.07,4420.53,4433.61,,,,,,,2026.09.10 13:01:00,
53,2026-09-10 10:45:00+00:00,DETECTED,Decision at candle close,4408.66,4405.37,,2026-09-10 10:46:00+00:00,,,,,,2026.09.10 13:45:00,2026.09.10 13:46:00
53,2026-09-10 10:45:00+00:00,WAIT,EMA/ADX/session filter failed; existing order unchanged,4408.66,4405.37,,,,4412.544012417751,35.09848825720948,,,2026.09.10 13:45:00,
53,2026-09-10 10:46:00+00:00,WAIT,EMA/ADX/session filter failed; existing order unchanged,4409.1,4405.37,,,,4412.521257796875,34.30720061582313,,,2026.09.10 13:46:00,
53,2026-09-10 10:47:00+00:00,WAIT,EMA/ADX/session filter failed; existing order unchanged,4411.44,4405.37,,,,4412.5117083164905,34.0381227948162,,,2026.09.10 13:47:00,
53,2026-09-10 10:48:00+00:00,WAIT,EMA/ADX/session filter failed; existing order unchanged,4411.44,4405.37,,,,4412.4818163063055,33.38975667753973,,,2026.09.10 13:48:00,
53,2026-09-10 10:49:00+00:00,WAIT,EMA/ADX/session filter failed; existing order unchanged,4411.44,4405.37,,,,4412.448314175596,32.877951281167356,,,2026.09.10 13:49:00,
53,2026-09-10 10:50:00+00:00,WAIT,EMA/ADX/session filter failed; existing order unchanged,4411.44,4405.37,,,,4412.43525462405,32.45591018009108,,,2026.09.10 13:50:00,
53,2026-09-10 10:51:00+00:00,PLACED,Effective after this candle closes; no same-bar fill,4412.23,4405.37,4419.09,2026-09-10 10:52:00+00:00,,,,,,2026.09.10 13:51:00,2026.09.10 13:52:00
53,2026-09-10 10:52:00+00:00,MODIFIED,Effective after this candle closes; no same-bar fill,4414.24,4405.37,4423.11,2026-09-10 10:53:00+00:00,,,,,,2026.09.10 13:52:00,2026.09.10 13:53:00
53,2026-09-10 10:53:00+00:00,FILLED,Simulated limit touch; exact tick time unknown,4414.24,4405.37,4423.11,,11.0,,,,,2026.09.10 13:53:00,
53,2026-09-10 11:14:00+00:00,SL,"exit_result: open-gap priority, otherwise SL-first; fill-bar TP requires proof",4414.24,4405.37,4423.11,,,,,,,2026.09.10 14:14:00,
54,2026-09-10 11:33:00+00:00,DETECTED,Decision at candle close,4403.09,4405.97,,2026-09-10 11:34:00+00:00,,,,,,2026.09.10 14:33:00,2026.09.10 14:34:00
54,2026-09-10 11:33:00+00:00,PLACED,Effective after this candle closes; no same-bar fill,4403.09,4405.97,4400.21,2026-09-10 11:34:00+00:00,,,,,,2026.09.10 14:33:00,2026.09.10 14:34:00
54,2026-09-10 11:34:00+00:00,MODIFIED,Effective after this candle closes; no same-bar fill,4401.9,4405.97,4397.83,2026-09-10 11:35:00+00:00,,,,,,2026.09.10 14:34:00,2026.09.10 14:35:00
54,2026-09-10 11:35:00+00:00,WAIT,Limit not passive or too close to market; existing order unchanged,4401.07,4405.97,,,,,,,,2026.09.10 14:35:00,
54,2026-09-10 11:36:00+00:00,WAIT,Limit not passive or too close to market; existing order unchanged,4401.07,4405.97,,,,,,,,2026.09.10 14:36:00,
54,2026-09-10 11:37:00+00:00,MODIFIED,Effective after this candle closes; no same-bar fill,4401.07,4405.97,4396.17,2026-09-10 11:38:00+00:00,,,,,,2026.09.10 14:37:00,2026.09.10 14:38:00
54,2026-09-10 11:38:00+00:00,MODIFIED,Effective after this candle closes; no same-bar fill,4400.15,4405.97,4394.33,2026-09-10 11:39:00+00:00,,,,,,2026.09.10 14:38:00,2026.09.10 14:39:00
54,2026-09-10 11:39:00+00:00,FILLED,Simulated limit touch; exact tick time unknown,4400.15,4405.97,4394.33,,8.0,,,,,2026.09.10 14:39:00,
54,2026-09-10 11:45:00+00:00,TP,"exit_result: open-gap priority, otherwise SL-first; fill-bar TP requires proof",4400.15,4405.97,4394.33,,,,,,,2026.09.10 14:45:00,
55,2026-09-10 13:11:00+00:00,DETECTED,Decision at candle close,4393.53,4397.26,,2026-09-10 13:12:00+00:00,,,,,,2026.09.10 16:11:00,2026.09.10 16:12:00
55,2026-09-10 13:11:00+00:00,PLACED,Effective after this candle closes; no same-bar fill,4393.53,4397.26,4389.8,2026-09-10 13:12:00+00:00,,,,,,2026.09.10 16:11:00,2026.09.10 16:12:00
55,2026-09-10 13:12:00+00:00,FILLED,Simulated limit touch; exact tick time unknown,4393.53,4397.26,4389.8,,14.0,,,,,2026.09.10 16:12:00,
55,2026-09-10 13:14:00+00:00,SL,"exit_result: open-gap priority, otherwise SL-first; fill-bar TP requires proof",4393.53,4397.26,4389.8,,,,,,,2026.09.10 16:14:00,
56,2026-09-10 14:45:00+00:00,DETECTED,Decision at candle close,4385.41,4389.78,,2026-09-10 14:46:00+00:00,,,,,,2026.09.10 17:45:00,2026.09.10 17:46:00
56,2026-09-10 14:45:00+00:00,WAIT,EMA/ADX/session filter failed; existing order unchanged,4385.41,4389.78,,,,4385.706337221909,14.522955161511636,,,2026.09.10 17:45:00,
56,2026-09-10 14:46:00+00:00,WAIT,EMA/ADX/session filter failed; existing order unchanged,4385.3,4389.78,,,,4385.633342568702,15.113739484959323,,,2026.09.10 17:46:00,
56,2026-09-10 14:47:00+00:00,WAIT,EMA/ADX/session filter failed; existing order unchanged,4383.66,4389.78,,,,4385.5079870123445,16.382032857094558,,,2026.09.10 17:47:00,
56,2026-09-10 14:48:00+00:00,WAIT,EMA/ADX/session filter failed; existing order unchanged,4382.28,4389.78,,,,4385.391987469899,17.756993148128203,,,2026.09.10 17:48:00,
56,2026-09-10 14:49:00+00:00,WAIT,EMA/ADX/session filter failed; existing order unchanged,4382.28,4389.78,,,,4385.277168272045,18.909553085886948,,,2026.09.10 17:49:00,
56,2026-09-10 14:50:00+00:00,PLACED,Effective after this candle closes; no same-bar fill,4382.28,4389.78,4374.78,2026-09-10 14:51:00+00:00,,,,,,2026.09.10 17:50:00,2026.09.10 17:51:00
56,2026-09-10 14:51:00+00:00,MODIFIED,Effective after this candle closes; no same-bar fill,4380.69,4389.78,4371.6,2026-09-10 14:52:00+00:00,,,,,,2026.09.10 17:51:00,2026.09.10 17:52:00
56,2026-09-10 14:52:00+00:00,CANCELLED,SL breached or risk outside permitted distance,4377.29,4389.78,,,,,,,,2026.09.10 17:52:00,
57,2026-09-10 14:53:00+00:00,DETECTED,Decision at candle close,4377.29,4382.93,,2026-09-10 14:54:00+00:00,,,,,,2026.09.10 17:53:00,2026.09.10 17:54:00
57,2026-09-10 14:53:00+00:00,WAIT,Limit not passive or too close to market; existing order unchanged,4377.29,4382.93,,,,,,,,2026.09.10 17:53:00,
57,2026-09-10 14:54:00+00:00,WAIT,Limit not passive or too close to market; existing order unchanged,4377.29,4382.93,,,,,,,,2026.09.10 17:54:00,
57,2026-09-10 14:55:00+00:00,WAIT,Trend filter failed; existing order unchanged,4377.29,4382.93,,,,,,,,2026.09.10 17:55:00,
57,2026-09-10 14:56:00+00:00,WAIT,Trend filter failed; existing order unchanged,4377.29,4382.93,,,,,,,,2026.09.10 17:56:00,
57,2026-09-10 14:57:00+00:00,WAIT,Trend filter failed; existing order unchanged,4376.96,4382.93,,,,,,,,2026.09.10 17:57:00,
57,2026-09-10 14:58:00+00:00,WAIT,Trend filter failed; existing order unchanged,4376.96,4382.93,,,,,,,,2026.09.10 17:58:00,
57,2026-09-10 14:59:00+00:00,WAIT,Trend filter failed; existing order unchanged,4376.76,4382.93,,,,,,,,2026.09.10 17:59:00,
57,2026-09-10 15:00:00+00:00,WAIT,Trend filter failed; existing order unchanged,4376.65,4382.93,,,,,,,,2026.09.10 18:00:00,
57,2026-09-10 15:01:00+00:00,WAIT,Trend filter failed; existing order unchanged,4375.59,4382.93,,,,,,,,2026.09.10 18:01:00,
57,2026-09-10 15:02:00+00:00,WAIT,Trend filter failed; existing order unchanged,4375.59,4382.93,,,,,,,,2026.09.10 18:02:00,
57,2026-09-10 15:03:00+00:00,WAIT,Trend filter failed; existing order unchanged,4373.88,4382.93,,,,,,,,2026.09.10 18:03:00,
57,2026-09-10 15:04:00+00:00,CANCELLED,SL breached or risk outside permitted distance,4372.85,4382.93,,,,,,,,2026.09.10 18:04:00,
58,2026-09-10 15:27:00+00:00,DETECTED,Decision at candle close,4364.52,4367.83,,2026-09-10 15:28:00+00:00,,,,,,2026.09.10 18:27:00,2026.09.10 18:28:00
58,2026-09-10 15:27:00+00:00,PLACED,Effective after this candle closes; no same-bar fill,4364.52,4367.83,4361.21,2026-09-10 15:28:00+00:00,,,,,,2026.09.10 18:27:00,2026.09.10 18:28:00
58,2026-09-10 15:28:00+00:00,WAIT,Limit not passive or too close to market; existing order unchanged,4363.2,4367.83,,,,,,,,2026.09.10 18:28:00,
58,2026-09-10 15:29:00+00:00,WAIT,Limit not passive or too close to market; existing order unchanged,4363.2,4367.83,,,,,,,,2026.09.10 18:29:00,
58,2026-09-10 15:30:00+00:00,FILLED,Simulated limit touch; exact tick time unknown,4364.52,4367.83,4361.21,,8.0,,,,,2026.09.10 18:30:00,
58,2026-09-10 15:30:00+00:00,REVIEW,Both levels touched or TP on fill bar; inspect tick sequence,4364.52,4367.83,4361.21,,,,,True,True,2026.09.10 18:30:00,
58,2026-09-10 15:30:00+00:00,SL,"exit_result: open-gap priority, otherwise SL-first; fill-bar TP requires proof",4364.52,4367.83,4361.21,,,,,,,2026.09.10 18:30:00,
59,2026-09-10 15:33:00+00:00,DETECTED,Decision at candle close,4354.74,4372.31,,2026-09-10 15:34:00+00:00,,,,,,2026.09.10 18:33:00,2026.09.10 18:34:00
59,2026-09-10 15:33:00+00:00,CANCELLED,SL breached or risk outside permitted distance,4354.74,4372.31,,,,,,,,2026.09.10 18:33:00,
60,2026-09-10 15:36:00+00:00,DETECTED,Decision at candle close,4343.04,4352.73,,2026-09-10 15:37:00+00:00,,,,,,2026.09.10 18:36:00,2026.09.10 18:37:00
60,2026-09-10 15:36:00+00:00,PLACED,Effective after this candle closes; no same-bar fill,4343.04,4352.73,4333.35,2026-09-10 15:37:00+00:00,,,,,,2026.09.10 18:36:00,2026.09.10 18:37:00
60,2026-09-10 15:37:00+00:00,CANCELLED,SL breached or risk outside permitted distance,4337.93,4352.73,,,,,,,,2026.09.10 18:37:00,
61,2026-09-10 15:39:00+00:00,DETECTED,Decision at candle close,4332.4,4342.99,,2026-09-10 15:40:00+00:00,,,,,,2026.09.10 18:39:00,2026.09.10 18:40:00
61,2026-09-10 15:39:00+00:00,CANCELLED,SL breached or risk outside permitted distance,4332.4,4342.99,,,,,,,,2026.09.10 18:39:00,
62,2026-09-10 15:46:00+00:00,DETECTED,Decision at candle close,4340.22,4331.08,,2026-09-10 15:47:00+00:00,,,,,,2026.09.10 18:46:00,2026.09.10 18:47:00
62,2026-09-10 15:46:00+00:00,WAIT,EMA/ADX/session filter failed; existing order unchanged,4340.22,4331.08,,,,4359.139922397482,35.82016446967007,,,2026.09.10 18:46:00,
62,2026-09-10 15:47:00+00:00,CANCELLED,SL breached or risk outside permitted distance,4341.47,4331.08,,,,,,,,2026.09.10 18:47:00,
63,2026-09-10 15:57:00+00:00,DETECTED,Decision at candle close,4341.6,4347.16,,2026-09-10 15:58:00+00:00,,,,,,2026.09.10 18:57:00,2026.09.10 18:58:00
63,2026-09-10 15:57:00+00:00,WAIT,Limit not passive or too close to market; existing order unchanged,4341.6,4347.16,,,,,,,,2026.09.10 18:57:00,
63,2026-09-10 15:58:00+00:00,WAIT,Limit not passive or too close to market; existing order unchanged,4341.6,4347.16,,,,,,,,2026.09.10 18:58:00,
63,2026-09-10 15:59:00+00:00,PLACED,Effective after this candle closes; no same-bar fill,4341.6,4347.16,4336.04,2026-09-10 16:00:00+00:00,,,,,,2026.09.10 18:59:00,2026.09.10 19:00:00
63,2026-09-10 16:00:00+00:00,FILLED,Simulated limit touch; exact tick time unknown,4341.6,4347.16,4336.04,,15.0,,,,,2026.09.10 19:00:00,
63,2026-09-10 16:00:00+00:00,SL,"exit_result: open-gap priority, otherwise SL-first; fill-bar TP requires proof",4341.6,4347.16,4336.04,,,,,,,2026.09.10 19:00:00,
64,2026-09-10 16:22:00+00:00,DETECTED,Decision at candle close,4351.66,4344.63,,2026-09-10 16:23:00+00:00,,,,,,2026.09.10 19:22:00,2026.09.10 19:23:00
64,2026-09-10 16:22:00+00:00,WAIT,EMA/ADX/session filter failed; existing order unchanged,4351.66,4344.63,,,,4350.955550409057,15.509424787325699,,,2026.09.10 19:22:00,
64,2026-09-10 16:23:00+00:00,WAIT,EMA/ADX/session filter failed; existing order unchanged,4352.69,4344.63,,,,4351.063237194938,16.941643754411427,,,2026.09.10 19:23:00,
64,2026-09-10 16:24:00+00:00,WAIT,Trend filter failed; existing order unchanged,4352.69,4344.63,,,,,,,,2026.09.10 19:24:00,
64,2026-09-10 16:25:00+00:00,WAIT,Trend filter failed; existing order unchanged,4352.69,4344.63,,,,,,,,2026.09.10 19:25:00,
64,2026-09-10 16:26:00+00:00,WAIT,Trend filter failed; existing order unchanged,4352.69,4344.63,,,,,,,,2026.09.10 19:26:00,
64,2026-09-10 16:27:00+00:00,WAIT,Trend filter failed; existing order unchanged,4352.69,4344.63,,,,,,,,2026.09.10 19:27:00,
64,2026-09-10 16:28:00+00:00,WAIT,Trend filter failed; existing order unchanged,4352.69,4344.63,,,,,,,,2026.09.10 19:28:00,
64,2026-09-10 16:29:00+00:00,CANCELLED,SL breached or risk outside permitted distance,4356.01,4344.63,,,,,,,,2026.09.10 19:29:00,
65,2026-09-10 16:49:00+00:00,DETECTED,Decision at candle close,4370.13,4364.95,,2026-09-10 16:50:00+00:00,,,,,,2026.09.10 19:49:00,2026.09.10 19:50:00
65,2026-09-10 16:49:00+00:00,PLACED,Effective after this candle closes; no same-bar fill,4370.13,4364.95,4375.31,2026-09-10 16:50:00+00:00,,,,,,2026.09.10 19:49:00,2026.09.10 19:50:00
65,2026-09-10 16:50:00+00:00,FILLED,Simulated limit touch; exact tick time unknown,4370.13,4364.95,4375.31,,9.0,,,,,2026.09.10 19:50:00,
65,2026-09-10 16:51:00+00:00,SL,"exit_result: open-gap priority, otherwise SL-first; fill-bar TP requires proof",4370.13,4364.95,4375.31,,,,,,,2026.09.10 19:51:00,
66,2026-09-10 16:56:00+00:00,DETECTED,Decision at candle close,4367.99,4374.67,,2026-09-10 16:57:00+00:00,,,,,,2026.09.10 19:56:00,2026.09.10 19:57:00
66,2026-09-10 16:56:00+00:00,WAIT,EMA/ADX/session filter failed; existing order unchanged,4367.99,4374.67,,,,4360.976675455367,23.003769067889756,,,2026.09.10 19:56:00,
66,2026-09-10 16:57:00+00:00,WAIT,EMA/ADX/session filter failed; existing order unchanged,4367.99,4374.67,,,,4361.186948273572,22.276022592684438,,,2026.09.10 19:57:00,
66,2026-09-10 16:58:00+00:00,WAIT,EMA/ADX/session filter failed; existing order unchanged,4367.99,4374.67,,,,4361.361474495074,21.42903803269807,,,2026.09.10 19:58:00,
66,2026-09-10 16:59:00+00:00,WAIT,EMA/ADX/session filter failed; existing order unchanged,4367.99,4374.67,,,,4361.5089671928445,20.207099407241348,,,2026.09.10 19:59:00,
66,2026-09-10 17:00:00+00:00,WAIT,EMA/ADX/session filter failed; existing order unchanged,4367.99,4374.67,,,,4361.726050212625,19.85686368533165,,,2026.09.10 20:00:00,
66,2026-09-10 17:01:00+00:00,WAIT,Trend filter failed; existing order unchanged,4367.99,4374.67,,,,,,,,2026.09.10 20:01:00,
66,2026-09-10 17:02:00+00:00,CANCELLED,SL breached or risk outside permitted distance,4367.99,4374.67,,,,,,,,2026.09.10 20:02:00,
67,2026-09-10 17:44:00+00:00,DETECTED,Decision at candle close,4360.43,4369.22,,2026-09-10 17:45:00+00:00,,,,,,2026.09.10 20:44:00,2026.09.10 20:45:00
67,2026-09-10 17:44:00+00:00,WAIT,EMA/ADX/session filter failed; existing order unchanged,4360.43,4369.22,,,,4363.62081850958,12.0724840191752,,,2026.09.10 20:44:00,
67,2026-09-10 17:45:00+00:00,CANCELLED,SL breached or risk outside permitted distance,4356.78,4369.22,,,,,,,,2026.09.10 20:45:00,
68,2026-09-10 19:21:00+00:00,DETECTED,Decision at candle close,4359.05,4355.42,,2026-09-10 19:22:00+00:00,,,,,,2026.09.10 22:21:00,2026.09.10 22:22:00
68,2026-09-10 19:21:00+00:00,WAIT,EMA/ADX/session filter failed; existing order unchanged,4359.05,4355.42,,,,4362.713486838943,25.22690334620015,,,2026.09.10 22:21:00,
68,2026-09-10 19:22:00+00:00,WAIT,EMA/ADX/session filter failed; existing order unchanged,4361.05,4355.42,,,,4362.690749465159,23.62144493371005,,,2026.09.10 22:22:00,
68,2026-09-10 19:23:00+00:00,WAIT,EMA/ADX/session filter failed; existing order unchanged,4361.05,4355.42,,,,4362.648757640765,22.072579907978493,,,2026.09.10 22:23:00,
68,2026-09-10 19:24:00+00:00,WAIT,EMA/ADX/session filter failed; existing order unchanged,4361.05,4355.42,,,,4362.603552473944,20.753082143425583,,,2026.09.10 22:24:00,
68,2026-09-10 19:25:00+00:00,WAIT,Trend filter failed; existing order unchanged,4361.05,4355.42,,,,,,,,2026.09.10 22:25:00,
68,2026-09-10 19:26:00+00:00,WAIT,Trend filter failed; existing order unchanged,4361.05,4355.42,,,,,,,,2026.09.10 22:26:00,
68,2026-09-10 19:27:00+00:00,WAIT,Trend filter failed; existing order unchanged,4361.91,4355.42,,,,,,,,2026.09.10 22:27:00,
68,2026-09-10 19:28:00+00:00,WAIT,Trend filter failed; existing order unchanged,4362.05,4355.42,,,,,,,,2026.09.10 22:28:00,
68,2026-09-10 19:29:00+00:00,WAIT,Trend filter failed; existing order unchanged,4362.37,4355.42,,,,,,,,2026.09.10 22:29:00,
68,2026-09-10 19:30:00+00:00,WAIT,Trend filter failed; existing order unchanged,4362.37,4355.42,,,,,,,,2026.09.10 22:30:00,
68,2026-09-10 19:31:00+00:00,WAIT,Trend filter failed; existing order unchanged,4362.37,4355.42,,,,,,,,2026.09.10 22:31:00,
68,2026-09-10 19:32:00+00:00,WAIT,Trend filter failed; existing order unchanged,4363.18,4355.42,,,,,,,,2026.09.10 22:32:00,
68,2026-09-10 19:33:00+00:00,WAIT,Trend filter failed; existing order unchanged,4363.74,4355.42,,,,,,,,2026.09.10 22:33:00,
68,2026-09-10 19:34:00+00:00,WAIT,Trend filter failed; existing order unchanged,4363.74,4355.42,,,,,,,,2026.09.10 22:34:00,
68,2026-09-10 19:35:00+00:00,WAIT,Trend filter failed; existing order unchanged,4363.74,4355.42,,,,,,,,2026.09.10 22:35:00,
68,2026-09-10 19:36:00+00:00,REPLACED,New setup replaces previous setup/order,4363.74,4355.42,,,,,,,,2026.09.10 22:36:00,
69,2026-09-10 19:36:00+00:00,DETECTED,Decision at candle close,4358.97,4365.0,,2026-09-10 19:37:00+00:00,,,,,,2026.09.10 22:36:00,2026.09.10 22:37:00
69,2026-09-10 19:36:00+00:00,WAIT,EMA/ADX/session filter failed; existing order unchanged,4358.97,4365.0,,,,4362.188697744219,18.13055218795884,,,2026.09.10 22:36:00,
69,2026-09-10 19:37:00+00:00,WAIT,EMA/ADX/session filter failed; existing order unchanged,4358.97,4365.0,,,,4362.114642081053,18.11779692013339,,,2026.09.10 22:37:00,
69,2026-09-10 19:38:00+00:00,WAIT,Trend filter failed; existing order unchanged,4358.97,4365.0,,,,,,,,2026.09.10 22:38:00,
69,2026-09-10 19:39:00+00:00,WAIT,Trend filter failed; existing order unchanged,4358.97,4365.0,,,,,,,,2026.09.10 22:39:00,
69,2026-09-10 19:40:00+00:00,WAIT,Trend filter failed; existing order unchanged,4358.97,4365.0,,,,,,,,2026.09.10 22:40:00,
69,2026-09-10 19:41:00+00:00,WAIT,Trend filter failed; existing order unchanged,4358.97,4365.0,,,,,,,,2026.09.10 22:41:00,
69,2026-09-10 19:42:00+00:00,WAIT,Trend filter failed; existing order unchanged,4358.97,4365.0,,,,,,,,2026.09.10 22:42:00,
69,2026-09-10 19:43:00+00:00,WAIT,Trend filter failed; existing order unchanged,4358.05,4365.0,,,,,,,,2026.09.10 22:43:00,
69,2026-09-10 19:44:00+00:00,WAIT,Trend filter failed; existing order unchanged,4358.05,4365.0,,,,,,,,2026.09.10 22:44:00,
69,2026-09-10 19:45:00+00:00,WAIT,Trend filter failed; existing order unchanged,4358.05,4365.0,,,,,,,,2026.09.10 22:45:00,
69,2026-09-10 19:46:00+00:00,WAIT,Trend filter failed; existing order unchanged,4358.05,4365.0,,,,,,,,2026.09.10 22:46:00,
69,2026-09-10 19:47:00+00:00,WAIT,Trend filter failed; existing order unchanged,4358.05,4365.0,,,,,,,,2026.09.10 22:47:00,
69,2026-09-10 19:48:00+00:00,WAIT,Trend filter failed; existing order unchanged,4358.05,4365.0,,,,,,,,2026.09.10 22:48:00,
69,2026-09-10 19:49:00+00:00,WAIT,Trend filter failed; existing order unchanged,4358.05,4365.0,,,,,,,,2026.09.10 22:49:00,
69,2026-09-10 19:50:00+00:00,WAIT,Trend filter failed; existing order unchanged,4358.05,4365.0,,,,,,,,2026.09.10 22:50:00,
69,2026-09-10 19:51:00+00:00,WAIT,Trend filter failed; existing order unchanged,4358.05,4365.0,,,,,,,,2026.09.10 22:51:00,
69,2026-09-10 19:52:00+00:00,WAIT,Trend filter failed; existing order unchanged,4358.05,4365.0,,,,,,,,2026.09.10 22:52:00,
69,2026-09-10 19:53:00+00:00,WAIT,Trend filter failed; existing order unchanged,4358.05,4365.0,,,,,,,,2026.09.10 22:53:00,
69,2026-09-10 19:54:00+00:00,WAIT,Trend filter failed; existing order unchanged,4358.05,4365.0,,,,,,,,2026.09.10 22:54:00,
69,2026-09-10 19:55:00+00:00,WAIT,Trend filter failed; existing order unchanged,4358.05,4365.0,,,,,,,,2026.09.10 22:55:00,
69,2026-09-10 19:56:00+00:00,WAIT,Trend filter failed; existing order unchanged,4358.05,4365.0,,,,,,,,2026.09.10 22:56:00,
69,2026-09-10 19:57:00+00:00,WAIT,Trend filter failed; existing order unchanged,4358.05,4365.0,,,,,,,,2026.09.10 22:57:00,
69,2026-09-10 19:58:00+00:00,WAIT,Trend filter failed; existing order unchanged,4358.05,4365.0,,,,,,,,2026.09.10 22:58:00,
69,2026-09-10 19:59:00+00:00,WAIT,Trend filter failed; existing order unchanged,4358.05,4365.0,,,,,,,,2026.09.10 22:59:00,
69,2026-09-10 20:00:00+00:00,WAIT,Trend filter failed; existing order unchanged,4358.05,4365.0,,,,,,,,2026.09.10 23:00:00,
69,2026-09-10 20:01:00+00:00,WAIT,Trend filter failed; existing order unchanged,4358.05,4365.0,,,,,,,,2026.09.10 23:01:00,
69,2026-09-10 20:02:00+00:00,CANCELLED,SL breached or risk outside permitted distance,4358.05,4365.0,,,,,,,,2026.09.10 23:02:00,
70,2026-09-10 20:59:00+00:00,DETECTED,Decision at candle close,4352.84,4357.37,,2026-09-10 21:00:00+00:00,,,,,,2026.09.10 23:59:00,2026.09.11 00:00:00
70,2026-09-10 20:59:00+00:00,WAIT,Limit not passive or too close to market; existing order unchanged,4352.84,4357.37,,,,,,,,2026.09.10 23:59:00,
70,2026-09-10 21:00:00+00:00,WAIT,Limit not passive or too close to market; existing order unchanged,4352.84,4357.37,,,,,,,,2026.09.11 00:00:00,
70,2026-09-10 21:01:00+00:00,PLACED,Effective after this candle closes; no same-bar fill,4352.84,4357.37,4348.31,2026-09-10 21:02:00+00:00,,,,,,2026.09.11 00:01:00,2026.09.11 00:02:00
70,2026-09-10 21:02:00+00:00,FILLED,Simulated limit touch; exact tick time unknown,4352.84,4357.37,4348.31,,15.0,,,,,2026.09.11 00:02:00,
70,2026-09-10 21:05:00+00:00,TP,"exit_result: open-gap priority, otherwise SL-first; fill-bar TP requires proof",4352.84,4357.37,4348.31,,,,,,,2026.09.11 00:05:00,
71,2026-09-10 21:10:00+00:00,DETECTED,Decision at candle close,4344.62,4350.18,,2026-09-10 21:11:00+00:00,,,,,,2026.09.11 00:10:00,2026.09.11 00:11:00
71,2026-09-10 21:10:00+00:00,PLACED,Effective after this candle closes; no same-bar fill,4344.62,4350.18,4339.06,2026-09-10 21:11:00+00:00,,,,,,2026.09.11 00:10:00,2026.09.11 00:11:00
71,2026-09-10 21:11:00+00:00,MODIFIED,Effective after this candle closes; no same-bar fill,4343.85,4350.18,4337.52,2026-09-10 21:12:00+00:00,,,,,,2026.09.11 00:11:00,2026.09.11 00:12:00
71,2026-09-10 21:12:00+00:00,WAIT,Limit not passive or too close to market; existing order unchanged,4342.79,4350.18,,,,,,,,2026.09.11 00:12:00,
71,2026-09-10 21:13:00+00:00,MODIFIED,Effective after this candle closes; no same-bar fill,4342.79,4350.18,4335.4,2026-09-10 21:14:00+00:00,,,,,,2026.09.11 00:13:00,2026.09.11 00:14:00
71,2026-09-10 21:14:00+00:00,MODIFIED,Effective after this candle closes; no same-bar fill,4342.66,4350.18,4335.14,2026-09-10 21:15:00+00:00,,,,,,2026.09.11 00:14:00,2026.09.11 00:15:00
71,2026-09-10 21:15:00+00:00,WAIT,Limit not passive or too close to market; existing order unchanged,4342.1,4350.18,,,,,,,,2026.09.11 00:15:00,
71,2026-09-10 21:16:00+00:00,FILLED,Simulated limit touch; exact tick time unknown,4342.66,4350.18,4335.14,,15.0,,,,,2026.09.11 00:16:00,
71,2026-09-10 21:33:00+00:00,TP,"exit_result: open-gap priority, otherwise SL-first; fill-bar TP requires proof",4342.66,4350.18,4335.14,,,,,,,2026.09.11 00:33:00,
72,2026-09-10 21:53:00+00:00,DETECTED,Decision at candle close,4335.27,4330.67,,2026-09-10 21:54:00+00:00,,,,,,2026.09.11 00:53:00,2026.09.11 00:54:00
72,2026-09-10 21:53:00+00:00,WAIT,EMA/ADX/session filter failed; existing order unchanged,4335.27,4330.67,,,,4341.209779810645,35.690523270252605,,,2026.09.11 00:53:00,
72,2026-09-10 21:54:00+00:00,WAIT,EMA/ADX/session filter failed; existing order unchanged,4335.27,4330.67,,,,4340.895688502593,34.513142488946684,,,2026.09.11 00:54:00,
72,2026-09-10 21:55:00+00:00,WAIT,EMA/ADX/session filter failed; existing order unchanged,4335.27,4330.67,,,,4340.711239563086,32.76161197836603,,,2026.09.11 00:55:00,
72,2026-09-10 21:56:00+00:00,WAIT,EMA/ADX/session filter failed; existing order unchanged,4335.27,4330.67,,,,4340.545625388279,30.495465958226426,,,2026.09.11 00:56:00,
72,2026-09-10 21:57:00+00:00,WAIT,EMA/ADX/session filter failed; existing order unchanged,4335.27,4330.67,,,,4340.292654019653,29.183321990118472,,,2026.09.11 00:57:00,
72,2026-09-10 21:58:00+00:00,WAIT,Trend filter failed; existing order unchanged,4335.27,4330.67,,,,,,,,2026.09.11 00:58:00,
72,2026-09-10 21:59:00+00:00,WAIT,Trend filter failed; existing order unchanged,4335.27,4330.67,,,,,,,,2026.09.11 00:59:00,
72,2026-09-10 22:00:00+00:00,CANCELLED,SL breached or risk outside permitted distance,4335.27,4330.67,,,,,,,,2026.09.11 01:00:00,
73,2026-09-10 22:44:00+00:00,DETECTED,Decision at candle close,4325.16,4327.62,,2026-09-10 22:45:00+00:00,,,,,,2026.09.11 01:44:00,2026.09.11 01:45:00
73,2026-09-10 22:44:00+00:00,WAIT,EMA/ADX/session filter failed; existing order unchanged,4325.16,4327.62,,,,4328.089888291471,12.480607910561107,,,2026.09.11 01:44:00,
73,2026-09-10 22:45:00+00:00,WAIT,EMA/ADX/session filter failed; existing order unchanged,4325.16,4327.62,,,,4327.994482230473,12.283766951675403,,,2026.09.11 01:45:00,
73,2026-09-10 22:46:00+00:00,WAIT,EMA/ADX/session filter failed; existing order unchanged,4325.16,4327.62,,,,4327.828433603333,12.825364473076895,,,2026.09.11 01:46:00,
73,2026-09-10 22:47:00+00:00,WAIT,EMA/ADX/session filter failed; existing order unchanged,4324.2,4327.62,,,,4327.688157032328,13.399510565116444,,,2026.09.11 01:47:00,
73,2026-09-10 22:48:00+00:00,WAIT,EMA/ADX/session filter failed; existing order unchanged,4323.94,4327.62,,,,4327.488217437307,14.47177478408204,,,2026.09.11 01:48:00,
73,2026-09-10 22:49:00+00:00,WAIT,EMA/ADX/session filter failed; existing order unchanged,4323.24,4327.62,,,,4327.34237425764,15.753206042837474,,,2026.09.11 01:49:00,
73,2026-09-10 22:50:00+00:00,WAIT,EMA/ADX/session filter failed; existing order unchanged,4323.24,4327.62,,,,4327.141640698495,16.5731228990303,,,2026.09.11 01:50:00,
73,2026-09-10 22:51:00+00:00,WAIT,EMA/ADX/session filter failed; existing order unchanged,4321.29,4327.62,,,,4326.9409311997015,17.77853096088287,,,2026.09.11 01:51:00,
73,2026-09-10 22:52:00+00:00,WAIT,EMA/ADX/session filter failed; existing order unchanged,4321.29,4327.62,,,,4326.739917134696,17.795327049433908,,,2026.09.11 01:52:00,
73,2026-09-10 22:53:00+00:00,WAIT,Trend filter failed; existing order unchanged,4321.29,4327.62,,,,,,,,2026.09.11 01:53:00,
73,2026-09-10 22:54:00+00:00,WAIT,Trend filter failed; existing order unchanged,4321.29,4327.62,,,,,,,,2026.09.11 01:54:00,
73,2026-09-10 22:55:00+00:00,WAIT,Trend filter failed; existing order unchanged,4321.29,4327.62,,,,,,,,2026.09.11 01:55:00,
73,2026-09-10 22:56:00+00:00,WAIT,Trend filter failed; existing order unchanged,4321.29,4327.62,,,,,,,,2026.09.11 01:56:00,
73,2026-09-10 22:57:00+00:00,WAIT,Trend filter failed; existing order unchanged,4321.29,4327.62,,,,,,,,2026.09.11 01:57:00,
73,2026-09-10 22:58:00+00:00,WAIT,Trend filter failed; existing order unchanged,4321.29,4327.62,,,,,,,,2026.09.11 01:58:00,
73,2026-09-10 22:59:00+00:00,WAIT,Trend filter failed; existing order unchanged,4321.29,4327.62,,,,,,,,2026.09.11 01:59:00,
73,2026-09-10 23:00:00+00:00,WAIT,Trend filter failed; existing order unchanged,4321.29,4327.62,,,,,,,,2026.09.11 02:00:00,
73,2026-09-10 23:01:00+00:00,WAIT,Trend filter failed; existing order unchanged,4321.29,4327.62,,,,,,,,2026.09.11 02:01:00,
73,2026-09-10 23:02:00+00:00,WAIT,Trend filter failed; existing order unchanged,4321.29,4327.62,,,,,,,,2026.09.11 02:02:00,
73,2026-09-10 23:03:00+00:00,WAIT,Trend filter failed; existing order unchanged,4321.29,4327.62,,,,,,,,2026.09.11 02:03:00,
73,2026-09-10 23:04:00+00:00,WAIT,Trend filter failed; existing order unchanged,4321.29,4327.62,,,,,,,,2026.09.11 02:04:00,
73,2026-09-10 23:05:00+00:00,WAIT,Trend filter failed; existing order unchanged,4321.29,4327.62,,,,,,,,2026.09.11 02:05:00,
73,2026-09-10 23:06:00+00:00,WAIT,Trend filter failed; existing order unchanged,4321.29,4327.62,,,,,,,,2026.09.11 02:06:00,
73,2026-09-10 23:07:00+00:00,WAIT,Trend filter failed; existing order unchanged,4321.29,4327.62,,,,,,,,2026.09.11 02:07:00,
73,2026-09-10 23:08:00+00:00,WAIT,Trend filter failed; existing order unchanged,4321.29,4327.62,,,,,,,,2026.09.11 02:08:00,
73,2026-09-10 23:09:00+00:00,WAIT,Trend filter failed; existing order unchanged,4321.29,4327.62,,,,,,,,2026.09.11 02:09:00,
73,2026-09-10 23:10:00+00:00,WAIT,Trend filter failed; existing order unchanged,4321.29,4327.62,,,,,,,,2026.09.11 02:10:00,
73,2026-09-10 23:11:00+00:00,WAIT,Trend filter failed; existing order unchanged,4321.29,4327.62,,,,,,,,2026.09.11 02:11:00,
73,2026-09-10 23:12:00+00:00,WAIT,Trend filter failed; existing order unchanged,4321.29,4327.62,,,,,,,,2026.09.11 02:12:00,
73,2026-09-10 23:13:00+00:00,WAIT,Trend filter failed; existing order unchanged,4321.29,4327.62,,,,,,,,2026.09.11 02:13:00,
73,2026-09-10 23:14:00+00:00,WAIT,Trend filter failed; existing order unchanged,4321.29,4327.62,,,,,,,,2026.09.11 02:14:00,
73,2026-09-10 23:15:00+00:00,WAIT,Trend filter failed; existing order unchanged,4321.29,4327.62,,,,,,,,2026.09.11 02:15:00,
73,2026-09-10 23:16:00+00:00,WAIT,Trend filter failed; existing order unchanged,4321.29,4327.62,,,,,,,,2026.09.11 02:16:00,
73,2026-09-10 23:17:00+00:00,WAIT,Trend filter failed; existing order unchanged,4321.29,4327.62,,,,,,,,2026.09.11 02:17:00,
73,2026-09-10 23:18:00+00:00,WAIT,Trend filter failed; existing order unchanged,4321.29,4327.62,,,,,,,,2026.09.11 02:18:00,
73,2026-09-10 23:19:00+00:00,WAIT,Trend filter failed; existing order unchanged,4321.29,4327.62,,,,,,,,2026.09.11 02:19:00,
73,2026-09-10 23:20:00+00:00,WAIT,Trend filter failed; existing order unchanged,4321.29,4327.62,,,,,,,,2026.09.11 02:20:00,
73,2026-09-10 23:21:00+00:00,WAIT,Trend filter failed; existing order unchanged,4318.93,4327.62,,,,,,,,2026.09.11 02:21:00,
73,2026-09-10 23:22:00+00:00,REPLACED,New setup replaces previous setup/order,4318.48,4327.62,,,,,,,,2026.09.11 02:22:00,
74,2026-09-10 23:22:00+00:00,DETECTED,Decision at candle close,4318.93,4322.57,,2026-09-10 23:23:00+00:00,,,,,,2026.09.11 02:22:00,2026.09.11 02:23:00
74,2026-09-10 23:22:00+00:00,PLACED,Effective after this candle closes; no same-bar fill,4318.93,4322.57,4315.29,2026-09-10 23:23:00+00:00,,,,,,2026.09.11 02:22:00,2026.09.11 02:23:00
74,2026-09-10 23:23:00+00:00,MODIFIED,Effective after this candle closes; no same-bar fill,4317.68,4322.57,4312.79,2026-09-10 23:24:00+00:00,,,,,,2026.09.11 02:23:00,2026.09.11 02:24:00
74,2026-09-10 23:24:00+00:00,MODIFIED,Effective after this candle closes; no same-bar fill,4317.4,4322.57,4312.23,2026-09-10 23:25:00+00:00,,,,,,2026.09.11 02:24:00,2026.09.11 02:25:00
74,2026-09-10 23:25:00+00:00,FILLED,Simulated limit touch; exact tick time unknown,4317.4,4322.57,4312.23,,14.0,,,,,2026.09.11 02:25:00,
74,2026-09-11 01:00:00+00:00,SL,"exit_result: open-gap priority, otherwise SL-first; fill-bar TP requires proof",4317.4,4322.57,4312.23,,,,,,,2026.09.11 04:00:00,
75,2026-09-11 03:02:00+00:00,DETECTED,Decision at candle close,4317.56,4313.63,,2026-09-11 03:03:00+00:00,,,,,,2026.09.11 06:02:00,2026.09.11 06:03:00
75,2026-09-11 03:02:00+00:00,WAIT,EMA/ADX/session filter failed; existing order unchanged,4317.56,4313.63,,,,4316.901632264323,19.25617990508331,,,2026.09.11 06:02:00,
75,2026-09-11 03:03:00+00:00,WAIT,Limit not passive or too close to market; existing order unchanged,4319.49,4313.63,,,,,,,,2026.09.11 06:03:00,
75,2026-09-11 03:04:00+00:00,PLACED,Effective after this candle closes; no same-bar fill,4319.49,4313.63,4325.35,2026-09-11 03:05:00+00:00,,,,,,2026.09.11 06:04:00,2026.09.11 06:05:00
75,2026-09-11 03:05:00+00:00,FILLED,Simulated limit touch; exact tick time unknown,4319.49,4313.63,4325.35,,17.0,,,,,2026.09.11 06:05:00,
75,2026-09-11 03:39:00+00:00,TP,"exit_result: open-gap priority, otherwise SL-first; fill-bar TP requires proof",4319.49,4313.63,4325.35,,,,,,,2026.09.11 06:39:00,
76,2026-09-11 04:28:00+00:00,DETECTED,Decision at candle close,4328.37,4321.42,,2026-09-11 04:29:00+00:00,,,,,,2026.09.11 07:28:00,2026.09.11 07:29:00
76,2026-09-11 04:28:00+00:00,WAIT,EMA/ADX/session filter failed; existing order unchanged,4328.37,4321.42,,,,4329.320085029554,23.38674207141729,,,2026.09.11 07:28:00,
76,2026-09-11 04:29:00+00:00,WAIT,EMA/ADX/session filter failed; existing order unchanged,4328.37,4321.42,,,,4329.282705052337,22.889055263534583,,,2026.09.11 07:29:00,
76,2026-09-11 04:30:00+00:00,PLACED,Effective after this candle closes; no same-bar fill,4328.37,4321.42,4335.32,2026-09-11 04:31:00+00:00,,,,,,2026.09.11 07:30:00,2026.09.11 07:31:00
76,2026-09-11 04:31:00+00:00,MODIFIED,Effective after this candle closes; no same-bar fill,4330.61,4321.42,4339.8,2026-09-11 04:32:00+00:00,,,,,,2026.09.11 07:31:00,2026.09.11 07:32:00
76,2026-09-11 04:32:00+00:00,FILLED,Simulated limit touch; exact tick time unknown,4330.61,4321.42,4339.8,,16.0,,,,,2026.09.11 07:32:00,
76,2026-09-11 05:31:00+00:00,SL,"exit_result: open-gap priority, otherwise SL-first; fill-bar TP requires proof",4330.61,4321.42,4339.8,,,,,,,2026.09.11 08:31:00,
77,2026-09-11 05:33:00+00:00,DETECTED,Decision at candle close,4319.74,4326.47,,2026-09-11 05:34:00+00:00,,,,,,2026.09.11 08:33:00,2026.09.11 08:34:00
77,2026-09-11 05:33:00+00:00,PLACED,Effective after this candle closes; no same-bar fill,4319.74,4326.47,4313.01,2026-09-11 05:34:00+00:00,,,,,,2026.09.11 08:33:00,2026.09.11 08:34:00
77,2026-09-11 05:34:00+00:00,FILLED,Simulated limit touch; exact tick time unknown,4319.74,4326.47,4313.01,,17.0,,,,,2026.09.11 08:34:00,
77,2026-09-11 05:50:00+00:00,SL,"exit_result: open-gap priority, otherwise SL-first; fill-bar TP requires proof",4319.74,4326.47,4313.01,,,,,,,2026.09.11 08:50:00,
78,2026-09-11 06:47:00+00:00,DETECTED,Decision at candle close,4305.32,4310.87,,2026-09-11 06:48:00+00:00,,,,,,2026.09.11 09:47:00,2026.09.11 09:48:00
78,2026-09-11 06:47:00+00:00,PLACED,Effective after this candle closes; no same-bar fill,4305.32,4310.87,4299.77,2026-09-11 06:48:00+00:00,,,,,,2026.09.11 09:47:00,2026.09.11 09:48:00
78,2026-09-11 06:48:00+00:00,MODIFIED,Effective after this candle closes; no same-bar fill,4304.28,4310.87,4297.69,2026-09-11 06:49:00+00:00,,,,,,2026.09.11 09:48:00,2026.09.11 09:49:00
78,2026-09-11 06:49:00+00:00,MODIFIED,Effective after this candle closes; no same-bar fill,4303.88,4310.87,4296.89,2026-09-11 06:50:00+00:00,,,,,,2026.09.11 09:49:00,2026.09.11 09:50:00
78,2026-09-11 06:50:00+00:00,WAIT,Limit not passive or too close to market; existing order unchanged,4303.51,4310.87,,,,,,,,2026.09.11 09:50:00,
78,2026-09-11 06:51:00+00:00,MODIFIED,Effective after this candle closes; no same-bar fill,4303.51,4310.87,4296.15,2026-09-11 06:52:00+00:00,,,,,,2026.09.11 09:51:00,2026.09.11 09:52:00
78,2026-09-11 06:52:00+00:00,MODIFIED,Effective after this candle closes; no same-bar fill,4303.26,4310.87,4295.65,2026-09-11 06:53:00+00:00,,,,,,2026.09.11 09:52:00,2026.09.11 09:53:00
78,2026-09-11 06:53:00+00:00,FILLED,Simulated limit touch; exact tick time unknown,4303.26,4310.87,4295.65,,14.0,,,,,2026.09.11 09:53:00,
78,2026-09-11 07:06:00+00:00,SL,"exit_result: open-gap priority, otherwise SL-first; fill-bar TP requires proof",4303.26,4310.87,4295.65,,,,,,,2026.09.11 10:06:00,
79,2026-09-11 07:22:00+00:00,DETECTED,Decision at candle close,4323.43,4319.99,,2026-09-11 07:23:00+00:00,,,,,,2026.09.11 10:22:00,2026.09.11 10:23:00
79,2026-09-11 07:22:00+00:00,PLACED,Effective after this candle closes; no same-bar fill,4323.43,4319.99,4326.87,2026-09-11 07:23:00+00:00,,,,,,2026.09.11 10:22:00,2026.09.11 10:23:00
79,2026-09-11 07:23:00+00:00,MODIFIED,Effective after this candle closes; no same-bar fill,4324.52,4319.99,4329.05,2026-09-11 07:24:00+00:00,,,,,,2026.09.11 10:23:00,2026.09.11 10:24:00
79,2026-09-11 07:24:00+00:00,MODIFIED,Effective after this candle closes; no same-bar fill,4326.12,4319.99,4332.25,2026-09-11 07:25:00+00:00,,,,,,2026.09.11 10:24:00,2026.09.11 10:25:00
79,2026-09-11 07:25:00+00:00,MODIFIED,Effective after this candle closes; no same-bar fill,4326.9,4319.99,4333.81,2026-09-11 07:26:00+00:00,,,,,,2026.09.11 10:25:00,2026.09.11 10:26:00
79,2026-09-11 07:26:00+00:00,FILLED,Simulated limit touch; exact tick time unknown,4326.9,4319.99,4333.81,,12.0,,,,,2026.09.11 10:26:00,
79,2026-09-11 07:51:00+00:00,TP,"exit_result: open-gap priority, otherwise SL-first; fill-bar TP requires proof",4326.9,4319.99,4333.81,,,,,,,2026.09.11 10:51:00,
80,2026-09-11 07:52:00+00:00,DETECTED,Decision at candle close,4332.63,4329.12,,2026-09-11 07:53:00+00:00,,,,,,2026.09.11 10:52:00,2026.09.11 10:53:00
80,2026-09-11 07:52:00+00:00,WAIT,Limit not passive or too close to market; existing order unchanged,4332.63,4329.12,,,,,,,,2026.09.11 10:52:00,
80,2026-09-11 07:53:00+00:00,PLACED,Effective after this candle closes; no same-bar fill,4332.63,4329.12,4336.14,2026-09-11 07:54:00+00:00,,,,,,2026.09.11 10:53:00,2026.09.11 10:54:00
80,2026-09-11 07:54:00+00:00,FILLED,Simulated limit touch; exact tick time unknown,4332.63,4329.12,4336.14,,17.0,,,,,2026.09.11 10:54:00,
80,2026-09-11 08:00:00+00:00,SL,"exit_result: open-gap priority, otherwise SL-first; fill-bar TP requires proof",4332.63,4329.12,4336.14,,,,,,,2026.09.11 11:00:00,
81,2026-09-11 08:32:00+00:00,DETECTED,Decision at candle close,4336.72,4333.9,,2026-09-11 08:33:00+00:00,,,,,,2026.09.11 11:32:00,2026.09.11 11:33:00
81,2026-09-11 08:32:00+00:00,WAIT,EMA/ADX/session filter failed; existing order unchanged,4336.72,4333.9,,,,4332.127407180997,19.44132195009207,,,2026.09.11 11:32:00,
81,2026-09-11 08:33:00+00:00,WAIT,EMA/ADX/session filter failed; existing order unchanged,4336.72,4333.9,,,,4332.302902027521,18.758438261540007,,,2026.09.11 11:33:00,
81,2026-09-11 08:34:00+00:00,WAIT,EMA/ADX/session filter failed; existing order unchanged,4337.85,4333.9,,,,4332.499200305546,19.162949503810466,,,2026.09.11 11:34:00,
81,2026-09-11 08:35:00+00:00,WAIT,EMA/ADX/session filter failed; existing order unchanged,4338.12,4333.9,,,,4332.7011937491125,19.538567085918746,,,2026.09.11 11:35:00,
81,2026-09-11 08:36:00+00:00,WAIT,Trend filter failed; existing order unchanged,4338.12,4333.9,,,,,,,,2026.09.11 11:36:00,
81,2026-09-11 08:37:00+00:00,WAIT,Trend filter failed; existing order unchanged,4338.12,4333.9,,,,,,,,2026.09.11 11:37:00,
81,2026-09-11 08:38:00+00:00,WAIT,Trend filter failed; existing order unchanged,4338.12,4333.9,,,,,,,,2026.09.11 11:38:00,
81,2026-09-11 08:39:00+00:00,WAIT,Trend filter failed; existing order unchanged,4338.12,4333.9,,,,,,,,2026.09.11 11:39:00,
81,2026-09-11 08:40:00+00:00,WAIT,Trend filter failed; existing order unchanged,4338.12,4333.9,,,,,,,,2026.09.11 11:40:00,
81,2026-09-11 08:41:00+00:00,WAIT,Trend filter failed; existing order unchanged,4338.12,4333.9,,,,,,,,2026.09.11 11:41:00,
81,2026-09-11 08:42:00+00:00,WAIT,Trend filter failed; existing order unchanged,4338.12,4333.9,,,,,,,,2026.09.11 11:42:00,
81,2026-09-11 08:43:00+00:00,WAIT,Trend filter failed; existing order unchanged,4338.16,4333.9,,,,,,,,2026.09.11 11:43:00,
81,2026-09-11 08:44:00+00:00,REPLACED,New setup replaces previous setup/order,4340.54,4333.9,,,,,,,,2026.09.11 11:44:00,
82,2026-09-11 08:44:00+00:00,DETECTED,Decision at candle close,4338.16,4334.15,,2026-09-11 08:45:00+00:00,,,,,,2026.09.11 11:44:00,2026.09.11 11:45:00
82,2026-09-11 08:44:00+00:00,WAIT,EMA/ADX/session filter failed; existing order unchanged,4338.16,4334.15,,,,4334.230827797078,16.697724919682177,,,2026.09.11 11:44:00,
82,2026-09-11 08:45:00+00:00,WAIT,EMA/ADX/session filter failed; existing order unchanged,4339.71,4334.15,,,,4334.471456445238,17.054421085361902,,,2026.09.11 11:45:00,
82,2026-09-11 08:46:00+00:00,WAIT,EMA/ADX/session filter failed; existing order unchanged,4341.72,4334.15,,,,4334.828785750194,17.95023126247267,,,2026.09.11 11:46:00,
82,2026-09-11 08:47:00+00:00,WAIT,EMA/ADX/session filter failed; existing order unchanged,4343.78,4334.15,,,,4335.196694437196,19.16422602644812,,,2026.09.11 11:47:00,
82,2026-09-11 08:48:00+00:00,PLACED,Effective after this candle closes; no same-bar fill,4343.88,4334.15,4353.61,2026-09-11 08:49:00+00:00,,,,,,2026.09.11 11:48:00,2026.09.11 11:49:00
82,2026-09-11 08:49:00+00:00,WAIT,Trend filter failed; existing order unchanged,4344.0,4334.15,,,,,,,,2026.09.11 11:49:00,
82,2026-09-11 08:50:00+00:00,FILLED,Simulated limit touch; exact tick time unknown,4343.88,4334.15,4353.61,,15.0,,,,,2026.09.11 11:50:00,
82,2026-09-11 09:02:00+00:00,TP,"exit_result: open-gap priority, otherwise SL-first; fill-bar TP requires proof",4343.88,4334.15,4353.61,,,,,,,2026.09.11 12:02:00,
83,2026-09-11 09:23:00+00:00,DETECTED,Decision at candle close,4355.62,4359.01,,2026-09-11 09:24:00+00:00,,,,,,2026.09.11 12:23:00,2026.09.11 12:24:00
83,2026-09-11 09:23:00+00:00,WAIT,EMA/ADX/session filter failed; existing order unchanged,4355.62,4359.01,,,,4348.226210125498,33.36625997646718,,,2026.09.11 12:23:00,
83,2026-09-11 09:24:00+00:00,WAIT,EMA/ADX/session filter failed; existing order unchanged,4354.21,4359.01,,,,4348.370596644722,31.055387253483044,,,2026.09.11 12:24:00,
83,2026-09-11 09:25:00+00:00,WAIT,EMA/ADX/session filter failed; existing order unchanged,4353.19,4359.01,,,,4348.505003381915,29.072174258069992,,,2026.09.11 12:25:00,
83,2026-09-11 09:26:00+00:00,WAIT,EMA/ADX/session filter failed; existing order unchanged,4352.63,4359.01,,,,4348.631724497131,27.594064730407002,,,2026.09.11 12:26:00,
83,2026-09-11 09:27:00+00:00,WAIT,EMA/ADX/session filter failed; existing order unchanged,4352.63,4359.01,,,,4348.738881105606,25.640394031363208,,,2026.09.11 12:27:00,
83,2026-09-11 09:28:00+00:00,WAIT,EMA/ADX/session filter failed; existing order unchanged,4352.63,4359.01,,,,4348.837934240067,24.108126988586584,,,2026.09.11 12:28:00,
83,2026-09-11 09:29:00+00:00,WAIT,EMA/ADX/session filter failed; existing order unchanged,4352.63,4359.01,,,,4348.928493746064,22.51325687179211,,,2026.09.11 12:29:00,
83,2026-09-11 09:30:00+00:00,WAIT,EMA/ADX/session filter failed; existing order unchanged,4352.52,4359.01,,,,4348.99575621389,21.922006523425633,,,2026.09.11 12:30:00,
83,2026-09-11 09:31:00+00:00,WAIT,EMA/ADX/session filter failed; existing order unchanged,4352.31,4359.01,,,,4349.077862597531,21.372988342799626,,,2026.09.11 12:31:00,
83,2026-09-11 09:32:00+00:00,WAIT,EMA/ADX/session filter failed; existing order unchanged,4352.29,4359.01,,,,4349.119571964027,21.203557046220887,,,2026.09.11 12:32:00,
83,2026-09-11 09:33:00+00:00,PLACED,Effective after this candle closes; no same-bar fill,4350.66,4359.01,4342.31,2026-09-11 09:34:00+00:00,,,,,,2026.09.11 12:33:00,2026.09.11 12:34:00
83,2026-09-11 09:34:00+00:00,CANCELLED,SL breached or risk outside permitted distance,4347.94,4359.01,,,,,,,,2026.09.11 12:34:00,
84,2026-09-11 09:35:00+00:00,DETECTED,Decision at candle close,4347.94,4352.29,,2026-09-11 09:36:00+00:00,,,,,,2026.09.11 12:35:00,2026.09.11 12:36:00
84,2026-09-11 09:35:00+00:00,WAIT,EMA/ADX/session filter failed; existing order unchanged,4347.94,4352.29,,,,4349.019350287152,23.25517554952141,,,2026.09.11 12:35:00,
84,2026-09-11 09:36:00+00:00,WAIT,EMA/ADX/session filter failed; existing order unchanged,4347.94,4352.29,,,,4349.078388037459,22.327881990790313,,,2026.09.11 12:36:00,
84,2026-09-11 09:37:00+00:00,WAIT,Trend filter failed; existing order unchanged,4347.94,4352.29,,,,,,,,2026.09.11 12:37:00,
84,2026-09-11 09:38:00+00:00,WAIT,Trend filter failed; existing order unchanged,4347.94,4352.29,,,,,,,,2026.09.11 12:38:00,
84,2026-09-11 09:39:00+00:00,CANCELLED,SL breached or risk outside permitted distance,4347.94,4352.29,,,,,,,,2026.09.11 12:39:00,
85,2026-09-11 10:12:00+00:00,DETECTED,Decision at candle close,4353.09,4350.15,,2026-09-11 10:13:00+00:00,,,,,,2026.09.11 13:12:00,2026.09.11 13:13:00
85,2026-09-11 10:12:00+00:00,WAIT,EMA/ADX/session filter failed; existing order unchanged,4353.09,4350.15,,,,4351.614514600179,17.768329861697367,,,2026.09.11 13:12:00,
85,2026-09-11 10:13:00+00:00,WAIT,EMA/ADX/session filter failed; existing order unchanged,4353.09,4350.15,,,,4351.643546923368,18.286874630078437,,,2026.09.11 13:13:00,
85,2026-09-11 10:14:00+00:00,WAIT,EMA/ADX/session filter failed; existing order unchanged,4353.09,4350.15,,,,4351.64015197054,18.178582186962146,,,2026.09.11 13:14:00,
85,2026-09-11 10:15:00+00:00,WAIT,Trend filter failed; existing order unchanged,4353.09,4350.15,,,,,,,,2026.09.11 13:15:00,
85,2026-09-11 10:16:00+00:00,WAIT,Trend filter failed; existing order unchanged,4353.09,4350.15,,,,,,,,2026.09.11 13:16:00,
85,2026-09-11 10:17:00+00:00,WAIT,Trend filter failed; existing order unchanged,4353.09,4350.15,,,,,,,,2026.09.11 13:17:00,
85,2026-09-11 10:18:00+00:00,WAIT,Trend filter failed; existing order unchanged,4353.09,4350.15,,,,,,,,2026.09.11 13:18:00,
85,2026-09-11 10:19:00+00:00,WAIT,Trend filter failed; existing order unchanged,4353.09,4350.15,,,,,,,,2026.09.11 13:19:00,
85,2026-09-11 10:20:00+00:00,CANCELLED,SL breached or risk outside permitted distance,4353.09,4350.15,,,,,,,,2026.09.11 13:20:00,
86,2026-09-11 11:26:00+00:00,DETECTED,Decision at candle close,4350.69,4345.78,,2026-09-11 11:27:00+00:00,,,,,,2026.09.11 14:26:00,2026.09.11 14:27:00
86,2026-09-11 11:26:00+00:00,WAIT,EMA/ADX/session filter failed; existing order unchanged,4350.69,4345.78,,,,4347.073451313659,19.048320299018243,,,2026.09.11 14:26:00,
86,2026-09-11 11:27:00+00:00,WAIT,EMA/ADX/session filter failed; existing order unchanged,4350.69,4345.78,,,,4347.150715020986,19.503570693067346,,,2026.09.11 14:27:00,
86,2026-09-11 11:28:00+00:00,WAIT,Trend filter failed; existing order unchanged,4350.69,4345.78,,,,,,,,2026.09.11 14:28:00,
86,2026-09-11 11:29:00+00:00,WAIT,Trend filter failed; existing order unchanged,4350.69,4345.78,,,,,,,,2026.09.11 14:29:00,
86,2026-09-11 11:30:00+00:00,WAIT,Trend filter failed; existing order unchanged,4351.28,4345.78,,,,,,,,2026.09.11 14:30:00,
86,2026-09-11 11:31:00+00:00,WAIT,Trend filter failed; existing order unchanged,4354.04,4345.78,,,,,,,,2026.09.11 14:31:00,
86,2026-09-11 11:32:00+00:00,WAIT,Trend filter failed; existing order unchanged,4354.04,4345.78,,,,,,,,2026.09.11 14:32:00,
86,2026-09-11 11:33:00+00:00,WAIT,Trend filter failed; existing order unchanged,4354.04,4345.78,,,,,,,,2026.09.11 14:33:00,
86,2026-09-11 11:34:00+00:00,WAIT,Trend filter failed; existing order unchanged,4354.04,4345.78,,,,,,,,2026.09.11 14:34:00,
86,2026-09-11 11:35:00+00:00,WAIT,Trend filter failed; existing order unchanged,4354.04,4345.78,,,,,,,,2026.09.11 14:35:00,
86,2026-09-11 11:36:00+00:00,WAIT,Trend filter failed; existing order unchanged,4354.04,4345.78,,,,,,,,2026.09.11 14:36:00,
86,2026-09-11 11:37:00+00:00,WAIT,Trend filter failed; existing order unchanged,4354.04,4345.78,,,,,,,,2026.09.11 14:37:00,
86,2026-09-11 11:38:00+00:00,WAIT,Trend filter failed; existing order unchanged,4354.04,4345.78,,,,,,,,2026.09.11 14:38:00,
86,2026-09-11 11:39:00+00:00,WAIT,Trend filter failed; existing order unchanged,4354.1,4345.78,,,,,,,,2026.09.11 14:39:00,
86,2026-09-11 11:40:00+00:00,WAIT,Trend filter failed; existing order unchanged,4354.1,4345.78,,,,,,,,2026.09.11 14:40:00,
86,2026-09-11 11:41:00+00:00,WAIT,Trend filter failed; existing order unchanged,4355.09,4345.78,,,,,,,,2026.09.11 14:41:00,
86,2026-09-11 11:42:00+00:00,WAIT,Trend filter failed; existing order unchanged,4355.09,4345.78,,,,,,,,2026.09.11 14:42:00,
86,2026-09-11 11:43:00+00:00,WAIT,Trend filter failed; existing order unchanged,4355.09,4345.78,,,,,,,,2026.09.11 14:43:00,
86,2026-09-11 11:44:00+00:00,WAIT,Trend filter failed; existing order unchanged,4355.09,4345.78,,,,,,,,2026.09.11 14:44:00,
86,2026-09-11 11:45:00+00:00,REPLACED,New setup replaces previous setup/order,4355.09,4345.78,,,,,,,,2026.09.11 14:45:00,
87,2026-09-11 11:45:00+00:00,DETECTED,Decision at candle close,4353.23,4356.56,,2026-09-11 11:46:00+00:00,,,,,,2026.09.11 14:45:00,2026.09.11 14:46:00
87,2026-09-11 11:45:00+00:00,WAIT,EMA/ADX/session filter failed; existing order unchanged,4353.23,4356.56,,,,4350.167578525127,23.727367339359404,,,2026.09.11 14:45:00,
87,2026-09-11 11:46:00+00:00,WAIT,EMA/ADX/session filter failed; existing order unchanged,4353.23,4356.56,,,,4350.280444883755,23.221119903008248,,,2026.09.11 14:46:00,
87,2026-09-11 11:47:00+00:00,WAIT,EMA/ADX/session filter failed; existing order unchanged,4353.23,4356.56,,,,4350.342725409944,22.471339516183214,,,2026.09.11 14:47:00,
87,2026-09-11 11:48:00+00:00,WAIT,EMA/ADX/session filter failed; existing order unchanged,4353.23,4356.56,,,,4350.428537706584,21.9140354109102,,,2026.09.11 14:48:00,
87,2026-09-11 11:49:00+00:00,WAIT,EMA/ADX/session filter failed; existing order unchanged,4353.23,4356.56,,,,4350.510552891435,21.396538741728122,,,2026.09.11 14:49:00,
87,2026-09-11 11:50:00+00:00,WAIT,EMA/ADX/session filter failed; existing order unchanged,4353.05,4356.56,,,,4350.52266574409,20.46078174071719,,,2026.09.11 14:50:00,
87,2026-09-11 11:51:00+00:00,WAIT,EMA/ADX/session filter failed; existing order unchanged,4351.62,4356.56,,,,4350.539955338754,19.591864525492753,,,2026.09.11 14:51:00,
87,2026-09-11 11:52:00+00:00,WAIT,Trend filter failed; existing order unchanged,4351.62,4356.56,,,,,,,,2026.09.11 14:52:00,
87,2026-09-11 11:53:00+00:00,WAIT,Trend filter failed; existing order unchanged,4351.62,4356.56,,,,,,,,2026.09.11 14:53:00,
87,2026-09-11 11:54:00+00:00,WAIT,Trend filter failed; existing order unchanged,4351.62,4356.56,,,,,,,,2026.09.11 14:54:00,
87,2026-09-11 11:55:00+00:00,WAIT,Trend filter failed; existing order unchanged,4351.0,4356.56,,,,,,,,2026.09.11 14:55:00,
87,2026-09-11 11:56:00+00:00,WAIT,Trend filter failed; existing order unchanged,4349.65,4356.56,,,,,,,,2026.09.11 14:56:00,
87,2026-09-11 11:57:00+00:00,WAIT,Trend filter failed; existing order unchanged,4349.15,4356.56,,,,,,,,2026.09.11 14:57:00,
87,2026-09-11 11:58:00+00:00,WAIT,Trend filter failed; existing order unchanged,4346.77,4356.56,,,,,,,,2026.09.11 14:58:00,
87,2026-09-11 11:59:00+00:00,WAIT,Trend filter failed; existing order unchanged,4346.77,4356.56,,,,,,,,2026.09.11 14:59:00,
87,2026-09-11 12:00:00+00:00,WAIT,Trend filter failed; existing order unchanged,4346.77,4356.56,,,,,,,,2026.09.11 15:00:00,
87,2026-09-11 12:01:00+00:00,WAIT,Trend filter failed; existing order unchanged,4346.77,4356.56,,,,,,,,2026.09.11 15:01:00,
87,2026-09-11 12:02:00+00:00,REPLACED,New setup replaces previous setup/order,4346.77,4356.56,,,,,,,,2026.09.11 15:02:00,
88,2026-09-11 12:02:00+00:00,DETECTED,Decision at candle close,4350.7,4345.63,,2026-09-11 12:03:00+00:00,,,,,,2026.09.11 15:02:00,2026.09.11 15:03:00
88,2026-09-11 12:02:00+00:00,WAIT,EMA/ADX/session filter failed; existing order unchanged,4350.7,4345.63,,,,4350.260395856183,18.261768233191162,,,2026.09.11 15:02:00,
88,2026-09-11 12:03:00+00:00,WAIT,EMA/ADX/session filter failed; existing order unchanged,4350.7,4345.63,,,,4350.2364485987455,17.412092636996586,,,2026.09.11 15:03:00,
88,2026-09-11 12:04:00+00:00,WAIT,Trend filter failed; existing order unchanged,4350.7,4345.63,,,,,,,,2026.09.11 15:04:00,
88,2026-09-11 12:05:00+00:00,WAIT,Trend filter failed; existing order unchanged,4350.7,4345.63,,,,,,,,2026.09.11 15:05:00,
88,2026-09-11 12:06:00+00:00,WAIT,Trend filter failed; existing order unchanged,4350.7,4345.63,,,,,,,,2026.09.11 15:06:00,
88,2026-09-11 12:07:00+00:00,WAIT,Trend filter failed; existing order unchanged,4350.7,4345.63,,,,,,,,2026.09.11 15:07:00,
88,2026-09-11 12:08:00+00:00,WAIT,Trend filter failed; existing order unchanged,4350.7,4345.63,,,,,,,,2026.09.11 15:08:00,
88,2026-09-11 12:09:00+00:00,CANCELLED,SL breached or risk outside permitted distance,4350.7,4345.63,,,,,,,,2026.09.11 15:09:00,
89,2026-09-11 12:11:00+00:00,DETECTED,Decision at candle close,4344.92,4348.15,,2026-09-11 12:12:00+00:00,,,,,,2026.09.11 15:11:00,2026.09.11 15:12:00
89,2026-09-11 12:11:00+00:00,WAIT,EMA/ADX/session filter failed; existing order unchanged,4344.92,4348.15,,,,4349.389155962173,16.26958741380925,,,2026.09.11 15:11:00,
89,2026-09-11 12:12:00+00:00,WAIT,EMA/ADX/session filter failed; existing order unchanged,4344.79,4348.15,,,,4349.235413185855,17.24594899928085,,,2026.09.11 15:12:00,
89,2026-09-11 12:13:00+00:00,WAIT,Trend filter failed; existing order unchanged,4344.79,4348.15,,,,,,,,2026.09.11 15:13:00,
89,2026-09-11 12:14:00+00:00,WAIT,Trend filter failed; existing order unchanged,4344.79,4348.15,,,,,,,,2026.09.11 15:14:00,
89,2026-09-11 12:15:00+00:00,WAIT,Trend filter failed; existing order unchanged,4343.12,4348.15,,,,,,,,2026.09.11 15:15:00,
89,2026-09-11 12:16:00+00:00,WAIT,Trend filter failed; existing order unchanged,4343.12,4348.15,,,,,,,,2026.09.11 15:16:00,
89,2026-09-11 12:17:00+00:00,WAIT,Trend filter failed; existing order unchanged,4343.12,4348.15,,,,,,,,2026.09.11 15:17:00,
89,2026-09-11 12:18:00+00:00,WAIT,Trend filter failed; existing order unchanged,4343.12,4348.15,,,,,,,,2026.09.11 15:18:00,
89,2026-09-11 12:19:00+00:00,WAIT,Trend filter failed; existing order unchanged,4343.12,4348.15,,,,,,,,2026.09.11 15:19:00,
89,2026-09-11 12:20:00+00:00,WAIT,Trend filter failed; existing order unchanged,4343.12,4348.15,,,,,,,,2026.09.11 15:20:00,
89,2026-09-11 12:21:00+00:00,WAIT,Trend filter failed; existing order unchanged,4343.12,4348.15,,,,,,,,2026.09.11 15:21:00,
89,2026-09-11 12:22:00+00:00,WAIT,Trend filter failed; existing order unchanged,4343.12,4348.15,,,,,,,,2026.09.11 15:22:00,
89,2026-09-11 12:23:00+00:00,WAIT,Trend filter failed; existing order unchanged,4343.12,4348.15,,,,,,,,2026.09.11 15:23:00,
89,2026-09-11 12:24:00+00:00,WAIT,Trend filter failed; existing order unchanged,4343.12,4348.15,,,,,,,,2026.09.11 15:24:00,
89,2026-09-11 12:25:00+00:00,WAIT,Trend filter failed; existing order unchanged,4343.12,4348.15,,,,,,,,2026.09.11 15:25:00,
89,2026-09-11 12:26:00+00:00,WAIT,Trend filter failed; existing order unchanged,4343.12,4348.15,,,,,,,,2026.09.11 15:26:00,
89,2026-09-11 12:27:00+00:00,WAIT,Trend filter failed; existing order unchanged,4343.12,4348.15,,,,,,,,2026.09.11 15:27:00,
89,2026-09-11 12:28:00+00:00,WAIT,Trend filter failed; existing order unchanged,4343.12,4348.15,,,,,,,,2026.09.11 15:28:00,
89,2026-09-11 12:29:00+00:00,WAIT,Trend filter failed; existing order unchanged,4343.12,4348.15,,,,,,,,2026.09.11 15:29:00,
89,2026-09-11 12:30:00+00:00,WAIT,Trend filter failed; existing order unchanged,4343.12,4348.15,,,,,,,,2026.09.11 15:30:00,
89,2026-09-11 12:31:00+00:00,WAIT,Trend filter failed; existing order unchanged,4343.04,4348.15,,,,,,,,2026.09.11 15:31:00,
89,2026-09-11 12:32:00+00:00,WAIT,Trend filter failed; existing order unchanged,4343.04,4348.15,,,,,,,,2026.09.11 15:32:00,
89,2026-09-11 12:33:00+00:00,WAIT,Trend filter failed; existing order unchanged,4343.04,4348.15,,,,,,,,2026.09.11 15:33:00,
89,2026-09-11 12:34:00+00:00,WAIT,Trend filter failed; existing order unchanged,4343.04,4348.15,,,,,,,,2026.09.11 15:34:00,
89,2026-09-11 12:35:00+00:00,WAIT,Trend filter failed; existing order unchanged,4343.04,4348.15,,,,,,,,2026.09.11 15:35:00,
89,2026-09-11 12:36:00+00:00,WAIT,Trend filter failed; existing order unchanged,4343.04,4348.15,,,,,,,,2026.09.11 15:36:00,
89,2026-09-11 12:37:00+00:00,WAIT,Trend filter failed; existing order unchanged,4343.04,4348.15,,,,,,,,2026.09.11 15:37:00,
89,2026-09-11 12:38:00+00:00,WAIT,Trend filter failed; existing order unchanged,4343.04,4348.15,,,,,,,,2026.09.11 15:38:00,
89,2026-09-11 12:39:00+00:00,WAIT,Trend filter failed; existing order unchanged,4343.04,4348.15,,,,,,,,2026.09.11 15:39:00,
89,2026-09-11 12:40:00+00:00,WAIT,Trend filter failed; existing order unchanged,4343.04,4348.15,,,,,,,,2026.09.11 15:40:00,
89,2026-09-11 12:41:00+00:00,WAIT,Trend filter failed; existing order unchanged,4343.04,4348.15,,,,,,,,2026.09.11 15:41:00,
89,2026-09-11 12:42:00+00:00,WAIT,Trend filter failed; existing order unchanged,4342.69,4348.15,,,,,,,,2026.09.11 15:42:00,
89,2026-09-11 12:43:00+00:00,WAIT,Trend filter failed; existing order unchanged,4342.69,4348.15,,,,,,,,2026.09.11 15:43:00,
89,2026-09-11 12:44:00+00:00,WAIT,Trend filter failed; existing order unchanged,4342.69,4348.15,,,,,,,,2026.09.11 15:44:00,
89,2026-09-11 12:45:00+00:00,WAIT,Trend filter failed; existing order unchanged,4342.69,4348.15,,,,,,,,2026.09.11 15:45:00,
89,2026-09-11 12:46:00+00:00,WAIT,Trend filter failed; existing order unchanged,4342.69,4348.15,,,,,,,,2026.09.11 15:46:00,
89,2026-09-11 12:47:00+00:00,WAIT,Trend filter failed; existing order unchanged,4342.69,4348.15,,,,,,,,2026.09.11 15:47:00,
89,2026-09-11 12:48:00+00:00,WAIT,Trend filter failed; existing order unchanged,4342.69,4348.15,,,,,,,,2026.09.11 15:48:00,
89,2026-09-11 12:49:00+00:00,WAIT,Trend filter failed; existing order unchanged,4342.69,4348.15,,,,,,,,2026.09.11 15:49:00,
89,2026-09-11 12:50:00+00:00,WAIT,Trend filter failed; existing order unchanged,4342.69,4348.15,,,,,,,,2026.09.11 15:50:00,
89,2026-09-11 12:51:00+00:00,WAIT,Trend filter failed; existing order unchanged,4342.69,4348.15,,,,,,,,2026.09.11 15:51:00,
89,2026-09-11 12:52:00+00:00,WAIT,Trend filter failed; existing order unchanged,4342.69,4348.15,,,,,,,,2026.09.11 15:52:00,
89,2026-09-11 12:53:00+00:00,WAIT,Trend filter failed; existing order unchanged,4342.69,4348.15,,,,,,,,2026.09.11 15:53:00,
89,2026-09-11 12:54:00+00:00,WAIT,Trend filter failed; existing order unchanged,4342.69,4348.15,,,,,,,,2026.09.11 15:54:00,
89,2026-09-11 12:55:00+00:00,WAIT,Trend filter failed; existing order unchanged,4342.69,4348.15,,,,,,,,2026.09.11 15:55:00,
89,2026-09-11 12:56:00+00:00,WAIT,Trend filter failed; existing order unchanged,4342.69,4348.15,,,,,,,,2026.09.11 15:56:00,
89,2026-09-11 12:57:00+00:00,WAIT,Trend filter failed; existing order unchanged,4342.69,4348.15,,,,,,,,2026.09.11 15:57:00,
89,2026-09-11 12:58:00+00:00,WAIT,Trend filter failed; existing order unchanged,4342.69,4348.15,,,,,,,,2026.09.11 15:58:00,
89,2026-09-11 12:59:00+00:00,WAIT,Trend filter failed; existing order unchanged,4342.69,4348.15,,,,,,,,2026.09.11 15:59:00,
89,2026-09-11 13:00:00+00:00,WAIT,Trend filter failed; existing order unchanged,4342.69,4348.15,,,,,,,,2026.09.11 16:00:00,
89,2026-09-11 13:01:00+00:00,CANCELLED,SL breached or risk outside permitted distance,4342.69,4348.15,,,,,,,,2026.09.11 16:01:00,
90,2026-09-11 16:00:00+00:00,DETECTED,Decision at candle close,4386.09,4377.66,,2026-09-11 16:01:00+00:00,,,,,,2026.09.11 19:00:00,2026.09.11 19:01:00
90,2026-09-11 16:00:00+00:00,PLACED,Effective after this candle closes; no same-bar fill,4386.09,4377.66,4394.52,2026-09-11 16:01:00+00:00,,,,,,2026.09.11 19:00:00,2026.09.11 19:01:00
90,2026-09-11 16:01:00+00:00,FILLED,Simulated limit touch; exact tick time unknown,4386.09,4377.66,4394.52,,14.0,,,,,2026.09.11 19:01:00,
90,2026-09-11 16:28:00+00:00,TP,"exit_result: open-gap priority, otherwise SL-first; fill-bar TP requires proof",4386.09,4377.66,4394.52,,,,,,,2026.09.11 19:28:00,
91,2026-09-11 16:36:00+00:00,DETECTED,Decision at candle close,4395.28,4383.97,,2026-09-11 16:37:00+00:00,,,,,,2026.09.11 19:36:00,2026.09.11 19:37:00
91,2026-09-11 16:36:00+00:00,CANCELLED,SL breached or risk outside permitted distance,4395.28,4383.97,,,,,,,,2026.09.11 19:36:00,
92,2026-09-11 17:47:00+00:00,DETECTED,Decision at candle close,4373.94,4369.16,,2026-09-11 17:48:00+00:00,,,,,,2026.09.11 20:47:00,2026.09.11 20:48:00
92,2026-09-11 17:47:00+00:00,WAIT,EMA/ADX/session filter failed; existing order unchanged,4373.94,4369.16,,,,4377.969506271049,25.13879715870556,,,2026.09.11 20:47:00,
92,2026-09-11 17:48:00+00:00,PLACED,Effective after this candle closes; no same-bar fill,4373.94,4369.16,4378.72,2026-09-11 17:49:00+00:00,,,,,,2026.09.11 20:48:00,2026.09.11 20:49:00
92,2026-09-11 17:49:00+00:00,MODIFIED,Effective after this candle closes; no same-bar fill,4377.53,4369.16,4385.9,2026-09-11 17:50:00+00:00,,,,,,2026.09.11 20:49:00,2026.09.11 20:50:00
92,2026-09-11 17:51:00+00:00,CANCELLED,SL breached or risk outside permitted distance,4380.72,4369.16,,,,,,,,2026.09.11 20:51:00,
93,2026-09-11 18:42:00+00:00,DETECTED,Decision at candle close,4372.68,4375.27,,2026-09-11 18:43:00+00:00,,,,,,2026.09.11 21:42:00,2026.09.11 21:43:00
93,2026-09-11 18:42:00+00:00,WAIT,EMA/ADX/session filter failed; existing order unchanged,4372.68,4375.27,,,,4371.284033397818,24.290878149928247,,,2026.09.11 21:42:00,
93,2026-09-11 18:43:00+00:00,CANCELLED,SL breached or risk outside permitted distance,4372.68,4375.27,,,,,,,,2026.09.11 21:43:00,
94,2026-09-11 19:09:00+00:00,DETECTED,Decision at candle close,4367.84,4371.66,,2026-09-11 19:10:00+00:00,,,,,,2026.09.11 22:09:00,2026.09.11 22:10:00
94,2026-09-11 19:09:00+00:00,WAIT,EMA/ADX/session filter failed; existing order unchanged,4367.84,4371.66,,,,4370.2458299514155,14.968191084516254,,,2026.09.11 22:09:00,
94,2026-09-11 19:10:00+00:00,WAIT,EMA/ADX/session filter failed; existing order unchanged,4367.84,4371.66,,,,4370.141376403084,14.994154894032755,,,2026.09.11 22:10:00,
94,2026-09-11 19:11:00+00:00,WAIT,Trend filter failed; existing order unchanged,4367.84,4371.66,,,,,,,,2026.09.11 22:11:00,
94,2026-09-11 19:12:00+00:00,WAIT,Trend filter failed; existing order unchanged,4367.84,4371.66,,,,,,,,2026.09.11 22:12:00,
94,2026-09-11 19:13:00+00:00,WAIT,Trend filter failed; existing order unchanged,4367.44,4371.66,,,,,,,,2026.09.11 22:13:00,
94,2026-09-11 19:14:00+00:00,WAIT,Trend filter failed; existing order unchanged,4364.93,4371.66,,,,,,,,2026.09.11 22:14:00,
94,2026-09-11 19:15:00+00:00,WAIT,Trend filter failed; existing order unchanged,4362.33,4371.66,,,,,,,,2026.09.11 22:15:00,
94,2026-09-11 19:16:00+00:00,WAIT,Trend filter failed; existing order unchanged,4362.33,4371.66,,,,,,,,2026.09.11 22:16:00,
94,2026-09-11 19:17:00+00:00,WAIT,Trend filter failed; existing order unchanged,4362.33,4371.66,,,,,,,,2026.09.11 22:17:00,
94,2026-09-11 19:18:00+00:00,WAIT,Trend filter failed; existing order unchanged,4362.33,4371.66,,,,,,,,2026.09.11 22:18:00,
94,2026-09-11 19:19:00+00:00,WAIT,Trend filter failed; existing order unchanged,4362.33,4371.66,,,,,,,,2026.09.11 22:19:00,
94,2026-09-11 19:20:00+00:00,CANCELLED,SL breached or risk outside permitted distance,4360.94,4371.66,,,,,,,,2026.09.11 22:20:00,
95,2026-09-11 19:25:00+00:00,DETECTED,Decision at candle close,4355.09,4359.21,,2026-09-11 19:26:00+00:00,,,,,,2026.09.11 22:25:00,2026.09.11 22:26:00
95,2026-09-11 19:25:00+00:00,PLACED,Effective after this candle closes; no same-bar fill,4355.09,4359.21,4350.97,2026-09-11 19:26:00+00:00,,,,,,2026.09.11 22:25:00,2026.09.11 22:26:00
95,2026-09-11 19:26:00+00:00,FILLED,Simulated limit touch; exact tick time unknown,4355.09,4359.21,4350.97,,13.0,,,,,2026.09.11 22:26:00,
95,2026-09-11 19:27:00+00:00,SL,"exit_result: open-gap priority, otherwise SL-first; fill-bar TP requires proof",4355.09,4359.21,4350.97,,,,,,,2026.09.11 22:27:00,
96,2026-09-11 21:22:00+00:00,DETECTED,Decision at candle close,4347.67,4352.02,,2026-09-11 21:23:00+00:00,,,,,,2026.09.12 00:22:00,2026.09.12 00:23:00
96,2026-09-11 21:22:00+00:00,WAIT,Limit not passive or too close to market; existing order unchanged,4347.67,4352.02,,,,,,,,2026.09.12 00:22:00,
96,2026-09-11 21:23:00+00:00,WAIT,Limit not passive or too close to market; existing order unchanged,4347.67,4352.02,,,,,,,,2026.09.12 00:23:00,
96,2026-09-11 21:24:00+00:00,WAIT,Trend filter failed; existing order unchanged,4347.67,4352.02,,,,,,,,2026.09.12 00:24:00,
96,2026-09-11 21:25:00+00:00,WAIT,Trend filter failed; existing order unchanged,4347.67,4352.02,,,,,,,,2026.09.12 00:25:00,
96,2026-09-11 21:26:00+00:00,WAIT,Trend filter failed; existing order unchanged,4347.67,4352.02,,,,,,,,2026.09.12 00:26:00,
96,2026-09-11 21:27:00+00:00,WAIT,Trend filter failed; existing order unchanged,4347.67,4352.02,,,,,,,,2026.09.12 00:27:00,
96,2026-09-11 21:28:00+00:00,CANCELLED,SL breached or risk outside permitted distance,4347.67,4352.02,,,,,,,,2026.09.12 00:28:00,
97,2026-09-11 22:08:00+00:00,DETECTED,Decision at candle close,4345.4,4347.95,,2026-09-11 22:09:00+00:00,,,,,,2026.09.12 01:08:00,2026.09.12 01:09:00
97,2026-09-11 22:08:00+00:00,CANCELLED,SL breached or risk outside permitted distance,4345.4,4347.95,,,,,,,,2026.09.12 01:08:00,
98,2026-09-11 22:59:00+00:00,DETECTED,Decision at candle close,4347.89,4345.46,,2026-09-11 23:00:00+00:00,,,,,,2026.09.12 01:59:00,2026.09.12 02:00:00
98,2026-09-11 22:59:00+00:00,WAIT,EMA/ADX/session filter failed; existing order unchanged,4347.89,4345.46,,,,4347.615656089253,19.312316566938847,,,2026.09.12 01:59:00,
98,2026-09-11 23:00:00+00:00,PLACED,Effective after this candle closes; no same-bar fill,4348.87,4345.46,4352.28,2026-09-11 23:01:00+00:00,,,,,,2026.09.12 02:00:00,2026.09.12 02:01:00
98,2026-09-11 23:01:00+00:00,MODIFIED,Effective after this candle closes; no same-bar fill,4349.55,4345.46,4353.64,2026-09-11 23:02:00+00:00,,,,,,2026.09.12 02:01:00,2026.09.12 02:02:00
98,2026-09-11 23:02:00+00:00,FILLED,Simulated limit touch; exact tick time unknown,4349.55,4345.46,4353.64,,15.0,,,,,2026.09.12 02:02:00,
98,2026-09-14 01:00:00+00:00,SL,"exit_result: open-gap priority, otherwise SL-first; fill-bar TP requires proof",4349.55,4345.46,4353.64,,,,,,,2026.09.14 04:00:00,
99,2026-09-14 01:29:00+00:00,DETECTED,Decision at candle close,4335.22,4330.96,,2026-09-14 01:30:00+00:00,,,,,,2026.09.14 04:29:00,2026.09.14 04:30:00
99,2026-09-14 01:29:00+00:00,WAIT,EMA/ADX/session filter failed; existing order unchanged,4335.22,4330.96,,,,4338.8384601182715,36.827813971058184,,,2026.09.14 04:29:00,
99,2026-09-14 01:30:00+00:00,WAIT,EMA/ADX/session filter failed; existing order unchanged,4335.22,4330.96,,,,4338.754576064591,34.82801998564003,,,2026.09.14 04:30:00,
99,2026-09-14 01:31:00+00:00,WAIT,EMA/ADX/session filter failed; existing order unchanged,4335.79,4330.96,,,,4338.659343990362,32.84526914579009,,,2026.09.14 04:31:00,
99,2026-09-14 01:32:00+00:00,WAIT,EMA/ADX/session filter failed; existing order unchanged,4335.79,4330.96,,,,4338.567562284225,31.122140242111815,,,2026.09.14 04:32:00,
99,2026-09-14 01:33:00+00:00,WAIT,EMA/ADX/session filter failed; existing order unchanged,4336.0,4330.96,,,,4338.538461936841,28.981975199817903,,,2026.09.14 04:33:00,
99,2026-09-14 01:34:00+00:00,WAIT,EMA/ADX/session filter failed; existing order unchanged,4336.32,4330.96,,,,4338.468020747622,27.048179686714885,,,2026.09.14 04:34:00,
99,2026-09-14 01:35:00+00:00,WAIT,EMA/ADX/session filter failed; existing order unchanged,4336.32,4330.96,,,,4338.355954643013,25.64250806788915,,,2026.09.14 04:35:00,
99,2026-09-14 01:36:00+00:00,WAIT,Trend filter failed; existing order unchanged,4336.32,4330.96,,,,,,,,2026.09.14 04:36:00,
99,2026-09-14 01:37:00+00:00,WAIT,Trend filter failed; existing order unchanged,4336.32,4330.96,,,,,,,,2026.09.14 04:37:00,
99,2026-09-14 01:38:00+00:00,WAIT,Trend filter failed; existing order unchanged,4336.32,4330.96,,,,,,,,2026.09.14 04:38:00,
99,2026-09-14 01:39:00+00:00,WAIT,Trend filter failed; existing order unchanged,4336.32,4330.96,,,,,,,,2026.09.14 04:39:00,
99,2026-09-14 01:40:00+00:00,WAIT,Trend filter failed; existing order unchanged,4336.32,4330.96,,,,,,,,2026.09.14 04:40:00,
99,2026-09-14 01:41:00+00:00,WAIT,Trend filter failed; existing order unchanged,4336.32,4330.96,,,,,,,,2026.09.14 04:41:00,
99,2026-09-14 01:42:00+00:00,WAIT,Trend filter failed; existing order unchanged,4336.32,4330.96,,,,,,,,2026.09.14 04:42:00,
99,2026-09-14 01:43:00+00:00,WAIT,Trend filter failed; existing order unchanged,4336.32,4330.96,,,,,,,,2026.09.14 04:43:00,
99,2026-09-14 01:44:00+00:00,WAIT,Trend filter failed; existing order unchanged,4336.32,4330.96,,,,,,,,2026.09.14 04:44:00,
99,2026-09-14 01:45:00+00:00,WAIT,Trend filter failed; existing order unchanged,4337.18,4330.96,,,,,,,,2026.09.14 04:45:00,
99,2026-09-14 01:46:00+00:00,REPLACED,New setup replaces previous setup/order,4337.18,4330.96,,,,,,,,2026.09.14 04:46:00,
100,2026-09-14 01:46:00+00:00,DETECTED,Decision at candle close,4337.18,4333.61,,2026-09-14 01:47:00+00:00,,,,,,2026.09.14 04:46:00,2026.09.14 04:47:00
100,2026-09-14 01:46:00+00:00,WAIT,EMA/ADX/session filter failed; existing order unchanged,4337.18,4333.61,,,,4337.674595216441,14.073895519182141,,,2026.09.14 04:46:00,
100,2026-09-14 01:47:00+00:00,WAIT,EMA/ADX/session filter failed; existing order unchanged,4337.18,4333.61,,,,4337.622969196265,13.780248370739239,,,2026.09.14 04:47:00,
100,2026-09-14 01:48:00+00:00,WAIT,Trend filter failed; existing order unchanged,4337.18,4333.61,,,,,,,,2026.09.14 04:48:00,
100,2026-09-14 01:49:00+00:00,WAIT,Trend filter failed; existing order unchanged,4337.18,4333.61,,,,,,,,2026.09.14 04:49:00,
100,2026-09-14 01:50:00+00:00,WAIT,Trend filter failed; existing order unchanged,4337.18,4333.61,,,,,,,,2026.09.14 04:50:00,
100,2026-09-14 01:51:00+00:00,WAIT,Trend filter failed; existing order unchanged,4337.18,4333.61,,,,,,,,2026.09.14 04:51:00,
100,2026-09-14 01:52:00+00:00,WAIT,Trend filter failed; existing order unchanged,4337.18,4333.61,,,,,,,,2026.09.14 04:52:00,
100,2026-09-14 01:53:00+00:00,WAIT,Trend filter failed; existing order unchanged,4337.18,4333.61,,,,,,,,2026.09.14 04:53:00,
100,2026-09-14 01:54:00+00:00,WAIT,Trend filter failed; existing order unchanged,4337.92,4333.61,,,,,,,,2026.09.14 04:54:00,
100,2026-09-14 01:55:00+00:00,WAIT,Trend filter failed; existing order unchanged,4338.08,4333.61,,,,,,,,2026.09.14 04:55:00,
100,2026-09-14 01:56:00+00:00,WAIT,Trend filter failed; existing order unchanged,4338.17,4333.61,,,,,,,,2026.09.14 04:56:00,
100,2026-09-14 01:57:00+00:00,WAIT,Trend filter failed; existing order unchanged,4338.32,4333.61,,,,,,,,2026.09.14 04:57:00,
100,2026-09-14 01:58:00+00:00,WAIT,Trend filter failed; existing order unchanged,4338.32,4333.61,,,,,,,,2026.09.14 04:58:00,
100,2026-09-14 01:59:00+00:00,WAIT,Trend filter failed; existing order unchanged,4338.32,4333.61,,,,,,,,2026.09.14 04:59:00,
100,2026-09-14 02:00:00+00:00,WAIT,Trend filter failed; existing order unchanged,4338.32,4333.61,,,,,,,,2026.09.14 05:00:00,
100,2026-09-14 02:01:00+00:00,WAIT,Trend filter failed; existing order unchanged,4341.24,4333.61,,,,,,,,2026.09.14 05:01:00,
100,2026-09-14 02:02:00+00:00,WAIT,Trend filter failed; existing order unchanged,4341.24,4333.61,,,,,,,,2026.09.14 05:02:00,
100,2026-09-14 02:03:00+00:00,WAIT,Trend filter failed; existing order unchanged,4341.24,4333.61,,,,,,,,2026.09.14 05:03:00,
100,2026-09-14 02:04:00+00:00,WAIT,Trend filter failed; existing order unchanged,4341.24,4333.61,,,,,,,,2026.09.14 05:04:00,
100,2026-09-14 02:05:00+00:00,WAIT,Trend filter failed; existing order unchanged,4341.24,4333.61,,,,,,,,2026.09.14 05:05:00,
100,2026-09-14 02:06:00+00:00,WAIT,Trend filter failed; existing order unchanged,4341.24,4333.61,,,,,,,,2026.09.14 05:06:00,
100,2026-09-14 02:07:00+00:00,WAIT,Trend filter failed; existing order unchanged,4341.24,4333.61,,,,,,,,2026.09.14 05:07:00,
100,2026-09-14 02:08:00+00:00,WAIT,Trend filter failed; existing order unchanged,4341.45,4333.61,,,,,,,,2026.09.14 05:08:00,
100,2026-09-14 02:09:00+00:00,WAIT,Trend filter failed; existing order unchanged,4341.56,4333.61,,,,,,,,2026.09.14 05:09:00,
100,2026-09-14 02:10:00+00:00,WAIT,Trend filter failed; existing order unchanged,4341.56,4333.61,,,,,,,,2026.09.14 05:10:00,
100,2026-09-14 02:11:00+00:00,WAIT,Trend filter failed; existing order unchanged,4342.04,4333.61,,,,,,,,2026.09.14 05:11:00,
100,2026-09-14 02:12:00+00:00,WAIT,Trend filter failed; existing order unchanged,4342.04,4333.61,,,,,,,,2026.09.14 05:12:00,
100,2026-09-14 02:13:00+00:00,WAIT,Trend filter failed; existing order unchanged,4342.04,4333.61,,,,,,,,2026.09.14 05:13:00,
100,2026-09-14 02:14:00+00:00,WAIT,Trend filter failed; existing order unchanged,4342.04,4333.61,,,,,,,,2026.09.14 05:14:00,
100,2026-09-14 02:15:00+00:00,WAIT,Trend filter failed; existing order unchanged,4342.04,4333.61,,,,,,,,2026.09.14 05:15:00,
100,2026-09-14 02:16:00+00:00,WAIT,Trend filter failed; existing order unchanged,4342.04,4333.61,,,,,,,,2026.09.14 05:16:00,
100,2026-09-14 02:17:00+00:00,WAIT,Trend filter failed; existing order unchanged,4342.04,4333.61,,,,,,,,2026.09.14 05:17:00,
100,2026-09-14 02:18:00+00:00,WAIT,Trend filter failed; existing order unchanged,4342.04,4333.61,,,,,,,,2026.09.14 05:18:00,
100,2026-09-14 02:19:00+00:00,WAIT,Trend filter failed; existing order unchanged,4342.04,4333.61,,,,,,,,2026.09.14 05:19:00,
100,2026-09-14 02:20:00+00:00,WAIT,Trend filter failed; existing order unchanged,4342.04,4333.61,,,,,,,,2026.09.14 05:20:00,
100,2026-09-14 02:21:00+00:00,WAIT,Trend filter failed; existing order unchanged,4342.04,4333.61,,,,,,,,2026.09.14 05:21:00,
100,2026-09-14 02:22:00+00:00,WAIT,Trend filter failed; existing order unchanged,4342.04,4333.61,,,,,,,,2026.09.14 05:22:00,
100,2026-09-14 02:23:00+00:00,WAIT,Trend filter failed; existing order unchanged,4342.04,4333.61,,,,,,,,2026.09.14 05:23:00,
100,2026-09-14 02:24:00+00:00,WAIT,Trend filter failed; existing order unchanged,4342.04,4333.61,,,,,,,,2026.09.14 05:24:00,
100,2026-09-14 02:25:00+00:00,WAIT,Trend filter failed; existing order unchanged,4342.04,4333.61,,,,,,,,2026.09.14 05:25:00,
100,2026-09-14 02:26:00+00:00,WAIT,Trend filter failed; existing order unchanged,4342.04,4333.61,,,,,,,,2026.09.14 05:26:00,
100,2026-09-14 02:27:00+00:00,WAIT,Trend filter failed; existing order unchanged,4342.04,4333.61,,,,,,,,2026.09.14 05:27:00,
100,2026-09-14 02:28:00+00:00,WAIT,Trend filter failed; existing order unchanged,4342.04,4333.61,,,,,,,,2026.09.14 05:28:00,
100,2026-09-14 02:29:00+00:00,WAIT,Trend filter failed; existing order unchanged,4342.04,4333.61,,,,,,,,2026.09.14 05:29:00,
100,2026-09-14 02:30:00+00:00,WAIT,Trend filter failed; existing order unchanged,4342.04,4333.61,,,,,,,,2026.09.14 05:30:00,
100,2026-09-14 02:31:00+00:00,WAIT,Trend filter failed; existing order unchanged,4342.04,4333.61,,,,,,,,2026.09.14 05:31:00,
100,2026-09-14 02:32:00+00:00,WAIT,Trend filter failed; existing order unchanged,4342.04,4333.61,,,,,,,,2026.09.14 05:32:00,
100,2026-09-14 02:33:00+00:00,WAIT,Trend filter failed; existing order unchanged,4342.04,4333.61,,,,,,,,2026.09.14 05:33:00,
100,2026-09-14 02:34:00+00:00,WAIT,Trend filter failed; existing order unchanged,4342.04,4333.61,,,,,,,,2026.09.14 05:34:00,
100,2026-09-14 02:35:00+00:00,WAIT,Trend filter failed; existing order unchanged,4342.04,4333.61,,,,,,,,2026.09.14 05:35:00,
100,2026-09-14 02:36:00+00:00,WAIT,Trend filter failed; existing order unchanged,4342.04,4333.61,,,,,,,,2026.09.14 05:36:00,
100,2026-09-14 02:37:00+00:00,WAIT,Trend filter failed; existing order unchanged,4342.04,4333.61,,,,,,,,2026.09.14 05:37:00,
100,2026-09-14 02:38:00+00:00,WAIT,Trend filter failed; existing order unchanged,4342.04,4333.61,,,,,,,,2026.09.14 05:38:00,
100,2026-09-14 02:39:00+00:00,WAIT,Trend filter failed; existing order unchanged,4342.04,4333.61,,,,,,,,2026.09.14 05:39:00,
100,2026-09-14 02:40:00+00:00,WAIT,Trend filter failed; existing order unchanged,4342.04,4333.61,,,,,,,,2026.09.14 05:40:00,
100,2026-09-14 02:41:00+00:00,WAIT,Trend filter failed; existing order unchanged,4342.04,4333.61,,,,,,,,2026.09.14 05:41:00,
100,2026-09-14 02:42:00+00:00,WAIT,Trend filter failed; existing order unchanged,4342.04,4333.61,,,,,,,,2026.09.14 05:42:00,
100,2026-09-14 02:43:00+00:00,WAIT,Trend filter failed; existing order unchanged,4342.04,4333.61,,,,,,,,2026.09.14 05:43:00,
100,2026-09-14 02:44:00+00:00,WAIT,Trend filter failed; existing order unchanged,4342.04,4333.61,,,,,,,,2026.09.14 05:44:00,
100,2026-09-14 02:45:00+00:00,WAIT,Trend filter failed; existing order unchanged,4342.04,4333.61,,,,,,,,2026.09.14 05:45:00,
100,2026-09-14 02:46:00+00:00,WAIT,Trend filter failed; existing order unchanged,4342.04,4333.61,,,,,,,,2026.09.14 05:46:00,
100,2026-09-14 02:47:00+00:00,WAIT,Trend filter failed; existing order unchanged,4342.04,4333.61,,,,,,,,2026.09.14 05:47:00,
100,2026-09-14 02:48:00+00:00,WAIT,Trend filter failed; existing order unchanged,4342.04,4333.61,,,,,,,,2026.09.14 05:48:00,
100,2026-09-14 02:49:00+00:00,CANCELLED,SL breached or risk outside permitted distance,4342.04,4333.61,,,,,,,,2026.09.14 05:49:00,
101,2026-09-14 03:04:00+00:00,DETECTED,Decision at candle close,4334.09,4330.64,,2026-09-14 03:05:00+00:00,,,,,,2026.09.14 06:04:00,2026.09.14 06:05:00
101,2026-09-14 03:04:00+00:00,WAIT,EMA/ADX/session filter failed; existing order unchanged,4334.09,4330.64,,,,4336.585638102763,30.44307114052266,,,2026.09.14 06:04:00,
101,2026-09-14 03:05:00+00:00,PLACED,Effective after this candle closes; no same-bar fill,4334.09,4330.64,4337.54,2026-09-14 03:06:00+00:00,,,,,,2026.09.14 06:05:00,2026.09.14 06:06:00
101,2026-09-14 03:06:00+00:00,MODIFIED,Effective after this candle closes; no same-bar fill,4337.29,4330.64,4343.94,2026-09-14 03:07:00+00:00,,,,,,2026.09.14 06:06:00,2026.09.14 06:07:00
101,2026-09-14 03:07:00+00:00,CANCELLED,SL breached or risk outside permitted distance,4341.1,4330.64,,,,,,,,2026.09.14 06:07:00,
102,2026-09-14 04:05:00+00:00,DETECTED,Decision at candle close,4335.47,4344.6,,2026-09-14 04:06:00+00:00,,,,,,2026.09.14 07:05:00,2026.09.14 07:06:00
102,2026-09-14 04:05:00+00:00,PLACED,Effective after this candle closes; no same-bar fill,4335.47,4344.6,4326.34,2026-09-14 04:06:00+00:00,,,,,,2026.09.14 07:05:00,2026.09.14 07:06:00
102,2026-09-14 04:06:00+00:00,MODIFIED,Effective after this candle closes; no same-bar fill,4334.66,4344.6,4324.72,2026-09-14 04:07:00+00:00,,,,,,2026.09.14 07:06:00,2026.09.14 07:07:00
102,2026-09-14 04:07:00+00:00,FILLED,Simulated limit touch; exact tick time unknown,4334.66,4344.6,4324.72,,19.0,,,,,2026.09.14 07:07:00,
102,2026-09-14 04:39:00+00:00,SL,"exit_result: open-gap priority, otherwise SL-first; fill-bar TP requires proof",4334.66,4344.6,4324.72,,,,,,,2026.09.14 07:39:00,
103,2026-09-14 05:25:00+00:00,DETECTED,Decision at candle close,4352.01,4349.47,,2026-09-14 05:26:00+00:00,,,,,,2026.09.14 08:25:00,2026.09.14 08:26:00
103,2026-09-14 05:25:00+00:00,WAIT,EMA/ADX/session filter failed; existing order unchanged,4352.01,4349.47,,,,4346.819058054906,18.63297957684157,,,2026.09.14 08:25:00,
103,2026-09-14 05:26:00+00:00,PLACED,Effective after this candle closes; no same-bar fill,4352.96,4349.47,4356.45,2026-09-14 05:27:00+00:00,,,,,,2026.09.14 08:26:00,2026.09.14 08:27:00
103,2026-09-14 05:27:00+00:00,MODIFIED,Effective after this candle closes; no same-bar fill,4352.98,4349.47,4356.49,2026-09-14 05:28:00+00:00,,,,,,2026.09.14 08:27:00,2026.09.14 08:28:00
103,2026-09-14 05:28:00+00:00,FILLED,Simulated limit touch; exact tick time unknown,4352.98,4349.47,4356.49,,16.0,,,,,2026.09.14 08:28:00,
103,2026-09-14 05:38:00+00:00,SL,"exit_result: open-gap priority, otherwise SL-first; fill-bar TP requires proof",4352.98,4349.47,4356.49,,,,,,,2026.09.14 08:38:00,
104,2026-09-14 05:53:00+00:00,DETECTED,Decision at candle close,4341.1,4345.07,,2026-09-14 05:54:00+00:00,,,,,,2026.09.14 08:53:00,2026.09.14 08:54:00
104,2026-09-14 05:53:00+00:00,PLACED,Effective after this candle closes; no same-bar fill,4341.1,4345.07,4337.13,2026-09-14 05:54:00+00:00,,,,,,2026.09.14 08:53:00,2026.09.14 08:54:00
104,2026-09-14 05:54:00+00:00,MODIFIED,Effective after this candle closes; no same-bar fill,4340.56,4345.07,4336.05,2026-09-14 05:55:00+00:00,,,,,,2026.09.14 08:54:00,2026.09.14 08:55:00
104,2026-09-14 05:55:00+00:00,MODIFIED,Effective after this candle closes; no same-bar fill,4338.2,4345.07,4331.33,2026-09-14 05:56:00+00:00,,,,,,2026.09.14 08:55:00,2026.09.14 08:56:00
104,2026-09-14 05:56:00+00:00,MODIFIED,Effective after this candle closes; no same-bar fill,4337.13,4345.07,4329.19,2026-09-14 05:57:00+00:00,,,,,,2026.09.14 08:56:00,2026.09.14 08:57:00
104,2026-09-14 05:57:00+00:00,MODIFIED,Effective after this candle closes; no same-bar fill,4335.17,4345.07,4325.27,2026-09-14 05:58:00+00:00,,,,,,2026.09.14 08:57:00,2026.09.14 08:58:00
104,2026-09-14 05:58:00+00:00,CANCELLED,SL breached or risk outside permitted distance,4333.29,4345.07,,,,,,,,2026.09.14 08:58:00,
105,2026-09-14 08:25:00+00:00,DETECTED,Decision at candle close,4327.93,4330.19,,2026-09-14 08:26:00+00:00,,,,,,2026.09.14 11:25:00,2026.09.14 11:26:00
105,2026-09-14 08:25:00+00:00,WAIT,EMA/ADX/session filter failed; existing order unchanged,4327.93,4330.19,,,,4329.092440761331,17.149711189351518,,,2026.09.14 11:25:00,
105,2026-09-14 08:26:00+00:00,WAIT,EMA/ADX/session filter failed; existing order unchanged,4327.93,4330.19,,,,4329.079246037078,16.468845756246548,,,2026.09.14 11:26:00,
105,2026-09-14 08:27:00+00:00,WAIT,Trend filter failed; existing order unchanged,4327.93,4330.19,,,,,,,,2026.09.14 11:27:00,
105,2026-09-14 08:28:00+00:00,WAIT,Trend filter failed; existing order unchanged,4327.93,4330.19,,,,,,,,2026.09.14 11:28:00,
105,2026-09-14 08:29:00+00:00,WAIT,Trend filter failed; existing order unchanged,4327.93,4330.19,,,,,,,,2026.09.14 11:29:00,
105,2026-09-14 08:30:00+00:00,CANCELLED,SL breached or risk outside permitted distance,4327.93,4330.19,,,,,,,,2026.09.14 11:30:00,
106,2026-09-14 08:55:00+00:00,DETECTED,Decision at candle close,4332.45,4328.03,,2026-09-14 08:56:00+00:00,,,,,,2026.09.14 11:55:00,2026.09.14 11:56:00
106,2026-09-14 08:55:00+00:00,WAIT,EMA/ADX/session filter failed; existing order unchanged,4332.45,4328.03,,,,4330.364443812964,16.17199644429698,,,2026.09.14 11:55:00,
106,2026-09-14 08:56:00+00:00,WAIT,EMA/ADX/session filter failed; existing order unchanged,4333.62,4328.03,,,,4330.526921060961,16.537012628575276,,,2026.09.14 11:56:00,
106,2026-09-14 08:57:00+00:00,WAIT,EMA/ADX/session filter failed; existing order unchanged,4334.61,4328.03,,,,4330.69489084897,16.875956228262265,,,2026.09.14 11:57:00,
106,2026-09-14 08:58:00+00:00,WAIT,EMA/ADX/session filter failed; existing order unchanged,4335.03,4328.03,,,,4330.885550212126,17.32595126657758,,,2026.09.14 11:58:00,
106,2026-09-14 08:59:00+00:00,WAIT,EMA/ADX/session filter failed; existing order unchanged,4335.88,4328.03,,,,4331.0971715599135,17.961586000350916,,,2026.09.14 11:59:00,
106,2026-09-14 09:00:00+00:00,WAIT,EMA/ADX/session filter failed; existing order unchanged,4336.02,4328.03,,,,4331.264805235416,18.935211557449314,,,2026.09.14 12:00:00,
106,2026-09-14 09:01:00+00:00,WAIT,EMA/ADX/session filter failed; existing order unchanged,4336.02,4328.03,,,,4331.48858208237,19.476634688064628,,,2026.09.14 12:01:00,
106,2026-09-14 09:02:00+00:00,WAIT,EMA/ADX/session filter failed; existing order unchanged,4336.48,4328.03,,,,4331.66338264849,19.989749782413227,,,2026.09.14 12:02:00,
106,2026-09-14 09:03:00+00:00,WAIT,Limit not passive or too close to market; existing order unchanged,4336.48,4328.03,,,,,,,,2026.09.14 12:03:00,
106,2026-09-14 09:04:00+00:00,WAIT,Trend filter failed; existing order unchanged,4336.48,4328.03,,,,,,,,2026.09.14 12:04:00,
106,2026-09-14 09:05:00+00:00,WAIT,Trend filter failed; existing order unchanged,4336.48,4328.03,,,,,,,,2026.09.14 12:05:00,
106,2026-09-14 09:06:00+00:00,WAIT,Trend filter failed; existing order unchanged,4336.48,4328.03,,,,,,,,2026.09.14 12:06:00,
106,2026-09-14 09:07:00+00:00,WAIT,Trend filter failed; existing order unchanged,4336.48,4328.03,,,,,,,,2026.09.14 12:07:00,
106,2026-09-14 09:08:00+00:00,WAIT,Trend filter failed; existing order unchanged,4336.48,4328.03,,,,,,,,2026.09.14 12:08:00,
106,2026-09-14 09:09:00+00:00,WAIT,Trend filter failed; existing order unchanged,4336.48,4328.03,,,,,,,,2026.09.14 12:09:00,
106,2026-09-14 09:10:00+00:00,WAIT,Trend filter failed; existing order unchanged,4336.48,4328.03,,,,,,,,2026.09.14 12:10:00,
106,2026-09-14 09:11:00+00:00,WAIT,Trend filter failed; existing order unchanged,4336.48,4328.03,,,,,,,,2026.09.14 12:11:00,
106,2026-09-14 09:12:00+00:00,WAIT,Trend filter failed; existing order unchanged,4336.48,4328.03,,,,,,,,2026.09.14 12:12:00,
106,2026-09-14 09:13:00+00:00,CANCELLED,SL breached or risk outside permitted distance,4336.48,4328.03,,,,,,,,2026.09.14 12:13:00,
107,2026-09-14 10:53:00+00:00,DETECTED,Decision at candle close,4312.21,4319.6,,2026-09-14 10:54:00+00:00,,,,,,2026.09.14 13:53:00,2026.09.14 13:54:00
107,2026-09-14 10:53:00+00:00,PLACED,Effective after this candle closes; no same-bar fill,4312.21,4319.6,4304.82,2026-09-14 10:54:00+00:00,,,,,,2026.09.14 13:53:00,2026.09.14 13:54:00
107,2026-09-14 10:54:00+00:00,FILLED,Simulated limit touch; exact tick time unknown,4312.21,4319.6,4304.82,,8.0,,,,,2026.09.14 13:54:00,
107,2026-09-14 11:56:00+00:00,TP,"exit_result: open-gap priority, otherwise SL-first; fill-bar TP requires proof",4312.21,4319.6,4304.82,,,,,,,2026.09.14 14:56:00,
108,2026-09-14 12:17:00+00:00,DETECTED,Decision at candle close,4303.88,4306.34,,2026-09-14 12:18:00+00:00,,,,,,2026.09.14 15:17:00,2026.09.14 15:18:00
108,2026-09-14 12:17:00+00:00,WAIT,EMA/ADX/session filter failed; existing order unchanged,4303.88,4306.34,,,,4309.445815605627,19.267279370975082,,,2026.09.14 15:17:00,
108,2026-09-14 12:18:00+00:00,PLACED,Effective after this candle closes; no same-bar fill,4301.23,4306.34,4296.12,2026-09-14 12:19:00+00:00,,,,,,2026.09.14 15:18:00,2026.09.14 15:19:00
108,2026-09-14 12:19:00+00:00,MODIFIED,Effective after this candle closes; no same-bar fill,4297.76,4306.34,4289.18,2026-09-14 12:20:00+00:00,,,,,,2026.09.14 15:19:00,2026.09.14 15:20:00
108,2026-09-14 12:20:00+00:00,CANCELLED,SL breached or risk outside permitted distance,4292.96,4306.34,,,,,,,,2026.09.14 15:20:00,
109,2026-09-14 12:31:00+00:00,DETECTED,Decision at candle close,4286.21,4283.3,,2026-09-14 12:32:00+00:00,,,,,,2026.09.14 15:31:00,2026.09.14 15:32:00
109,2026-09-14 12:31:00+00:00,WAIT,EMA/ADX/session filter failed; existing order unchanged,4286.21,4283.3,,,,4301.402997783097,50.4389628202921,,,2026.09.14 15:31:00,
109,2026-09-14 12:32:00+00:00,WAIT,EMA/ADX/session filter failed; existing order unchanged,4286.21,4283.3,,,,4300.820932235282,50.55569899076437,,,2026.09.14 15:32:00,
109,2026-09-14 12:33:00+00:00,WAIT,Trend filter failed; existing order unchanged,4286.21,4283.3,,,,,,,,2026.09.14 15:33:00,
109,2026-09-14 12:34:00+00:00,WAIT,Trend filter failed; existing order unchanged,4286.21,4283.3,,,,,,,,2026.09.14 15:34:00,
109,2026-09-14 12:35:00+00:00,WAIT,Trend filter failed; existing order unchanged,4286.21,4283.3,,,,,,,,2026.09.14 15:35:00,
109,2026-09-14 12:36:00+00:00,WAIT,Trend filter failed; existing order unchanged,4286.21,4283.3,,,,,,,,2026.09.14 15:36:00,
109,2026-09-14 12:37:00+00:00,WAIT,Trend filter failed; existing order unchanged,4286.21,4283.3,,,,,,,,2026.09.14 15:37:00,
109,2026-09-14 12:38:00+00:00,WAIT,Trend filter failed; existing order unchanged,4286.21,4283.3,,,,,,,,2026.09.14 15:38:00,
109,2026-09-14 12:39:00+00:00,CANCELLED,SL breached or risk outside permitted distance,4286.21,4283.3,,,,,,,,2026.09.14 15:39:00,
110,2026-09-14 12:46:00+00:00,DETECTED,Decision at candle close,4282.31,4286.31,,2026-09-14 12:47:00+00:00,,,,,,2026.09.14 15:46:00,2026.09.14 15:47:00
110,2026-09-14 12:46:00+00:00,PLACED,Effective after this candle closes; no same-bar fill,4282.31,4286.31,4278.31,2026-09-14 12:47:00+00:00,,,,,,2026.09.14 15:46:00,2026.09.14 15:47:00
110,2026-09-14 12:47:00+00:00,FILLED,Simulated limit touch; exact tick time unknown,4282.31,4286.31,4278.31,,11.0,,,,,2026.09.14 15:47:00,
110,2026-09-14 12:54:00+00:00,SL,"exit_result: open-gap priority, otherwise SL-first; fill-bar TP requires proof",4282.31,4286.31,4278.31,,,,,,,2026.09.14 15:54:00,
111,2026-09-14 13:27:00+00:00,DETECTED,Decision at candle close,4290.84,4287.76,,2026-09-14 13:28:00+00:00,,,,,,2026.09.14 16:27:00,2026.09.14 16:28:00
111,2026-09-14 13:27:00+00:00,WAIT,Limit not passive or too close to market; existing order unchanged,4290.84,4287.76,,,,,,,,2026.09.14 16:27:00,
111,2026-09-14 13:28:00+00:00,PLACED,Effective after this candle closes; no same-bar fill,4290.84,4287.76,4293.92,2026-09-14 13:29:00+00:00,,,,,,2026.09.14 16:28:00,2026.09.14 16:29:00
111,2026-09-14 13:29:00+00:00,FILLED,Simulated limit touch; exact tick time unknown,4290.84,4287.76,4293.92,,11.0,,,,,2026.09.14 16:29:00,
111,2026-09-14 13:41:00+00:00,TP,"exit_result: open-gap priority, otherwise SL-first; fill-bar TP requires proof",4290.84,4287.76,4293.92,,,,,,,2026.09.14 16:41:00,
112,2026-09-14 15:09:00+00:00,DETECTED,Decision at candle close,4290.43,4286.08,,2026-09-14 15:10:00+00:00,,,,,,2026.09.14 18:09:00,2026.09.14 18:10:00
112,2026-09-14 15:09:00+00:00,PLACED,Effective after this candle closes; no same-bar fill,4290.43,4286.08,4294.78,2026-09-14 15:10:00+00:00,,,,,,2026.09.14 18:09:00,2026.09.14 18:10:00
112,2026-09-14 15:10:00+00:00,MODIFIED,Effective after this candle closes; no same-bar fill,4292.1,4286.08,4298.12,2026-09-14 15:11:00+00:00,,,,,,2026.09.14 18:10:00,2026.09.14 18:11:00
112,2026-09-14 15:11:00+00:00,MODIFIED,Effective after this candle closes; no same-bar fill,4295.79,4286.08,4305.5,2026-09-14 15:12:00+00:00,,,,,,2026.09.14 18:11:00,2026.09.14 18:12:00
112,2026-09-14 15:12:00+00:00,FILLED,Simulated limit touch; exact tick time unknown,4295.79,4286.08,4305.5,,14.0,,,,,2026.09.14 18:12:00,
112,2026-09-14 15:22:00+00:00,SL,"exit_result: open-gap priority, otherwise SL-first; fill-bar TP requires proof",4295.79,4286.08,4305.5,,,,,,,2026.09.14 18:22:00,
113,2026-09-14 17:46:00+00:00,DETECTED,Decision at candle close,4276.82,4271.11,,2026-09-14 17:47:00+00:00,,,,,,2026.09.14 20:46:00,2026.09.14 20:47:00
113,2026-09-14 17:46:00+00:00,WAIT,EMA/ADX/session filter failed; existing order unchanged,4276.82,4271.11,,,,4272.040012927349,17.872422853781337,,,2026.09.14 20:46:00,
113,2026-09-14 17:47:00+00:00,WAIT,EMA/ADX/session filter failed; existing order unchanged,4276.82,4271.11,,,,4272.205586176499,19.70564457201811,,,2026.09.14 20:47:00,
113,2026-09-14 17:48:00+00:00,PLACED,Effective after this candle closes; no same-bar fill,4276.82,4271.11,4282.53,2026-09-14 17:49:00+00:00,,,,,,2026.09.14 20:48:00,2026.09.14 20:49:00
113,2026-09-14 17:49:00+00:00,MODIFIED,Effective after this candle closes; no same-bar fill,4277.24,4271.11,4283.37,2026-09-14 17:50:00+00:00,,,,,,2026.09.14 20:49:00,2026.09.14 20:50:00
113,2026-09-14 17:50:00+00:00,FILLED,Simulated limit touch; exact tick time unknown,4277.24,4271.11,4283.37,,11.0,,,,,2026.09.14 20:50:00,
113,2026-09-14 18:05:00+00:00,TP,"exit_result: open-gap priority, otherwise SL-first; fill-bar TP requires proof",4277.24,4271.11,4283.37,,,,,,,2026.09.14 21:05:00,
114,2026-09-14 18:51:00+00:00,DETECTED,Decision at candle close,4288.69,4292.88,,2026-09-14 18:52:00+00:00,,,,,,2026.09.14 21:51:00,2026.09.14 21:52:00
114,2026-09-14 18:51:00+00:00,WAIT,EMA/ADX/session filter failed; existing order unchanged,4288.69,4292.88,,,,4284.901070617432,24.380319678458534,,,2026.09.14 21:51:00,
114,2026-09-14 18:52:00+00:00,WAIT,EMA/ADX/session filter failed; existing order unchanged,4288.69,4292.88,,,,4285.029560036161,23.806819276458217,,,2026.09.14 21:52:00,
114,2026-09-14 18:53:00+00:00,WAIT,Trend filter failed; existing order unchanged,4288.69,4292.88,,,,,,,,2026.09.14 21:53:00,
114,2026-09-14 18:54:00+00:00,WAIT,Trend filter failed; existing order unchanged,4288.69,4292.88,,,,,,,,2026.09.14 21:54:00,
114,2026-09-14 18:55:00+00:00,WAIT,Trend filter failed; existing order unchanged,4288.69,4292.88,,,,,,,,2026.09.14 21:55:00,
114,2026-09-14 18:56:00+00:00,WAIT,Trend filter failed; existing order unchanged,4288.69,4292.88,,,,,,,,2026.09.14 21:56:00,
114,2026-09-14 18:57:00+00:00,WAIT,Trend filter failed; existing order unchanged,4288.69,4292.88,,,,,,,,2026.09.14 21:57:00,
114,2026-09-14 18:58:00+00:00,WAIT,Trend filter failed; existing order unchanged,4288.69,4292.88,,,,,,,,2026.09.14 21:58:00,
114,2026-09-14 18:59:00+00:00,WAIT,Trend filter failed; existing order unchanged,4288.69,4292.88,,,,,,,,2026.09.14 21:59:00,
114,2026-09-14 19:00:00+00:00,WAIT,Trend filter failed; existing order unchanged,4288.69,4292.88,,,,,,,,2026.09.14 22:00:00,
114,2026-09-14 19:01:00+00:00,WAIT,Trend filter failed; existing order unchanged,4288.69,4292.88,,,,,,,,2026.09.14 22:01:00,
114,2026-09-14 19:02:00+00:00,WAIT,Trend filter failed; existing order unchanged,4288.35,4292.88,,,,,,,,2026.09.14 22:02:00,
114,2026-09-14 19:03:00+00:00,WAIT,Trend filter failed; existing order unchanged,4288.35,4292.88,,,,,,,,2026.09.14 22:03:00,
114,2026-09-14 19:04:00+00:00,WAIT,Trend filter failed; existing order unchanged,4287.85,4292.88,,,,,,,,2026.09.14 22:04:00,
114,2026-09-14 19:05:00+00:00,WAIT,Trend filter failed; existing order unchanged,4287.85,4292.88,,,,,,,,2026.09.14 22:05:00,
114,2026-09-14 19:06:00+00:00,WAIT,Trend filter failed; existing order unchanged,4287.85,4292.88,,,,,,,,2026.09.14 22:06:00,
114,2026-09-14 19:07:00+00:00,WAIT,Trend filter failed; existing order unchanged,4287.85,4292.88,,,,,,,,2026.09.14 22:07:00,
114,2026-09-14 19:08:00+00:00,WAIT,Trend filter failed; existing order unchanged,4287.85,4292.88,,,,,,,,2026.09.14 22:08:00,
114,2026-09-14 19:09:00+00:00,CANCELLED,SL breached or risk outside permitted distance,4287.85,4292.88,,,,,,,,2026.09.14 22:09:00,
115,2026-09-14 19:11:00+00:00,DETECTED,Decision at candle close,4294.71,4290.37,,2026-09-14 19:12:00+00:00,,,,,,2026.09.14 22:11:00,2026.09.14 22:12:00
115,2026-09-14 19:11:00+00:00,WAIT,EMA/ADX/session filter failed; existing order unchanged,4294.71,4290.37,,,,4287.635046728976,19.831600881397268,,,2026.09.14 22:11:00,
115,2026-09-14 19:12:00+00:00,PLACED,Effective after this candle closes; no same-bar fill,4295.62,4290.37,4300.87,2026-09-14 19:13:00+00:00,,,,,,2026.09.14 22:12:00,2026.09.14 22:13:00
115,2026-09-14 19:13:00+00:00,FILLED,Simulated limit touch; exact tick time unknown,4295.62,4290.37,4300.87,,15.0,,,,,2026.09.14 22:13:00,
115,2026-09-14 19:22:00+00:00,TP,"exit_result: open-gap priority, otherwise SL-first; fill-bar TP requires proof",4295.62,4290.37,4300.87,,,,,,,2026.09.14 22:22:00,
116,2026-09-14 19:25:00+00:00,DETECTED,Decision at candle close,4304.08,4298.82,,2026-09-14 19:26:00+00:00,,,,,,2026.09.14 22:25:00,2026.09.14 22:26:00
116,2026-09-14 19:25:00+00:00,WAIT,Limit not passive or too close to market; existing order unchanged,4304.08,4298.82,,,,,,,,2026.09.14 22:25:00,
116,2026-09-14 19:26:00+00:00,WAIT,Limit not passive or too close to market; existing order unchanged,4304.08,4298.82,,,,,,,,2026.09.14 22:26:00,
116,2026-09-14 19:27:00+00:00,WAIT,Trend filter failed; existing order unchanged,4304.08,4298.82,,,,,,,,2026.09.14 22:27:00,
116,2026-09-14 19:28:00+00:00,WAIT,Trend filter failed; existing order unchanged,4304.08,4298.82,,,,,,,,2026.09.14 22:28:00,
116,2026-09-14 19:29:00+00:00,WAIT,Trend filter failed; existing order unchanged,4304.08,4298.82,,,,,,,,2026.09.14 22:29:00,
116,2026-09-14 19:30:00+00:00,CANCELLED,SL breached or risk outside permitted distance,4304.08,4298.82,,,,,,,,2026.09.14 22:30:00,
117,2026-09-14 19:42:00+00:00,DETECTED,Decision at candle close,4303.49,4300.44,,2026-09-14 19:43:00+00:00,,,,,,2026.09.14 22:42:00,2026.09.14 22:43:00
117,2026-09-14 19:42:00+00:00,PLACED,Effective after this candle closes; no same-bar fill,4303.49,4300.44,4306.54,2026-09-14 19:43:00+00:00,,,,,,2026.09.14 22:42:00,2026.09.14 22:43:00
117,2026-09-14 19:43:00+00:00,MODIFIED,Effective after this candle closes; no same-bar fill,4304.71,4300.44,4308.98,2026-09-14 19:44:00+00:00,,,,,,2026.09.14 22:43:00,2026.09.14 22:44:00
117,2026-09-14 19:44:00+00:00,MODIFIED,Effective after this candle closes; no same-bar fill,4305.86,4300.44,4311.28,2026-09-14 19:45:00+00:00,,,,,,2026.09.14 22:44:00,2026.09.14 22:45:00
117,2026-09-14 19:45:00+00:00,FILLED,Simulated limit touch; exact tick time unknown,4305.86,4300.44,4311.28,,13.0,,,,,2026.09.14 22:45:00,
117,2026-09-14 19:47:00+00:00,TP,"exit_result: open-gap priority, otherwise SL-first; fill-bar TP requires proof",4305.86,4300.44,4311.28,,,,,,,2026.09.14 22:47:00,
118,2026-09-14 23:21:00+00:00,DETECTED,Decision at candle close,4293.45,4290.3,,2026-09-14 23:22:00+00:00,,,,,,2026.09.15 02:21:00,2026.09.15 02:22:00
118,2026-09-14 23:21:00+00:00,PLACED,Effective after this candle closes; no same-bar fill,4293.45,4290.3,4296.6,2026-09-14 23:22:00+00:00,,,,,,2026.09.15 02:21:00,2026.09.15 02:22:00
118,2026-09-14 23:22:00+00:00,MODIFIED,Effective after this candle closes; no same-bar fill,4294.31,4290.3,4298.32,2026-09-14 23:23:00+00:00,,,,,,2026.09.15 02:22:00,2026.09.15 02:23:00
118,2026-09-14 23:23:00+00:00,FILLED,Simulated limit touch; exact tick time unknown,4294.31,4290.3,4298.32,,15.0,,,,,2026.09.15 02:23:00,
118,2026-09-14 23:31:00+00:00,TP,"exit_result: open-gap priority, otherwise SL-first; fill-bar TP requires proof",4294.31,4290.3,4298.32,,,,,,,2026.09.15 02:31:00,
119,2026-09-14 23:37:00+00:00,DETECTED,Decision at candle close,4297.41,4299.56,,2026-09-14 23:38:00+00:00,,,,,,2026.09.15 02:37:00,2026.09.15 02:38:00
119,2026-09-14 23:37:00+00:00,WAIT,EMA/ADX/session filter failed; existing order unchanged,4297.41,4299.56,,,,4293.893892943348,45.78350218752075,,,2026.09.15 02:37:00,
119,2026-09-14 23:38:00+00:00,WAIT,EMA/ADX/session filter failed; existing order unchanged,4296.08,4299.56,,,,4293.948519337882,42.56520828640911,,,2026.09.15 02:38:00,
119,2026-09-14 23:39:00+00:00,WAIT,EMA/ADX/session filter failed; existing order unchanged,4296.08,4299.56,,,,4294.023321830244,39.62128152052741,,,2026.09.15 02:39:00,
119,2026-09-14 23:40:00+00:00,WAIT,Trend filter failed; existing order unchanged,4296.08,4299.56,,,,,,,,2026.09.15 02:40:00,
119,2026-09-14 23:41:00+00:00,WAIT,Trend filter failed; existing order unchanged,4296.08,4299.56,,,,,,,,2026.09.15 02:41:00,
119,2026-09-14 23:42:00+00:00,WAIT,Trend filter failed; existing order unchanged,4296.08,4299.56,,,,,,,,2026.09.15 02:42:00,
119,2026-09-14 23:43:00+00:00,WAIT,Trend filter failed; existing order unchanged,4295.64,4299.56,,,,,,,,2026.09.15 02:43:00,
119,2026-09-14 23:44:00+00:00,WAIT,Trend filter failed; existing order unchanged,4295.44,4299.56,,,,,,,,2026.09.15 02:44:00,
119,2026-09-14 23:45:00+00:00,WAIT,Trend filter failed; existing order unchanged,4295.44,4299.56,,,,,,,,2026.09.15 02:45:00,
119,2026-09-14 23:46:00+00:00,WAIT,Trend filter failed; existing order unchanged,4295.44,4299.56,,,,,,,,2026.09.15 02:46:00,
119,2026-09-14 23:47:00+00:00,WAIT,Trend filter failed; existing order unchanged,4295.44,4299.56,,,,,,,,2026.09.15 02:47:00,
119,2026-09-14 23:48:00+00:00,WAIT,Trend filter failed; existing order unchanged,4295.44,4299.56,,,,,,,,2026.09.15 02:48:00,
119,2026-09-14 23:49:00+00:00,WAIT,Trend filter failed; existing order unchanged,4295.44,4299.56,,,,,,,,2026.09.15 02:49:00,
119,2026-09-14 23:50:00+00:00,WAIT,Trend filter failed; existing order unchanged,4295.44,4299.56,,,,,,,,2026.09.15 02:50:00,
119,2026-09-14 23:51:00+00:00,WAIT,Trend filter failed; existing order unchanged,4295.44,4299.56,,,,,,,,2026.09.15 02:51:00,
119,2026-09-14 23:52:00+00:00,WAIT,Trend filter failed; existing order unchanged,4295.44,4299.56,,,,,,,,2026.09.15 02:52:00,
119,2026-09-14 23:53:00+00:00,WAIT,Trend filter failed; existing order unchanged,4295.44,4299.56,,,,,,,,2026.09.15 02:53:00,
119,2026-09-14 23:54:00+00:00,WAIT,Trend filter failed; existing order unchanged,4295.44,4299.56,,,,,,,,2026.09.15 02:54:00,
119,2026-09-14 23:55:00+00:00,WAIT,Trend filter failed; existing order unchanged,4295.44,4299.56,,,,,,,,2026.09.15 02:55:00,
119,2026-09-14 23:56:00+00:00,WAIT,Trend filter failed; existing order unchanged,4295.44,4299.56,,,,,,,,2026.09.15 02:56:00,
119,2026-09-14 23:57:00+00:00,WAIT,Trend filter failed; existing order unchanged,4295.44,4299.56,,,,,,,,2026.09.15 02:57:00,
119,2026-09-14 23:58:00+00:00,WAIT,Trend filter failed; existing order unchanged,4295.44,4299.56,,,,,,,,2026.09.15 02:58:00,
119,2026-09-14 23:59:00+00:00,WAIT,Trend filter failed; existing order unchanged,4295.44,4299.56,,,,,,,,2026.09.15 02:59:00,
119,2026-09-15 01:00:00+00:00,CANCELLED,SL breached or risk outside permitted distance,4295.44,4299.56,,,,,,,,2026.09.15 04:00:00,
120,2026-09-15 03:56:00+00:00,DETECTED,Decision at candle close,4294.22,4296.34,,2026-09-15 03:57:00+00:00,,,,,,2026.09.15 06:56:00,2026.09.15 06:57:00
120,2026-09-15 03:56:00+00:00,WAIT,EMA/ADX/session filter failed; existing order unchanged,4294.22,4296.34,,,,4289.993954571808,28.980772774221755,,,2026.09.15 06:56:00,
120,2026-09-15 03:57:00+00:00,WAIT,EMA/ADX/session filter failed; existing order unchanged,4294.07,4296.34,,,,4290.112841342927,28.59251236519568,,,2026.09.15 06:57:00,
120,2026-09-15 03:58:00+00:00,WAIT,EMA/ADX/session filter failed; existing order unchanged,4293.74,4296.34,,,,4290.188485924826,27.34151009746204,,,2026.09.15 06:58:00,
120,2026-09-15 03:59:00+00:00,WAIT,EMA/ADX/session filter failed; existing order unchanged,4293.74,4296.34,,,,4290.27378132463,26.26973638083397,,,2026.09.15 06:59:00,
120,2026-09-15 04:00:00+00:00,WAIT,EMA/ADX/session filter failed; existing order unchanged,4293.74,4296.34,,,,4290.326116521233,24.863084760276944,,,2026.09.15 07:00:00,
120,2026-09-15 04:01:00+00:00,WAIT,EMA/ADX/session filter failed; existing order unchanged,4292.42,4296.34,,,,4290.334440416264,23.77098189485186,,,2026.09.15 07:01:00,
120,2026-09-15 04:02:00+00:00,PLACED,Effective after this candle closes; no same-bar fill,4291.03,4296.34,4285.72,2026-09-15 04:03:00+00:00,,,,,,2026.09.15 07:02:00,2026.09.15 07:03:00
120,2026-09-15 04:03:00+00:00,FILLED,Simulated limit touch; exact tick time unknown,4291.03,4296.34,4285.72,,19.0,,,,,2026.09.15 07:03:00,
120,2026-09-15 04:04:00+00:00,SL,"exit_result: open-gap priority, otherwise SL-first; fill-bar TP requires proof",4291.03,4296.34,4285.72,,,,,,,2026.09.15 07:04:00,
121,2026-09-15 04:57:00+00:00,DETECTED,Decision at candle close,4302.02,4298.2,,2026-09-15 04:58:00+00:00,,,,,,2026.09.15 07:57:00,2026.09.15 07:58:00
121,2026-09-15 04:57:00+00:00,WAIT,EMA/ADX/session filter failed; existing order unchanged,4302.02,4298.2,,,,4298.144280793021,14.716554054194141,,,2026.09.15 07:57:00,
121,2026-09-15 04:58:00+00:00,WAIT,EMA/ADX/session filter failed; existing order unchanged,4302.02,4298.2,,,,4298.321189637942,14.929819578838298,,,2026.09.15 07:58:00,
121,2026-09-15 04:59:00+00:00,WAIT,EMA/ADX/session filter failed; existing order unchanged,4303.22,4298.2,,,,4298.52115074418,15.504093656407424,,,2026.09.15 07:59:00,
121,2026-09-15 05:00:00+00:00,WAIT,EMA/ADX/session filter failed; existing order unchanged,4304.68,4298.2,,,,4298.755867157063,16.544407865609884,,,2026.09.15 08:00:00,
121,2026-09-15 05:01:00+00:00,WAIT,EMA/ADX/session filter failed; existing order unchanged,4305.5,4298.2,,,,4299.143871517186,18.530708737155813,,,2026.09.15 08:01:00,
121,2026-09-15 05:02:00+00:00,CANCELLED,SL breached or risk outside permitted distance,4308.52,4298.2,,,,,,,,2026.09.15 08:02:00,
122,2026-09-15 06:26:00+00:00,DETECTED,Decision at candle close,4311.36,4314.27,,2026-09-15 06:27:00+00:00,,,,,,2026.09.15 09:26:00,2026.09.15 09:27:00
122,2026-09-15 06:26:00+00:00,WAIT,EMA/ADX/session filter failed; existing order unchanged,4311.36,4314.27,,,,4311.059963294836,10.870904023435495,,,2026.09.15 09:26:00,
122,2026-09-15 06:27:00+00:00,WAIT,EMA/ADX/session filter failed; existing order unchanged,4311.36,4314.27,,,,4311.072095702356,10.237764495838828,,,2026.09.15 09:27:00,
122,2026-09-15 06:28:00+00:00,WAIT,Trend filter failed; existing order unchanged,4311.36,4314.27,,,,,,,,2026.09.15 09:28:00,
122,2026-09-15 06:29:00+00:00,WAIT,Trend filter failed; existing order unchanged,4311.36,4314.27,,,,,,,,2026.09.15 09:29:00,
122,2026-09-15 06:30:00+00:00,WAIT,Trend filter failed; existing order unchanged,4311.36,4314.27,,,,,,,,2026.09.15 09:30:00,
122,2026-09-15 06:31:00+00:00,WAIT,Trend filter failed; existing order unchanged,4311.36,4314.27,,,,,,,,2026.09.15 09:31:00,
122,2026-09-15 06:32:00+00:00,WAIT,Trend filter failed; existing order unchanged,4311.36,4314.27,,,,,,,,2026.09.15 09:32:00,
122,2026-09-15 06:33:00+00:00,WAIT,Trend filter failed; existing order unchanged,4311.36,4314.27,,,,,,,,2026.09.15 09:33:00,
122,2026-09-15 06:34:00+00:00,WAIT,Trend filter failed; existing order unchanged,4311.36,4314.27,,,,,,,,2026.09.15 09:34:00,
122,2026-09-15 06:35:00+00:00,WAIT,Trend filter failed; existing order unchanged,4311.36,4314.27,,,,,,,,2026.09.15 09:35:00,
122,2026-09-15 06:36:00+00:00,WAIT,Trend filter failed; existing order unchanged,4311.36,4314.27,,,,,,,,2026.09.15 09:36:00,
122,2026-09-15 06:37:00+00:00,WAIT,Trend filter failed; existing order unchanged,4311.36,4314.27,,,,,,,,2026.09.15 09:37:00,
122,2026-09-15 06:38:00+00:00,WAIT,Trend filter failed; existing order unchanged,4311.26,4314.27,,,,,,,,2026.09.15 09:38:00,
122,2026-09-15 06:39:00+00:00,WAIT,Trend filter failed; existing order unchanged,4310.03,4314.27,,,,,,,,2026.09.15 09:39:00,
122,2026-09-15 06:40:00+00:00,WAIT,Trend filter failed; existing order unchanged,4310.03,4314.27,,,,,,,,2026.09.15 09:40:00,
122,2026-09-15 06:41:00+00:00,WAIT,Trend filter failed; existing order unchanged,4309.79,4314.27,,,,,,,,2026.09.15 09:41:00,
122,2026-09-15 06:42:00+00:00,WAIT,Trend filter failed; existing order unchanged,4309.44,4314.27,,,,,,,,2026.09.15 09:42:00,
122,2026-09-15 06:43:00+00:00,WAIT,Trend filter failed; existing order unchanged,4309.0,4314.27,,,,,,,,2026.09.15 09:43:00,
122,2026-09-15 06:44:00+00:00,WAIT,Trend filter failed; existing order unchanged,4309.0,4314.27,,,,,,,,2026.09.15 09:44:00,
122,2026-09-15 06:45:00+00:00,WAIT,Trend filter failed; existing order unchanged,4308.82,4314.27,,,,,,,,2026.09.15 09:45:00,
122,2026-09-15 06:46:00+00:00,WAIT,Trend filter failed; existing order unchanged,4308.82,4314.27,,,,,,,,2026.09.15 09:46:00,
122,2026-09-15 06:47:00+00:00,WAIT,Trend filter failed; existing order unchanged,4308.82,4314.27,,,,,,,,2026.09.15 09:47:00,
122,2026-09-15 06:48:00+00:00,WAIT,Trend filter failed; existing order unchanged,4308.82,4314.27,,,,,,,,2026.09.15 09:48:00,
122,2026-09-15 06:49:00+00:00,WAIT,Trend filter failed; existing order unchanged,4306.53,4314.27,,,,,,,,2026.09.15 09:49:00,
122,2026-09-15 06:50:00+00:00,REPLACED,New setup replaces previous setup/order,4306.06,4314.27,,,,,,,,2026.09.15 09:50:00,
123,2026-09-15 06:50:00+00:00,DETECTED,Decision at candle close,4306.53,4310.04,,2026-09-15 06:51:00+00:00,,,,,,2026.09.15 09:50:00,2026.09.15 09:51:00
123,2026-09-15 06:50:00+00:00,WAIT,EMA/ADX/session filter failed; existing order unchanged,4306.53,4310.04,,,,4310.179089286389,18.775000899746903,,,2026.09.15 09:50:00,
123,2026-09-15 06:51:00+00:00,PLACED,Effective after this candle closes; no same-bar fill,4305.25,4310.04,4300.46,2026-09-15 06:52:00+00:00,,,,,,2026.09.15 09:51:00,2026.09.15 09:52:00
123,2026-09-15 06:52:00+00:00,MODIFIED,Effective after this candle closes; no same-bar fill,4304.72,4310.04,4299.4,2026-09-15 06:53:00+00:00,,,,,,2026.09.15 09:52:00,2026.09.15 09:53:00
123,2026-09-15 06:53:00+00:00,MODIFIED,Effective after this candle closes; no same-bar fill,4304.65,4310.04,4299.26,2026-09-15 06:54:00+00:00,,,,,,2026.09.15 09:53:00,2026.09.15 09:54:00
123,2026-09-15 06:54:00+00:00,FILLED,Simulated limit touch; exact tick time unknown,4304.65,4310.04,4299.26,,18.0,,,,,2026.09.15 09:54:00,
123,2026-09-15 08:17:00+00:00,TP,"exit_result: open-gap priority, otherwise SL-first; fill-bar TP requires proof",4304.65,4310.04,4299.26,,,,,,,2026.09.15 11:17:00,
124,2026-09-15 09:07:00+00:00,DETECTED,Decision at candle close,4288.54,4292.0,,2026-09-15 09:08:00+00:00,,,,,,2026.09.15 12:07:00,2026.09.15 12:08:00
124,2026-09-15 09:07:00+00:00,PLACED,Effective after this candle closes; no same-bar fill,4288.54,4292.0,4285.08,2026-09-15 09:08:00+00:00,,,,,,2026.09.15 12:07:00,2026.09.15 12:08:00
124,2026-09-15 09:08:00+00:00,FILLED,Simulated limit touch; exact tick time unknown,4288.54,4292.0,4285.08,,16.0,,,,,2026.09.15 12:08:00,
124,2026-09-15 09:17:00+00:00,SL,"exit_result: open-gap priority, otherwise SL-first; fill-bar TP requires proof",4288.54,4292.0,4285.08,,,,,,,2026.09.15 12:17:00,
125,2026-09-15 10:47:00+00:00,DETECTED,Decision at candle close,4285.92,4282.14,,2026-09-15 10:48:00+00:00,,,,,,2026.09.15 13:47:00,2026.09.15 13:48:00
125,2026-09-15 10:47:00+00:00,WAIT,EMA/ADX/session filter failed; existing order unchanged,4285.92,4282.14,,,,4288.72231772836,24.164675063911876,,,2026.09.15 13:47:00,
125,2026-09-15 10:48:00+00:00,WAIT,EMA/ADX/session filter failed; existing order unchanged,4285.92,4282.14,,,,4288.634045020568,22.52748451627525,,,2026.09.15 13:48:00,
125,2026-09-15 10:49:00+00:00,WAIT,Trend filter failed; existing order unchanged,4285.92,4282.14,,,,,,,,2026.09.15 13:49:00,
125,2026-09-15 10:50:00+00:00,CANCELLED,SL breached or risk outside permitted distance,4285.92,4282.14,,,,,,,,2026.09.15 13:50:00,
126,2026-09-15 13:25:00+00:00,DETECTED,Decision at candle close,4274.16,4270.41,,2026-09-15 13:26:00+00:00,,,,,,2026.09.15 16:25:00,2026.09.15 16:26:00
126,2026-09-15 13:25:00+00:00,WAIT,Limit not passive or too close to market; existing order unchanged,4274.16,4270.41,,,,,,,,2026.09.15 16:25:00,
126,2026-09-15 13:26:00+00:00,WAIT,Limit not passive or too close to market; existing order unchanged,4274.16,4270.41,,,,,,,,2026.09.15 16:26:00,
126,2026-09-15 13:27:00+00:00,WAIT,Trend filter failed; existing order unchanged,4274.16,4270.41,,,,,,,,2026.09.15 16:27:00,
126,2026-09-15 13:28:00+00:00,WAIT,Trend filter failed; existing order unchanged,4274.16,4270.41,,,,,,,,2026.09.15 16:28:00,
126,2026-09-15 13:29:00+00:00,WAIT,Trend filter failed; existing order unchanged,4274.16,4270.41,,,,,,,,2026.09.15 16:29:00,
126,2026-09-15 13:30:00+00:00,WAIT,Trend filter failed; existing order unchanged,4274.16,4270.41,,,,,,,,2026.09.15 16:30:00,
126,2026-09-15 13:31:00+00:00,WAIT,Trend filter failed; existing order unchanged,4274.19,4270.41,,,,,,,,2026.09.15 16:31:00,
126,2026-09-15 13:32:00+00:00,WAIT,Trend filter failed; existing order unchanged,4274.19,4270.41,,,,,,,,2026.09.15 16:32:00,
126,2026-09-15 13:33:00+00:00,WAIT,Trend filter failed; existing order unchanged,4274.63,4270.41,,,,,,,,2026.09.15 16:33:00,
126,2026-09-15 13:34:00+00:00,WAIT,Trend filter failed; existing order unchanged,4274.63,4270.41,,,,,,,,2026.09.15 16:34:00,
126,2026-09-15 13:35:00+00:00,WAIT,Trend filter failed; existing order unchanged,4274.63,4270.41,,,,,,,,2026.09.15 16:35:00,
126,2026-09-15 13:36:00+00:00,WAIT,Trend filter failed; existing order unchanged,4274.67,4270.41,,,,,,,,2026.09.15 16:36:00,
126,2026-09-15 13:37:00+00:00,WAIT,Trend filter failed; existing order unchanged,4274.67,4270.41,,,,,,,,2026.09.15 16:37:00,
126,2026-09-15 13:38:00+00:00,WAIT,Trend filter failed; existing order unchanged,4274.67,4270.41,,,,,,,,2026.09.15 16:38:00,
126,2026-09-15 13:39:00+00:00,WAIT,Trend filter failed; existing order unchanged,4274.67,4270.41,,,,,,,,2026.09.15 16:39:00,
126,2026-09-15 13:40:00+00:00,WAIT,Trend filter failed; existing order unchanged,4274.67,4270.41,,,,,,,,2026.09.15 16:40:00,
126,2026-09-15 13:41:00+00:00,WAIT,Trend filter failed; existing order unchanged,4274.67,4270.41,,,,,,,,2026.09.15 16:41:00,
126,2026-09-15 13:42:00+00:00,WAIT,Trend filter failed; existing order unchanged,4275.12,4270.41,,,,,,,,2026.09.15 16:42:00,
126,2026-09-15 13:43:00+00:00,WAIT,Trend filter failed; existing order unchanged,4275.12,4270.41,,,,,,,,2026.09.15 16:43:00,
126,2026-09-15 13:44:00+00:00,WAIT,Trend filter failed; existing order unchanged,4275.12,4270.41,,,,,,,,2026.09.15 16:44:00,
126,2026-09-15 13:45:00+00:00,WAIT,Trend filter failed; existing order unchanged,4275.12,4270.41,,,,,,,,2026.09.15 16:45:00,
126,2026-09-15 13:46:00+00:00,WAIT,Trend filter failed; existing order unchanged,4276.31,4270.41,,,,,,,,2026.09.15 16:46:00,
126,2026-09-15 13:47:00+00:00,WAIT,Trend filter failed; existing order unchanged,4276.31,4270.41,,,,,,,,2026.09.15 16:47:00,
126,2026-09-15 13:48:00+00:00,WAIT,Trend filter failed; existing order unchanged,4276.31,4270.41,,,,,,,,2026.09.15 16:48:00,
126,2026-09-15 13:49:00+00:00,WAIT,Trend filter failed; existing order unchanged,4276.31,4270.41,,,,,,,,2026.09.15 16:49:00,
126,2026-09-15 13:50:00+00:00,WAIT,Trend filter failed; existing order unchanged,4277.2,4270.41,,,,,,,,2026.09.15 16:50:00,
126,2026-09-15 13:51:00+00:00,REPLACED,New setup replaces previous setup/order,4278.55,4270.41,,,,,,,,2026.09.15 16:51:00,
127,2026-09-15 13:51:00+00:00,DETECTED,Decision at candle close,4277.2,4275.03,,2026-09-15 13:52:00+00:00,,,,,,2026.09.15 16:51:00,2026.09.15 16:52:00
127,2026-09-15 13:51:00+00:00,PLACED,Effective after this candle closes; no same-bar fill,4277.2,4275.03,4279.37,2026-09-15 13:52:00+00:00,,,,,,2026.09.15 16:51:00,2026.09.15 16:52:00
127,2026-09-15 13:52:00+00:00,MODIFIED,Effective after this candle closes; no same-bar fill,4279.73,4275.03,4284.43,2026-09-15 13:53:00+00:00,,,,,,2026.09.15 16:52:00,2026.09.15 16:53:00
127,2026-09-15 13:53:00+00:00,MODIFIED,Effective after this candle closes; no same-bar fill,4281.22,4275.03,4287.41,2026-09-15 13:54:00+00:00,,,,,,2026.09.15 16:53:00,2026.09.15 16:54:00
127,2026-09-15 13:54:00+00:00,REPLACED,New setup replaces previous setup/order,4281.4,4275.03,,,,,,,,2026.09.15 16:54:00,
128,2026-09-15 13:54:00+00:00,DETECTED,Decision at candle close,4281.22,4278.55,,2026-09-15 13:55:00+00:00,,,,,,2026.09.15 16:54:00,2026.09.15 16:55:00
128,2026-09-15 13:54:00+00:00,PLACED,Effective after this candle closes; no same-bar fill,4281.22,4278.55,4283.89,2026-09-15 13:55:00+00:00,,,,,,2026.09.15 16:54:00,2026.09.15 16:55:00
128,2026-09-15 13:55:00+00:00,MODIFIED,Effective after this candle closes; no same-bar fill,4281.75,4278.55,4284.95,2026-09-15 13:56:00+00:00,,,,,,2026.09.15 16:55:00,2026.09.15 16:56:00
128,2026-09-15 13:56:00+00:00,MODIFIED,Effective after this candle closes; no same-bar fill,4282.49,4278.55,4286.43,2026-09-15 13:57:00+00:00,,,,,,2026.09.15 16:56:00,2026.09.15 16:57:00
128,2026-09-15 13:57:00+00:00,FILLED,Simulated limit touch; exact tick time unknown,4282.49,4278.55,4286.43,,9.0,,,,,2026.09.15 16:57:00,
128,2026-09-15 14:58:00+00:00,TP,"exit_result: open-gap priority, otherwise SL-first; fill-bar TP requires proof",4282.49,4278.55,4286.43,,,,,,,2026.09.15 17:58:00,
129,2026-09-15 15:36:00+00:00,DETECTED,Decision at candle close,4282.93,4274.72,,2026-09-15 15:37:00+00:00,,,,,,2026.09.15 18:36:00,2026.09.15 18:37:00
129,2026-09-15 15:36:00+00:00,WAIT,Limit not passive or too close to market; existing order unchanged,4282.93,4274.72,,,,,,,,2026.09.15 18:36:00,
129,2026-09-15 15:37:00+00:00,WAIT,Limit not passive or too close to market; existing order unchanged,4282.93,4274.72,,,,,,,,2026.09.15 18:37:00,
129,2026-09-15 15:38:00+00:00,WAIT,Trend filter failed; existing order unchanged,4282.93,4274.72,,,,,,,,2026.09.15 18:38:00,
129,2026-09-15 15:39:00+00:00,WAIT,Trend filter failed; existing order unchanged,4282.93,4274.72,,,,,,,,2026.09.15 18:39:00,
129,2026-09-15 15:40:00+00:00,WAIT,Trend filter failed; existing order unchanged,4282.93,4274.72,,,,,,,,2026.09.15 18:40:00,
129,2026-09-15 15:41:00+00:00,WAIT,Trend filter failed; existing order unchanged,4282.93,4274.72,,,,,,,,2026.09.15 18:41:00,
129,2026-09-15 15:42:00+00:00,WAIT,Trend filter failed; existing order unchanged,4282.93,4274.72,,,,,,,,2026.09.15 18:42:00,
129,2026-09-15 15:43:00+00:00,WAIT,Trend filter failed; existing order unchanged,4282.93,4274.72,,,,,,,,2026.09.15 18:43:00,
129,2026-09-15 15:44:00+00:00,WAIT,Trend filter failed; existing order unchanged,4282.93,4274.72,,,,,,,,2026.09.15 18:44:00,
129,2026-09-15 15:45:00+00:00,WAIT,Trend filter failed; existing order unchanged,4282.93,4274.72,,,,,,,,2026.09.15 18:45:00,
129,2026-09-15 15:46:00+00:00,WAIT,Trend filter failed; existing order unchanged,4282.93,4274.72,,,,,,,,2026.09.15 18:46:00,
129,2026-09-15 15:47:00+00:00,WAIT,Trend filter failed; existing order unchanged,4282.93,4274.72,,,,,,,,2026.09.15 18:47:00,
129,2026-09-15 15:48:00+00:00,WAIT,Trend filter failed; existing order unchanged,4282.93,4274.72,,,,,,,,2026.09.15 18:48:00,
129,2026-09-15 15:49:00+00:00,CANCELLED,SL breached or risk outside permitted distance,4286.7,4274.72,,,,,,,,2026.09.15 18:49:00,
130,2026-09-15 15:50:00+00:00,DETECTED,Decision at candle close,4286.7,4281.19,,2026-09-15 15:51:00+00:00,,,,,,2026.09.15 18:50:00,2026.09.15 18:51:00
130,2026-09-15 15:50:00+00:00,PLACED,Effective after this candle closes; no same-bar fill,4286.7,4281.19,4292.21,2026-09-15 15:51:00+00:00,,,,,,2026.09.15 18:50:00,2026.09.15 18:51:00
130,2026-09-15 15:51:00+00:00,MODIFIED,Effective after this candle closes; no same-bar fill,4287.45,4281.19,4293.71,2026-09-15 15:52:00+00:00,,,,,,2026.09.15 18:51:00,2026.09.15 18:52:00
130,2026-09-15 15:52:00+00:00,MODIFIED,Effective after this candle closes; no same-bar fill,4288.89,4281.19,4296.59,2026-09-15 15:53:00+00:00,,,,,,2026.09.15 18:52:00,2026.09.15 18:53:00
130,2026-09-15 15:53:00+00:00,MODIFIED,Effective after this candle closes; no same-bar fill,4289.35,4281.19,4297.51,2026-09-15 15:54:00+00:00,,,,,,2026.09.15 18:53:00,2026.09.15 18:54:00
130,2026-09-15 15:54:00+00:00,CANCELLED,SL breached or risk outside permitted distance,4291.5,4281.19,,,,,,,,2026.09.15 18:54:00,
131,2026-09-15 15:58:00+00:00,DETECTED,Decision at candle close,4287.74,4295.8,,2026-09-15 15:59:00+00:00,,,,,,2026.09.15 18:58:00,2026.09.15 18:59:00
131,2026-09-15 15:58:00+00:00,WAIT,EMA/ADX/session filter failed; existing order unchanged,4287.74,4295.8,,,,4282.77438771219,29.787302236363224,,,2026.09.15 18:58:00,
131,2026-09-15 15:59:00+00:00,WAIT,EMA/ADX/session filter failed; existing order unchanged,4287.74,4295.8,,,,4283.03260450736,29.42500932495507,,,2026.09.15 18:59:00,
131,2026-09-15 16:00:00+00:00,WAIT,Trend filter failed; existing order unchanged,4287.74,4295.8,,,,,,,,2026.09.15 19:00:00,
131,2026-09-15 16:01:00+00:00,WAIT,Trend filter failed; existing order unchanged,4287.74,4295.8,,,,,,,,2026.09.15 19:01:00,
131,2026-09-15 16:02:00+00:00,WAIT,Trend filter failed; existing order unchanged,4287.74,4295.8,,,,,,,,2026.09.15 19:02:00,
131,2026-09-15 16:03:00+00:00,WAIT,Trend filter failed; existing order unchanged,4287.74,4295.8,,,,,,,,2026.09.15 19:03:00,
131,2026-09-15 16:04:00+00:00,WAIT,Trend filter failed; existing order unchanged,4287.74,4295.8,,,,,,,,2026.09.15 19:04:00,
131,2026-09-15 16:05:00+00:00,WAIT,Trend filter failed; existing order unchanged,4287.74,4295.8,,,,,,,,2026.09.15 19:05:00,
131,2026-09-15 16:06:00+00:00,WAIT,Trend filter failed; existing order unchanged,4287.74,4295.8,,,,,,,,2026.09.15 19:06:00,
131,2026-09-15 16:07:00+00:00,WAIT,Trend filter failed; existing order unchanged,4286.55,4295.8,,,,,,,,2026.09.15 19:07:00,
131,2026-09-15 16:08:00+00:00,CANCELLED,SL breached or risk outside permitted distance,4285.36,4295.8,,,,,,,,2026.09.15 19:08:00,
132,2026-09-15 17:29:00+00:00,DETECTED,Decision at candle close,4284.51,4289.49,,2026-09-15 17:30:00+00:00,,,,,,2026.09.15 20:29:00,2026.09.15 20:30:00
132,2026-09-15 17:29:00+00:00,PLACED,Effective after this candle closes; no same-bar fill,4284.51,4289.49,4279.53,2026-09-15 17:30:00+00:00,,,,,,2026.09.15 20:29:00,2026.09.15 20:30:00
132,2026-09-15 17:30:00+00:00,FILLED,Simulated limit touch; exact tick time unknown,4284.51,4289.49,4279.53,,16.0,,,,,2026.09.15 20:30:00,
132,2026-09-15 17:38:00+00:00,TP,"exit_result: open-gap priority, otherwise SL-first; fill-bar TP requires proof",4284.51,4289.49,4279.53,,,,,,,2026.09.15 20:38:00,
133,2026-09-15 20:33:00+00:00,DETECTED,Decision at candle close,4297.27,4293.31,,2026-09-15 20:34:00+00:00,,,,,,2026.09.15 23:33:00,2026.09.15 23:34:00
133,2026-09-15 20:33:00+00:00,WAIT,EMA/ADX/session filter failed; existing order unchanged,4297.27,4293.31,,,,4294.336732280818,15.232606715331272,,,2026.09.15 23:33:00,
133,2026-09-15 20:34:00+00:00,WAIT,EMA/ADX/session filter failed; existing order unchanged,4297.27,4293.31,,,,4294.43979028382,15.272860815610924,,,2026.09.15 23:34:00,
133,2026-09-15 20:35:00+00:00,WAIT,EMA/ADX/session filter failed; existing order unchanged,4297.27,4293.31,,,,4294.54963322245,15.541528128519333,,,2026.09.15 23:35:00,
133,2026-09-15 20:36:00+00:00,WAIT,EMA/ADX/session filter failed; existing order unchanged,4297.27,4293.31,,,,4294.655546746526,15.791004919077169,,,2026.09.15 23:36:00,
133,2026-09-15 20:37:00+00:00,WAIT,EMA/ADX/session filter failed; existing order unchanged,4297.45,4293.31,,,,4294.764872996752,16.35681721409885,,,2026.09.15 23:37:00,
133,2026-09-15 20:38:00+00:00,WAIT,EMA/ADX/session filter failed; existing order unchanged,4297.45,4293.31,,,,4294.846680451018,16.72670963324865,,,2026.09.15 23:38:00,
133,2026-09-15 20:39:00+00:00,WAIT,Trend filter failed; existing order unchanged,4297.45,4293.31,,,,,,,,2026.09.15 23:39:00,
133,2026-09-15 20:40:00+00:00,WAIT,Trend filter failed; existing order unchanged,4297.45,4293.31,,,,,,,,2026.09.15 23:40:00,
133,2026-09-15 20:41:00+00:00,CANCELLED,SL breached or risk outside permitted distance,4297.45,4293.31,,,,,,,,2026.09.15 23:41:00,
134,2026-09-15 20:43:00+00:00,DETECTED,Decision at candle close,4293.1,4295.77,,2026-09-15 20:44:00+00:00,,,,,,2026.09.15 23:43:00,2026.09.15 23:44:00
134,2026-09-15 20:43:00+00:00,WAIT,EMA/ADX/session filter failed; existing order unchanged,4293.1,4295.77,,,,4294.699802955788,15.746159714544502,,,2026.09.15 23:43:00,
134,2026-09-15 20:44:00+00:00,WAIT,EMA/ADX/session filter failed; existing order unchanged,4293.1,4295.77,,,,4294.654563474232,15.466904031522997,,,2026.09.15 23:44:00,
134,2026-09-15 20:45:00+00:00,WAIT,Trend filter failed; existing order unchanged,4293.1,4295.77,,,,,,,,2026.09.15 23:45:00,
134,2026-09-15 20:46:00+00:00,WAIT,Trend filter failed; existing order unchanged,4293.1,4295.77,,,,,,,,2026.09.15 23:46:00,
134,2026-09-15 20:47:00+00:00,WAIT,Trend filter failed; existing order unchanged,4293.1,4295.77,,,,,,,,2026.09.15 23:47:00,
134,2026-09-15 20:48:00+00:00,CANCELLED,SL breached or risk outside permitted distance,4293.1,4295.77,,,,,,,,2026.09.15 23:48:00,
135,2026-09-15 21:08:00+00:00,DETECTED,Decision at candle close,4298.0,4294.84,,2026-09-15 21:09:00+00:00,,,,,,2026.09.16 00:08:00,2026.09.16 00:09:00
135,2026-09-15 21:08:00+00:00,WAIT,EMA/ADX/session filter failed; existing order unchanged,4298.0,4294.84,,,,4295.120888731203,14.03317424236403,,,2026.09.16 00:08:00,
135,2026-09-15 21:09:00+00:00,WAIT,EMA/ADX/session filter failed; existing order unchanged,4298.0,4294.84,,,,4295.182826808475,14.532059143543568,,,2026.09.16 00:09:00,
135,2026-09-15 21:10:00+00:00,WAIT,Trend filter failed; existing order unchanged,4298.0,4294.84,,,,,,,,2026.09.16 00:10:00,
135,2026-09-15 21:11:00+00:00,WAIT,Trend filter failed; existing order unchanged,4298.0,4294.84,,,,,,,,2026.09.16 00:11:00,
135,2026-09-15 21:12:00+00:00,WAIT,Trend filter failed; existing order unchanged,4299.51,4294.84,,,,,,,,2026.09.16 00:12:00,
135,2026-09-15 21:13:00+00:00,WAIT,Trend filter failed; existing order unchanged,4302.75,4294.84,,,,,,,,2026.09.16 00:13:00,
135,2026-09-15 21:14:00+00:00,REPLACED,New setup replaces previous setup/order,4302.75,4294.84,,,,,,,,2026.09.16 00:14:00,
136,2026-09-15 21:14:00+00:00,DETECTED,Decision at candle close,4302.75,4298.0,,2026-09-15 21:15:00+00:00,,,,,,2026.09.16 00:14:00,2026.09.16 00:15:00
136,2026-09-15 21:14:00+00:00,WAIT,Limit not passive or too close to market; existing order unchanged,4302.75,4298.0,,,,,,,,2026.09.16 00:14:00,
136,2026-09-15 21:15:00+00:00,PLACED,Effective after this candle closes; no same-bar fill,4302.75,4298.0,4307.5,2026-09-15 21:16:00+00:00,,,,,,2026.09.16 00:15:00,2026.09.16 00:16:00
136,2026-09-15 21:16:00+00:00,MODIFIED,Effective after this candle closes; no same-bar fill,4303.88,4298.0,4309.76,2026-09-15 21:17:00+00:00,,,,,,2026.09.16 00:16:00,2026.09.16 00:17:00
136,2026-09-15 21:17:00+00:00,MODIFIED,Effective after this candle closes; no same-bar fill,4304.83,4298.0,4311.66,2026-09-15 21:18:00+00:00,,,,,,2026.09.16 00:17:00,2026.09.16 00:18:00
136,2026-09-15 21:18:00+00:00,FILLED,Simulated limit touch; exact tick time unknown,4304.83,4298.0,4311.66,,15.0,,,,,2026.09.16 00:18:00,
136,2026-09-15 22:41:00+00:00,SL,"exit_result: open-gap priority, otherwise SL-first; fill-bar TP requires proof",4304.83,4298.0,4311.66,,,,,,,2026.09.16 01:41:00,
137,2026-09-16 01:27:00+00:00,DETECTED,Decision at candle close,4296.16,4293.52,,2026-09-16 01:28:00+00:00,,,,,,2026.09.16 04:27:00,2026.09.16 04:28:00
137,2026-09-16 01:27:00+00:00,PLACED,Effective after this candle closes; no same-bar fill,4296.16,4293.52,4298.8,2026-09-16 01:28:00+00:00,,,,,,2026.09.16 04:27:00,2026.09.16 04:28:00
137,2026-09-16 01:28:00+00:00,MODIFIED,Effective after this candle closes; no same-bar fill,4297.66,4293.52,4301.8,2026-09-16 01:29:00+00:00,,,,,,2026.09.16 04:28:00,2026.09.16 04:29:00
137,2026-09-16 01:30:00+00:00,FILLED,Simulated limit touch; exact tick time unknown,4297.66,4293.52,4301.8,,17.0,,,,,2026.09.16 04:30:00,
137,2026-09-16 01:51:00+00:00,SL,"exit_result: open-gap priority, otherwise SL-first; fill-bar TP requires proof",4297.66,4293.52,4301.8,,,,,,,2026.09.16 04:51:00,
138,2026-09-16 02:13:00+00:00,DETECTED,Decision at candle close,4287.54,4285.38,,2026-09-16 02:14:00+00:00,,,,,,2026.09.16 05:13:00,2026.09.16 05:14:00
138,2026-09-16 02:13:00+00:00,WAIT,EMA/ADX/session filter failed; existing order unchanged,4287.54,4285.38,,,,4291.696716681845,52.96423537893257,,,2026.09.16 05:13:00,
138,2026-09-16 02:14:00+00:00,WAIT,EMA/ADX/session filter failed; existing order unchanged,4287.54,4285.38,,,,4291.517480032405,51.9257024505971,,,2026.09.16 05:14:00,
138,2026-09-16 02:15:00+00:00,WAIT,EMA/ADX/session filter failed; existing order unchanged,4287.54,4285.38,,,,4291.36903807509,51.12605907786756,,,2026.09.16 05:15:00,
138,2026-09-16 02:16:00+00:00,WAIT,EMA/ADX/session filter failed; existing order unchanged,4287.54,4285.38,,,,4291.203823707936,50.58296320039862,,,2026.09.16 05:16:00,
138,2026-09-16 02:17:00+00:00,WAIT,Trend filter failed; existing order unchanged,4287.54,4285.38,,,,,,,,2026.09.16 05:17:00,
138,2026-09-16 02:18:00+00:00,WAIT,Trend filter failed; existing order unchanged,4287.54,4285.38,,,,,,,,2026.09.16 05:18:00,
138,2026-09-16 02:19:00+00:00,WAIT,Trend filter failed; existing order unchanged,4287.54,4285.38,,,,,,,,2026.09.16 05:19:00,
138,2026-09-16 02:20:00+00:00,WAIT,Trend filter failed; existing order unchanged,4287.54,4285.38,,,,,,,,2026.09.16 05:20:00,
138,2026-09-16 02:21:00+00:00,WAIT,Trend filter failed; existing order unchanged,4287.54,4285.38,,,,,,,,2026.09.16 05:21:00,
138,2026-09-16 02:22:00+00:00,WAIT,Trend filter failed; existing order unchanged,4287.54,4285.38,,,,,,,,2026.09.16 05:22:00,
138,2026-09-16 02:23:00+00:00,WAIT,Trend filter failed; existing order unchanged,4287.54,4285.38,,,,,,,,2026.09.16 05:23:00,
138,2026-09-16 02:24:00+00:00,CANCELLED,SL breached or risk outside permitted distance,4287.54,4285.38,,,,,,,,2026.09.16 05:24:00,
139,2026-09-16 02:57:00+00:00,DETECTED,Decision at candle close,4282.18,4283.96,,2026-09-16 02:58:00+00:00,,,,,,2026.09.16 05:57:00,2026.09.16 05:58:00
139,2026-09-16 02:57:00+00:00,PLACED,Effective after this candle closes; no same-bar fill,4282.18,4283.96,4280.4,2026-09-16 02:58:00+00:00,,,,,,2026.09.16 05:57:00,2026.09.16 05:58:00
139,2026-09-16 02:58:00+00:00,MODIFIED,Effective after this candle closes; no same-bar fill,4282.16,4283.96,4280.36,2026-09-16 02:59:00+00:00,,,,,,2026.09.16 05:58:00,2026.09.16 05:59:00
139,2026-09-16 02:59:00+00:00,FILLED,Simulated limit touch; exact tick time unknown,4282.16,4283.96,4280.36,,12.0,,,,,2026.09.16 05:59:00,
139,2026-09-16 03:00:00+00:00,SL,"exit_result: open-gap priority, otherwise SL-first; fill-bar TP requires proof",4282.16,4283.96,4280.36,,,,,,,2026.09.16 06:00:00,
140,2026-09-16 03:20:00+00:00,DETECTED,Decision at candle close,4285.08,4283.1,,2026-09-16 03:21:00+00:00,,,,,,2026.09.16 06:20:00,2026.09.16 06:21:00
140,2026-09-16 03:20:00+00:00,WAIT,Limit not passive or too close to market; existing order unchanged,4285.08,4283.1,,,,,,,,2026.09.16 06:20:00,
140,2026-09-16 03:21:00+00:00,WAIT,EMA/ADX/session filter failed; existing order unchanged,4285.08,4283.1,,,,4284.434798529296,22.765522303852226,,,2026.09.16 06:21:00,
140,2026-09-16 03:22:00+00:00,WAIT,EMA/ADX/session filter failed; existing order unchanged,4285.08,4283.1,,,,4284.433329931005,22.56552446521122,,,2026.09.16 06:22:00,
140,2026-09-16 03:23:00+00:00,WAIT,Limit not passive or too close to market; existing order unchanged,4285.08,4283.1,,,,,,,,2026.09.16 06:23:00,
140,2026-09-16 03:24:00+00:00,PLACED,Effective after this candle closes; no same-bar fill,4285.08,4283.1,4287.06,2026-09-16 03:25:00+00:00,,,,,,2026.09.16 06:24:00,2026.09.16 06:25:00
140,2026-09-16 03:25:00+00:00,FILLED,Simulated limit touch; exact tick time unknown,4285.08,4283.1,4287.06,,11.0,,,,,2026.09.16 06:25:00,
140,2026-09-16 03:31:00+00:00,SL,"exit_result: open-gap priority, otherwise SL-first; fill-bar TP requires proof",4285.08,4283.1,4287.06,,,,,,,2026.09.16 06:31:00,
141,2026-09-16 03:42:00+00:00,DETECTED,Decision at candle close,4283.58,4280.88,,2026-09-16 03:43:00+00:00,,,,,,2026.09.16 06:42:00,2026.09.16 06:43:00
141,2026-09-16 03:42:00+00:00,PLACED,Effective after this candle closes; no same-bar fill,4283.58,4280.88,4286.28,2026-09-16 03:43:00+00:00,,,,,,2026.09.16 06:42:00,2026.09.16 06:43:00
141,2026-09-16 03:43:00+00:00,MODIFIED,Effective after this candle closes; no same-bar fill,4283.74,4280.88,4286.6,2026-09-16 03:44:00+00:00,,,,,,2026.09.16 06:43:00,2026.09.16 06:44:00
141,2026-09-16 03:44:00+00:00,FILLED,Simulated limit touch; exact tick time unknown,4283.74,4280.88,4286.6,,17.0,,,,,2026.09.16 06:44:00,
141,2026-09-16 03:51:00+00:00,SL,"exit_result: open-gap priority, otherwise SL-first; fill-bar TP requires proof",4283.74,4280.88,4286.6,,,,,,,2026.09.16 06:51:00,
142,2026-09-16 05:13:00+00:00,DETECTED,Decision at candle close,4293.45,4289.17,,2026-09-16 05:14:00+00:00,,,,,,2026.09.16 08:13:00,2026.09.16 08:14:00
142,2026-09-16 05:13:00+00:00,WAIT,EMA/ADX/session filter failed; existing order unchanged,4293.45,4289.17,,,,4286.986523344122,19.861117486630512,,,2026.09.16 08:13:00,
142,2026-09-16 05:14:00+00:00,WAIT,Limit not passive or too close to market; existing order unchanged,4293.45,4289.17,,,,,,,,2026.09.16 08:14:00,
142,2026-09-16 05:15:00+00:00,WAIT,Limit not passive or too close to market; existing order unchanged,4293.45,4289.17,,,,,,,,2026.09.16 08:15:00,
142,2026-09-16 05:16:00+00:00,WAIT,Limit not passive or too close to market; existing order unchanged,4293.45,4289.17,,,,,,,,2026.09.16 08:16:00,
142,2026-09-16 05:17:00+00:00,WAIT,Limit not passive or too close to market; existing order unchanged,4293.45,4289.17,,,,,,,,2026.09.16 08:17:00,
142,2026-09-16 05:18:00+00:00,WAIT,Limit not passive or too close to market; existing order unchanged,4293.45,4289.17,,,,,,,,2026.09.16 08:18:00,
142,2026-09-16 05:19:00+00:00,WAIT,Limit not passive or too close to market; existing order unchanged,4293.45,4289.17,,,,,,,,2026.09.16 08:19:00,
142,2026-09-16 05:20:00+00:00,WAIT,Limit not passive or too close to market; existing order unchanged,4293.45,4289.17,,,,,,,,2026.09.16 08:20:00,
142,2026-09-16 05:21:00+00:00,PLACED,Effective after this candle closes; no same-bar fill,4293.45,4289.17,4297.73,2026-09-16 05:22:00+00:00,,,,,,2026.09.16 08:21:00,2026.09.16 08:22:00
142,2026-09-16 05:22:00+00:00,FILLED,Simulated limit touch; exact tick time unknown,4293.45,4289.17,4297.73,,17.0,,,,,2026.09.16 08:22:00,
142,2026-09-16 05:26:00+00:00,TP,"exit_result: open-gap priority, otherwise SL-first; fill-bar TP requires proof",4293.45,4289.17,4297.73,,,,,,,2026.09.16 08:26:00,
143,2026-09-16 07:20:00+00:00,DETECTED,Decision at candle close,4324.36,4326.44,,2026-09-16 07:21:00+00:00,,,,,,2026.09.16 10:20:00,2026.09.16 10:21:00
143,2026-09-16 07:20:00+00:00,CANCELLED,SL breached or risk outside permitted distance,4324.36,4326.44,,,,,,,,2026.09.16 10:20:00,
144,2026-09-16 07:45:00+00:00,DETECTED,Decision at candle close,4323.66,4325.46,,2026-09-16 07:46:00+00:00,,,,,,2026.09.16 10:45:00,2026.09.16 10:46:00
144,2026-09-16 07:45:00+00:00,WAIT,EMA/ADX/session filter failed; existing order unchanged,4323.66,4325.46,,,,4325.853536514706,16.77583532263185,,,2026.09.16 10:45:00,
144,2026-09-16 07:46:00+00:00,WAIT,EMA/ADX/session filter failed; existing order unchanged,4323.27,4325.46,,,,4325.762928750896,18.32647276799379,,,2026.09.16 10:46:00,
144,2026-09-16 07:47:00+00:00,PLACED,Effective after this candle closes; no same-bar fill,4323.27,4325.46,4321.08,2026-09-16 07:48:00+00:00,,,,,,2026.09.16 10:47:00,2026.09.16 10:48:00
144,2026-09-16 07:48:00+00:00,MODIFIED,Effective after this candle closes; no same-bar fill,4323.01,4325.46,4320.56,2026-09-16 07:49:00+00:00,,,,,,2026.09.16 10:48:00,2026.09.16 10:49:00
144,2026-09-16 07:49:00+00:00,MODIFIED,Effective after this candle closes; no same-bar fill,4322.04,4325.46,4318.62,2026-09-16 07:50:00+00:00,,,,,,2026.09.16 10:49:00,2026.09.16 10:50:00
144,2026-09-16 07:50:00+00:00,FILLED,Simulated limit touch; exact tick time unknown,4322.04,4325.46,4318.62,,17.0,,,,,2026.09.16 10:50:00,
144,2026-09-16 08:19:00+00:00,SL,"exit_result: open-gap priority, otherwise SL-first; fill-bar TP requires proof",4322.04,4325.46,4318.62,,,,,,,2026.09.16 11:19:00,
145,2026-09-16 10:07:00+00:00,DETECTED,Decision at candle close,4332.89,4335.66,,2026-09-16 10:08:00+00:00,,,,,,2026.09.16 13:07:00,2026.09.16 13:08:00
145,2026-09-16 10:07:00+00:00,WAIT,EMA/ADX/session filter failed; existing order unchanged,4332.89,4335.66,,,,4328.955373688273,24.259032899931956,,,2026.09.16 13:07:00,
145,2026-09-16 10:08:00+00:00,WAIT,EMA/ADX/session filter failed; existing order unchanged,4332.89,4335.66,,,,4329.105033553501,23.624564270865687,,,2026.09.16 13:08:00,
145,2026-09-16 10:09:00+00:00,WAIT,Trend filter failed; existing order unchanged,4332.89,4335.66,,,,,,,,2026.09.16 13:09:00,
145,2026-09-16 10:10:00+00:00,WAIT,Trend filter failed; existing order unchanged,4332.89,4335.66,,,,,,,,2026.09.16 13:10:00,
145,2026-09-16 10:11:00+00:00,WAIT,Trend filter failed; existing order unchanged,4332.89,4335.66,,,,,,,,2026.09.16 13:11:00,
145,2026-09-16 10:12:00+00:00,WAIT,Trend filter failed; existing order unchanged,4332.89,4335.66,,,,,,,,2026.09.16 13:12:00,
145,2026-09-16 10:13:00+00:00,WAIT,Trend filter failed; existing order unchanged,4332.79,4335.66,,,,,,,,2026.09.16 13:13:00,
145,2026-09-16 10:14:00+00:00,WAIT,Trend filter failed; existing order unchanged,4332.79,4335.66,,,,,,,,2026.09.16 13:14:00,
145,2026-09-16 10:15:00+00:00,CANCELLED,SL breached or risk outside permitted distance,4332.79,4335.66,,,,,,,,2026.09.16 13:15:00,
146,2026-09-16 10:37:00+00:00,DETECTED,Decision at candle close,4337.05,4334.95,,2026-09-16 10:38:00+00:00,,,,,,2026.09.16 13:37:00,2026.09.16 13:38:00
146,2026-09-16 10:37:00+00:00,PLACED,Effective after this candle closes; no same-bar fill,4337.05,4334.95,4339.15,2026-09-16 10:38:00+00:00,,,,,,2026.09.16 13:37:00,2026.09.16 13:38:00
146,2026-09-16 10:38:00+00:00,MODIFIED,Effective after this candle closes; no same-bar fill,4337.16,4334.95,4339.37,2026-09-16 10:39:00+00:00,,,,,,2026.09.16 13:38:00,2026.09.16 13:39:00
146,2026-09-16 10:39:00+00:00,MODIFIED,Effective after this candle closes; no same-bar fill,4337.53,4334.95,4340.11,2026-09-16 10:40:00+00:00,,,,,,2026.09.16 13:39:00,2026.09.16 13:40:00
146,2026-09-16 10:41:00+00:00,FILLED,Simulated limit touch; exact tick time unknown,4337.53,4334.95,4340.11,,13.0,,,,,2026.09.16 13:41:00,
146,2026-09-16 10:42:00+00:00,SL,"exit_result: open-gap priority, otherwise SL-first; fill-bar TP requires proof",4337.53,4334.95,4340.11,,,,,,,2026.09.16 13:42:00,
147,2026-09-16 11:45:00+00:00,DETECTED,Decision at candle close,4327.41,4324.43,,2026-09-16 11:46:00+00:00,,,,,,2026.09.16 14:45:00,2026.09.16 14:46:00
147,2026-09-16 11:45:00+00:00,WAIT,EMA/ADX/session filter failed; existing order unchanged,4327.41,4324.43,,,,4329.647903279649,27.00224621230866,,,2026.09.16 14:45:00,
147,2026-09-16 11:46:00+00:00,WAIT,EMA/ADX/session filter failed; existing order unchanged,4327.48,4324.43,,,,4329.597808015156,25.631399569930775,,,2026.09.16 14:46:00,
147,2026-09-16 11:47:00+00:00,WAIT,Trend filter failed; existing order unchanged,4327.48,4324.43,,,,,,,,2026.09.16 14:47:00,
147,2026-09-16 11:48:00+00:00,WAIT,Trend filter failed; existing order unchanged,4327.48,4324.43,,,,,,,,2026.09.16 14:48:00,
147,2026-09-16 11:49:00+00:00,WAIT,Trend filter failed; existing order unchanged,4327.48,4324.43,,,,,,,,2026.09.16 14:49:00,
147,2026-09-16 11:50:00+00:00,WAIT,Trend filter failed; existing order unchanged,4327.48,4324.43,,,,,,,,2026.09.16 14:50:00,
147,2026-09-16 11:51:00+00:00,WAIT,Trend filter failed; existing order unchanged,4327.48,4324.43,,,,,,,,2026.09.16 14:51:00,
147,2026-09-16 11:52:00+00:00,WAIT,Trend filter failed; existing order unchanged,4327.48,4324.43,,,,,,,,2026.09.16 14:52:00,
147,2026-09-16 11:53:00+00:00,WAIT,Trend filter failed; existing order unchanged,4328.07,4324.43,,,,,,,,2026.09.16 14:53:00,
147,2026-09-16 11:54:00+00:00,REPLACED,New setup replaces previous setup/order,4329.06,4324.43,,,,,,,,2026.09.16 14:54:00,
148,2026-09-16 11:54:00+00:00,DETECTED,Decision at candle close,4328.07,4324.92,,2026-09-16 11:55:00+00:00,,,,,,2026.09.16 14:54:00,2026.09.16 14:55:00
148,2026-09-16 11:54:00+00:00,WAIT,EMA/ADX/session filter failed; existing order unchanged,4328.07,4324.92,,,,4329.194850331092,19.583983203417187,,,2026.09.16 14:54:00,
148,2026-09-16 11:55:00+00:00,WAIT,EMA/ADX/session filter failed; existing order unchanged,4328.8,4324.92,,,,4329.2015765635915,18.323748783636827,,,2026.09.16 14:55:00,
148,2026-09-16 11:56:00+00:00,WAIT,EMA/ADX/session filter failed; existing order unchanged,4329.35,4324.92,,,,4329.211688808561,17.58946263195767,,,2026.09.16 14:56:00,
148,2026-09-16 11:57:00+00:00,WAIT,EMA/ADX/session filter failed; existing order unchanged,4329.5,4324.92,,,,4329.256223625952,17.546916383538093,,,2026.09.16 14:57:00,
148,2026-09-16 11:58:00+00:00,WAIT,EMA/ADX/session filter failed; existing order unchanged,4329.5,4324.92,,,,4329.287167137856,17.1886228461928,,,2026.09.16 14:58:00,
148,2026-09-16 11:59:00+00:00,WAIT,Trend filter failed; existing order unchanged,4329.7,4324.92,,,,,,,,2026.09.16 14:59:00,
148,2026-09-16 12:00:00+00:00,WAIT,Trend filter failed; existing order unchanged,4329.84,4324.92,,,,,,,,2026.09.16 15:00:00,
148,2026-09-16 12:01:00+00:00,WAIT,Trend filter failed; existing order unchanged,4330.23,4324.92,,,,,,,,2026.09.16 15:01:00,
148,2026-09-16 12:02:00+00:00,WAIT,Trend filter failed; existing order unchanged,4330.23,4324.92,,,,,,,,2026.09.16 15:02:00,
148,2026-09-16 12:03:00+00:00,WAIT,Trend filter failed; existing order unchanged,4330.73,4324.92,,,,,,,,2026.09.16 15:03:00,
148,2026-09-16 12:04:00+00:00,WAIT,Trend filter failed; existing order unchanged,4330.73,4324.92,,,,,,,,2026.09.16 15:04:00,
148,2026-09-16 12:05:00+00:00,WAIT,Trend filter failed; existing order unchanged,4330.73,4324.92,,,,,,,,2026.09.16 15:05:00,
148,2026-09-16 12:06:00+00:00,WAIT,Trend filter failed; existing order unchanged,4330.73,4324.92,,,,,,,,2026.09.16 15:06:00,
148,2026-09-16 12:07:00+00:00,WAIT,Trend filter failed; existing order unchanged,4330.73,4324.92,,,,,,,,2026.09.16 15:07:00,
148,2026-09-16 12:08:00+00:00,WAIT,Trend filter failed; existing order unchanged,4330.73,4324.92,,,,,,,,2026.09.16 15:08:00,
148,2026-09-16 12:09:00+00:00,WAIT,Trend filter failed; existing order unchanged,4330.73,4324.92,,,,,,,,2026.09.16 15:09:00,
148,2026-09-16 12:10:00+00:00,WAIT,Trend filter failed; existing order unchanged,4330.77,4324.92,,,,,,,,2026.09.16 15:10:00,
148,2026-09-16 12:11:00+00:00,WAIT,Trend filter failed; existing order unchanged,4331.19,4324.92,,,,,,,,2026.09.16 15:11:00,
148,2026-09-16 12:12:00+00:00,WAIT,Trend filter failed; existing order unchanged,4331.61,4324.92,,,,,,,,2026.09.16 15:12:00,
148,2026-09-16 12:13:00+00:00,WAIT,Trend filter failed; existing order unchanged,4331.61,4324.92,,,,,,,,2026.09.16 15:13:00,
148,2026-09-16 12:14:00+00:00,WAIT,Trend filter failed; existing order unchanged,4331.64,4324.92,,,,,,,,2026.09.16 15:14:00,
148,2026-09-16 12:15:00+00:00,WAIT,Trend filter failed; existing order unchanged,4332.14,4324.92,,,,,,,,2026.09.16 15:15:00,
148,2026-09-16 12:16:00+00:00,WAIT,Trend filter failed; existing order unchanged,4332.18,4324.92,,,,,,,,2026.09.16 15:16:00,
148,2026-09-16 12:17:00+00:00,WAIT,Trend filter failed; existing order unchanged,4332.18,4324.92,,,,,,,,2026.09.16 15:17:00,
148,2026-09-16 12:18:00+00:00,WAIT,Trend filter failed; existing order unchanged,4332.18,4324.92,,,,,,,,2026.09.16 15:18:00,
148,2026-09-16 12:19:00+00:00,WAIT,Trend filter failed; existing order unchanged,4332.18,4324.92,,,,,,,,2026.09.16 15:19:00,
148,2026-09-16 12:20:00+00:00,WAIT,Trend filter failed; existing order unchanged,4332.18,4324.92,,,,,,,,2026.09.16 15:20:00,
148,2026-09-16 12:21:00+00:00,WAIT,Trend filter failed; existing order unchanged,4332.18,4324.92,,,,,,,,2026.09.16 15:21:00,
148,2026-09-16 12:22:00+00:00,WAIT,Trend filter failed; existing order unchanged,4332.18,4324.92,,,,,,,,2026.09.16 15:22:00,
148,2026-09-16 12:23:00+00:00,WAIT,Trend filter failed; existing order unchanged,4332.18,4324.92,,,,,,,,2026.09.16 15:23:00,
148,2026-09-16 12:24:00+00:00,WAIT,Trend filter failed; existing order unchanged,4332.18,4324.92,,,,,,,,2026.09.16 15:24:00,
148,2026-09-16 12:25:00+00:00,WAIT,Trend filter failed; existing order unchanged,4332.18,4324.92,,,,,,,,2026.09.16 15:25:00,
148,2026-09-16 12:26:00+00:00,WAIT,Trend filter failed; existing order unchanged,4332.18,4324.92,,,,,,,,2026.09.16 15:26:00,
148,2026-09-16 12:27:00+00:00,WAIT,Trend filter failed; existing order unchanged,4332.18,4324.92,,,,,,,,2026.09.16 15:27:00,
148,2026-09-16 12:28:00+00:00,WAIT,Trend filter failed; existing order unchanged,4332.18,4324.92,,,,,,,,2026.09.16 15:28:00,
148,2026-09-16 12:29:00+00:00,WAIT,Trend filter failed; existing order unchanged,4332.18,4324.92,,,,,,,,2026.09.16 15:29:00,
148,2026-09-16 12:30:00+00:00,WAIT,Trend filter failed; existing order unchanged,4332.18,4324.92,,,,,,,,2026.09.16 15:30:00,
148,2026-09-16 12:31:00+00:00,WAIT,Trend filter failed; existing order unchanged,4332.18,4324.92,,,,,,,,2026.09.16 15:31:00,
148,2026-09-16 12:32:00+00:00,WAIT,Trend filter failed; existing order unchanged,4332.94,4324.92,,,,,,,,2026.09.16 15:32:00,
148,2026-09-16 12:33:00+00:00,WAIT,Trend filter failed; existing order unchanged,4332.94,4324.92,,,,,,,,2026.09.16 15:33:00,
148,2026-09-16 12:34:00+00:00,WAIT,Trend filter failed; existing order unchanged,4333.61,4324.92,,,,,,,,2026.09.16 15:34:00,
148,2026-09-16 12:35:00+00:00,WAIT,Trend filter failed; existing order unchanged,4333.79,4324.92,,,,,,,,2026.09.16 15:35:00,
148,2026-09-16 12:36:00+00:00,WAIT,Trend filter failed; existing order unchanged,4333.79,4324.92,,,,,,,,2026.09.16 15:36:00,
148,2026-09-16 12:37:00+00:00,WAIT,Trend filter failed; existing order unchanged,4333.79,4324.92,,,,,,,,2026.09.16 15:37:00,
148,2026-09-16 12:38:00+00:00,WAIT,Trend filter failed; existing order unchanged,4333.79,4324.92,,,,,,,,2026.09.16 15:38:00,
148,2026-09-16 12:39:00+00:00,WAIT,Trend filter failed; existing order unchanged,4333.79,4324.92,,,,,,,,2026.09.16 15:39:00,
148,2026-09-16 12:40:00+00:00,WAIT,Trend filter failed; existing order unchanged,4334.13,4324.92,,,,,,,,2026.09.16 15:40:00,
148,2026-09-16 12:41:00+00:00,WAIT,Trend filter failed; existing order unchanged,4334.41,4324.92,,,,,,,,2026.09.16 15:41:00,
148,2026-09-16 12:42:00+00:00,WAIT,Trend filter failed; existing order unchanged,4334.44,4324.92,,,,,,,,2026.09.16 15:42:00,
148,2026-09-16 12:43:00+00:00,CANCELLED,SL breached or risk outside permitted distance,4335.54,4324.92,,,,,,,,2026.09.16 15:43:00,
149,2026-09-16 13:28:00+00:00,DETECTED,Decision at candle close,4346.27,4340.98,,2026-09-16 13:29:00+00:00,,,,,,2026.09.16 16:28:00,2026.09.16 16:29:00
149,2026-09-16 13:28:00+00:00,PLACED,Effective after this candle closes; no same-bar fill,4346.27,4340.98,4351.56,2026-09-16 13:29:00+00:00,,,,,,2026.09.16 16:28:00,2026.09.16 16:29:00
149,2026-09-16 13:29:00+00:00,FILLED,Simulated limit touch; exact tick time unknown,4346.27,4340.98,4351.56,,14.0,,,,,2026.09.16 16:29:00,
149,2026-09-16 14:00:00+00:00,TP,"exit_result: open-gap priority, otherwise SL-first; fill-bar TP requires proof",4346.27,4340.98,4351.56,,,,,,,2026.09.16 17:00:00,
150,2026-09-16 14:50:00+00:00,DETECTED,Decision at candle close,4347.82,4349.92,,2026-09-16 14:51:00+00:00,,,,,,2026.09.16 17:50:00,2026.09.16 17:51:00
150,2026-09-16 14:50:00+00:00,WAIT,EMA/ADX/session filter failed; existing order unchanged,4347.82,4349.92,,,,4348.592917273705,16.76139634522591,,,2026.09.16 17:50:00,
150,2026-09-16 14:51:00+00:00,WAIT,EMA/ADX/session filter failed; existing order unchanged,4347.68,4349.92,,,,4348.560034714758,17.8103105105265,,,2026.09.16 17:51:00,
150,2026-09-16 14:52:00+00:00,WAIT,Trend filter failed; existing order unchanged,4347.56,4349.92,,,,,,,,2026.09.16 17:52:00,
150,2026-09-16 14:53:00+00:00,WAIT,Trend filter failed; existing order unchanged,4347.19,4349.92,,,,,,,,2026.09.16 17:53:00,
150,2026-09-16 14:54:00+00:00,WAIT,Trend filter failed; existing order unchanged,4347.19,4349.92,,,,,,,,2026.09.16 17:54:00,
150,2026-09-16 14:55:00+00:00,WAIT,Trend filter failed; existing order unchanged,4347.19,4349.92,,,,,,,,2026.09.16 17:55:00,
150,2026-09-16 14:56:00+00:00,WAIT,Trend filter failed; existing order unchanged,4344.86,4349.92,,,,,,,,2026.09.16 17:56:00,
150,2026-09-16 14:57:00+00:00,WAIT,Trend filter failed; existing order unchanged,4344.17,4349.92,,,,,,,,2026.09.16 17:57:00,
150,2026-09-16 14:58:00+00:00,WAIT,Trend filter failed; existing order unchanged,4343.4,4349.92,,,,,,,,2026.09.16 17:58:00,
150,2026-09-16 14:59:00+00:00,WAIT,Trend filter failed; existing order unchanged,4342.69,4349.92,,,,,,,,2026.09.16 17:59:00,
150,2026-09-16 15:00:00+00:00,WAIT,Trend filter failed; existing order unchanged,4342.44,4349.92,,,,,,,,2026.09.16 18:00:00,
150,2026-09-16 15:01:00+00:00,WAIT,Trend filter failed; existing order unchanged,4342.43,4349.92,,,,,,,,2026.09.16 18:01:00,
150,2026-09-16 15:02:00+00:00,WAIT,Trend filter failed; existing order unchanged,4342.43,4349.92,,,,,,,,2026.09.16 18:02:00,
150,2026-09-16 15:03:00+00:00,WAIT,Trend filter failed; existing order unchanged,4342.43,4349.92,,,,,,,,2026.09.16 18:03:00,
150,2026-09-16 15:04:00+00:00,WAIT,Trend filter failed; existing order unchanged,4342.43,4349.92,,,,,,,,2026.09.16 18:04:00,
150,2026-09-16 15:05:00+00:00,WAIT,Trend filter failed; existing order unchanged,4342.43,4349.92,,,,,,,,2026.09.16 18:05:00,
150,2026-09-16 15:06:00+00:00,WAIT,Trend filter failed; existing order unchanged,4342.43,4349.92,,,,,,,,2026.09.16 18:06:00,
150,2026-09-16 15:07:00+00:00,WAIT,Trend filter failed; existing order unchanged,4342.43,4349.92,,,,,,,,2026.09.16 18:07:00,
150,2026-09-16 15:08:00+00:00,REPLACED,New setup replaces previous setup/order,4342.43,4349.92,,,,,,,,2026.09.16 18:08:00,
151,2026-09-16 15:08:00+00:00,DETECTED,Decision at candle close,4346.48,4342.31,,2026-09-16 15:09:00+00:00,,,,,,2026.09.16 18:08:00,2026.09.16 18:09:00
151,2026-09-16 15:08:00+00:00,PLACED,Effective after this candle closes; no same-bar fill,4346.48,4342.31,4350.65,2026-09-16 15:09:00+00:00,,,,,,2026.09.16 18:08:00,2026.09.16 18:09:00
151,2026-09-16 15:09:00+00:00,MODIFIED,Effective after this candle closes; no same-bar fill,4346.52,4342.31,4350.73,2026-09-16 15:10:00+00:00,,,,,,2026.09.16 18:09:00,2026.09.16 18:10:00
151,2026-09-16 15:10:00+00:00,FILLED,Simulated limit touch; exact tick time unknown,4346.52,4342.31,4350.73,,10.0,,,,,2026.09.16 18:10:00,
151,2026-09-16 15:18:00+00:00,SL,"exit_result: open-gap priority, otherwise SL-first; fill-bar TP requires proof",4346.52,4342.31,4350.73,,,,,,,2026.09.16 18:18:00,
152,2026-09-16 17:04:00+00:00,DETECTED,Decision at candle close,4332.4,4337.35,,2026-09-16 17:05:00+00:00,,,,,,2026.09.16 20:04:00,2026.09.16 20:05:00
152,2026-09-16 17:04:00+00:00,PLACED,Effective after this candle closes; no same-bar fill,4332.4,4337.35,4327.45,2026-09-16 17:05:00+00:00,,,,,,2026.09.16 20:04:00,2026.09.16 20:05:00
152,2026-09-16 17:05:00+00:00,MODIFIED,Effective after this candle closes; no same-bar fill,4330.72,4337.35,4324.09,2026-09-16 17:06:00+00:00,,,,,,2026.09.16 20:05:00,2026.09.16 20:06:00
152,2026-09-16 17:06:00+00:00,CANCELLED,SL breached or risk outside permitted distance,4326.76,4337.35,,,,,,,,2026.09.16 20:06:00,
153,2026-09-16 17:20:00+00:00,DETECTED,Decision at candle close,4333.95,4337.35,,2026-09-16 17:21:00+00:00,,,,,,2026.09.16 20:20:00,2026.09.16 20:21:00
153,2026-09-16 17:20:00+00:00,PLACED,Effective after this candle closes; no same-bar fill,4333.95,4337.35,4330.55,2026-09-16 17:21:00+00:00,,,,,,2026.09.16 20:20:00,2026.09.16 20:21:00
153,2026-09-16 17:21:00+00:00,FILLED,Simulated limit touch; exact tick time unknown,4333.95,4337.35,4330.55,,8.0,,,,,2026.09.16 20:21:00,
153,2026-09-16 17:28:00+00:00,SL,"exit_result: open-gap priority, otherwise SL-first; fill-bar TP requires proof",4333.95,4337.35,4330.55,,,,,,,2026.09.16 20:28:00,
154,2026-09-16 17:46:00+00:00,DETECTED,Decision at candle close,4345.1,4341.5,,2026-09-16 17:47:00+00:00,,,,,,2026.09.16 20:46:00,2026.09.16 20:47:00
154,2026-09-16 17:46:00+00:00,PLACED,Effective after this candle closes; no same-bar fill,4345.1,4341.5,4348.7,2026-09-16 17:47:00+00:00,,,,,,2026.09.16 20:46:00,2026.09.16 20:47:00
154,2026-09-16 17:47:00+00:00,MODIFIED,Effective after this candle closes; no same-bar fill,4346.12,4341.5,4350.74,2026-09-16 17:48:00+00:00,,,,,,2026.09.16 20:47:00,2026.09.16 20:48:00
154,2026-09-16 17:48:00+00:00,MODIFIED,Effective after this candle closes; no same-bar fill,4347.56,4341.5,4353.62,2026-09-16 17:49:00+00:00,,,,,,2026.09.16 20:48:00,2026.09.16 20:49:00
154,2026-09-16 17:49:00+00:00,MODIFIED,Effective after this candle closes; no same-bar fill,4348.34,4341.5,4355.18,2026-09-16 17:50:00+00:00,,,,,,2026.09.16 20:49:00,2026.09.16 20:50:00
154,2026-09-16 17:50:00+00:00,MODIFIED,Effective after this candle closes; no same-bar fill,4350.01,4341.5,4358.52,2026-09-16 17:51:00+00:00,,,,,,2026.09.16 20:50:00,2026.09.16 20:51:00
154,2026-09-16 17:51:00+00:00,CANCELLED,SL breached or risk outside permitted distance,4352.27,4341.5,,,,,,,,2026.09.16 20:51:00,
155,2026-09-16 17:56:00+00:00,DETECTED,Decision at candle close,4350.07,4352.58,,2026-09-16 17:57:00+00:00,,,,,,2026.09.16 20:56:00,2026.09.16 20:57:00
155,2026-09-16 17:56:00+00:00,WAIT,EMA/ADX/session filter failed; existing order unchanged,4350.07,4352.58,,,,4342.632683382576,38.454013235244844,,,2026.09.16 20:56:00,
155,2026-09-16 17:57:00+00:00,WAIT,EMA/ADX/session filter failed; existing order unchanged,4350.07,4352.58,,,,4342.911283971252,38.137190797553664,,,2026.09.16 20:57:00,
155,2026-09-16 17:58:00+00:00,CANCELLED,SL breached or risk outside permitted distance,4350.07,4352.58,,,,,,,,2026.09.16 20:58:00,
156,2026-09-16 18:13:00+00:00,DETECTED,Decision at candle close,4354.44,4358.0,,2026-09-16 18:14:00+00:00,,,,,,2026.09.16 21:13:00,2026.09.16 21:14:00
156,2026-09-16 18:13:00+00:00,WAIT,EMA/ADX/session filter failed; existing order unchanged,4354.44,4358.0,,,,4347.507215724244,39.034244752504584,,,2026.09.16 21:13:00,
156,2026-09-16 18:14:00+00:00,WAIT,EMA/ADX/session filter failed; existing order unchanged,4354.44,4358.0,,,,4347.695831688669,38.9442761751607,,,2026.09.16 21:14:00,
156,2026-09-16 18:15:00+00:00,WAIT,EMA/ADX/session filter failed; existing order unchanged,4354.03,4358.0,,,,4347.87793557696,37.88608627939148,,,2026.09.16 21:15:00,
156,2026-09-16 18:16:00+00:00,WAIT,EMA/ADX/session filter failed; existing order unchanged,4354.03,4358.0,,,,4348.073085280363,37.26618513589321,,,2026.09.16 21:16:00,
156,2026-09-16 18:17:00+00:00,WAIT,EMA/ADX/session filter failed; existing order unchanged,4354.03,4358.0,,,,4348.208721875276,36.218550606763756,,,2026.09.16 21:17:00,
156,2026-09-16 18:18:00+00:00,WAIT,EMA/ADX/session filter failed; existing order unchanged,4354.03,4358.0,,,,4348.392698288574,35.24574711542927,,,2026.09.16 21:18:00,
156,2026-09-16 18:19:00+00:00,WAIT,Trend filter failed; existing order unchanged,4354.03,4358.0,,,,,,,,2026.09.16 21:19:00,
156,2026-09-16 18:20:00+00:00,WAIT,Trend filter failed; existing order unchanged,4353.88,4358.0,,,,,,,,2026.09.16 21:20:00,
156,2026-09-16 18:21:00+00:00,WAIT,Trend filter failed; existing order unchanged,4351.61,4358.0,,,,,,,,2026.09.16 21:21:00,
156,2026-09-16 18:22:00+00:00,WAIT,Trend filter failed; existing order unchanged,4351.61,4358.0,,,,,,,,2026.09.16 21:22:00,
156,2026-09-16 18:23:00+00:00,WAIT,Trend filter failed; existing order unchanged,4351.61,4358.0,,,,,,,,2026.09.16 21:23:00,
156,2026-09-16 18:24:00+00:00,WAIT,Trend filter failed; existing order unchanged,4351.61,4358.0,,,,,,,,2026.09.16 21:24:00,
156,2026-09-16 18:25:00+00:00,WAIT,Trend filter failed; existing order unchanged,4350.23,4358.0,,,,,,,,2026.09.16 21:25:00,
156,2026-09-16 18:26:00+00:00,WAIT,Trend filter failed; existing order unchanged,4348.1,4358.0,,,,,,,,2026.09.16 21:26:00,
156,2026-09-16 18:27:00+00:00,CANCELLED,SL breached or risk outside permitted distance,4347.51,4358.0,,,,,,,,2026.09.16 21:27:00,
157,2026-09-16 21:13:00+00:00,DETECTED,Decision at candle close,4316.45,4335.2,,2026-09-16 21:14:00+00:00,,,,,,2026.09.17 00:13:00,2026.09.17 00:14:00
157,2026-09-16 21:13:00+00:00,CANCELLED,SL breached or risk outside permitted distance,4316.45,4335.2,,,,,,,,2026.09.17 00:13:00,
158,2026-09-16 21:34:00+00:00,DETECTED,Decision at candle close,4293.64,4313.29,,2026-09-16 21:35:00+00:00,,,,,,2026.09.17 00:34:00,2026.09.17 00:35:00
158,2026-09-16 21:34:00+00:00,CANCELLED,SL breached or risk outside permitted distance,4293.64,4313.29,,,,,,,,2026.09.17 00:34:00,
159,2026-09-16 21:40:00+00:00,DETECTED,Decision at candle close,4283.08,4263.46,,2026-09-16 21:41:00+00:00,,,,,,2026.09.17 00:40:00,2026.09.17 00:41:00
159,2026-09-16 21:40:00+00:00,CANCELLED,SL breached or risk outside permitted distance,4283.08,4263.46,,,,,,,,2026.09.17 00:40:00,
160,2026-09-16 21:44:00+00:00,DETECTED,Decision at candle close,4299.71,4285.65,,2026-09-16 21:45:00+00:00,,,,,,2026.09.17 00:44:00,2026.09.17 00:45:00
160,2026-09-16 21:44:00+00:00,CANCELLED,SL breached or risk outside permitted distance,4299.71,4285.65,,,,,,,,2026.09.17 00:44:00,
161,2026-09-16 21:49:00+00:00,DETECTED,Decision at candle close,4297.59,4305.76,,2026-09-16 21:50:00+00:00,,,,,,2026.09.17 00:49:00,2026.09.17 00:50:00
161,2026-09-16 21:49:00+00:00,PLACED,Effective after this candle closes; no same-bar fill,4297.59,4305.76,4289.42,2026-09-16 21:50:00+00:00,,,,,,2026.09.17 00:49:00,2026.09.17 00:50:00
161,2026-09-16 21:50:00+00:00,MODIFIED,Effective after this candle closes; no same-bar fill,4296.0,4305.76,4286.24,2026-09-16 21:51:00+00:00,,,,,,2026.09.17 00:50:00,2026.09.17 00:51:00
161,2026-09-16 21:51:00+00:00,CANCELLED,SL breached or risk outside permitted distance,4288.66,4305.76,,,,,,,,2026.09.17 00:51:00,
162,2026-09-16 21:54:00+00:00,DETECTED,Decision at candle close,4276.39,4288.66,,2026-09-16 21:55:00+00:00,,,,,,2026.09.17 00:54:00,2026.09.17 00:55:00
162,2026-09-16 21:54:00+00:00,CANCELLED,SL breached or risk outside permitted distance,4276.39,4288.66,,,,,,,,2026.09.17 00:54:00,
163,2026-09-16 22:09:00+00:00,DETECTED,Decision at candle close,4258.82,4272.91,,2026-09-16 22:10:00+00:00,,,,,,2026.09.17 01:09:00,2026.09.17 01:10:00
163,2026-09-16 22:09:00+00:00,CANCELLED,SL breached or risk outside permitted distance,4258.82,4272.91,,,,,,,,2026.09.17 01:09:00,
