time,open,high,low,close,tick_volume,spread,real_volume
2026-09-07 15:53:00+00:00,4395.53,4395.71,4394.61,4395.64,115,16,0
2026-09-07 15:54:00+00:00,4395.68,4395.68,4394.34,4394.69,119,14,0
2026-09-07 15:55:00+00:00,4394.73,4394.95,4394.33,4394.47,79,8,0
2026-09-07 15:56:00+00:00,4394.49,4395.15,4394.46,4395.08,82,8,0
2026-09-07 15:57:00+00:00,4395.06,4395.95,4394.67,4395.7,87,8,0
2026-09-07 15:58:00+00:00,4395.59,4395.9,4395.07,4395.24,92,8,0
2026-09-07 15:59:00+00:00,4395.25,4397.04,4395.25,4396.8,117,8,0
2026-09-07 16:00:00+00:00,4396.81,4398.88,4395.43,4398.56,215,15,0
2026-09-07 16:01:00+00:00,4398.68,4398.97,4396.61,4397.49,181,16,0
2026-09-07 16:02:00+00:00,4397.52,4399.85,4397.15,4397.45,166,16,0
2026-09-07 16:03:00+00:00,4397.48,4398.21,4395.88,4396.79,162,16,0
2026-09-07 16:04:00+00:00,4396.84,4400.38,4396.81,4400.15,166,16,0
2026-09-07 16:05:00+00:00,4400.28,4401.84,4399.29,4401.81,157,16,0
2026-09-07 16:06:00+00:00,4401.85,4402.48,4400.22,4401.32,151,16,0
2026-09-07 16:07:00+00:00,4401.33,4401.33,4399.41,4400.86,144,16,0
2026-09-07 16:08:00+00:00,4400.87,4400.93,4400.28,4400.58,122,13,0
2026-09-07 16:09:00+00:00,4400.57,4402.49,4400.42,4402.47,124,11,0
2026-09-07 16:10:00+00:00,4402.51,4403.12,4401.65,4403.09,143,13,0
2026-09-07 16:11:00+00:00,4403.05,4403.92,4401.84,4401.84,123,14,0
2026-09-07 16:12:00+00:00,4401.87,4403.56,4401.03,4403.36,169,13,0
2026-09-07 16:13:00+00:00,4403.34,4403.75,4402.63,4403.63,143,14,0
2026-09-07 16:14:00+00:00,4403.65,4404.54,4403.49,4403.97,159,15,0
2026-09-07 16:15:00+00:00,4404.25,4404.25,4401.69,4403.22,161,16,0
2026-09-07 16:16:00+00:00,4403.23,4403.23,4401.68,4401.85,136,16,0
2026-09-07 16:17:00+00:00,4401.87,4403.66,4401.61,4402.67,142,16,0
2026-09-07 16:18:00+00:00,4402.66,4403.5,4402.27,4402.86,109,16,0
2026-09-07 16:19:00+00:00,4402.84,4403.14,4401.55,4402.05,92,8,0
2026-09-07 16:20:00+00:00,4402.11,4403.76,4402.11,4403.76,118,11,0
2026-09-07 16:21:00+00:00,4403.78,4404.7,4403.35,4404.24,124,9,0
2026-09-07 16:22:00+00:00,4404.3,4404.41,4403.14,4404.13,96,9,0
2026-09-07 16:23:00+00:00,4404.08,4404.45,4403.38,4403.53,87,8,0
2026-09-07 16:24:00+00:00,4403.52,4403.94,4402.83,4403.52,121,8,0
2026-09-07 16:25:00+00:00,4403.64,4404.91,4403.59,4404.68,107,14,0
2026-09-07 16:26:00+00:00,4404.67,4405.01,4404.11,4404.25,104,8,0
2026-09-07 16:27:00+00:00,4404.26,4404.31,4403.78,4404.02,82,8,0
2026-09-07 16:28:00+00:00,4404.0,4404.45,4403.7,4404.04,97,8,0
2026-09-07 16:29:00+00:00,4403.98,4404.14,4402.79,4403.82,140,8,0
2026-09-07 16:30:00+00:00,4403.86,4405.26,4403.24,4405.13,179,13,0
2026-09-07 16:31:00+00:00,4405.11,4406.93,4405.08,4406.71,154,15,0
2026-09-07 16:32:00+00:00,4406.83,4407.46,4406.3,4407.0,125,15,0
2026-09-07 16:33:00+00:00,4406.93,4407.17,4406.63,4406.79,94,14,0
2026-09-07 16:34:00+00:00,4406.77,4406.84,4406.14,4406.21,116,11,0
2026-09-07 16:35:00+00:00,4406.23,4406.75,4405.27,4405.61,126,8,0
2026-09-07 16:36:00+00:00,4405.57,4405.57,4403.2,4404.36,149,14,0
2026-09-07 16:37:00+00:00,4404.31,4404.31,4402.56,4403.37,119,15,0
2026-09-07 16:38:00+00:00,4403.35,4403.5,4402.7,4402.78,112,14,0
2026-09-07 16:39:00+00:00,4402.75,4403.47,4402.64,4403.15,109,11,0
2026-09-07 16:40:00+00:00,4403.16,4403.24,4401.74,4402.57,140,16,0
2026-09-07 16:41:00+00:00,4402.45,4403.18,4402.31,4403.01,113,16,0
2026-09-07 16:42:00+00:00,4403.02,4403.85,4402.98,4403.03,125,15,0
2026-09-07 16:43:00+00:00,4402.97,4403.33,4402.19,4402.32,107,9,0
2026-09-07 16:44:00+00:00,4402.61,4403.98,4402.61,4403.43,118,8,0
2026-09-07 16:45:00+00:00,4403.45,4405.89,4403.45,4405.07,146,9,0
2026-09-07 16:46:00+00:00,4405.13,4406.37,4405.1,4406.33,117,16,0
2026-09-07 16:47:00+00:00,4406.33,4407.78,4406.33,4406.92,151,16,0
2026-09-07 16:48:00+00:00,4406.93,4406.98,4404.8,4405.21,148,14,0
2026-09-07 16:49:00+00:00,4405.24,4405.39,4403.48,4403.62,126,16,0
2026-09-07 16:50:00+00:00,4403.61,4403.67,4402.98,4403.64,115,14,0
2026-09-07 16:51:00+00:00,4403.59,4403.84,4403.02,4403.14,122,8,0
2026-09-07 16:52:00+00:00,4403.12,4403.6,4402.48,4403.48,104,8,0
2026-09-07 16:53:00+00:00,4403.38,4403.9,4403.28,4403.72,95,8,0
2026-09-07 16:54:00+00:00,4403.67,4404.85,4403.59,4404.47,95,8,0
2026-09-07 16:55:00+00:00,4404.65,4404.67,4403.02,4403.24,127,8,0
2026-09-07 16:56:00+00:00,4403.26,4403.68,4402.67,4402.87,121,14,0
2026-09-07 16:57:00+00:00,4402.88,4402.95,4402.16,4402.36,104,8,0
2026-09-07 16:58:00+00:00,4402.4,4402.54,4401.29,4401.59,121,8,0
2026-09-07 16:59:00+00:00,4401.66,4402.63,4401.66,4402.61,109,9,0
2026-09-07 17:00:00+00:00,4402.66,4405.83,4401.15,4405.68,178,16,0
2026-09-07 17:01:00+00:00,4406.17,4407.32,4405.63,4406.72,172,16,0
2026-09-07 17:02:00+00:00,4406.79,4407.88,4406.65,4407.02,137,16,0
2026-09-07 17:03:00+00:00,4407.03,4407.75,4406.7,4407.23,119,16,0
2026-09-07 17:04:00+00:00,4407.24,4407.77,4405.68,4406.23,134,13,0
2026-09-07 17:05:00+00:00,4406.27,4406.85,4405.68,4406.17,129,13,0
2026-09-07 17:06:00+00:00,4406.18,4407.87,4406.17,4407.33,144,13,0
2026-09-07 17:07:00+00:00,4407.41,4408.63,4407.03,4408.26,130,11,0
2026-09-07 17:08:00+00:00,4408.22,4408.45,4407.86,4408.1,83,8,0
2026-09-07 17:09:00+00:00,4408.12,4408.2,4407.56,4407.92,101,8,0
2026-09-07 17:10:00+00:00,4407.93,4408.02,4406.9,4407.32,123,8,0
2026-09-07 17:11:00+00:00,4407.33,4407.73,4406.74,4407.26,94,9,0
2026-09-07 17:12:00+00:00,4407.29,4407.72,4407.01,4407.42,93,8,0
2026-09-07 17:13:00+00:00,4407.45,4408.93,4407.29,4407.29,113,8,0
2026-09-07 17:14:00+00:00,4407.5,4407.98,4407.11,4407.13,101,15,0
2026-09-07 17:15:00+00:00,4407.18,4408.24,4406.83,4407.82,117,14,0
2026-09-07 17:16:00+00:00,4407.82,4409.01,4407.78,4408.68,113,9,0
2026-09-07 17:17:00+00:00,4408.67,4409.08,4407.84,4407.84,102,14,0
2026-09-07 17:18:00+00:00,4407.85,4407.98,4407.23,4407.28,107,8,0
2026-09-07 17:19:00+00:00,4407.27,4408.15,4407.27,4407.96,86,8,0
2026-09-07 17:20:00+00:00,4407.96,4408.05,4407.66,4407.95,87,8,0
2026-09-07 17:21:00+00:00,4407.96,4407.98,4406.42,4407.03,121,8,0
2026-09-07 17:22:00+00:00,4407.06,4407.83,4407.06,4407.83,101,11,0
2026-09-07 17:23:00+00:00,4407.85,4407.86,4406.71,4406.71,98,11,0
2026-09-07 17:24:00+00:00,4406.74,4406.74,4405.14,4405.96,108,11,0
2026-09-07 17:25:00+00:00,4405.98,4408.27,4405.88,4408.1,106,15,0
2026-09-07 17:26:00+00:00,4408.16,4408.48,4407.4,4407.72,83,13,0
2026-09-07 17:27:00+00:00,4407.73,4408.78,4407.46,4407.75,79,9,0
2026-09-07 17:28:00+00:00,4407.81,4407.91,4407.14,4407.52,81,14,0
2026-09-07 17:29:00+00:00,4407.53,4407.53,4406.57,4407.11,72,11,0
2026-09-07 17:30:00+00:00,4407.1,4407.2,4405.6,4406.42,98,11,0
2026-09-07 17:31:00+00:00,4406.46,4406.74,4406.09,4406.48,103,11,0
2026-09-07 17:32:00+00:00,4406.52,4406.63,4405.79,4406.35,95,8,0
2026-09-07 17:33:00+00:00,4406.34,4407.45,4405.78,4406.61,130,9,0
2026-09-07 17:34:00+00:00,4406.58,4406.58,4405.78,4405.97,90,13,0
2026-09-07 17:35:00+00:00,4406.01,4406.41,4404.89,4405.54,101,11,0
2026-09-07 17:36:00+00:00,4405.49,4406.52,4404.92,4405.91,101,15,0
2026-09-07 17:37:00+00:00,4405.99,4407.85,4405.35,4406.88,142,16,0
2026-09-07 17:38:00+00:00,4406.76,4406.76,4405.66,4405.76,106,16,0
2026-09-07 17:39:00+00:00,4405.85,4405.85,4404.72,4405.7,91,14,0
2026-09-07 17:40:00+00:00,4405.78,4405.78,4405.78,4405.78,1,16,0
2026-09-07 17:41:00+00:00,4405.64,4405.86,4405.34,4405.5,73,11,0
2026-09-07 17:42:00+00:00,4405.55,4408.16,4405.55,4408.07,195,11,0
2026-09-07 17:43:00+00:00,4408.06,4411.4,4408.06,4411.27,253,8,0
2026-09-07 17:44:00+00:00,4411.29,4412.2,4410.59,4411.15,258,8,0
2026-09-07 17:45:00+00:00,4411.16,4413.82,4410.64,4412.61,244,8,0
2026-09-07 17:46:00+00:00,4412.42,4413.34,4411.99,4413.11,198,16,0
2026-09-07 17:47:00+00:00,4413.12,4416.06,4413.04,4415.05,186,16,0
2026-09-07 17:48:00+00:00,4415.1,4418.52,4414.72,4416.81,184,16,0
2026-09-07 17:49:00+00:00,4416.67,4416.67,4413.82,4413.89,176,16,0
2026-09-07 17:50:00+00:00,4413.91,4414.44,4413.38,4413.54,129,15,0
2026-09-07 17:51:00+00:00,4413.52,4414.17,4412.34,4414.17,160,15,0
2026-09-07 17:52:00+00:00,4414.12,4416.01,4414.12,4415.55,141,16,0
2026-09-07 17:53:00+00:00,4415.5,4417.76,4414.83,4417.76,157,16,0
2026-09-07 17:54:00+00:00,4418.03,4419.56,4416.6,4416.95,174,16,0
2026-09-07 17:55:00+00:00,4416.96,4417.44,4416.37,4416.44,138,15,0
2026-09-07 17:56:00+00:00,4416.48,4417.2,4416.26,4416.71,147,13,0
2026-09-07 17:57:00+00:00,4416.76,4417.18,4416.27,4416.5,165,14,0
2026-09-07 17:58:00+00:00,4416.47,4416.87,4415.67,4416.2,143,11,0
2026-09-07 17:59:00+00:00,4416.03,4417.08,4416.03,4416.15,116,8,0
2026-09-07 18:00:00+00:00,4416.12,4416.65,4415.65,4416.38,165,8,0
2026-09-07 18:01:00+00:00,4416.36,4416.36,4414.3,4415.26,167,15,0
2026-09-07 18:02:00+00:00,4415.33,4416.0,4413.87,4413.88,164,14,0
2026-09-07 18:03:00+00:00,4413.86,4414.55,4413.34,4413.98,136,14,0
2026-09-07 18:04:00+00:00,4414.0,4414.25,4412.46,4413.79,136,11,0
2026-09-07 18:05:00+00:00,4413.8,4414.19,4411.53,4411.76,159,13,0
2026-09-07 18:06:00+00:00,4411.78,4411.88,4410.01,4410.08,151,10,0
2026-09-07 18:07:00+00:00,4410.14,4410.38,4409.26,4410.38,139,10,0
2026-09-07 18:08:00+00:00,4410.34,4411.61,4409.98,4411.23,130,10,0
2026-09-07 18:09:00+00:00,4411.24,4413.06,4411.24,4413.04,125,10,0
2026-09-07 18:10:00+00:00,4413.02,4413.71,4412.33,4412.33,122,13,0
2026-09-07 18:11:00+00:00,4412.23,4412.63,4411.5,4412.63,105,11,0
2026-09-07 18:12:00+00:00,4412.83,4413.9,4412.6,4413.76,122,11,0
2026-09-07 18:13:00+00:00,4413.56,4413.59,4412.84,4413.18,111,11,0
2026-09-07 18:14:00+00:00,4413.14,4414.61,4412.52,4413.9,146,10,0
2026-09-07 18:15:00+00:00,4414.11,4414.21,4412.99,4414.16,145,15,0
2026-09-07 18:16:00+00:00,4414.17,4414.46,4413.48,4414.07,99,13,0
2026-09-07 18:17:00+00:00,4414.08,4414.4,4413.38,4413.8,123,13,0
2026-09-07 18:18:00+00:00,4413.84,4414.17,4413.48,4413.53,93,12,0
2026-09-07 18:19:00+00:00,4413.54,4414.8,4413.42,4414.47,107,11,0
2026-09-07 18:20:00+00:00,4414.48,4414.94,4413.5,4414.12,118,13,0
2026-09-07 18:21:00+00:00,4414.18,4414.67,4413.61,4414.46,91,15,0
2026-09-07 18:22:00+00:00,4414.45,4415.15,4414.05,4414.54,91,15,0
2026-09-07 18:23:00+00:00,4414.46,4414.6,4413.65,4413.97,102,13,0
2026-09-07 18:24:00+00:00,4414.09,4414.35,4413.21,4414.32,109,13,0
2026-09-07 18:25:00+00:00,4414.31,4414.5,4413.55,4414.1,102,10,0
2026-09-07 18:26:00+00:00,4413.97,4414.0,4412.1,4412.48,121,13,0
2026-09-07 18:27:00+00:00,4412.48,4413.1,4411.97,4412.79,93,15,0
2026-09-07 18:28:00+00:00,4412.86,4413.49,4412.61,4413.37,100,13,0
2026-09-07 18:29:00+00:00,4413.38,4413.76,4413.03,4413.15,119,12,0
2026-09-07 18:30:00+00:00,4413.13,4413.68,4412.57,4412.57,108,13,0
2026-09-07 18:31:00+00:00,4412.56,4413.1,4412.3,4412.82,93,14,0
2026-09-07 18:32:00+00:00,4412.73,4412.86,4412.19,4412.51,86,14,0
2026-09-07 18:33:00+00:00,4412.46,4412.68,4411.98,4412.67,76,13,0
2026-09-07 18:34:00+00:00,4412.68,4414.46,4412.57,4413.85,79,11,0
2026-09-07 18:35:00+00:00,4413.79,4414.32,4412.83,4413.75,85,16,0
2026-09-07 18:36:00+00:00,4413.64,4414.02,4413.1,4413.12,84,14,0
2026-09-07 18:37:00+00:00,4413.13,4413.14,4411.72,4411.96,91,15,0
2026-09-07 18:38:00+00:00,4411.96,4412.41,4411.55,4412.17,70,13,0
2026-09-07 18:39:00+00:00,4412.15,4412.82,4410.92,4410.95,76,11,0
2026-09-07 18:40:00+00:00,4410.96,4411.21,4410.46,4411.09,90,16,0
2026-09-07 18:41:00+00:00,4411.08,4411.66,4410.33,4410.33,77,11,0
2026-09-07 18:42:00+00:00,4410.33,4411.17,4409.65,4410.76,92,16,0
2026-09-07 18:43:00+00:00,4410.8,4411.18,4410.35,4411.18,71,11,0
2026-09-07 18:44:00+00:00,4411.23,4412.53,4410.95,4411.94,71,16,0
2026-09-07 18:45:00+00:00,4412.0,4412.37,4411.51,4412.1,94,11,0
2026-09-07 18:46:00+00:00,4412.09,4413.24,4411.93,4413.06,94,13,0
2026-09-07 18:47:00+00:00,4413.01,4413.13,4412.14,4412.62,79,12,0
2026-09-07 18:48:00+00:00,4412.64,4412.96,4412.3,4412.46,74,10,0
2026-09-07 18:49:00+00:00,4412.44,4412.89,4412.44,4412.74,62,10,0
2026-09-07 18:50:00+00:00,4412.76,4413.47,4412.58,4413.27,79,10,0
2026-09-07 18:51:00+00:00,4413.35,4413.8,4413.28,4413.35,59,10,0
2026-09-07 18:52:00+00:00,4413.34,4413.36,4412.69,4412.92,59,10,0
2026-09-07 18:53:00+00:00,4413.07,4413.3,4412.39,4412.47,64,10,0
2026-09-07 18:54:00+00:00,4412.41,4413.53,4412.41,4413.47,60,12,0
2026-09-07 18:55:00+00:00,4413.28,4413.87,4412.62,4412.62,109,16,0
2026-09-07 18:56:00+00:00,4412.73,4413.37,4412.72,4413.01,62,14,0
2026-09-07 18:57:00+00:00,4413.05,4413.73,4412.58,4413.42,92,15,0
2026-09-07 18:58:00+00:00,4413.45,4414.05,4413.41,4413.98,56,12,0
2026-09-07 18:59:00+00:00,4414.01,4415.23,4414.01,4414.4,53,13,0
2026-09-07 19:00:00+00:00,4414.46,4414.92,4413.62,4413.81,87,14,0
2026-09-07 19:01:00+00:00,4413.82,4413.82,4413.36,4413.66,73,14,0
2026-09-07 19:02:00+00:00,4413.65,4413.69,4413.33,4413.33,50,13,0
2026-09-07 19:03:00+00:00,4413.35,4413.94,4412.9,4413.66,69,12,0
2026-09-07 19:04:00+00:00,4413.67,4414.04,4413.6,4413.94,54,14,0
2026-09-07 19:05:00+00:00,4413.95,4414.08,4413.74,4413.88,49,12,0
2026-09-07 19:06:00+00:00,4413.86,4414.12,4413.78,4414.12,46,11,0
2026-09-07 19:07:00+00:00,4414.11,4414.98,4413.96,4414.7,57,11,0
2026-09-07 19:08:00+00:00,4414.67,4415.32,4414.61,4414.68,81,14,0
2026-09-07 19:09:00+00:00,4414.69,4415.77,4414.67,4415.76,73,14,0
2026-09-07 19:10:00+00:00,4415.73,4416.26,4415.38,4415.86,85,13,0
2026-09-07 19:11:00+00:00,4415.85,4416.09,4415.59,4416.09,50,13,0
2026-09-07 19:12:00+00:00,4416.07,4416.74,4415.95,4416.13,71,12,0
2026-09-07 19:13:00+00:00,4416.17,4416.69,4416.04,4416.69,36,10,0
2026-09-07 19:14:00+00:00,4416.57,4416.66,4414.73,4414.8,92,10,0
2026-09-07 19:15:00+00:00,4414.77,4415.32,4414.74,4414.88,56,15,0
2026-09-07 19:16:00+00:00,4414.89,4414.94,4413.95,4414.2,64,13,0
2026-09-07 19:17:00+00:00,4414.21,4414.41,4413.31,4413.69,75,15,0
2026-09-07 19:18:00+00:00,4413.71,4413.74,4413.33,4413.5,72,13,0
2026-09-07 19:19:00+00:00,4413.51,4413.51,4412.69,4413.36,91,11,0
2026-09-07 19:20:00+00:00,4413.4,4413.83,4413.29,4413.8,62,10,0
2026-09-07 19:21:00+00:00,4413.74,4413.75,4413.36,4413.62,54,10,0
2026-09-07 19:22:00+00:00,4413.63,4413.65,4413.15,4413.55,57,10,0
2026-09-07 19:23:00+00:00,4413.57,4413.64,4413.45,4413.64,32,10,0
2026-09-07 19:24:00+00:00,4413.6,4414.04,4413.22,4413.22,42,10,0
2026-09-07 19:25:00+00:00,4413.29,4413.66,4413.14,4413.55,66,13,0
2026-09-07 19:26:00+00:00,4413.53,4414.25,4413.5,4414.01,46,12,0
2026-09-07 19:27:00+00:00,4414.09,4414.33,4413.7,4413.7,55,12,0
2026-09-07 19:28:00+00:00,4413.68,4414.15,4413.62,4413.86,68,13,0
2026-09-07 19:29:00+00:00,4413.89,4414.15,4413.6,4413.64,55,13,0
2026-09-07 19:30:00+00:00,4413.62,4413.85,4413.28,4413.61,47,12,0
2026-09-07 19:31:00+00:00,4413.56,4413.63,4413.28,4413.56,57,11,0
2026-09-07 19:32:00+00:00,4413.54,4413.76,4413.52,4413.63,30,10,0
2026-09-07 19:33:00+00:00,4413.58,4414.03,4413.39,4413.44,54,10,0
2026-09-07 19:34:00+00:00,4413.43,4413.43,4412.64,4412.69,82,14,0
2026-09-07 19:35:00+00:00,4412.79,4413.46,4412.79,4413.33,49,15,0
2026-09-07 19:36:00+00:00,4413.32,4413.37,4412.21,4412.21,74,15,0
2026-09-07 19:37:00+00:00,4412.24,4412.76,4412.24,4412.52,59,14,0
2026-09-07 19:38:00+00:00,4412.53,4412.72,4412.47,4412.47,52,11,0
2026-09-07 19:39:00+00:00,4412.48,4412.48,4411.86,4412.36,62,11,0
2026-09-07 19:40:00+00:00,4412.38,4413.74,4412.24,4413.74,63,10,0
2026-09-07 19:41:00+00:00,4413.73,4413.73,4413.46,4413.67,33,12,0
2026-09-07 19:42:00+00:00,4413.66,4413.71,4413.25,4413.43,37,10,0
2026-09-07 19:43:00+00:00,4413.4,4413.9,4413.05,4413.9,53,10,0
2026-09-07 19:44:00+00:00,4413.89,4414.14,4413.7,4414.11,56,15,0
2026-09-07 19:45:00+00:00,4414.13,4414.53,4413.52,4413.54,62,15,0
2026-09-07 19:46:00+00:00,4413.59,4413.68,4413.17,4413.17,40,15,0
2026-09-07 19:47:00+00:00,4413.14,4413.23,4413.0,4413.06,29,10,0
2026-09-07 19:48:00+00:00,4413.01,4413.74,4412.99,4413.49,32,10,0
2026-09-07 19:49:00+00:00,4413.48,4413.55,4413.31,4413.53,45,10,0
2026-09-07 19:50:00+00:00,4413.52,4414.5,4413.52,4414.5,55,10,0
2026-09-07 19:51:00+00:00,4414.47,4414.47,4414.13,4414.13,33,11,0
2026-09-07 19:52:00+00:00,4414.16,4414.38,4414.09,4414.12,16,10,0
2026-09-07 19:53:00+00:00,4414.1,4414.28,4413.69,4413.97,45,10,0
2026-09-07 19:54:00+00:00,4413.97,4413.97,4413.06,4413.33,32,13,0
2026-09-07 19:55:00+00:00,4413.28,4413.54,4413.12,4413.45,32,14,0
2026-09-07 19:56:00+00:00,4413.4,4413.45,4413.17,4413.17,30,10,0
2026-09-07 19:57:00+00:00,4413.19,4413.41,4413.09,4413.31,41,10,0
2026-09-07 19:58:00+00:00,4413.32,4413.89,4413.2,4413.84,50,10,0
2026-09-07 19:59:00+00:00,4413.85,4414.52,4413.85,4414.51,46,11,0
2026-09-07 20:00:00+00:00,4414.52,4415.06,4414.52,4415.06,27,10,0
2026-09-07 20:01:00+00:00,4415.07,4415.1,4414.85,4415.03,22,10,0
2026-09-07 20:02:00+00:00,4414.74,4414.74,4413.8,4413.84,35,10,0
2026-09-07 20:03:00+00:00,4413.85,4413.92,4413.78,4413.79,13,10,0
2026-09-07 20:04:00+00:00,4413.78,4413.79,4413.53,4413.79,22,10,0
2026-09-07 20:05:00+00:00,4413.84,4414.68,4413.84,4414.1,36,10,0
2026-09-07 20:06:00+00:00,4413.94,4413.94,4412.68,4412.83,31,15,0
2026-09-07 20:07:00+00:00,4412.8,4412.8,4412.36,4412.48,15,15,0
2026-09-07 20:08:00+00:00,4412.52,4413.43,4412.52,4413.35,47,15,0
2026-09-07 20:09:00+00:00,4413.34,4413.42,4412.72,4412.91,31,13,0
2026-09-07 20:10:00+00:00,4412.92,4412.92,4412.53,4412.68,29,10,0
2026-09-07 20:11:00+00:00,4412.65,4413.03,4412.64,4413.01,35,10,0
2026-09-07 20:12:00+00:00,4413.02,4413.18,4412.28,4412.46,34,10,0
2026-09-07 20:13:00+00:00,4412.43,4412.73,4412.28,4412.29,28,14,0
2026-09-07 20:14:00+00:00,4412.3,4412.57,4412.3,4412.38,16,10,0
2026-09-07 20:15:00+00:00,4412.52,4412.78,4412.49,4412.57,38,10,0
2026-09-07 20:16:00+00:00,4412.58,4412.84,4412.49,4412.81,22,10,0
2026-09-07 20:17:00+00:00,4412.89,4413.73,4412.86,4413.69,35,10,0
2026-09-07 20:18:00+00:00,4413.68,4413.82,4413.47,4413.82,23,13,0
2026-09-07 20:19:00+00:00,4413.9,4414.0,4413.57,4413.57,20,10,0
2026-09-07 20:20:00+00:00,4413.6,4413.6,4413.15,4413.48,35,10,0
2026-09-07 20:21:00+00:00,4413.49,4413.49,4413.05,4413.05,15,10,0
2026-09-07 20:22:00+00:00,4412.93,4413.62,4412.91,4413.02,29,10,0
2026-09-07 20:23:00+00:00,4412.93,4413.05,4412.29,4412.29,38,13,0
2026-09-07 20:24:00+00:00,4412.31,4412.81,4412.3,4412.78,19,14,0
2026-09-07 20:25:00+00:00,4412.78,4412.96,4412.77,4412.85,32,8,0
2026-09-07 20:26:00+00:00,4412.85,4412.85,4412.15,4412.18,27,8,0
2026-09-07 20:27:00+00:00,4412.21,4412.33,4412.21,4412.33,16,9,0
2026-09-07 20:28:00+00:00,4412.47,4412.48,4412.23,4412.46,27,8,0
2026-09-07 20:29:00+00:00,4412.47,4412.68,4412.28,4412.31,34,8,0
2026-09-07 20:30:00+00:00,4412.39,4412.62,4411.4,4411.53,28,14,0
2026-09-07 20:31:00+00:00,4411.53,4411.54,4411.4,4411.47,17,15,0
2026-09-07 20:32:00+00:00,4411.52,4411.53,4410.97,4410.99,28,14,0
2026-09-07 20:33:00+00:00,4410.99,4411.0,4409.92,4410.24,37,11,0
2026-09-07 20:34:00+00:00,4410.14,4410.25,4410.03,4410.17,62,13,0
2026-09-07 20:35:00+00:00,4410.11,4410.18,4410.0,4410.15,39,9,0
2026-09-07 20:36:00+00:00,4410.29,4410.54,4410.27,4410.48,24,8,0
2026-09-07 20:37:00+00:00,4410.45,4410.45,4410.36,4410.4,12,8,0
2026-09-07 20:38:00+00:00,4410.42,4410.83,4410.22,4410.31,33,8,0
2026-09-07 20:39:00+00:00,4410.3,4410.35,4410.15,4410.25,30,9,0
2026-09-07 20:40:00+00:00,4410.27,4410.63,4410.17,4410.54,42,11,0
2026-09-07 20:41:00+00:00,4410.53,4410.72,4410.53,4410.72,17,9,0
2026-09-07 20:42:00+00:00,4410.71,4410.91,4410.68,4410.87,36,8,0
2026-09-07 20:43:00+00:00,4410.91,4410.91,4410.8,4410.86,13,8,0
2026-09-07 20:44:00+00:00,4410.88,4410.99,4410.84,4410.97,18,8,0
2026-09-07 20:45:00+00:00,4410.9,4410.9,4409.75,4410.11,44,8,0
2026-09-07 20:46:00+00:00,4410.1,4410.14,4409.94,4410.04,31,15,0
2026-09-07 20:47:00+00:00,4410.05,4410.67,4410.05,4410.66,30,14,0
2026-09-07 20:48:00+00:00,4410.62,4410.62,4410.27,4410.35,36,15,0
2026-09-07 20:49:00+00:00,4410.36,4410.56,4410.36,4410.5,29,13,0
2026-09-07 20:50:00+00:00,4410.51,4410.79,4410.48,4410.71,35,8,0
2026-09-07 20:51:00+00:00,4410.69,4410.69,4410.58,4410.63,28,8,0
2026-09-07 20:52:00+00:00,4410.56,4410.89,4410.56,4410.57,21,8,0
2026-09-07 20:53:00+00:00,4410.59,4410.59,4408.78,4409.19,64,9,0
2026-09-07 20:54:00+00:00,4409.12,4409.54,4409.12,4409.36,42,15,0
2026-09-07 20:55:00+00:00,4409.32,4409.32,4408.42,4408.45,38,15,0
2026-09-07 20:56:00+00:00,4408.44,4408.44,4407.51,4407.59,53,15,0
2026-09-07 20:57:00+00:00,4407.71,4408.73,4407.68,4408.73,69,15,0
2026-09-07 20:58:00+00:00,4408.74,4408.74,4407.87,4407.99,82,14,0
2026-09-07 20:59:00+00:00,4408.04,4408.1,4407.15,4407.17,72,15,0
2026-09-07 21:00:00+00:00,4407.21,4407.45,4406.6,4407.3,97,15,0
2026-09-07 21:01:00+00:00,4407.3,4407.3,4406.11,4406.19,66,15,0
2026-09-07 21:02:00+00:00,4406.19,4407.39,4405.88,4407.38,53,15,0
2026-09-07 21:03:00+00:00,4407.39,4408.55,4407.36,4408.52,50,15,0
2026-09-07 21:04:00+00:00,4408.54,4408.6,4407.01,4407.03,38,15,0
2026-09-07 21:05:00+00:00,4407.05,4407.65,4406.77,4407.65,37,14,0
2026-09-07 21:06:00+00:00,4407.66,4408.59,4407.65,4408.53,49,13,0
2026-09-07 21:07:00+00:00,4408.22,4408.73,4408.2,4408.73,38,11,0
2026-09-07 21:08:00+00:00,4408.84,4409.11,4408.64,4408.64,35,8,0
2026-09-07 21:09:00+00:00,4408.65,4408.65,4407.57,4408.08,48,8,0
2026-09-07 21:10:00+00:00,4408.09,4408.87,4407.66,4407.66,71,13,0
2026-09-07 21:11:00+00:00,4407.68,4407.82,4407.39,4407.82,43,13,0
2026-09-07 21:12:00+00:00,4407.87,4407.87,4406.37,4406.48,64,11,0
2026-09-07 21:13:00+00:00,4406.46,4406.81,4405.56,4405.72,43,8,0
2026-09-07 21:14:00+00:00,4405.75,4405.79,4404.47,4404.91,83,9,0
2026-09-07 21:15:00+00:00,4404.91,4405.22,4404.9,4405.02,50,11,0
2026-09-07 21:16:00+00:00,4404.98,4404.98,4403.7,4403.84,59,11,0
2026-09-07 21:17:00+00:00,4403.85,4404.78,4403.85,4404.07,38,15,0
2026-09-07 21:18:00+00:00,4403.97,4405.15,4403.93,4404.61,51,15,0
2026-09-07 21:19:00+00:00,4404.62,4404.89,4403.87,4404.89,64,15,0
2026-09-07 21:20:00+00:00,4404.88,4404.88,4404.29,4404.57,62,13,0
2026-09-07 21:21:00+00:00,4404.51,4405.0,4404.43,4404.95,75,12,0
2026-09-07 21:22:00+00:00,4404.94,4406.18,4404.93,4406.16,42,12,0
2026-09-07 21:23:00+00:00,4406.17,4406.2,4405.51,4405.52,47,10,0
2026-09-07 21:24:00+00:00,4405.61,4405.62,4405.5,4405.51,19,10,0
2026-09-07 21:25:00+00:00,4405.48,4405.7,4403.12,4403.7,76,10,0
2026-09-07 21:26:00+00:00,4403.71,4404.1,4403.52,4404.1,46,12,0
2026-09-07 21:27:00+00:00,4404.11,4405.12,4403.87,4404.94,81,12,0
2026-09-07 21:28:00+00:00,4404.95,4406.36,4404.82,4406.36,75,14,0
2026-09-07 21:29:00+00:00,4406.12,4406.41,4405.76,4406.24,83,15,0
2026-09-08 01:00:00+00:00,4406.9,4414.4,4406.9,4413.59,94,10,0
2026-09-08 01:01:00+00:00,4413.72,4414.63,4411.11,4413.94,124,23,0
2026-09-08 01:02:00+00:00,4413.95,4413.95,4410.63,4411.87,90,23,0
2026-09-08 01:03:00+00:00,4412.31,4412.33,4410.64,4411.71,57,23,0
2026-09-08 01:04:00+00:00,4411.68,4413.16,4411.54,4412.8,74,23,0
2026-09-08 01:05:00+00:00,4412.77,4413.17,4412.34,4412.34,99,23,0
2026-09-08 01:06:00+00:00,4412.46,4413.52,4412.46,4413.37,67,23,0
2026-09-08 01:07:00+00:00,4413.34,4413.37,4412.38,4412.38,66,23,0
2026-09-08 01:08:00+00:00,4412.29,4412.39,4411.87,4411.87,42,23,0
2026-09-08 01:09:00+00:00,4411.89,4412.92,4411.89,4412.49,60,23,0
2026-09-08 01:10:00+00:00,4412.47,4413.05,4412.34,4412.62,54,23,0
2026-09-08 01:11:00+00:00,4412.61,4413.12,4412.36,4412.74,51,23,0
2026-09-08 01:12:00+00:00,4412.73,4413.11,4412.52,4412.53,57,23,0
2026-09-08 01:13:00+00:00,4412.53,4412.67,4412.27,4412.3,51,23,0
2026-09-08 01:14:00+00:00,4412.29,4412.49,4412.27,4412.49,28,23,0
2026-09-08 01:15:00+00:00,4412.49,4413.05,4412.47,4412.7,58,23,0
2026-09-08 01:16:00+00:00,4412.68,4412.68,4412.36,4412.41,35,17,0
2026-09-08 01:17:00+00:00,4412.44,4412.71,4412.43,4412.44,22,17,0
2026-09-08 01:18:00+00:00,4412.47,4412.7,4412.45,4412.63,38,17,0
2026-09-08 01:19:00+00:00,4412.67,4413.27,4412.67,4413.17,39,17,0
2026-09-08 01:20:00+00:00,4413.22,4413.28,4412.94,4412.95,42,17,0
2026-09-08 01:21:00+00:00,4412.64,4412.64,4411.68,4412.03,59,17,0
2026-09-08 01:22:00+00:00,4412.01,4412.1,4411.73,4411.73,32,17,0
2026-09-08 01:23:00+00:00,4411.7,4411.78,4411.26,4411.26,65,17,0
2026-09-08 01:24:00+00:00,4411.29,4411.53,4411.09,4411.53,40,17,0
2026-09-08 01:25:00+00:00,4411.51,4411.51,4409.89,4410.1,65,17,0
2026-09-08 01:26:00+00:00,4410.11,4410.3,4409.96,4409.96,50,17,0
2026-09-08 01:27:00+00:00,4410.05,4410.05,4409.76,4409.76,57,17,0
2026-09-08 01:28:00+00:00,4409.78,4410.07,4409.69,4409.93,50,17,0
2026-09-08 01:29:00+00:00,4409.98,4410.01,4409.76,4409.76,27,17,0
2026-09-08 01:30:00+00:00,4409.5,4409.54,4409.06,4409.15,48,17,0
2026-09-08 01:31:00+00:00,4409.17,4409.28,4408.82,4408.85,54,17,0
2026-09-08 01:32:00+00:00,4408.79,4408.92,4408.73,4408.81,30,17,0
2026-09-08 01:33:00+00:00,4408.8,4409.41,4408.79,4409.13,32,17,0
2026-09-08 01:34:00+00:00,4409.14,4409.42,4408.93,4409.01,80,17,0
2026-09-08 01:35:00+00:00,4409.02,4409.21,4408.55,4408.84,57,17,0
2026-09-08 01:36:00+00:00,4408.85,4409.56,4408.81,4409.56,72,17,0
2026-09-08 01:37:00+00:00,4409.58,4409.87,4408.93,4409.18,86,17,0
2026-09-08 01:38:00+00:00,4409.17,4409.45,4408.82,4409.17,102,17,0
2026-09-08 01:39:00+00:00,4409.23,4409.28,4408.47,4408.75,89,17,0
2026-09-08 01:40:00+00:00,4408.75,4409.65,4408.57,4409.24,67,17,0
2026-09-08 01:41:00+00:00,4409.25,4409.28,4408.79,4408.79,36,17,0
2026-09-08 01:42:00+00:00,4408.82,4408.89,4408.1,4408.1,51,17,0
2026-09-08 01:43:00+00:00,4408.04,4408.28,4407.91,4408.04,46,17,0
2026-09-08 01:44:00+00:00,4408.09,4408.18,4407.95,4408.18,41,17,0
2026-09-08 01:45:00+00:00,4408.19,4408.47,4407.28,4407.34,48,17,0
2026-09-08 01:46:00+00:00,4407.31,4407.59,4407.03,4407.39,45,17,0
2026-09-08 01:47:00+00:00,4407.38,4407.38,4406.87,4406.9,39,17,0
2026-09-08 01:48:00+00:00,4406.94,4407.14,4406.24,4406.36,47,17,0
2026-09-08 01:49:00+00:00,4406.33,4406.98,4406.33,4406.61,40,17,0
2026-09-08 01:50:00+00:00,4406.57,4406.81,4406.55,4406.81,39,17,0
2026-09-08 01:51:00+00:00,4406.84,4407.17,4406.82,4406.97,45,17,0
2026-09-08 01:52:00+00:00,4406.96,4407.15,4406.91,4407.04,41,17,0
2026-09-08 01:53:00+00:00,4407.03,4407.03,4406.96,4406.98,27,17,0
2026-09-08 01:54:00+00:00,4406.95,4407.57,4406.94,4407.57,46,17,0
2026-09-08 01:55:00+00:00,4407.79,4407.94,4407.66,4407.88,58,17,0
2026-09-08 01:56:00+00:00,4407.87,4407.87,4407.51,4407.68,53,17,0
2026-09-08 01:57:00+00:00,4407.63,4407.65,4407.27,4407.45,45,17,0
2026-09-08 01:58:00+00:00,4407.26,4407.63,4407.21,4407.5,49,17,0
2026-09-08 01:59:00+00:00,4407.49,4407.66,4407.48,4407.58,35,17,0
2026-09-08 02:00:00+00:00,4407.29,4407.66,4407.26,4407.64,51,17,0
2026-09-08 02:01:00+00:00,4407.65,4409.33,4407.64,4408.83,80,17,0
2026-09-08 02:02:00+00:00,4408.82,4409.44,4408.82,4409.19,53,17,0
2026-09-08 02:03:00+00:00,4409.39,4410.44,4409.39,4410.44,66,17,0
2026-09-08 02:04:00+00:00,4410.57,4411.99,4410.57,4411.98,82,17,0
2026-09-08 02:05:00+00:00,4412.01,4412.35,4411.45,4411.63,91,17,0
2026-09-08 02:06:00+00:00,4411.66,4412.28,4411.18,4411.26,52,17,0
2026-09-08 02:07:00+00:00,4411.27,4412.09,4410.97,4411.94,39,17,0
2026-09-08 02:08:00+00:00,4411.81,4411.81,4411.17,4411.41,50,17,0
2026-09-08 02:09:00+00:00,4411.38,4411.38,4410.41,4410.54,42,17,0
2026-09-08 02:10:00+00:00,4410.53,4411.44,4410.47,4410.62,62,17,0
2026-09-08 02:11:00+00:00,4410.61,4410.89,4410.52,4410.53,35,17,0
2026-09-08 02:12:00+00:00,4410.6,4411.24,4410.59,4411.24,48,16,0
2026-09-08 02:13:00+00:00,4411.25,4411.25,4410.27,4410.82,52,16,0
2026-09-08 02:14:00+00:00,4410.8,4411.19,4410.19,4411.03,97,17,0
2026-09-08 02:15:00+00:00,4411.02,4411.1,4409.81,4410.1,55,17,0
2026-09-08 02:16:00+00:00,4410.13,4410.97,4409.16,4410.26,89,17,0
2026-09-08 02:17:00+00:00,4410.24,4411.48,4409.89,4409.89,121,17,0
2026-09-08 02:18:00+00:00,4410.0,4410.06,4409.33,4409.4,96,17,0
2026-09-08 02:19:00+00:00,4409.43,4410.52,4409.43,4410.41,76,17,0
2026-09-08 02:20:00+00:00,4410.42,4412.09,4410.25,4411.83,106,17,0
2026-09-08 02:21:00+00:00,4411.81,4411.82,4411.58,4411.7,36,16,0
2026-09-08 02:22:00+00:00,4411.83,4412.68,4411.83,4412.52,96,16,0
2026-09-08 02:23:00+00:00,4412.26,4412.26,4410.71,4410.99,63,17,0
2026-09-08 02:24:00+00:00,4411.0,4411.17,4409.77,4410.23,82,17,0
2026-09-08 02:25:00+00:00,4410.24,4410.69,4409.5,4409.5,92,17,0
2026-09-08 02:26:00+00:00,4409.67,4412.6,4409.67,4412.49,92,17,0
2026-09-08 02:27:00+00:00,4412.53,4412.67,4411.68,4411.7,81,17,0
2026-09-08 02:28:00+00:00,4411.72,4411.72,4410.56,4410.87,74,17,0
2026-09-08 02:29:00+00:00,4410.86,4410.86,4409.99,4410.82,66,16,0
2026-09-08 02:30:00+00:00,4410.81,4411.42,4410.81,4411.29,64,16,0
2026-09-08 02:31:00+00:00,4411.3,4412.2,4411.08,4411.94,80,16,0
2026-09-08 02:32:00+00:00,4411.93,4413.08,4411.69,4412.6,77,16,0
2026-09-08 02:33:00+00:00,4412.55,4415.83,4412.55,4415.83,94,17,0
2026-09-08 02:34:00+00:00,4415.8,4417.87,4415.8,4417.7,119,17,0
2026-09-08 02:35:00+00:00,4417.95,4420.7,4417.95,4420.64,163,17,0
2026-09-08 02:36:00+00:00,4420.62,4421.59,4419.98,4421.59,130,17,0
2026-09-08 02:37:00+00:00,4421.66,4422.84,4417.61,4418.41,159,17,0
2026-09-08 02:38:00+00:00,4418.49,4420.42,4418.4,4420.15,127,17,0
2026-09-08 02:39:00+00:00,4420.22,4421.03,4418.27,4420.52,145,17,0
2026-09-08 02:40:00+00:00,4420.47,4420.97,4419.3,4420.46,158,17,0
2026-09-08 02:41:00+00:00,4420.64,4421.88,4420.3,4421.41,131,17,0
2026-09-08 02:42:00+00:00,4421.4,4425.41,4421.4,4425.19,135,17,0
2026-09-08 02:43:00+00:00,4425.2,4426.03,4424.05,4424.46,125,17,0
2026-09-08 02:44:00+00:00,4424.45,4427.95,4424.45,4427.5,135,17,0
2026-09-08 02:45:00+00:00,4427.52,4428.09,4424.82,4424.9,160,17,0
2026-09-08 02:46:00+00:00,4424.98,4424.98,4423.53,4423.53,122,17,0
2026-09-08 02:47:00+00:00,4423.5,4425.99,4423.24,4425.84,114,17,0
2026-09-08 02:48:00+00:00,4425.84,4426.68,4424.94,4424.98,116,17,0
2026-09-08 02:49:00+00:00,4424.88,4427.25,4424.65,4427.03,113,17,0
2026-09-08 02:50:00+00:00,4427.01,4427.48,4425.9,4425.92,96,17,0
2026-09-08 02:51:00+00:00,4425.91,4426.76,4425.91,4426.76,97,15,0
2026-09-08 02:52:00+00:00,4426.75,4426.77,4422.57,4423.15,148,15,0
2026-09-08 02:53:00+00:00,4423.17,4423.78,4422.12,4422.75,118,16,0
2026-09-08 02:54:00+00:00,4422.76,4422.8,4421.84,4421.92,129,17,0
2026-09-08 02:55:00+00:00,4421.88,4421.88,4420.56,4420.99,117,16,0
2026-09-08 02:56:00+00:00,4421.1,4423.01,4420.87,4422.14,119,17,0
2026-09-08 02:57:00+00:00,4422.06,4424.16,4422.01,4424.1,131,17,0
2026-09-08 02:58:00+00:00,4424.03,4424.16,4420.91,4422.25,186,17,0
2026-09-08 02:59:00+00:00,4422.24,4423.99,4422.16,4423.4,200,17,0
2026-09-08 03:00:00+00:00,4423.69,4424.88,4420.87,4421.21,212,17,0
2026-09-08 03:01:00+00:00,4421.19,4422.54,4418.87,4419.64,196,17,0
2026-09-08 03:02:00+00:00,4419.62,4422.26,4419.19,4421.87,204,17,0
2026-09-08 03:03:00+00:00,4421.86,4423.54,4419.8,4423.37,190,17,0
2026-09-08 03:04:00+00:00,4423.3,4423.68,4419.32,4419.81,186,17,0
2026-09-08 03:05:00+00:00,4419.79,4420.42,4418.59,4420.34,190,17,0
2026-09-08 03:06:00+00:00,4420.3,4420.3,4417.73,4417.8,174,17,0
2026-09-08 03:07:00+00:00,4417.79,4420.59,4417.76,4420.5,160,17,0
2026-09-08 03:08:00+00:00,4420.49,4420.69,4418.56,4418.96,183,17,0
2026-09-08 03:09:00+00:00,4418.78,4421.08,4418.67,4420.56,179,17,0
2026-09-08 03:10:00+00:00,4420.51,4420.51,4418.2,4419.54,172,17,0
2026-09-08 03:11:00+00:00,4419.53,4420.43,4419.23,4419.45,167,16,0
2026-09-08 03:12:00+00:00,4419.46,4419.57,4415.56,4417.36,175,16,0
2026-09-08 03:13:00+00:00,4417.49,4417.49,4416.24,4417.34,170,17,0
2026-09-08 03:14:00+00:00,4417.46,4417.76,4416.08,4417.63,165,16,0
2026-09-08 03:15:00+00:00,4417.61,4418.8,4416.61,4418.53,185,14,0
2026-09-08 03:16:00+00:00,4418.58,4421.84,4418.48,4420.9,179,17,0
2026-09-08 03:17:00+00:00,4420.97,4426.01,4420.06,4425.93,180,17,0
2026-09-08 03:18:00+00:00,4425.92,4430.35,4425.22,4429.51,185,17,0
2026-09-08 03:19:00+00:00,4429.53,4429.53,4425.58,4425.62,176,17,0
2026-09-08 03:20:00+00:00,4425.56,4428.84,4425.48,4427.93,165,17,0
2026-09-08 03:21:00+00:00,4427.95,4430.55,4427.68,4427.68,184,17,0
2026-09-08 03:22:00+00:00,4427.46,4428.68,4423.28,4423.35,178,17,0
2026-09-08 03:23:00+00:00,4423.33,4424.15,4422.16,4422.31,158,17,0
2026-09-08 03:24:00+00:00,4422.23,4422.23,4420.06,4421.94,154,15,0
2026-09-08 03:25:00+00:00,4421.89,4422.11,4420.19,4422.11,170,12,0
2026-09-08 03:26:00+00:00,4422.21,4422.83,4420.45,4421.01,157,12,0
2026-09-08 03:27:00+00:00,4421.0,4421.29,4418.35,4419.51,163,14,0
2026-09-08 03:28:00+00:00,4419.55,4422.27,4419.06,4421.44,175,17,0
2026-09-08 03:29:00+00:00,4421.46,4423.8,4421.46,4421.93,164,14,0
2026-09-08 03:30:00+00:00,4421.9,4424.14,4421.54,4423.14,165,13,0
2026-09-08 03:31:00+00:00,4423.06,4423.53,4421.35,4421.93,149,17,0
2026-09-08 03:32:00+00:00,4422.15,4424.58,4422.15,4424.58,159,17,0
2026-09-08 03:33:00+00:00,4424.55,4426.56,4424.16,4424.23,168,16,0
2026-09-08 03:34:00+00:00,4424.27,4425.8,4423.3,4425.77,170,17,0
2026-09-08 03:35:00+00:00,4425.81,4425.81,4424.17,4425.39,121,13,0
2026-09-08 03:36:00+00:00,4425.36,4426.06,4424.53,4426.06,129,11,0
2026-09-08 03:37:00+00:00,4426.03,4426.03,4422.86,4423.35,150,17,0
2026-09-08 03:38:00+00:00,4423.24,4423.93,4422.76,4422.76,126,11,0
2026-09-08 03:39:00+00:00,4422.77,4423.34,4421.64,4423.24,148,11,0
2026-09-08 03:40:00+00:00,4423.45,4426.46,4421.87,4426.46,156,15,0
2026-09-08 03:41:00+00:00,4426.47,4426.64,4424.14,4424.3,117,17,0
2026-09-08 03:42:00+00:00,4424.33,4424.39,4422.62,4422.82,141,11,0
2026-09-08 03:43:00+00:00,4422.81,4422.82,4419.9,4420.11,126,11,0
2026-09-08 03:44:00+00:00,4419.9,4422.63,4419.8,4421.99,149,17,0
2026-09-08 03:45:00+00:00,4421.98,4422.14,4421.14,4421.48,133,11,0
2026-09-08 03:46:00+00:00,4421.47,4423.39,4421.1,4421.96,146,11,0
2026-09-08 03:47:00+00:00,4421.94,4422.03,4420.52,4420.84,135,11,0
2026-09-08 03:48:00+00:00,4420.78,4420.78,4417.75,4418.48,148,17,0
2026-09-08 03:49:00+00:00,4418.46,4420.92,4418.14,4420.79,114,11,0
2026-09-08 03:50:00+00:00,4420.81,4420.83,4419.03,4419.29,127,11,0
2026-09-08 03:51:00+00:00,4419.26,4420.89,4418.48,4419.29,155,17,0
2026-09-08 03:52:00+00:00,4419.11,4419.11,4416.07,4416.1,154,17,0
2026-09-08 03:53:00+00:00,4416.12,4419.0,4415.7,4418.63,175,17,0
2026-09-08 03:54:00+00:00,4418.94,4421.74,4417.59,4421.58,172,17,0
2026-09-08 03:55:00+00:00,4421.59,4425.05,4421.33,4424.04,184,17,0
2026-09-08 03:56:00+00:00,4424.05,4424.73,4423.09,4423.67,173,16,0
2026-09-08 03:57:00+00:00,4423.69,4426.22,4423.06,4425.99,123,15,0
2026-09-08 03:58:00+00:00,4425.98,4426.74,4424.42,4425.32,156,15,0
2026-09-08 03:59:00+00:00,4425.33,4427.94,4425.33,4426.88,155,16,0
2026-09-08 04:00:00+00:00,4426.72,4428.27,4422.91,4424.74,212,17,0
2026-09-08 04:01:00+00:00,4424.47,4428.98,4423.8,4425.14,209,17,0
2026-09-08 04:02:00+00:00,4425.08,4426.78,4423.69,4426.08,218,17,0
2026-09-08 04:03:00+00:00,4425.85,4426.11,4419.75,4419.75,200,17,0
2026-09-08 04:04:00+00:00,4419.68,4421.26,4417.61,4419.79,205,17,0
2026-09-08 04:05:00+00:00,4419.71,4422.26,4419.52,4421.89,192,17,0
2026-09-08 04:06:00+00:00,4421.86,4421.86,4418.57,4418.96,181,17,0
2026-09-08 04:07:00+00:00,4418.95,4422.16,4418.47,4422.1,191,17,0
2026-09-08 04:08:00+00:00,4422.17,4422.47,4420.42,4420.42,176,16,0
2026-09-08 04:09:00+00:00,4420.31,4422.82,4419.79,4422.66,199,15,0
2026-09-08 04:10:00+00:00,4422.7,4423.67,4421.68,4423.29,198,15,0
2026-09-08 04:11:00+00:00,4423.31,4428.55,4423.27,4426.93,212,15,0
2026-09-08 04:12:00+00:00,4426.95,4429.53,4426.5,4429.48,202,17,0
2026-09-08 04:13:00+00:00,4429.55,4431.18,4429.12,4429.73,177,16,0
2026-09-08 04:14:00+00:00,4429.92,4431.79,4428.25,4428.88,196,16,0
2026-09-08 04:15:00+00:00,4428.91,4430.89,4428.91,4430.07,200,17,0
2026-09-08 04:16:00+00:00,4430.08,4430.47,4428.25,4428.63,184,16,0
2026-09-08 04:17:00+00:00,4428.59,4429.52,4427.34,4429.32,167,15,0
2026-09-08 04:18:00+00:00,4429.5,4431.83,4428.88,4431.5,172,16,0
2026-09-08 04:19:00+00:00,4431.4,4431.4,4428.4,4428.85,163,16,0
2026-09-08 04:20:00+00:00,4428.93,4430.88,4428.61,4430.07,174,15,0
2026-09-08 04:21:00+00:00,4430.12,4431.69,4429.54,4430.25,168,16,0
2026-09-08 04:22:00+00:00,4430.14,4432.27,4429.36,4432.27,142,16,0
2026-09-08 04:23:00+00:00,4432.37,4435.71,4432.37,4434.49,164,15,0
2026-09-08 04:24:00+00:00,4434.5,4435.01,4432.65,4433.97,169,17,0
2026-09-08 04:25:00+00:00,4433.99,4435.38,4433.99,4435.26,136,16,0
2026-09-08 04:26:00+00:00,4435.23,4435.81,4434.55,4434.61,133,16,0
2026-09-08 04:27:00+00:00,4434.52,4436.52,4434.52,4436.18,153,15,0
2026-09-08 04:28:00+00:00,4436.12,4436.39,4432.7,4433.61,157,16,0
2026-09-08 04:29:00+00:00,4433.67,4434.72,4432.86,4434.69,161,17,0
2026-09-08 04:30:00+00:00,4434.88,4435.15,4433.37,4434.12,171,17,0
2026-09-08 04:31:00+00:00,4434.11,4437.37,4433.6,4436.64,176,17,0
2026-09-08 04:32:00+00:00,4436.6,4436.81,4433.71,4434.27,164,17,0
2026-09-08 04:33:00+00:00,4434.3,4434.84,4432.81,4432.94,177,17,0
2026-09-08 04:34:00+00:00,4433.04,4433.69,4432.16,4432.52,160,17,0
2026-09-08 04:35:00+00:00,4432.49,4433.35,4432.41,4432.68,166,17,0
2026-09-08 04:36:00+00:00,4432.81,4433.37,4432.02,4432.69,150,17,0
2026-09-08 04:37:00+00:00,4432.65,4433.24,4431.7,4432.65,165,17,0
2026-09-08 04:38:00+00:00,4432.66,4432.73,4431.68,4431.68,145,17,0
2026-09-08 04:39:00+00:00,4431.67,4433.33,4431.09,4432.99,187,17,0
2026-09-08 04:40:00+00:00,4433.18,4435.69,4433.0,4433.61,179,17,0
2026-09-08 04:41:00+00:00,4433.59,4434.25,4432.61,4433.32,136,17,0
2026-09-08 04:42:00+00:00,4433.29,4435.82,4433.14,4433.48,159,17,0
2026-09-08 04:43:00+00:00,4433.44,4435.51,4433.33,4433.62,148,17,0
2026-09-08 04:44:00+00:00,4433.63,4434.47,4433.12,4433.87,170,17,0
2026-09-08 04:45:00+00:00,4433.97,4438.15,4433.97,4437.15,175,17,0
2026-09-08 04:46:00+00:00,4437.17,4437.66,4435.52,4436.04,167,17,0
2026-09-08 04:47:00+00:00,4436.01,4438.25,4435.69,4438.17,154,17,0
2026-09-08 04:48:00+00:00,4438.18,4440.48,4438.13,4440.13,146,17,0
2026-09-08 04:49:00+00:00,4440.05,4441.05,4439.55,4441.01,153,16,0
2026-09-08 04:50:00+00:00,4441.03,4441.07,4438.2,4439.15,162,17,0
2026-09-08 04:51:00+00:00,4439.16,4439.16,4436.48,4436.84,157,17,0
2026-09-08 04:52:00+00:00,4436.83,4437.94,4436.45,4437.8,147,16,0
2026-09-08 04:53:00+00:00,4437.77,4439.4,4437.77,4439.3,148,16,0
2026-09-08 04:54:00+00:00,4439.32,4439.54,4438.17,4438.95,140,16,0
2026-09-08 04:55:00+00:00,4438.94,4439.5,4437.91,4437.91,170,16,0
2026-09-08 04:56:00+00:00,4437.8,4440.01,4437.79,4439.64,155,17,0
2026-09-08 04:57:00+00:00,4439.63,4440.09,4436.99,4436.99,131,17,0
2026-09-08 04:58:00+00:00,4436.98,4437.7,4436.76,4437.49,129,16,0
2026-09-08 04:59:00+00:00,4437.51,4438.33,4436.99,4437.44,142,15,0
2026-09-08 05:00:00+00:00,4437.45,4438.39,4437.16,4438.08,162,17,0
2026-09-08 05:01:00+00:00,4438.07,4439.05,4437.69,4437.85,145,17,0
2026-09-08 05:02:00+00:00,4437.83,4437.88,4435.7,4436.2,165,17,0
2026-09-08 05:03:00+00:00,4436.19,4436.59,4432.76,4433.84,162,17,0
2026-09-08 05:04:00+00:00,4433.8,4434.54,4433.44,4434.23,142,17,0
2026-09-08 05:05:00+00:00,4434.27,4434.65,4433.13,4434.02,164,17,0
2026-09-08 05:06:00+00:00,4434.03,4434.05,4432.7,4433.69,150,17,0
2026-09-08 05:07:00+00:00,4433.66,4434.38,4432.43,4432.44,150,15,0
2026-09-08 05:08:00+00:00,4431.87,4431.87,4429.8,4429.8,126,16,0
2026-09-08 05:09:00+00:00,4429.66,4430.22,4428.98,4428.98,144,17,0
2026-09-08 05:10:00+00:00,4428.96,4430.36,4427.67,4428.25,157,16,0
2026-09-08 05:11:00+00:00,4428.24,4428.82,4426.61,4428.24,186,17,0
2026-09-08 05:12:00+00:00,4428.22,4430.74,4427.87,4430.74,159,16,0
2026-09-08 05:13:00+00:00,4430.88,4430.88,4428.28,4429.19,146,16,0
2026-09-08 05:14:00+00:00,4429.2,4429.38,4427.27,4428.18,143,17,0
2026-09-08 05:15:00+00:00,4428.26,4428.26,4426.42,4426.68,133,17,0
2026-09-08 05:16:00+00:00,4426.59,4427.44,4425.87,4427.43,149,17,0
2026-09-08 05:17:00+00:00,4427.42,4427.68,4427.16,4427.39,120,11,0
2026-09-08 05:18:00+00:00,4427.3,4427.43,4426.49,4427.43,113,11,0
2026-09-08 05:19:00+00:00,4427.44,4427.49,4426.28,4426.47,89,11,0
2026-09-08 05:20:00+00:00,4426.46,4426.59,4425.85,4426.48,110,11,0
2026-09-08 05:21:00+00:00,4426.46,4427.69,4425.16,4427.69,148,15,0
2026-09-08 05:22:00+00:00,4427.72,4428.32,4426.99,4427.03,122,17,0
2026-09-08 05:23:00+00:00,4427.04,4428.84,4426.69,4428.79,131,13,0
2026-09-08 05:24:00+00:00,4428.85,4429.67,4428.47,4428.56,136,15,0
2026-09-08 05:25:00+00:00,4428.48,4428.9,4427.98,4428.11,135,14,0
2026-09-08 05:26:00+00:00,4427.72,4428.39,4426.87,4427.38,109,17,0
2026-09-08 05:27:00+00:00,4427.39,4427.95,4426.53,4426.72,125,14,0
2026-09-08 05:28:00+00:00,4426.71,4426.95,4424.51,4425.19,126,12,0
2026-09-08 05:29:00+00:00,4425.16,4425.5,4424.53,4424.95,120,16,0
2026-09-08 05:30:00+00:00,4424.56,4426.1,4424.02,4425.71,162,17,0
2026-09-08 05:31:00+00:00,4425.77,4425.77,4423.03,4424.54,173,17,0
2026-09-08 05:32:00+00:00,4424.55,4426.01,4423.9,4423.9,172,17,0
2026-09-08 05:33:00+00:00,4423.92,4424.1,4423.47,4423.59,154,17,0
2026-09-08 05:34:00+00:00,4423.58,4424.55,4423.23,4424.54,125,14,0
2026-09-08 05:35:00+00:00,4424.54,4424.62,4422.57,4423.46,176,13,0
2026-09-08 05:36:00+00:00,4423.45,4423.72,4422.3,4422.76,142,17,0
2026-09-08 05:37:00+00:00,4422.96,4423.28,4421.46,4422.01,170,15,0
2026-09-08 05:38:00+00:00,4421.96,4423.52,4421.87,4423.02,147,17,0
2026-09-08 05:39:00+00:00,4422.92,4424.72,4422.92,4423.78,153,13,0
2026-09-08 05:40:00+00:00,4423.88,4425.65,4423.88,4425.51,148,11,0
2026-09-08 05:41:00+00:00,4425.49,4425.82,4423.43,4423.96,163,11,0
2026-09-08 05:42:00+00:00,4423.95,4424.01,4423.21,4423.86,126,14,0
2026-09-08 05:43:00+00:00,4423.85,4426.07,4422.66,4425.63,151,11,0
2026-09-08 05:44:00+00:00,4425.63,4426.9,4425.41,4426.7,137,17,0
2026-09-08 05:45:00+00:00,4426.68,4427.98,4425.57,4425.6,156,15,0
2026-09-08 05:46:00+00:00,4425.65,4426.1,4423.22,4423.22,165,15,0
2026-09-08 05:47:00+00:00,4423.21,4425.89,4423.21,4425.36,143,14,0
2026-09-08 05:48:00+00:00,4425.3,4425.3,4423.75,4424.85,137,13,0
2026-09-08 05:49:00+00:00,4424.88,4424.97,4422.79,4423.45,135,13,0
2026-09-08 05:50:00+00:00,4423.4,4425.61,4423.4,4425.04,145,16,0
2026-09-08 05:51:00+00:00,4425.02,4425.02,4423.28,4423.67,129,17,0
2026-09-08 05:52:00+00:00,4423.5,4423.51,4422.32,4422.89,146,11,0
2026-09-08 05:53:00+00:00,4422.9,4422.9,4421.23,4421.74,150,11,0
2026-09-08 05:54:00+00:00,4421.73,4423.1,4421.7,4422.96,129,11,0
2026-09-08 05:55:00+00:00,4422.97,4423.55,4422.29,4423.36,126,11,0
2026-09-08 05:56:00+00:00,4423.39,4424.72,4423.39,4424.23,157,11,0
2026-09-08 05:57:00+00:00,4424.25,4424.35,4422.67,4424.26,145,11,0
2026-09-08 05:58:00+00:00,4424.27,4424.27,4423.47,4423.8,127,14,0
2026-09-08 05:59:00+00:00,4423.8,4424.79,4423.73,4424.29,110,11,0
2026-09-08 06:00:00+00:00,4424.23,4424.25,4422.76,4423.0,119,13,0
2026-09-08 06:01:00+00:00,4422.71,4424.65,4422.52,4423.28,145,16,0
2026-09-08 06:02:00+00:00,4423.46,4424.28,4423.4,4424.24,116,16,0
2026-09-08 06:03:00+00:00,4424.39,4425.37,4424.38,4425.03,119,12,0
2026-09-08 06:04:00+00:00,4425.04,4425.3,4424.18,4425.19,115,12,0
2026-09-08 06:05:00+00:00,4425.29,4426.5,4425.1,4426.08,138,16,0
2026-09-08 06:06:00+00:00,4426.0,4426.08,4424.79,4425.65,116,15,0
2026-09-08 06:07:00+00:00,4425.63,4426.58,4425.49,4425.67,130,17,0
2026-09-08 06:08:00+00:00,4425.64,4427.56,4425.5,4427.56,115,17,0
2026-09-08 06:09:00+00:00,4427.53,4430.48,4427.42,4430.2,139,17,0
2026-09-08 06:10:00+00:00,4430.24,4430.9,4429.45,4430.82,157,17,0
2026-09-08 06:11:00+00:00,4430.87,4431.73,4429.37,4429.68,151,17,0
2026-09-08 06:12:00+00:00,4429.76,4430.37,4429.47,4430.37,105,16,0
2026-09-08 06:13:00+00:00,4430.31,4430.38,4428.69,4428.85,128,16,0
2026-09-08 06:14:00+00:00,4428.86,4429.93,4428.77,4429.71,120,17,0
2026-09-08 06:15:00+00:00,4429.64,4429.65,4428.81,4429.09,126,15,0
2026-09-08 06:16:00+00:00,4429.0,4429.56,4428.74,4429.06,107,12,0
2026-09-08 06:17:00+00:00,4429.24,4431.05,4429.17,4430.66,117,14,0
2026-09-08 06:18:00+00:00,4430.64,4433.27,4430.57,4433.27,131,17,0
2026-09-08 06:19:00+00:00,4433.26,4435.79,4433.14,4435.29,163,17,0
2026-09-08 06:20:00+00:00,4435.25,4439.19,4435.23,4439.15,191,17,0
2026-09-08 06:21:00+00:00,4439.09,4440.02,4434.79,4435.55,168,17,0
2026-09-08 06:22:00+00:00,4435.48,4437.26,4434.64,4437.26,160,17,0
2026-09-08 06:23:00+00:00,4437.42,4438.84,4437.31,4438.81,140,17,0
2026-09-08 06:24:00+00:00,4438.78,4439.11,4436.58,4436.86,130,17,0
2026-09-08 06:25:00+00:00,4436.85,4437.72,4434.6,4435.85,171,17,0
2026-09-08 06:26:00+00:00,4435.89,4435.89,4434.23,4435.05,159,17,0
2026-09-08 06:27:00+00:00,4435.04,4435.07,4432.81,4433.11,151,17,0
2026-09-08 06:28:00+00:00,4433.12,4433.38,4431.18,4431.76,149,17,0
2026-09-08 06:29:00+00:00,4431.58,4432.63,4431.24,4432.01,143,17,0
2026-09-08 06:30:00+00:00,4432.07,4435.02,4432.07,4434.58,147,17,0
2026-09-08 06:31:00+00:00,4434.57,4434.7,4433.84,4433.84,134,16,0
2026-09-08 06:32:00+00:00,4433.65,4433.65,4432.08,4432.48,108,16,0
2026-09-08 06:33:00+00:00,4432.47,4432.54,4431.01,4431.64,112,16,0
2026-09-08 06:34:00+00:00,4431.65,4431.88,4431.07,4431.81,71,13,0
2026-09-08 06:35:00+00:00,4431.62,4431.72,4430.9,4431.14,105,12,0
2026-09-08 06:36:00+00:00,4431.18,4431.99,4431.18,4431.95,80,13,0
2026-09-08 06:37:00+00:00,4431.96,4432.07,4431.31,4431.31,91,13,0
2026-09-08 06:38:00+00:00,4431.02,4431.18,4430.63,4430.91,83,14,0
2026-09-08 06:39:00+00:00,4430.9,4431.16,4430.66,4431.05,81,14,0
2026-09-08 06:40:00+00:00,4431.06,4432.11,4430.94,4431.47,95,14,0
2026-09-08 06:41:00+00:00,4431.46,4432.01,4431.46,4431.7,79,16,0
2026-09-08 06:42:00+00:00,4431.53,4432.73,4431.5,4432.59,59,16,0
2026-09-08 06:43:00+00:00,4432.49,4433.18,4432.28,4432.89,71,17,0
2026-09-08 06:44:00+00:00,4432.86,4433.17,4432.27,4432.62,84,17,0
2026-09-08 06:45:00+00:00,4432.61,4434.13,4432.46,4434.12,83,17,0
2026-09-08 06:46:00+00:00,4434.11,4434.3,4432.98,4434.06,97,17,0
2026-09-08 06:47:00+00:00,4434.07,4435.55,4433.86,4434.28,127,17,0
2026-09-08 06:48:00+00:00,4434.27,4436.15,4434.23,4436.15,117,17,0
2026-09-08 06:49:00+00:00,4436.15,4437.54,4435.72,4436.73,117,17,0
2026-09-08 06:50:00+00:00,4436.68,4437.44,4436.2,4437.34,110,17,0
2026-09-08 06:51:00+00:00,4437.32,4437.51,4435.97,4435.97,112,17,0
2026-09-08 06:52:00+00:00,4435.85,4436.42,4434.99,4436.41,95,17,0
2026-09-08 06:53:00+00:00,4436.4,4436.57,4435.8,4435.97,59,17,0
2026-09-08 06:54:00+00:00,4435.83,4436.83,4435.4,4436.82,80,17,0
2026-09-08 06:55:00+00:00,4436.82,4436.88,4436.24,4436.43,82,14,0
2026-09-08 06:56:00+00:00,4436.5,4437.28,4436.05,4437.12,93,14,0
2026-09-08 06:57:00+00:00,4437.13,4437.33,4436.51,4437.11,110,16,0
2026-09-08 06:58:00+00:00,4437.12,4437.84,4436.88,4437.7,90,16,0
2026-09-08 06:59:00+00:00,4437.75,4438.81,4437.66,4437.84,92,15,0
2026-09-08 07:00:00+00:00,4437.82,4441.49,4437.82,4441.04,145,17,0
2026-09-08 07:01:00+00:00,4440.9,4441.0,4438.04,4438.48,124,17,0
2026-09-08 07:02:00+00:00,4438.56,4440.21,4438.35,4439.18,115,17,0
2026-09-08 07:03:00+00:00,4439.19,4441.82,4439.19,4441.68,112,17,0
2026-09-08 07:04:00+00:00,4441.66,4442.11,4441.33,4441.6,85,17,0
2026-09-08 07:05:00+00:00,4441.59,4442.94,4441.41,4442.72,119,16,0
2026-09-08 07:06:00+00:00,4442.68,4442.85,4441.35,4441.35,116,14,0
2026-09-08 07:07:00+00:00,4441.47,4442.24,4440.71,4441.96,135,17,0
2026-09-08 07:08:00+00:00,4441.97,4441.97,4440.01,4440.27,124,17,0
2026-09-08 07:09:00+00:00,4440.26,4440.54,4439.27,4440.54,130,17,0
2026-09-08 07:10:00+00:00,4440.55,4442.71,4440.32,4441.24,128,17,0
2026-09-08 07:11:00+00:00,4441.26,4441.38,4440.55,4440.98,73,16,0
2026-09-08 07:12:00+00:00,4441.11,4442.31,4440.74,4440.75,103,11,0
2026-09-08 07:13:00+00:00,4440.77,4440.87,4439.27,4439.28,88,17,0
2026-09-08 07:14:00+00:00,4439.35,4440.42,4439.28,4439.28,69,11,0
2026-09-08 07:15:00+00:00,4439.26,4439.4,4438.32,4439.04,120,12,0
2026-09-08 07:16:00+00:00,4439.01,4440.7,4438.89,4439.99,106,14,0
2026-09-08 07:17:00+00:00,4440.06,4440.12,4439.44,4439.64,78,11,0
2026-09-08 07:18:00+00:00,4439.65,4439.91,4439.22,4439.22,92,11,0
2026-09-08 07:19:00+00:00,4439.23,4439.23,4438.05,4438.9,85,11,0
2026-09-08 07:20:00+00:00,4438.89,4438.95,4436.74,4437.38,106,17,0
2026-09-08 07:21:00+00:00,4437.39,4438.35,4435.96,4436.15,108,17,0
2026-09-08 07:22:00+00:00,4436.16,4436.16,4434.29,4434.29,105,17,0
2026-09-08 07:23:00+00:00,4434.28,4434.8,4433.8,4433.82,133,17,0
2026-09-08 07:24:00+00:00,4433.81,4434.11,4432.98,4433.63,99,17,0
2026-09-08 07:25:00+00:00,4433.6,4434.07,4433.09,4433.32,125,13,0
2026-09-08 07:26:00+00:00,4433.33,4433.82,4433.01,4433.27,107,11,0
2026-09-08 07:27:00+00:00,4433.23,4433.23,4431.67,4432.44,112,11,0
2026-09-08 07:28:00+00:00,4432.43,4432.69,4432.23,4432.27,81,11,0
2026-09-08 07:29:00+00:00,4432.26,4432.97,4431.79,4432.57,89,11,0
2026-09-08 07:30:00+00:00,4432.61,4433.18,4432.39,4433.08,105,13,0
2026-09-08 07:31:00+00:00,4433.12,4433.27,4432.62,4433.19,112,13,0
2026-09-08 07:32:00+00:00,4433.21,4433.56,4432.31,4433.56,100,17,0
2026-09-08 07:33:00+00:00,4433.55,4433.72,4433.16,4433.46,108,16,0
2026-09-08 07:34:00+00:00,4433.44,4434.53,4433.42,4433.71,93,15,0
2026-09-08 07:35:00+00:00,4433.72,4434.21,4433.56,4433.58,79,15,0
2026-09-08 07:36:00+00:00,4433.56,4434.69,4433.56,4434.55,87,14,0
2026-09-08 07:37:00+00:00,4434.49,4434.79,4433.41,4433.87,113,14,0
2026-09-08 07:38:00+00:00,4433.95,4434.16,4433.08,4433.16,123,17,0
2026-09-08 07:39:00+00:00,4433.29,4434.65,4433.29,4434.3,107,17,0
2026-09-08 07:40:00+00:00,4434.32,4435.55,4434.28,4435.02,97,17,0
2026-09-08 07:41:00+00:00,4435.0,4435.84,4434.66,4435.14,103,17,0
2026-09-08 07:42:00+00:00,4435.13,4435.35,4434.63,4434.7,82,15,0
2026-09-08 07:43:00+00:00,4434.71,4436.55,4434.71,4436.04,108,13,0
2026-09-08 07:44:00+00:00,4435.91,4436.51,4435.54,4436.5,81,15,0
2026-09-08 07:45:00+00:00,4436.5,4436.64,4435.38,4435.52,74,11,0
2026-09-08 07:46:00+00:00,4435.52,4435.99,4435.2,4435.69,88,11,0
2026-09-08 07:47:00+00:00,4435.72,4435.84,4434.81,4435.33,68,15,0
2026-09-08 07:48:00+00:00,4435.31,4435.61,4434.79,4435.11,86,15,0
2026-09-08 07:49:00+00:00,4435.13,4435.37,4434.61,4434.79,72,11,0
2026-09-08 07:50:00+00:00,4434.95,4435.92,4434.77,4435.0,76,11,0
2026-09-08 07:51:00+00:00,4434.97,4435.67,4434.69,4435.24,87,11,0
2026-09-08 07:52:00+00:00,4435.19,4435.21,4434.46,4434.76,106,12,0
2026-09-08 07:53:00+00:00,4434.82,4435.2,4434.44,4434.87,94,11,0
2026-09-08 07:54:00+00:00,4434.85,4435.1,4434.48,4435.1,83,11,0
2026-09-08 07:55:00+00:00,4435.1,4435.23,4434.3,4434.35,104,11,0
2026-09-08 07:56:00+00:00,4434.38,4435.24,4434.38,4435.13,79,11,0
2026-09-08 07:57:00+00:00,4435.15,4437.23,4434.73,4437.2,111,11,0
2026-09-08 07:58:00+00:00,4437.26,4439.87,4437.25,4439.44,117,17,0
2026-09-08 07:59:00+00:00,4439.34,4439.38,4434.69,4436.11,139,17,0
2026-09-08 08:00:00+00:00,4436.08,4437.0,4435.86,4436.99,133,17,0
2026-09-08 08:01:00+00:00,4436.9,4437.39,4436.59,4437.05,101,17,0
2026-09-08 08:02:00+00:00,4436.96,4437.72,4436.88,4437.29,97,15,0
2026-09-08 08:03:00+00:00,4437.29,4437.48,4435.81,4435.85,75,13,0
2026-09-08 08:04:00+00:00,4435.78,4435.78,4434.45,4434.48,100,11,0
2026-09-08 08:05:00+00:00,4434.42,4434.42,4433.16,4434.33,121,17,0
2026-09-08 08:06:00+00:00,4434.33,4434.59,4433.0,4433.77,128,17,0
2026-09-08 08:07:00+00:00,4433.71,4433.72,4432.41,4432.42,111,17,0
2026-09-08 08:08:00+00:00,4432.32,4432.58,4431.32,4431.64,120,17,0
2026-09-08 08:09:00+00:00,4431.64,4431.7,4430.13,4431.03,163,17,0
2026-09-08 08:10:00+00:00,4431.04,4431.46,4430.45,4430.84,131,17,0
2026-09-08 08:11:00+00:00,4430.89,4430.89,4429.01,4429.29,140,17,0
2026-09-08 08:12:00+00:00,4429.34,4429.34,4427.54,4428.8,163,17,0
2026-09-08 08:13:00+00:00,4428.81,4429.25,4428.04,4428.24,142,17,0
2026-09-08 08:14:00+00:00,4428.25,4429.09,4427.1,4427.1,109,17,0
2026-09-08 08:15:00+00:00,4427.11,4427.85,4426.41,4427.45,120,17,0
2026-09-08 08:16:00+00:00,4427.47,4428.59,4427.17,4428.52,125,17,0
2026-09-08 08:17:00+00:00,4428.37,4429.31,4427.93,4428.64,111,17,0
2026-09-08 08:18:00+00:00,4428.63,4429.1,4428.15,4428.52,92,17,0
2026-09-08 08:19:00+00:00,4428.51,4429.49,4428.49,4429.28,110,13,0
2026-09-08 08:20:00+00:00,4429.27,4430.51,4429.01,4430.51,124,12,0
2026-09-08 08:21:00+00:00,4430.5,4430.79,4429.78,4430.79,140,14,0
2026-09-08 08:22:00+00:00,4430.87,4431.62,4428.76,4429.06,123,15,0
2026-09-08 08:23:00+00:00,4429.05,4429.63,4426.28,4426.28,153,17,0
2026-09-08 08:24:00+00:00,4426.24,4426.53,4425.05,4425.05,161,17,0
2026-09-08 08:25:00+00:00,4425.03,4425.41,4424.16,4424.18,150,17,0
2026-09-08 08:26:00+00:00,4424.12,4424.49,4422.91,4423.38,136,17,0
2026-09-08 08:27:00+00:00,4423.37,4423.96,4422.41,4422.77,119,17,0
2026-09-08 08:28:00+00:00,4422.76,4422.76,4421.42,4421.51,138,17,0
2026-09-08 08:29:00+00:00,4421.52,4422.42,4420.38,4420.38,136,17,0
2026-09-08 08:30:00+00:00,4420.57,4425.53,4418.14,4424.45,205,17,0
2026-09-08 08:31:00+00:00,4424.48,4424.48,4421.35,4421.39,195,17,0
2026-09-08 08:32:00+00:00,4421.23,4421.93,4420.26,4421.11,188,17,0
2026-09-08 08:33:00+00:00,4421.04,4421.56,4420.09,4420.72,183,17,0
2026-09-08 08:34:00+00:00,4420.75,4423.34,4420.46,4423.12,190,17,0
2026-09-08 08:35:00+00:00,4423.14,4423.79,4421.86,4422.92,170,17,0
2026-09-08 08:36:00+00:00,4422.9,4423.46,4421.9,4422.91,167,17,0
2026-09-08 08:37:00+00:00,4422.93,4424.28,4422.89,4423.5,150,16,0
2026-09-08 08:38:00+00:00,4423.49,4425.54,4422.84,4425.54,133,17,0
2026-09-08 08:39:00+00:00,4425.57,4427.18,4425.41,4427.09,169,16,0
2026-09-08 08:40:00+00:00,4427.19,4427.24,4425.59,4426.25,161,17,0
2026-09-08 08:41:00+00:00,4426.22,4426.94,4425.83,4426.6,133,16,0
2026-09-08 08:42:00+00:00,4426.62,4427.12,4425.97,4426.81,149,15,0
2026-09-08 08:43:00+00:00,4426.82,4426.96,4425.38,4425.6,115,16,0
2026-09-08 08:44:00+00:00,4425.59,4426.1,4425.23,4426.1,148,16,0
2026-09-08 08:45:00+00:00,4426.12,4428.56,4425.68,4428.55,156,16,0
2026-09-08 08:46:00+00:00,4428.9,4429.01,4425.63,4425.78,155,17,0
2026-09-08 08:47:00+00:00,4425.8,4426.43,4424.83,4425.22,158,17,0
2026-09-08 08:48:00+00:00,4425.21,4426.57,4423.62,4423.62,144,17,0
2026-09-08 08:49:00+00:00,4423.54,4425.81,4423.53,4425.36,133,17,0
2026-09-08 08:50:00+00:00,4425.24,4425.24,4422.4,4422.55,159,17,0
2026-09-08 08:51:00+00:00,4422.47,4423.26,4422.41,4422.88,130,17,0
2026-09-08 08:52:00+00:00,4422.92,4423.44,4422.05,4422.53,136,17,0
2026-09-08 08:53:00+00:00,4422.58,4422.58,4420.02,4420.76,155,17,0
2026-09-08 08:54:00+00:00,4420.76,4422.29,4419.47,4419.63,162,17,0
2026-09-08 08:55:00+00:00,4419.59,4420.16,4417.86,4418.04,188,17,0
2026-09-08 08:56:00+00:00,4418.09,4419.89,4417.48,4419.77,178,17,0
2026-09-08 08:57:00+00:00,4419.78,4420.51,4418.54,4419.71,158,17,0
2026-09-08 08:58:00+00:00,4419.76,4420.12,4418.86,4420.05,141,16,0
2026-09-08 08:59:00+00:00,4420.11,4420.82,4418.83,4418.91,161,12,0
2026-09-08 09:00:00+00:00,4418.99,4420.1,4417.73,4418.84,190,13,0
2026-09-08 09:01:00+00:00,4418.74,4418.76,4415.14,4415.14,201,14,0
2026-09-08 09:02:00+00:00,4414.84,4415.77,4412.94,4415.07,192,14,0
2026-09-08 09:03:00+00:00,4415.02,4415.42,4413.81,4414.32,181,14,0
2026-09-08 09:04:00+00:00,4414.41,4415.38,4413.13,4415.26,186,14,0
2026-09-08 09:05:00+00:00,4415.32,4415.32,4411.25,4413.44,211,14,0
2026-09-08 09:06:00+00:00,4413.43,4415.61,4413.19,4415.61,175,13,0
2026-09-08 09:07:00+00:00,4414.26,4415.03,4413.54,4414.34,190,14,0
2026-09-08 09:08:00+00:00,4414.33,4415.56,4413.97,4414.01,183,12,0
2026-09-08 09:09:00+00:00,4413.98,4414.06,4412.88,4413.47,180,9,0
2026-09-08 09:10:00+00:00,4413.42,4413.52,4411.39,4412.37,185,10,0
2026-09-08 09:11:00+00:00,4412.36,4412.48,4410.86,4411.37,199,9,0
2026-09-08 09:12:00+00:00,4411.45,4411.96,4408.68,4408.83,203,8,0
2026-09-08 09:13:00+00:00,4408.96,4412.11,4408.88,4412.11,182,14,0
2026-09-08 09:14:00+00:00,4412.13,4412.48,4411.46,4411.54,151,8,0
2026-09-08 09:15:00+00:00,4411.53,4411.54,4408.5,4408.56,188,8,0
2026-09-08 09:16:00+00:00,4408.62,4409.39,4407.53,4408.0,201,10,0
2026-09-08 09:17:00+00:00,4408.04,4409.16,4407.49,4408.13,167,14,0
2026-09-08 09:18:00+00:00,4408.14,4408.15,4405.62,4405.64,186,14,0
2026-09-08 09:19:00+00:00,4405.61,4405.61,4401.78,4401.78,183,14,0
2026-09-08 09:20:00+00:00,4401.7,4405.36,4401.3,4405.11,205,14,0
2026-09-08 09:21:00+00:00,4405.07,4406.04,4404.03,4405.49,180,14,0
2026-09-08 09:22:00+00:00,4405.51,4405.75,4403.55,4405.22,155,10,0
2026-09-08 09:23:00+00:00,4405.39,4405.71,4401.99,4402.38,204,12,0
2026-09-08 09:24:00+00:00,4402.62,4403.63,4401.53,4403.63,189,14,0
2026-09-08 09:25:00+00:00,4403.58,4403.98,4402.11,4402.74,178,8,0
2026-09-08 09:26:00+00:00,4402.84,4403.58,4401.49,4401.55,177,14,0
2026-09-08 09:27:00+00:00,4401.53,4402.16,4400.35,4400.35,196,12,0
2026-09-08 09:28:00+00:00,4400.19,4401.76,4399.18,4400.98,186,12,0
2026-09-08 09:29:00+00:00,4400.96,4402.72,4400.05,4400.16,186,9,0
2026-09-08 09:30:00+00:00,4400.21,4401.81,4399.7,4400.16,191,11,0
2026-09-08 09:31:00+00:00,4400.08,4401.5,4398.76,4401.39,191,11,0
2026-09-08 09:32:00+00:00,4401.4,4402.92,4401.0,4402.21,150,9,0
2026-09-08 09:33:00+00:00,4402.18,4402.51,4401.25,4401.5,152,8,0
2026-09-08 09:34:00+00:00,4401.47,4402.88,4401.17,4402.26,182,8,0
2026-09-08 09:35:00+00:00,4402.17,4402.8,4400.11,4400.63,195,9,0
2026-09-08 09:36:00+00:00,4400.64,4401.8,4398.61,4399.68,188,14,0
2026-09-08 09:37:00+00:00,4399.67,4401.14,4398.59,4400.99,176,14,0
2026-09-08 09:38:00+00:00,4401.01,4404.01,4401.01,4403.11,164,11,0
2026-09-08 09:39:00+00:00,4403.13,4404.2,4403.13,4404.18,159,8,0
2026-09-08 09:40:00+00:00,4404.19,4406.56,4404.17,4406.21,152,8,0
2026-09-08 09:41:00+00:00,4406.22,4406.33,4405.26,4406.05,148,8,0
2026-09-08 09:42:00+00:00,4406.03,4406.49,4405.54,4406.28,124,8,0
2026-09-08 09:43:00+00:00,4406.3,4407.32,4405.86,4407.32,121,8,0
2026-09-08 09:44:00+00:00,4407.39,4409.06,4407.28,4407.62,152,8,0
2026-09-08 09:45:00+00:00,4407.65,4408.42,4406.38,4406.4,139,8,0
2026-09-08 09:46:00+00:00,4406.7,4408.14,4406.44,4408.14,159,9,0
2026-09-08 09:47:00+00:00,4408.37,4408.61,4406.54,4407.1,165,10,0
2026-09-08 09:48:00+00:00,4407.09,4408.29,4406.87,4407.53,167,11,0
2026-09-08 09:49:00+00:00,4407.5,4408.67,4407.47,4408.38,149,9,0
2026-09-08 09:50:00+00:00,4408.34,4409.34,4407.7,4409.32,171,9,0
2026-09-08 09:51:00+00:00,4409.43,4409.57,4406.83,4407.2,146,11,0
2026-09-08 09:52:00+00:00,4407.19,4407.52,4406.47,4407.49,127,12,0
2026-09-08 09:53:00+00:00,4407.39,4407.39,4404.23,4404.42,172,12,0
2026-09-08 09:54:00+00:00,4404.41,4406.02,4404.35,4405.41,158,12,0
2026-09-08 09:55:00+00:00,4405.31,4405.58,4404.77,4405.32,168,11,0
2026-09-08 09:56:00+00:00,4405.23,4405.23,4403.96,4404.13,150,10,0
2026-09-08 09:57:00+00:00,4404.11,4404.8,4404.01,4404.63,174,12,0
2026-09-08 09:58:00+00:00,4404.67,4405.06,4403.95,4404.21,168,13,0
2026-09-08 09:59:00+00:00,4404.25,4404.84,4403.61,4404.19,186,12,0
2026-09-08 10:00:00+00:00,4404.05,4404.41,4402.77,4403.14,190,12,0
2026-09-08 10:01:00+00:00,4403.2,4405.74,4402.82,4405.74,180,14,0
2026-09-08 10:02:00+00:00,4405.74,4406.58,4404.67,4405.04,178,14,0
2026-09-08 10:03:00+00:00,4404.97,4406.74,4404.69,4406.74,179,14,0
2026-09-08 10:04:00+00:00,4406.73,4408.81,4406.56,4408.51,146,14,0
2026-09-08 10:05:00+00:00,4408.35,4409.36,4407.89,4408.93,159,13,0
2026-09-08 10:06:00+00:00,4408.96,4409.77,4408.6,4408.92,150,13,0
2026-09-08 10:07:00+00:00,4408.9,4409.03,4407.07,4408.17,116,11,0
2026-09-08 10:08:00+00:00,4408.06,4408.52,4407.03,4408.2,139,11,0
2026-09-08 10:09:00+00:00,4408.21,4408.53,4407.06,4407.23,132,12,0
2026-09-08 10:10:00+00:00,4407.36,4407.81,4406.68,4407.01,143,12,0
2026-09-08 10:11:00+00:00,4407.02,4407.38,4406.64,4406.98,143,8,0
2026-09-08 10:12:00+00:00,4406.93,4407.03,4405.29,4405.64,156,8,0
2026-09-08 10:13:00+00:00,4405.68,4406.67,4404.87,4405.15,171,11,0
2026-09-08 10:14:00+00:00,4405.19,4405.37,4402.94,4403.41,173,14,0
2026-09-08 10:15:00+00:00,4403.32,4403.36,4402.05,4402.37,141,14,0
2026-09-08 10:16:00+00:00,4402.38,4402.91,4401.64,4402.76,152,8,0
2026-09-08 10:17:00+00:00,4402.73,4403.18,4401.89,4402.34,133,8,0
2026-09-08 10:18:00+00:00,4402.35,4402.44,4401.6,4401.82,156,8,0
2026-09-08 10:19:00+00:00,4401.81,4403.83,4401.29,4403.83,137,8,0
2026-09-08 10:20:00+00:00,4403.86,4404.22,4402.9,4404.22,168,12,0
2026-09-08 10:21:00+00:00,4404.25,4404.4,4402.66,4402.66,141,8,0
2026-09-08 10:22:00+00:00,4402.71,4403.9,4402.11,4402.37,131,8,0
2026-09-08 10:23:00+00:00,4402.34,4402.34,4400.65,4401.73,148,8,0
2026-09-08 10:24:00+00:00,4401.71,4403.1,4401.57,4402.38,135,13,0
2026-09-08 10:25:00+00:00,4402.43,4402.76,4401.08,4402.16,163,11,0
2026-09-08 10:26:00+00:00,4402.08,4402.85,4401.41,4402.29,144,14,0
2026-09-08 10:27:00+00:00,4402.3,4404.51,4402.28,4403.51,146,11,0
2026-09-08 10:28:00+00:00,4403.51,4403.64,4402.19,4402.77,121,9,0
2026-09-08 10:29:00+00:00,4402.72,4403.24,4401.78,4401.94,137,8,0
2026-09-08 10:30:00+00:00,4401.95,4403.24,4401.8,4402.72,135,8,0
2026-09-08 10:31:00+00:00,4402.74,4404.75,4402.5,4404.41,151,8,0
2026-09-08 10:32:00+00:00,4404.42,4405.73,4404.16,4404.93,145,8,0
2026-09-08 10:33:00+00:00,4404.92,4405.22,4400.68,4401.0,151,8,0
2026-09-08 10:34:00+00:00,4401.01,4401.1,4398.29,4398.34,187,14,0
2026-09-08 10:35:00+00:00,4398.18,4399.4,4397.47,4398.83,157,14,0
2026-09-08 10:36:00+00:00,4398.8,4398.97,4398.23,4398.51,135,10,0
2026-09-08 10:37:00+00:00,4398.47,4399.05,4395.97,4396.78,163,8,0
2026-09-08 10:38:00+00:00,4397.05,4397.97,4395.21,4395.28,183,9,0
2026-09-08 10:39:00+00:00,4395.21,4395.36,4392.24,4393.84,189,10,0
2026-09-08 10:40:00+00:00,4393.98,4396.8,4393.98,4396.04,172,14,0
2026-09-08 10:41:00+00:00,4396.1,4397.57,4394.71,4394.75,148,14,0
2026-09-08 10:42:00+00:00,4394.88,4394.94,4391.53,4392.82,169,14,0
2026-09-08 10:43:00+00:00,4392.78,4395.44,4392.56,4395.15,147,11,0
2026-09-08 10:44:00+00:00,4395.16,4396.39,4394.63,4395.87,133,8,0
2026-09-08 10:45:00+00:00,4395.84,4397.13,4394.94,4397.05,143,8,0
2026-09-08 10:46:00+00:00,4397.03,4397.63,4396.05,4396.29,105,8,0
2026-09-08 10:47:00+00:00,4396.44,4397.02,4395.45,4396.66,126,8,0
2026-09-08 10:48:00+00:00,4396.67,4396.99,4395.66,4396.73,130,10,0
2026-09-08 10:49:00+00:00,4396.77,4396.94,4394.29,4394.36,136,10,0
2026-09-08 10:50:00+00:00,4394.38,4394.46,4392.53,4393.13,145,10,0
2026-09-08 10:51:00+00:00,4393.14,4393.45,4391.8,4392.22,147,9,0
2026-09-08 10:52:00+00:00,4392.27,4393.31,4392.0,4393.17,158,8,0
2026-09-08 10:53:00+00:00,4393.22,4393.73,4392.66,4393.2,142,9,0
2026-09-08 10:54:00+00:00,4393.23,4393.69,4391.49,4392.29,161,8,0
2026-09-08 10:55:00+00:00,4392.3,4394.83,4392.19,4394.83,152,8,0
2026-09-08 10:56:00+00:00,4394.81,4394.83,4393.02,4393.02,136,8,0
2026-09-08 10:57:00+00:00,4392.96,4393.34,4390.2,4391.03,162,8,0
2026-09-08 10:58:00+00:00,4391.04,4392.12,4390.84,4392.12,121,8,0
2026-09-08 10:59:00+00:00,4392.29,4392.63,4391.79,4392.39,147,8,0
2026-09-08 11:00:00+00:00,4392.4,4393.07,4390.88,4391.93,187,8,0
2026-09-08 11:01:00+00:00,4391.38,4391.73,4390.02,4390.57,183,16,0
2026-09-08 11:02:00+00:00,4390.65,4390.89,4389.18,4389.95,176,16,0
2026-09-08 11:03:00+00:00,4389.94,4391.95,4389.63,4390.7,183,11,0
2026-09-08 11:04:00+00:00,4390.71,4392.16,4389.24,4391.73,187,16,0
2026-09-08 11:05:00+00:00,4391.71,4393.27,4390.56,4393.17,179,16,0
2026-09-08 11:06:00+00:00,4393.04,4395.38,4392.73,4395.38,162,16,0
2026-09-08 11:07:00+00:00,4395.36,4396.14,4393.41,4394.1,142,13,0
2026-09-08 11:08:00+00:00,4394.32,4394.77,4390.28,4391.08,181,13,0
2026-09-08 11:09:00+00:00,4390.9,4391.38,4388.47,4388.61,164,16,0
2026-09-08 11:10:00+00:00,4388.62,4390.29,4388.4,4389.84,153,13,0
2026-09-08 11:11:00+00:00,4389.83,4391.04,4389.37,4390.25,119,8,0
2026-09-08 11:12:00+00:00,4390.24,4393.23,4390.19,4392.67,147,8,0
2026-09-08 11:13:00+00:00,4392.66,4393.12,4390.68,4390.68,144,8,0
2026-09-08 11:14:00+00:00,4390.72,4391.43,4390.21,4390.98,127,8,0
2026-09-08 11:15:00+00:00,4391.0,4392.34,4390.85,4391.92,124,8,0
2026-09-08 11:16:00+00:00,4391.91,4392.68,4391.05,4391.05,128,8,0
2026-09-08 11:17:00+00:00,4390.97,4392.93,4390.7,4392.93,140,8,0
2026-09-08 11:18:00+00:00,4392.83,4393.06,4391.38,4391.56,143,8,0
2026-09-08 11:19:00+00:00,4391.45,4394.41,4391.45,4394.17,128,14,0
2026-09-08 11:20:00+00:00,4394.11,4394.12,4392.13,4392.21,143,11,0
2026-09-08 11:21:00+00:00,4392.19,4392.4,4390.3,4390.96,158,13,0
2026-09-08 11:22:00+00:00,4390.96,4392.11,4390.78,4391.93,157,13,0
2026-09-08 11:23:00+00:00,4391.94,4392.53,4391.54,4392.39,146,11,0
2026-09-08 11:24:00+00:00,4392.42,4394.96,4392.37,4394.87,154,9,0
2026-09-08 11:25:00+00:00,4394.82,4396.89,4394.82,4396.7,144,13,0
2026-09-08 11:26:00+00:00,4396.72,4396.83,4395.54,4396.14,151,8,0
2026-09-08 11:27:00+00:00,4396.15,4396.75,4395.72,4395.72,168,8,0
2026-09-08 11:28:00+00:00,4395.71,4396.09,4394.95,4395.87,174,9,0
2026-09-08 11:29:00+00:00,4395.92,4395.93,4394.91,4395.05,175,16,0
2026-09-08 11:30:00+00:00,4395.0,4395.22,4393.62,4394.88,184,16,0
2026-09-08 11:31:00+00:00,4394.85,4396.33,4393.85,4396.11,169,16,0
2026-09-08 11:32:00+00:00,4396.13,4396.8,4395.13,4396.57,149,16,0
2026-09-08 11:33:00+00:00,4396.39,4398.0,4395.78,4397.06,152,16,0
2026-09-08 11:34:00+00:00,4397.05,4398.67,4396.46,4398.66,167,11,0
2026-09-08 11:35:00+00:00,4398.67,4398.92,4396.29,4396.48,150,8,0
2026-09-08 11:36:00+00:00,4396.49,4396.74,4395.04,4396.2,127,8,0
2026-09-08 11:37:00+00:00,4396.25,4396.52,4394.31,4395.31,152,9,0
2026-09-08 11:38:00+00:00,4395.33,4396.65,4395.28,4396.3,87,8,0
2026-09-08 11:39:00+00:00,4396.18,4396.36,4395.88,4396.26,106,8,0
2026-09-08 11:40:00+00:00,4396.27,4396.31,4394.48,4395.13,137,8,0
2026-09-08 11:41:00+00:00,4395.15,4395.16,4393.91,4394.28,135,8,0
2026-09-08 11:42:00+00:00,4394.27,4395.07,4393.74,4393.84,186,8,0
2026-09-08 11:43:00+00:00,4393.94,4394.64,4392.57,4392.57,160,16,0
2026-09-08 11:44:00+00:00,4392.52,4393.26,4391.96,4392.73,141,16,0
2026-09-08 11:45:00+00:00,4392.77,4398.11,4391.07,4396.26,186,16,0
2026-09-08 11:46:00+00:00,4396.34,4398.21,4395.88,4396.18,211,16,0
2026-09-08 11:47:00+00:00,4396.21,4396.25,4393.38,4394.43,162,16,0
2026-09-08 11:48:00+00:00,4394.42,4394.61,4391.89,4391.92,167,15,0
2026-09-08 11:49:00+00:00,4391.96,4393.86,4391.18,4393.82,167,14,0
2026-09-08 11:50:00+00:00,4393.8,4394.99,4392.49,4392.84,169,14,0
2026-09-08 11:51:00+00:00,4392.89,4393.28,4392.13,4392.78,161,11,0
2026-09-08 11:52:00+00:00,4392.73,4392.98,4391.73,4392.69,123,9,0
2026-09-08 11:53:00+00:00,4392.69,4392.76,4392.0,4392.74,139,9,0
2026-09-08 11:54:00+00:00,4392.75,4393.44,4391.91,4392.83,147,9,0
2026-09-08 11:55:00+00:00,4392.91,4393.16,4391.79,4391.95,145,9,0
2026-09-08 11:56:00+00:00,4391.9,4393.86,4391.83,4393.72,151,9,0
2026-09-08 11:57:00+00:00,4394.07,4394.49,4392.97,4393.97,155,14,0
2026-09-08 11:58:00+00:00,4393.9,4394.3,4393.39,4393.62,139,13,0
2026-09-08 11:59:00+00:00,4393.6,4394.2,4393.06,4394.2,128,9,0
2026-09-08 12:00:00+00:00,4394.28,4394.28,4391.43,4392.93,166,9,0
2026-09-08 12:01:00+00:00,4392.86,4394.08,4392.71,4393.64,150,11,0
2026-09-08 12:02:00+00:00,4393.68,4394.57,4392.7,4394.57,137,14,0
2026-09-08 12:03:00+00:00,4394.54,4395.25,4393.27,4395.22,146,16,0
2026-09-08 12:04:00+00:00,4394.8,4395.94,4394.68,4395.94,117,13,0
2026-09-08 12:05:00+00:00,4395.89,4396.95,4395.66,4396.95,144,11,0
2026-09-08 12:06:00+00:00,4396.96,4397.84,4396.33,4396.37,147,13,0
2026-09-08 12:07:00+00:00,4396.33,4396.33,4394.82,4396.21,137,15,0
2026-09-08 12:08:00+00:00,4396.22,4396.27,4395.02,4395.13,135,11,0
2026-09-08 12:09:00+00:00,4395.35,4395.79,4394.85,4395.23,118,8,0
2026-09-08 12:10:00+00:00,4395.24,4396.33,4395.19,4396.24,127,9,0
2026-09-08 12:11:00+00:00,4396.25,4397.09,4396.18,4396.82,117,9,0
2026-09-08 12:12:00+00:00,4396.84,4397.93,4396.82,4397.79,135,8,0
2026-09-08 12:13:00+00:00,4397.74,4397.74,4396.13,4396.52,123,11,0
2026-09-08 12:14:00+00:00,4396.51,4397.6,4396.51,4397.6,111,9,0
2026-09-08 12:15:00+00:00,4397.47,4397.78,4397.04,4397.63,113,9,0
2026-09-08 12:16:00+00:00,4397.65,4398.41,4397.34,4398.22,115,9,0
2026-09-08 12:17:00+00:00,4398.46,4399.33,4398.46,4399.13,135,13,0
2026-09-08 12:18:00+00:00,4399.11,4399.11,4397.32,4397.51,131,13,0
2026-09-08 12:19:00+00:00,4397.45,4398.14,4397.02,4397.07,127,16,0
2026-09-08 12:20:00+00:00,4396.86,4397.1,4396.3,4396.32,121,16,0
2026-09-08 12:21:00+00:00,4396.33,4396.33,4394.49,4395.74,122,16,0
2026-09-08 12:22:00+00:00,4395.78,4396.1,4395.46,4396.01,102,15,0
2026-09-08 12:23:00+00:00,4396.0,4396.06,4393.73,4394.42,126,13,0
2026-09-08 12:24:00+00:00,4394.43,4395.08,4394.21,4394.79,142,11,0
2026-09-08 12:25:00+00:00,4394.72,4395.71,4394.01,4395.48,148,13,0
2026-09-08 12:26:00+00:00,4395.46,4396.47,4393.58,4393.65,129,16,0
2026-09-08 12:27:00+00:00,4393.59,4394.72,4393.2,4394.38,135,15,0
2026-09-08 12:28:00+00:00,4394.34,4395.18,4393.88,4394.26,134,11,0
2026-09-08 12:29:00+00:00,4394.22,4394.33,4392.51,4393.2,152,16,0
2026-09-08 12:30:00+00:00,4393.12,4393.42,4390.92,4392.75,135,16,0
2026-09-08 12:31:00+00:00,4392.78,4395.38,4391.9,4395.31,144,16,0
2026-09-08 12:32:00+00:00,4395.33,4397.47,4395.18,4395.52,167,16,0
2026-09-08 12:33:00+00:00,4395.41,4396.88,4394.98,4395.15,138,16,0
2026-09-08 12:34:00+00:00,4395.24,4396.05,4395.21,4395.8,117,11,0
2026-09-08 12:35:00+00:00,4395.81,4396.68,4395.52,4396.41,104,11,0
2026-09-08 12:36:00+00:00,4396.38,4396.39,4395.46,4395.78,145,11,0
2026-09-08 12:37:00+00:00,4395.81,4396.62,4395.63,4396.3,137,11,0
2026-09-08 12:38:00+00:00,4396.29,4396.48,4395.98,4395.98,113,9,0
2026-09-08 12:39:00+00:00,4395.95,4397.35,4395.95,4397.21,103,8,0
2026-09-08 12:40:00+00:00,4397.19,4400.96,4397.12,4399.62,134,8,0
2026-09-08 12:41:00+00:00,4399.68,4403.32,4398.97,4402.12,211,16,0
2026-09-08 12:42:00+00:00,4402.11,4403.33,4401.75,4401.8,186,16,0
2026-09-08 12:43:00+00:00,4401.78,4402.48,4400.72,4400.95,175,16,0
2026-09-08 12:44:00+00:00,4400.93,4401.61,4399.4,4401.29,152,13,0
2026-09-08 12:45:00+00:00,4401.3,4401.84,4400.94,4401.56,136,9,0
2026-09-08 12:46:00+00:00,4401.61,4402.97,4401.61,4402.22,153,8,0
2026-09-08 12:47:00+00:00,4402.15,4402.95,4402.02,4402.39,131,9,0
2026-09-08 12:48:00+00:00,4402.38,4402.38,4401.32,4402.11,115,9,0
2026-09-08 12:49:00+00:00,4402.1,4402.97,4401.81,4402.93,120,8,0
2026-09-08 12:50:00+00:00,4402.92,4404.12,4402.9,4404.1,128,8,0
2026-09-08 12:51:00+00:00,4404.12,4405.04,4404.07,4405.01,113,8,0
2026-09-08 12:52:00+00:00,4405.07,4405.45,4404.27,4404.3,98,8,0
2026-09-08 12:53:00+00:00,4404.25,4404.7,4403.89,4404.13,121,11,0
2026-09-08 12:54:00+00:00,4404.14,4404.43,4403.65,4404.39,85,9,0
2026-09-08 12:55:00+00:00,4404.55,4405.02,4403.82,4404.88,110,11,0
2026-09-08 12:56:00+00:00,4404.78,4404.78,4404.0,4404.06,98,11,0
2026-09-08 12:57:00+00:00,4404.12,4404.17,4402.74,4402.92,116,13,0
2026-09-08 12:58:00+00:00,4402.89,4404.1,4402.82,4404.08,129,13,0
2026-09-08 12:59:00+00:00,4404.09,4404.71,4402.76,4402.76,112,14,0
2026-09-08 13:00:00+00:00,4402.78,4402.81,4401.61,4401.92,131,16,0
2026-09-08 13:01:00+00:00,4402.14,4402.43,4401.53,4401.6,116,16,0
2026-09-08 13:02:00+00:00,4401.49,4401.53,4399.39,4399.58,124,14,0
2026-09-08 13:03:00+00:00,4399.61,4400.65,4399.43,4399.79,138,16,0
2026-09-08 13:04:00+00:00,4399.81,4400.1,4398.23,4398.31,129,15,0
2026-09-08 13:05:00+00:00,4398.3,4398.65,4396.81,4397.15,123,15,0
2026-09-08 13:06:00+00:00,4397.17,4398.21,4397.01,4397.02,131,16,0
2026-09-08 13:07:00+00:00,4397.05,4397.64,4396.2,4397.46,131,16,0
2026-09-08 13:08:00+00:00,4397.3,4397.37,4396.09,4396.83,123,16,0
2026-09-08 13:09:00+00:00,4396.81,4396.96,4396.14,4396.3,119,14,0
2026-09-08 13:10:00+00:00,4396.33,4396.4,4394.64,4395.28,135,13,0
2026-09-08 13:11:00+00:00,4395.28,4395.35,4394.0,4394.0,131,13,0
2026-09-08 13:12:00+00:00,4394.01,4395.24,4393.54,4394.48,131,14,0
2026-09-08 13:13:00+00:00,4394.45,4395.28,4393.73,4395.19,136,14,0
2026-09-08 13:14:00+00:00,4395.17,4396.6,4395.09,4395.69,135,14,0
2026-09-08 13:15:00+00:00,4396.07,4397.67,4395.87,4397.67,117,14,0
2026-09-08 13:16:00+00:00,4397.71,4398.03,4397.05,4397.33,114,9,0
2026-09-08 13:17:00+00:00,4397.34,4398.1,4397.16,4397.81,109,8,0
2026-09-08 13:18:00+00:00,4397.75,4398.31,4397.11,4397.96,104,8,0
2026-09-08 13:19:00+00:00,4397.98,4398.43,4397.82,4398.15,112,11,0
2026-09-08 13:20:00+00:00,4398.11,4406.42,4397.29,4405.07,204,9,0
2026-09-08 13:21:00+00:00,4405.08,4405.39,4402.08,4403.76,195,16,0
2026-09-08 13:22:00+00:00,4403.75,4403.75,4400.94,4400.96,163,16,0
2026-09-08 13:23:00+00:00,4401.09,4401.84,4400.87,4401.47,143,14,0
2026-09-08 13:24:00+00:00,4401.52,4401.74,4399.68,4400.41,117,13,0
2026-09-08 13:25:00+00:00,4400.48,4400.8,4399.78,4399.78,110,13,0
2026-09-08 13:26:00+00:00,4399.8,4400.93,4399.46,4399.66,116,14,0
2026-09-08 13:27:00+00:00,4399.65,4400.28,4399.59,4399.75,118,13,0
2026-09-08 13:28:00+00:00,4399.76,4400.71,4399.73,4399.73,114,11,0
2026-09-08 13:29:00+00:00,4399.52,4399.52,4398.33,4399.25,112,13,0
2026-09-08 13:30:00+00:00,4399.23,4399.36,4398.21,4398.24,119,13,0
2026-09-08 13:31:00+00:00,4398.25,4399.22,4398.25,4398.76,102,11,0
2026-09-08 13:32:00+00:00,4398.77,4398.78,4397.94,4398.39,94,11,0
2026-09-08 13:33:00+00:00,4398.28,4398.51,4397.31,4397.56,94,13,0
2026-09-08 13:34:00+00:00,4397.56,4398.12,4396.99,4396.99,114,11,0
2026-09-08 13:35:00+00:00,4397.08,4397.46,4396.33,4397.08,103,13,0
2026-09-08 13:36:00+00:00,4397.13,4397.24,4395.78,4395.89,103,14,0
2026-09-08 13:37:00+00:00,4395.85,4396.25,4395.66,4395.74,87,13,0
2026-09-08 13:38:00+00:00,4395.61,4396.02,4395.14,4395.43,93,13,0
2026-09-08 13:39:00+00:00,4395.42,4395.46,4394.09,4394.98,86,14,0
2026-09-08 13:40:00+00:00,4394.97,4395.05,4394.0,4394.66,101,14,0
2026-09-08 13:41:00+00:00,4394.68,4396.15,4394.57,4396.15,118,15,0
2026-09-08 13:42:00+00:00,4396.16,4397.9,4396.03,4397.89,126,16,0
2026-09-08 13:43:00+00:00,4397.91,4398.02,4396.57,4396.83,108,15,0
2026-09-08 13:44:00+00:00,4396.82,4398.32,4396.76,4397.14,118,16,0
2026-09-08 13:45:00+00:00,4397.08,4397.76,4396.9,4397.66,94,15,0
2026-09-08 13:46:00+00:00,4397.64,4398.23,4397.39,4398.23,86,14,0
2026-09-08 13:47:00+00:00,4398.25,4398.81,4397.76,4398.76,107,14,0
2026-09-08 13:48:00+00:00,4398.77,4400.18,4398.45,4400.11,92,13,0
2026-09-08 13:49:00+00:00,4400.09,4400.44,4398.67,4399.02,111,16,0
2026-09-08 13:50:00+00:00,4399.03,4399.96,4398.58,4399.92,103,16,0
2026-09-08 13:51:00+00:00,4399.91,4400.16,4398.75,4398.91,105,16,0
2026-09-08 13:52:00+00:00,4398.79,4398.98,4397.53,4397.53,91,15,0
2026-09-08 13:53:00+00:00,4397.97,4399.03,4396.85,4399.01,114,15,0
2026-09-08 13:54:00+00:00,4398.95,4399.35,4398.81,4398.88,103,15,0
2026-09-08 13:55:00+00:00,4398.93,4399.18,4397.54,4397.68,117,15,0
2026-09-08 13:56:00+00:00,4397.52,4399.55,4397.35,4399.06,120,15,0
2026-09-08 13:57:00+00:00,4398.95,4399.83,4398.93,4399.8,117,15,0
2026-09-08 13:58:00+00:00,4399.81,4399.84,4397.42,4397.42,110,14,0
2026-09-08 13:59:00+00:00,4397.43,4397.45,4395.39,4395.39,117,15,0
2026-09-08 14:00:00+00:00,4395.37,4396.67,4394.94,4395.52,160,16,0
2026-09-08 14:01:00+00:00,4395.31,4397.38,4395.31,4396.94,153,16,0
2026-09-08 14:02:00+00:00,4396.98,4397.31,4396.59,4397.31,143,15,0
2026-09-08 14:03:00+00:00,4397.33,4397.36,4396.31,4396.58,129,14,0
2026-09-08 14:04:00+00:00,4396.61,4396.92,4395.34,4395.95,117,15,0
2026-09-08 14:05:00+00:00,4395.98,4396.94,4395.89,4396.91,122,16,0
2026-09-08 14:06:00+00:00,4396.77,4396.77,4394.91,4395.26,122,16,0
2026-09-08 14:07:00+00:00,4395.27,4395.6,4394.74,4395.06,117,14,0
2026-09-08 14:08:00+00:00,4395.04,4395.05,4393.25,4393.67,120,11,0
2026-09-08 14:09:00+00:00,4393.7,4398.69,4393.7,4396.55,195,16,0
2026-09-08 14:10:00+00:00,4396.65,4397.07,4393.55,4393.82,155,16,0
2026-09-08 14:11:00+00:00,4393.93,4394.45,4393.23,4393.23,127,15,0
2026-09-08 14:12:00+00:00,4393.19,4393.41,4391.4,4391.42,161,14,0
2026-09-08 14:13:00+00:00,4391.4,4392.72,4391.22,4392.47,142,14,0
2026-09-08 14:14:00+00:00,4392.48,4395.13,4392.42,4395.11,137,14,0
2026-09-08 14:15:00+00:00,4395.08,4396.67,4395.03,4396.35,168,14,0
2026-09-08 14:16:00+00:00,4396.4,4400.62,4396.4,4400.51,182,16,0
2026-09-08 14:17:00+00:00,4400.53,4400.79,4399.35,4399.83,126,15,0
2026-09-08 14:18:00+00:00,4399.84,4400.8,4399.49,4400.68,151,14,0
2026-09-08 14:19:00+00:00,4400.75,4401.67,4400.75,4401.63,108,9,0
2026-09-08 14:20:00+00:00,4401.57,4401.64,4399.77,4400.52,129,9,0
2026-09-08 14:21:00+00:00,4400.55,4400.55,4398.41,4399.29,138,13,0
2026-09-08 14:22:00+00:00,4399.28,4399.92,4399.24,4399.77,110,11,0
2026-09-08 14:23:00+00:00,4399.79,4399.99,4399.16,4399.93,108,9,0
2026-09-08 14:24:00+00:00,4399.94,4401.4,4399.81,4401.07,109,11,0
2026-09-08 14:25:00+00:00,4401.09,4402.09,4400.42,4402.09,117,11,0
2026-09-08 14:26:00+00:00,4402.05,4402.17,4401.19,4401.34,117,14,0
2026-09-08 14:27:00+00:00,4401.33,4402.16,4401.28,4401.54,119,11,0
2026-09-08 14:28:00+00:00,4401.53,4402.98,4401.53,4402.35,125,11,0
2026-09-08 14:29:00+00:00,4402.34,4402.34,4401.37,4402.0,119,13,0
2026-09-08 14:30:00+00:00,4402.05,4402.14,4400.86,4401.09,145,13,0
2026-09-08 14:31:00+00:00,4401.1,4401.75,4401.08,4401.48,107,14,0
2026-09-08 14:32:00+00:00,4401.47,4402.03,4400.62,4401.94,127,14,0
2026-09-08 14:33:00+00:00,4402.05,4404.96,4402.05,4404.74,138,15,0
2026-09-08 14:34:00+00:00,4404.71,4404.83,4404.06,4404.77,92,14,0
2026-09-08 14:35:00+00:00,4404.78,4405.54,4404.5,4404.9,110,14,0
2026-09-08 14:36:00+00:00,4405.18,4406.19,4404.28,4406.07,136,16,0
2026-09-08 14:37:00+00:00,4406.06,4407.84,4406.03,4407.8,142,16,0
2026-09-08 14:38:00+00:00,4407.86,4407.86,4405.87,4406.1,144,16,0
2026-09-08 14:39:00+00:00,4406.09,4406.1,4404.84,4404.85,129,15,0
2026-09-08 14:40:00+00:00,4404.82,4406.23,4404.82,4406.23,109,14,0
2026-09-08 14:41:00+00:00,4406.22,4406.51,4405.29,4405.52,139,13,0
2026-09-08 14:42:00+00:00,4405.45,4405.75,4404.5,4404.58,121,13,0
2026-09-08 14:43:00+00:00,4404.58,4406.64,4404.58,4406.29,131,14,0
2026-09-08 14:44:00+00:00,4406.28,4406.85,4403.47,4403.61,145,13,0
2026-09-08 14:45:00+00:00,4403.6,4404.28,4403.6,4404.03,134,16,0
2026-09-08 14:46:00+00:00,4404.02,4404.31,4402.37,4403.09,140,11,0
2026-09-08 14:47:00+00:00,4403.11,4403.11,4400.58,4400.87,133,15,0
2026-09-08 14:48:00+00:00,4400.86,4400.92,4399.26,4399.74,106,11,0
2026-09-08 14:49:00+00:00,4399.66,4400.64,4399.44,4399.88,135,8,0
2026-09-08 14:50:00+00:00,4399.76,4402.47,4399.69,4402.47,146,9,0
2026-09-08 14:51:00+00:00,4402.46,4402.62,4399.26,4399.35,130,16,0
2026-09-08 14:52:00+00:00,4399.36,4399.36,4397.76,4399.33,160,15,0
2026-09-08 14:53:00+00:00,4399.36,4399.67,4398.25,4399.65,139,8,0
2026-09-08 14:54:00+00:00,4399.63,4400.54,4399.33,4400.51,120,8,0
2026-09-08 14:55:00+00:00,4400.5,4402.69,4400.35,4402.37,167,8,0
2026-09-08 14:56:00+00:00,4402.26,4402.84,4402.06,4402.44,141,8,0
2026-09-08 14:57:00+00:00,4402.45,4402.86,4402.39,4402.76,104,8,0
2026-09-08 14:58:00+00:00,4402.8,4405.52,4402.51,4405.15,119,8,0
2026-09-08 14:59:00+00:00,4405.12,4406.62,4404.92,4406.46,143,15,0
2026-09-08 15:00:00+00:00,4406.45,4406.71,4403.22,4404.05,177,15,0
2026-09-08 15:01:00+00:00,4404.06,4405.67,4403.77,4404.95,171,16,0
2026-09-08 15:02:00+00:00,4404.97,4405.09,4402.82,4403.78,155,16,0
2026-09-08 15:03:00+00:00,4403.79,4403.82,4402.44,4402.87,157,16,0
2026-09-08 15:04:00+00:00,4402.91,4403.53,4402.72,4402.82,154,16,0
2026-09-08 15:05:00+00:00,4402.83,4404.09,4401.84,4403.76,146,15,0
2026-09-08 15:06:00+00:00,4403.6,4403.66,4402.38,4403.2,148,16,0
2026-09-08 15:07:00+00:00,4403.25,4404.24,4403.25,4404.12,139,13,0
2026-09-08 15:08:00+00:00,4404.09,4404.19,4402.7,4403.25,144,9,0
2026-09-08 15:09:00+00:00,4403.23,4404.28,4402.64,4403.77,146,15,0
2026-09-08 15:10:00+00:00,4403.81,4404.03,4400.88,4401.01,185,16,0
2026-09-08 15:11:00+00:00,4401.0,4401.09,4398.37,4398.88,189,16,0
2026-09-08 15:12:00+00:00,4398.91,4399.71,4393.8,4393.81,196,16,0
2026-09-08 15:13:00+00:00,4393.79,4395.25,4392.24,4392.24,174,16,0
2026-09-08 15:14:00+00:00,4392.01,4393.24,4390.72,4391.8,186,16,0
2026-09-08 15:15:00+00:00,4391.78,4391.86,4385.34,4387.55,211,16,0
2026-09-08 15:16:00+00:00,4387.88,4390.28,4387.81,4389.36,201,16,0
2026-09-08 15:17:00+00:00,4389.45,4390.83,4387.68,4388.15,189,16,0
2026-09-08 15:18:00+00:00,4388.16,4390.98,4387.27,4389.43,174,16,0
2026-09-08 15:19:00+00:00,4389.49,4391.56,4387.79,4391.51,171,16,0
2026-09-08 15:20:00+00:00,4391.53,4394.54,4387.42,4394.39,205,16,0
2026-09-08 15:21:00+00:00,4394.38,4396.53,4393.57,4394.03,204,16,0
2026-09-08 15:22:00+00:00,4393.94,4394.43,4391.06,4391.51,179,16,0
2026-09-08 15:23:00+00:00,4391.49,4394.15,4390.6,4394.05,174,14,0
2026-09-08 15:24:00+00:00,4393.86,4395.44,4393.1,4395.08,180,14,0
2026-09-08 15:25:00+00:00,4395.07,4396.9,4394.22,4396.58,184,15,0
2026-09-08 15:26:00+00:00,4396.69,4398.59,4396.35,4397.4,178,15,0
2026-09-08 15:27:00+00:00,4397.41,4399.16,4396.93,4398.6,171,15,0
2026-09-08 15:28:00+00:00,4398.59,4398.59,4396.89,4397.82,170,14,0
2026-09-08 15:29:00+00:00,4397.85,4401.91,4397.67,4401.91,160,8,0
2026-09-08 15:30:00+00:00,4401.88,4404.01,4401.06,4402.59,172,8,0
2026-09-08 15:31:00+00:00,4402.3,4402.51,4400.79,4401.14,162,14,0
2026-09-08 15:32:00+00:00,4401.19,4406.81,4401.19,4406.55,182,14,0
2026-09-08 15:33:00+00:00,4406.68,4408.05,4405.47,4407.79,204,15,0
2026-09-08 15:34:00+00:00,4408.12,4408.14,4404.31,4405.08,176,15,0
2026-09-08 15:35:00+00:00,4405.16,4405.52,4401.35,4402.37,160,15,0
2026-09-08 15:36:00+00:00,4402.39,4403.19,4401.81,4403.04,198,13,0
2026-09-08 15:37:00+00:00,4403.08,4403.32,4400.98,4401.78,156,9,0
2026-09-08 15:38:00+00:00,4401.8,4401.84,4398.42,4399.62,168,8,0
2026-09-08 15:39:00+00:00,4399.61,4401.84,4399.28,4401.24,189,11,0
2026-09-08 15:40:00+00:00,4401.4,4401.85,4398.03,4398.04,182,15,0
2026-09-08 15:41:00+00:00,4398.02,4399.72,4397.6,4399.52,165,13,0
2026-09-08 15:42:00+00:00,4399.54,4399.58,4397.94,4397.98,159,8,0
2026-09-08 15:43:00+00:00,4398.03,4398.44,4395.44,4396.17,177,8,0
2026-09-08 15:44:00+00:00,4396.2,4396.8,4395.39,4396.76,150,11,0
2026-09-08 15:45:00+00:00,4396.59,4397.34,4395.7,4396.76,155,15,0
2026-09-08 15:46:00+00:00,4396.75,4399.07,4396.31,4397.38,177,14,0
2026-09-08 15:47:00+00:00,4397.33,4400.54,4397.0,4400.08,181,16,0
2026-09-08 15:48:00+00:00,4400.1,4400.61,4398.25,4399.28,163,13,0
2026-09-08 15:49:00+00:00,4399.27,4402.3,4398.8,4402.24,177,14,0
2026-09-08 15:50:00+00:00,4402.25,4402.77,4401.75,4402.07,167,8,0
2026-09-08 15:51:00+00:00,4402.05,4403.29,4401.29,4402.45,169,8,0
2026-09-08 15:52:00+00:00,4402.43,4403.57,4401.98,4403.51,142,13,0
2026-09-08 15:53:00+00:00,4403.49,4403.49,4400.71,4401.43,160,13,0
2026-09-08 15:54:00+00:00,4401.57,4403.5,4401.28,4403.41,156,9,0
2026-09-08 15:55:00+00:00,4403.43,4405.29,4403.09,4405.29,168,8,0
2026-09-08 15:56:00+00:00,4405.32,4406.81,4403.98,4404.81,180,15,0
2026-09-08 15:57:00+00:00,4404.8,4407.08,4404.6,4406.92,165,16,0
2026-09-08 15:58:00+00:00,4406.93,4407.88,4405.88,4407.88,176,16,0
2026-09-08 15:59:00+00:00,4409.27,4411.74,4408.99,4411.53,179,16,0
2026-09-08 16:00:00+00:00,4411.68,4412.73,4406.1,4407.69,222,16,0
2026-09-08 16:01:00+00:00,4407.5,4408.06,4404.34,4404.65,211,16,0
2026-09-08 16:02:00+00:00,4405.1,4405.11,4403.03,4403.76,214,16,0
2026-09-08 16:03:00+00:00,4403.73,4405.62,4403.12,4403.77,215,16,0
2026-09-08 16:04:00+00:00,4403.7,4406.18,4402.67,4406.18,201,16,0
2026-09-08 16:05:00+00:00,4406.19,4407.02,4404.92,4406.65,201,16,0
2026-09-08 16:06:00+00:00,4406.52,4406.55,4404.02,4404.02,197,14,0
2026-09-08 16:07:00+00:00,4404.11,4406.44,4403.36,4406.08,194,15,0
2026-09-08 16:08:00+00:00,4405.85,4406.44,4403.3,4403.32,208,16,0
2026-09-08 16:09:00+00:00,4403.13,4404.93,4402.56,4404.65,181,15,0
2026-09-08 16:10:00+00:00,4404.64,4406.31,4403.99,4406.25,174,9,0
2026-09-08 16:11:00+00:00,4406.13,4406.7,4405.33,4405.33,181,9,0
2026-09-08 16:12:00+00:00,4405.34,4407.76,4405.34,4406.78,182,8,0
2026-09-08 16:13:00+00:00,4406.68,4407.4,4406.18,4406.92,166,8,0
2026-09-08 16:14:00+00:00,4406.99,4408.62,4406.37,4408.53,191,8,0
2026-09-08 16:15:00+00:00,4408.51,4408.51,4406.38,4407.34,162,9,0
2026-09-08 16:16:00+00:00,4407.36,4408.85,4405.67,4406.76,171,8,0
2026-09-08 16:17:00+00:00,4406.75,4409.43,4406.75,4408.19,175,13,0
2026-09-08 16:18:00+00:00,4408.22,4409.77,4408.22,4409.64,181,9,0
2026-09-08 16:19:00+00:00,4409.67,4410.8,4407.41,4407.96,191,11,0
2026-09-08 16:20:00+00:00,4407.98,4408.92,4406.02,4406.37,167,8,0
2026-09-08 16:21:00+00:00,4406.55,4406.82,4404.17,4405.5,168,13,0
2026-09-08 16:22:00+00:00,4405.52,4405.96,4404.28,4405.16,153,13,0
2026-09-08 16:23:00+00:00,4405.15,4407.73,4405.15,4407.38,175,15,0
2026-09-08 16:24:00+00:00,4407.34,4408.11,4403.34,4403.34,182,15,0
2026-09-08 16:25:00+00:00,4403.35,4404.21,4402.48,4402.86,179,14,0
2026-09-08 16:26:00+00:00,4402.87,4402.95,4400.66,4402.95,199,13,0
2026-09-08 16:27:00+00:00,4402.71,4403.36,4400.28,4400.58,182,11,0
2026-09-08 16:28:00+00:00,4400.4,4400.79,4399.68,4400.25,173,8,0
2026-09-08 16:29:00+00:00,4400.24,4401.07,4399.16,4400.41,184,8,0
2026-09-08 16:30:00+00:00,4400.34,4405.69,4399.78,4404.97,228,11,0
2026-09-08 16:31:00+00:00,4404.96,4405.44,4403.06,4403.16,221,16,0
2026-09-08 16:32:00+00:00,4403.14,4403.23,4399.14,4400.3,222,16,0
2026-09-08 16:33:00+00:00,4400.44,4404.42,4399.18,4403.42,215,16,0
2026-09-08 16:34:00+00:00,4403.17,4403.23,4398.07,4398.3,210,16,0
2026-09-08 16:35:00+00:00,4398.26,4398.47,4396.0,4397.71,226,16,0
2026-09-08 16:36:00+00:00,4397.74,4399.16,4396.94,4397.11,210,16,0
2026-09-08 16:37:00+00:00,4397.2,4400.73,4396.63,4400.73,214,16,0
2026-09-08 16:38:00+00:00,4400.79,4402.64,4399.21,4400.74,213,16,0
2026-09-08 16:39:00+00:00,4400.73,4402.07,4398.83,4400.15,211,16,0
2026-09-08 16:40:00+00:00,4400.08,4400.08,4395.76,4395.88,212,15,0
2026-09-08 16:41:00+00:00,4395.87,4396.88,4394.52,4395.77,209,15,0
2026-09-08 16:42:00+00:00,4395.44,4395.55,4390.45,4392.69,212,15,0
2026-09-08 16:43:00+00:00,4392.64,4395.3,4392.01,4394.97,197,13,0
2026-09-08 16:44:00+00:00,4395.02,4398.16,4394.86,4396.61,200,13,0
2026-09-08 16:45:00+00:00,4396.63,4399.57,4394.38,4394.87,223,16,0
2026-09-08 16:46:00+00:00,4394.68,4399.01,4394.62,4398.87,218,16,0
2026-09-08 16:47:00+00:00,4399.04,4400.84,4397.03,4397.9,208,15,0
2026-09-08 16:48:00+00:00,4397.8,4402.13,4397.8,4399.32,211,14,0
2026-09-08 16:49:00+00:00,4399.29,4402.75,4398.53,4402.75,205,12,0
2026-09-08 16:50:00+00:00,4402.95,4403.25,4401.34,4402.45,193,13,0
2026-09-08 16:51:00+00:00,4402.43,4402.43,4399.0,4401.15,204,13,0
2026-09-08 16:52:00+00:00,4401.17,4401.17,4398.09,4399.01,206,14,0
2026-09-08 16:53:00+00:00,4399.03,4400.2,4398.17,4399.56,210,13,0
2026-09-08 16:54:00+00:00,4399.38,4403.29,4399.04,4403.29,215,10,0
2026-09-08 16:55:00+00:00,4404.02,4407.09,4403.73,4406.82,201,13,0
2026-09-08 16:56:00+00:00,4406.99,4407.45,4403.49,4404.88,205,13,0
2026-09-08 16:57:00+00:00,4404.96,4406.07,4404.01,4404.66,195,10,0
2026-09-08 16:58:00+00:00,4404.48,4404.48,4401.27,4401.36,188,10,0
2026-09-08 16:59:00+00:00,4401.35,4401.6,4396.39,4396.42,212,10,0
2026-09-08 17:00:00+00:00,4396.51,4400.26,4395.34,4399.65,218,16,0
2026-09-08 17:01:00+00:00,4399.66,4402.37,4399.41,4401.17,202,16,0
2026-09-08 17:02:00+00:00,4400.87,4401.82,4397.56,4399.03,214,16,0
2026-09-08 17:03:00+00:00,4399.16,4400.75,4397.55,4400.28,203,16,0
2026-09-08 17:04:00+00:00,4400.2,4402.09,4399.17,4402.04,213,13,0
2026-09-08 17:05:00+00:00,4402.03,4402.8,4399.71,4400.65,203,10,0
2026-09-08 17:06:00+00:00,4400.48,4401.06,4398.32,4400.15,214,10,0
2026-09-08 17:07:00+00:00,4400.47,4402.64,4399.31,4399.31,202,14,0
2026-09-08 17:08:00+00:00,4399.38,4401.47,4398.57,4401.09,198,13,0
2026-09-08 17:09:00+00:00,4401.1,4402.48,4399.79,4399.88,202,10,0
2026-09-08 17:10:00+00:00,4399.14,4399.26,4396.31,4398.42,222,12,0
2026-09-08 17:11:00+00:00,4398.41,4399.47,4396.87,4398.11,204,10,0
2026-09-08 17:12:00+00:00,4398.03,4399.59,4397.75,4399.43,193,10,0
2026-09-08 17:13:00+00:00,4399.42,4399.62,4395.97,4396.26,205,10,0
2026-09-08 17:14:00+00:00,4396.27,4397.3,4392.37,4395.27,219,10,0
2026-09-08 17:15:00+00:00,4395.26,4396.73,4394.88,4396.58,209,10,0
2026-09-08 17:16:00+00:00,4396.65,4397.17,4395.05,4397.05,173,10,0
2026-09-08 17:17:00+00:00,4397.04,4399.1,4396.73,4397.66,192,10,0
2026-09-08 17:18:00+00:00,4397.67,4401.01,4397.5,4400.92,194,10,0
2026-09-08 17:19:00+00:00,4400.94,4401.22,4399.52,4400.5,196,10,0
2026-09-08 17:20:00+00:00,4400.51,4401.23,4396.57,4398.18,198,10,0
2026-09-08 17:21:00+00:00,4398.22,4399.74,4397.8,4398.35,180,11,0
2026-09-08 17:22:00+00:00,4398.48,4399.41,4398.22,4398.22,188,10,0
2026-09-08 17:23:00+00:00,4398.11,4401.46,4397.68,4401.46,179,10,0
2026-09-08 17:24:00+00:00,4401.43,4402.76,4400.9,4402.62,186,10,0
2026-09-08 17:25:00+00:00,4402.65,4404.08,4402.48,4404.08,171,10,0
2026-09-08 17:26:00+00:00,4404.01,4404.37,4402.06,4402.23,184,10,0
2026-09-08 17:27:00+00:00,4402.26,4403.15,4401.41,4402.69,169,13,0
2026-09-08 17:28:00+00:00,4402.74,4403.63,4399.12,4399.36,191,13,0
2026-09-08 17:29:00+00:00,4399.37,4400.11,4396.25,4396.54,200,16,0
2026-09-08 17:30:00+00:00,4396.67,4397.53,4395.14,4397.35,191,16,0
2026-09-08 17:31:00+00:00,4397.37,4397.38,4395.77,4395.87,193,16,0
2026-09-08 17:32:00+00:00,4395.85,4398.7,4395.65,4397.79,192,14,0
2026-09-08 17:33:00+00:00,4397.8,4399.45,4396.43,4396.43,189,15,0
2026-09-08 17:34:00+00:00,4396.31,4398.44,4396.14,4398.44,172,11,0
2026-09-08 17:35:00+00:00,4398.45,4399.0,4397.7,4398.93,195,8,0
2026-09-08 17:36:00+00:00,4398.89,4399.19,4397.42,4398.25,183,8,0
2026-09-08 17:37:00+00:00,4398.13,4400.68,4396.72,4400.47,189,13,0
2026-09-08 17:38:00+00:00,4400.43,4400.43,4398.02,4399.89,181,14,0
2026-09-08 17:39:00+00:00,4399.93,4400.17,4395.21,4395.79,207,15,0
2026-09-08 17:40:00+00:00,4395.56,4395.68,4393.47,4393.47,182,14,0
2026-09-08 17:41:00+00:00,4393.75,4395.07,4392.87,4393.17,191,13,0
2026-09-08 17:42:00+00:00,4393.2,4394.35,4392.8,4393.35,191,11,0
2026-09-08 17:43:00+00:00,4393.34,4394.18,4393.15,4393.59,190,9,0
2026-09-08 17:44:00+00:00,4393.62,4397.71,4393.62,4397.35,181,9,0
2026-09-08 17:45:00+00:00,4397.37,4397.73,4395.49,4395.8,184,13,0
2026-09-08 17:46:00+00:00,4395.71,4399.03,4395.56,4398.53,190,8,0
2026-09-08 17:47:00+00:00,4398.55,4398.59,4395.56,4397.28,170,8,0
2026-09-08 17:48:00+00:00,4397.17,4397.41,4392.15,4393.11,189,16,0
2026-09-08 17:49:00+00:00,4393.12,4393.77,4392.89,4393.48,165,13,0
2026-09-08 17:50:00+00:00,4393.38,4394.67,4391.18,4393.12,196,11,0
2026-09-08 17:51:00+00:00,4393.24,4394.4,4391.03,4391.03,201,16,0
2026-09-08 17:52:00+00:00,4391.11,4391.78,4389.15,4391.39,198,16,0
2026-09-08 17:53:00+00:00,4391.38,4393.79,4390.8,4393.7,184,16,0
2026-09-08 17:54:00+00:00,4393.98,4395.74,4393.74,4393.74,173,11,0
2026-09-08 17:55:00+00:00,4393.78,4395.7,4392.3,4394.96,182,11,0
2026-09-08 17:56:00+00:00,4394.9,4395.39,4393.8,4395.24,179,8,0
2026-09-08 17:57:00+00:00,4395.21,4395.71,4394.89,4395.48,173,8,0
2026-09-08 17:58:00+00:00,4395.45,4395.62,4393.41,4393.73,174,8,0
2026-09-08 17:59:00+00:00,4393.72,4398.68,4393.61,4398.66,166,8,0
2026-09-08 18:00:00+00:00,4398.88,4399.75,4397.63,4399.41,195,13,0
2026-09-08 18:01:00+00:00,4399.46,4401.64,4399.45,4401.11,192,16,0
2026-09-08 18:02:00+00:00,4400.95,4403.33,4400.18,4402.74,179,8,0
2026-09-08 18:03:00+00:00,4402.95,4406.87,4402.41,4406.21,182,16,0
2026-09-08 18:04:00+00:00,4406.22,4406.22,4402.63,4403.36,192,14,0
2026-09-08 18:05:00+00:00,4403.16,4403.47,4401.83,4403.14,181,8,0
2026-09-08 18:06:00+00:00,4403.0,4403.45,4402.35,4402.61,178,8,0
2026-09-08 18:07:00+00:00,4402.63,4402.69,4400.61,4401.19,159,8,0
2026-09-08 18:08:00+00:00,4401.08,4402.71,4401.02,4402.71,160,8,0
2026-09-08 18:09:00+00:00,4402.75,4404.03,4402.33,4403.61,162,8,0
2026-09-08 18:10:00+00:00,4403.66,4406.54,4403.66,4405.25,176,8,0
2026-09-08 18:11:00+00:00,4405.33,4408.14,4405.33,4408.07,178,8,0
2026-09-08 18:12:00+00:00,4408.1,4408.22,4405.09,4406.2,172,14,0
2026-09-08 18:13:00+00:00,4406.03,4406.35,4404.91,4405.5,140,8,0
2026-09-08 18:14:00+00:00,4405.31,4406.0,4403.91,4404.76,155,8,0
2026-09-08 18:15:00+00:00,4404.78,4408.56,4404.78,4407.94,176,8,0
2026-09-08 18:16:00+00:00,4408.03,4408.26,4407.12,4408.17,167,13,0
2026-09-08 18:17:00+00:00,4408.15,4409.21,4407.14,4409.18,138,8,0
2026-09-08 18:18:00+00:00,4409.29,4409.3,4406.66,4407.69,146,8,0
2026-09-08 18:19:00+00:00,4407.68,4407.68,4405.9,4405.98,139,8,0
2026-09-08 18:20:00+00:00,4405.64,4405.79,4403.52,4403.57,172,8,0
2026-09-08 18:21:00+00:00,4403.56,4403.56,4400.32,4400.47,180,13,0
2026-09-08 18:22:00+00:00,4400.46,4400.46,4397.18,4397.85,201,16,0
2026-09-08 18:23:00+00:00,4397.72,4397.97,4396.45,4397.32,177,16,0
2026-09-08 18:24:00+00:00,4397.14,4398.76,4397.14,4398.45,164,11,0
2026-09-08 18:25:00+00:00,4398.42,4404.27,4398.23,4402.09,178,9,0
2026-09-08 18:26:00+00:00,4402.1,4403.51,4400.71,4403.51,192,16,0
2026-09-08 18:27:00+00:00,4403.57,4403.57,4399.2,4399.35,183,16,0
2026-09-08 18:28:00+00:00,4399.47,4400.95,4399.34,4400.2,178,14,0
2026-09-08 18:29:00+00:00,4400.19,4400.19,4398.67,4399.01,182,14,0
2026-09-08 18:30:00+00:00,4399.03,4401.42,4399.03,4400.57,204,13,0
2026-09-08 18:31:00+00:00,4400.51,4402.47,4400.4,4402.22,165,13,0
2026-09-08 18:32:00+00:00,4402.24,4403.63,4401.67,4403.0,170,11,0
2026-09-08 18:33:00+00:00,4403.01,4403.36,4401.87,4402.61,162,9,0
2026-09-08 18:34:00+00:00,4402.43,4404.17,4401.84,4403.95,167,9,0
2026-09-08 18:35:00+00:00,4403.89,4404.08,4402.3,4402.57,165,13,0
2026-09-08 18:36:00+00:00,4402.52,4402.54,4399.04,4399.28,160,11,0
2026-09-08 18:37:00+00:00,4399.21,4399.85,4398.59,4399.22,140,14,0
2026-09-08 18:38:00+00:00,4399.3,4400.71,4399.22,4399.98,154,13,0
2026-09-08 18:39:00+00:00,4400.01,4400.48,4399.14,4399.63,138,11,0
2026-09-08 18:40:00+00:00,4399.62,4399.71,4397.94,4397.94,174,8,0
2026-09-08 18:41:00+00:00,4397.95,4399.14,4397.66,4398.56,158,8,0
2026-09-08 18:42:00+00:00,4398.43,4399.72,4398.41,4398.61,162,8,0
2026-09-08 18:43:00+00:00,4398.59,4399.56,4397.33,4399.06,139,13,0
2026-09-08 18:44:00+00:00,4399.13,4400.96,4399.13,4399.98,124,14,0
2026-09-08 18:45:00+00:00,4400.08,4400.47,4397.89,4398.78,157,14,0
2026-09-08 18:46:00+00:00,4398.77,4398.77,4397.59,4397.59,125,13,0
2026-09-08 18:47:00+00:00,4397.6,4397.89,4396.04,4396.75,161,13,0
2026-09-08 18:48:00+00:00,4396.7,4398.86,4396.32,4396.64,168,16,0
2026-09-08 18:49:00+00:00,4396.62,4397.6,4396.44,4396.99,140,15,0
2026-09-08 18:50:00+00:00,4397.06,4399.91,4396.26,4398.19,155,15,0
2026-09-08 18:51:00+00:00,4398.27,4398.84,4397.49,4398.81,137,16,0
2026-09-08 18:52:00+00:00,4398.8,4399.1,4398.02,4398.45,127,14,0
2026-09-08 18:53:00+00:00,4398.41,4400.35,4398.39,4398.91,148,13,0
2026-09-08 18:54:00+00:00,4398.9,4399.3,4397.16,4397.81,149,15,0
2026-09-08 18:55:00+00:00,4397.73,4399.13,4397.46,4399.0,134,9,0
2026-09-08 18:56:00+00:00,4398.97,4398.97,4398.22,4398.31,132,8,0
2026-09-08 18:57:00+00:00,4398.31,4398.31,4396.46,4396.46,142,9,0
2026-09-08 18:58:00+00:00,4396.48,4397.35,4396.48,4396.73,126,8,0
2026-09-08 18:59:00+00:00,4396.6,4397.02,4394.75,4394.78,137,8,0
2026-09-08 19:00:00+00:00,4394.75,4395.14,4393.56,4393.98,184,11,0
2026-09-08 19:01:00+00:00,4393.92,4393.92,4392.19,4392.64,173,14,0
2026-09-08 19:02:00+00:00,4392.66,4393.08,4391.33,4392.58,153,14,0
2026-09-08 19:03:00+00:00,4392.58,4393.04,4391.84,4391.92,141,13,0
2026-09-08 19:04:00+00:00,4391.91,4394.95,4391.6,4394.84,156,11,0
2026-09-08 19:05:00+00:00,4394.85,4394.85,4393.6,4394.55,148,13,0
2026-09-08 19:06:00+00:00,4394.59,4394.64,4393.47,4393.57,129,9,0
2026-09-08 19:07:00+00:00,4393.55,4393.55,4391.39,4391.86,145,9,0
2026-09-08 19:08:00+00:00,4391.95,4392.28,4389.67,4389.93,151,11,0
2026-09-08 19:09:00+00:00,4390.0,4390.03,4380.76,4380.97,186,15,0
2026-09-08 19:10:00+00:00,4381.13,4385.63,4380.98,4383.78,219,15,0
2026-09-08 19:11:00+00:00,4383.31,4384.37,4381.04,4382.76,204,15,0
2026-09-08 19:12:00+00:00,4382.75,4383.95,4381.23,4381.23,205,15,0
2026-09-08 19:13:00+00:00,4381.14,4385.39,4380.74,4385.39,199,15,0
2026-09-08 19:14:00+00:00,4385.5,4386.45,4385.21,4386.44,161,11,0
2026-09-08 19:15:00+00:00,4386.48,4387.48,4384.74,4386.25,188,11,0
2026-09-08 19:16:00+00:00,4386.26,4386.68,4385.08,4386.65,162,13,0
2026-09-08 19:17:00+00:00,4386.76,4387.15,4385.5,4385.7,167,11,0
2026-09-08 19:18:00+00:00,4385.72,4386.4,4384.81,4385.02,162,11,0
2026-09-08 19:19:00+00:00,4385.04,4385.94,4383.74,4385.28,154,11,0
2026-09-08 19:20:00+00:00,4385.32,4388.88,4385.32,4388.6,175,11,0
2026-09-08 19:21:00+00:00,4388.6,4390.1,4386.96,4390.1,153,11,0
2026-09-08 19:22:00+00:00,4390.01,4392.43,4389.51,4392.15,170,13,0
2026-09-08 19:23:00+00:00,4392.14,4392.38,4391.52,4391.6,145,9,0
2026-09-08 19:24:00+00:00,4391.61,4392.79,4391.19,4392.79,135,8,0
2026-09-08 19:25:00+00:00,4392.81,4394.48,4390.88,4393.42,162,9,0
2026-09-08 19:26:00+00:00,4393.36,4393.97,4392.15,4392.73,157,15,0
2026-09-08 19:27:00+00:00,4392.74,4392.97,4391.69,4391.96,151,9,0
2026-09-08 19:28:00+00:00,4391.95,4393.79,4391.95,4393.61,146,9,0
2026-09-08 19:29:00+00:00,4393.4,4394.42,4392.99,4394.07,130,8,0
2026-09-08 19:30:00+00:00,4394.03,4395.95,4393.01,4395.46,180,8,0
2026-09-08 19:31:00+00:00,4395.49,4396.69,4394.9,4395.18,148,11,0
2026-09-08 19:32:00+00:00,4395.28,4395.49,4394.9,4395.06,120,8,0
2026-09-08 19:33:00+00:00,4395.08,4395.08,4393.65,4394.77,142,8,0
2026-09-08 19:34:00+00:00,4394.8,4395.66,4394.66,4394.71,156,8,0
2026-09-08 19:35:00+00:00,4394.74,4396.38,4394.71,4395.28,137,8,0
2026-09-08 19:36:00+00:00,4395.27,4395.96,4394.89,4395.39,120,8,0
2026-09-08 19:37:00+00:00,4395.44,4395.44,4394.03,4394.46,95,8,0
2026-09-08 19:38:00+00:00,4394.45,4394.98,4393.67,4394.98,126,8,0
2026-09-08 19:39:00+00:00,4395.02,4395.04,4394.34,4394.64,127,8,0
2026-09-08 19:40:00+00:00,4394.67,4395.6,4393.88,4394.18,135,9,0
2026-09-08 19:41:00+00:00,4394.01,4395.34,4393.6,4395.34,126,13,0
2026-09-08 19:42:00+00:00,4395.43,4395.5,4394.7,4395.31,121,11,0
2026-09-08 19:43:00+00:00,4395.32,4395.7,4393.67,4394.32,121,13,0
2026-09-08 19:44:00+00:00,4394.28,4394.34,4393.66,4394.21,102,9,0
2026-09-08 19:45:00+00:00,4394.17,4394.49,4392.72,4393.04,107,9,0
2026-09-08 19:46:00+00:00,4393.05,4393.66,4392.65,4393.15,113,13,0
2026-09-08 19:47:00+00:00,4393.17,4393.58,4392.72,4392.77,118,11,0
2026-09-08 19:48:00+00:00,4392.78,4393.78,4392.16,4392.91,152,11,0
2026-09-08 19:49:00+00:00,4392.84,4394.0,4392.72,4393.84,143,11,0
2026-09-08 19:50:00+00:00,4393.85,4398.31,4393.18,4396.24,173,11,0
2026-09-08 19:51:00+00:00,4396.21,4396.21,4392.79,4392.83,182,15,0
2026-09-08 19:52:00+00:00,4393.0,4394.48,4392.97,4393.7,150,14,0
2026-09-08 19:53:00+00:00,4393.66,4394.86,4393.34,4394.52,159,9,0
2026-09-08 19:54:00+00:00,4394.55,4394.88,4393.94,4394.04,129,8,0
2026-09-08 19:55:00+00:00,4394.15,4395.55,4394.15,4395.31,141,8,0
2026-09-08 19:56:00+00:00,4395.26,4395.26,4390.46,4392.65,192,8,0
2026-09-08 19:57:00+00:00,4392.66,4395.07,4392.66,4394.93,168,13,0
2026-09-08 19:58:00+00:00,4394.97,4395.2,4394.31,4394.41,135,8,0
2026-09-08 19:59:00+00:00,4394.4,4394.58,4391.17,4393.74,153,8,0
2026-09-08 20:00:00+00:00,4393.68,4396.04,4393.68,4395.89,152,14,0
2026-09-08 20:01:00+00:00,4395.89,4397.02,4395.41,4396.89,173,9,0
2026-09-08 20:02:00+00:00,4396.74,4399.3,4396.57,4398.56,172,11,0
2026-09-08 20:03:00+00:00,4398.54,4399.9,4398.29,4399.9,144,8,0
2026-09-08 20:04:00+00:00,4399.95,4401.87,4399.49,4401.46,180,8,0
2026-09-08 20:05:00+00:00,4401.47,4403.69,4400.88,4401.13,190,11,0
2026-09-08 20:06:00+00:00,4401.12,4401.25,4400.11,4400.75,169,15,0
2026-09-08 20:07:00+00:00,4400.73,4400.73,4398.98,4399.04,156,9,0
2026-09-08 20:08:00+00:00,4399.05,4399.06,4397.67,4398.51,157,8,0
2026-09-08 20:09:00+00:00,4398.45,4398.96,4397.63,4397.8,151,8,0
2026-09-08 20:10:00+00:00,4397.82,4399.18,4397.69,4398.13,138,8,0
2026-09-08 20:11:00+00:00,4398.11,4398.14,4396.88,4396.95,102,8,0
2026-09-08 20:12:00+00:00,4396.94,4396.94,4395.55,4395.62,138,8,0
2026-09-08 20:13:00+00:00,4395.58,4396.11,4395.09,4395.27,118,8,0
2026-09-08 20:14:00+00:00,4395.23,4396.03,4394.64,4395.61,115,8,0
2026-09-08 20:15:00+00:00,4395.59,4396.41,4395.59,4396.41,102,8,0
2026-09-08 20:16:00+00:00,4396.46,4396.99,4396.32,4396.54,105,8,0
2026-09-08 20:17:00+00:00,4396.56,4397.38,4396.03,4396.03,137,8,0
2026-09-08 20:18:00+00:00,4396.01,4396.87,4395.8,4396.38,119,11,0
2026-09-08 20:19:00+00:00,4396.35,4397.41,4396.35,4396.7,114,11,0
2026-09-08 20:20:00+00:00,4396.44,4396.44,4394.41,4394.52,129,13,0
2026-09-08 20:21:00+00:00,4394.53,4394.98,4393.93,4394.7,116,9,0
2026-09-08 20:22:00+00:00,4394.73,4394.77,4393.11,4393.78,142,9,0
2026-09-08 20:23:00+00:00,4393.8,4394.04,4393.09,4393.09,127,11,0
2026-09-08 20:24:00+00:00,4393.12,4394.5,4392.9,4394.06,128,9,0
2026-09-08 20:25:00+00:00,4394.05,4394.11,4392.1,4392.56,138,13,0
2026-09-08 20:26:00+00:00,4392.56,4393.06,4391.95,4392.62,154,14,0
2026-09-08 20:27:00+00:00,4392.61,4393.03,4392.25,4392.28,129,14,0
2026-09-08 20:28:00+00:00,4392.32,4394.77,4392.32,4394.77,141,13,0
2026-09-08 20:29:00+00:00,4394.79,4394.86,4393.74,4393.91,175,15,0
2026-09-08 20:30:00+00:00,4394.06,4394.85,4393.59,4394.79,133,14,0
2026-09-08 20:31:00+00:00,4394.76,4394.93,4393.54,4394.34,114,9,0
2026-09-08 20:32:00+00:00,4394.42,4394.82,4393.84,4394.81,107,9,0
2026-09-08 20:33:00+00:00,4394.78,4395.08,4393.49,4393.49,120,8,0
2026-09-08 20:34:00+00:00,4393.48,4393.93,4391.37,4391.53,129,9,0
2026-09-08 20:35:00+00:00,4391.49,4391.94,4391.05,4391.7,153,15,0
2026-09-08 20:36:00+00:00,4391.63,4391.95,4390.39,4390.9,145,14,0
2026-09-08 20:37:00+00:00,4390.85,4391.96,4389.72,4391.96,143,14,0
2026-09-08 20:38:00+00:00,4391.77,4392.88,4391.77,4391.84,106,9,0
2026-09-08 20:39:00+00:00,4391.8,4391.87,4389.4,4389.4,126,11,0
2026-09-08 20:40:00+00:00,4389.41,4389.51,4387.52,4387.52,156,14,0
2026-09-08 20:41:00+00:00,4387.44,4387.44,4386.58,4386.76,125,15,0
2026-09-08 20:42:00+00:00,4386.81,4388.11,4386.74,4387.62,128,14,0
2026-09-08 20:43:00+00:00,4387.7,4387.73,4386.36,4386.81,112,8,0
2026-09-08 20:44:00+00:00,4386.77,4386.82,4385.54,4385.54,108,8,0
2026-09-08 20:45:00+00:00,4385.5,4386.29,4385.37,4385.74,114,8,0
2026-09-08 20:46:00+00:00,4385.85,4387.37,4385.36,4386.97,168,8,0
2026-09-08 20:47:00+00:00,4386.87,4387.43,4386.45,4387.17,129,13,0
2026-09-08 20:48:00+00:00,4387.13,4387.93,4387.13,4387.7,94,8,0
2026-09-08 20:49:00+00:00,4387.68,4387.79,4386.91,4387.13,114,8,0
2026-09-08 20:50:00+00:00,4387.14,4388.87,4387.13,4388.42,151,8,0
2026-09-08 20:51:00+00:00,4388.4,4388.4,4387.0,4387.73,128,11,0
2026-09-08 20:52:00+00:00,4387.74,4389.35,4387.74,4389.06,118,11,0
2026-09-08 20:53:00+00:00,4389.1,4389.37,4388.59,4389.34,88,8,0
2026-09-08 20:54:00+00:00,4389.33,4389.39,4388.81,4389.03,110,8,0
2026-09-08 20:55:00+00:00,4389.04,4389.09,4387.88,4388.59,128,8,0
2026-09-08 20:56:00+00:00,4388.58,4388.99,4387.95,4388.48,131,8,0
2026-09-08 20:57:00+00:00,4388.52,4389.24,4388.4,4389.24,108,8,0
2026-09-08 20:58:00+00:00,4389.26,4390.3,4389.11,4389.65,124,8,0
2026-09-08 20:59:00+00:00,4389.66,4390.04,4389.42,4389.97,107,11,0
2026-09-08 21:00:00+00:00,4389.98,4390.31,4388.3,4388.31,155,11,0
2026-09-08 21:01:00+00:00,4388.15,4389.35,4387.96,4388.8,166,15,0
2026-09-08 21:02:00+00:00,4388.75,4388.93,4387.24,4387.33,135,15,0
2026-09-08 21:03:00+00:00,4387.32,4388.53,4387.22,4388.53,148,15,0
2026-09-08 21:04:00+00:00,4388.52,4388.63,4387.14,4387.14,145,15,0
2026-09-08 21:05:00+00:00,4387.13,4387.66,4386.25,4387.4,137,15,0
2026-09-08 21:06:00+00:00,4387.53,4388.25,4386.17,4386.17,146,15,0
2026-09-08 21:07:00+00:00,4386.24,4386.83,4385.85,4386.48,152,14,0
2026-09-08 21:08:00+00:00,4386.51,4386.51,4384.96,4385.64,143,15,0
2026-09-08 21:09:00+00:00,4385.68,4385.85,4384.84,4384.84,150,11,0
2026-09-08 21:10:00+00:00,4384.89,4386.19,4384.12,4386.19,153,14,0
2026-09-08 21:11:00+00:00,4386.21,4386.95,4386.1,4386.13,129,9,0
2026-09-08 21:12:00+00:00,4386.15,4386.78,4385.97,4386.37,124,8,0
2026-09-08 21:13:00+00:00,4386.36,4386.83,4384.94,4386.74,119,8,0
2026-09-08 21:14:00+00:00,4386.72,4387.61,4386.68,4387.61,94,13,0
2026-09-08 21:15:00+00:00,4387.62,4387.74,4385.59,4386.2,132,9,0
2026-09-08 21:16:00+00:00,4386.18,4386.77,4385.97,4386.42,115,9,0
2026-09-08 21:17:00+00:00,4386.43,4387.1,4386.37,4386.4,124,8,0
2026-09-08 21:18:00+00:00,4386.28,4386.28,4384.56,4384.98,135,8,0
2026-09-08 21:19:00+00:00,4384.97,4386.39,4384.6,4385.62,121,11,0
2026-09-08 21:20:00+00:00,4385.61,4386.28,4385.61,4385.68,128,8,0
2026-09-08 21:21:00+00:00,4385.64,4385.87,4384.68,4384.71,138,8,0
2026-09-08 21:22:00+00:00,4384.72,4385.63,4384.72,4385.61,135,8,0
2026-09-08 21:23:00+00:00,4385.56,4385.98,4385.01,4385.35,124,8,0
2026-09-08 21:24:00+00:00,4385.47,4386.89,4385.27,4385.52,140,9,0
2026-09-08 21:25:00+00:00,4385.55,4386.05,4384.77,4385.31,136,11,0
2026-09-08 21:26:00+00:00,4385.33,4385.78,4384.67,4385.02,115,15,0
2026-09-08 21:27:00+00:00,4385.01,4385.61,4384.36,4384.36,136,11,0
2026-09-08 21:28:00+00:00,4384.38,4385.21,4384.37,4385.02,133,8,0
2026-09-08 21:29:00+00:00,4384.98,4385.85,4384.88,4385.62,148,8,0
2026-09-08 21:30:00+00:00,4385.6,4385.73,4382.86,4383.21,160,8,0
2026-09-08 21:31:00+00:00,4383.22,4383.26,4381.56,4382.16,147,8,0
2026-09-08 21:32:00+00:00,4382.17,4383.51,4381.46,4383.32,141,15,0
2026-09-08 21:33:00+00:00,4383.37,4383.77,4382.56,4383.27,146,11,0
2026-09-08 21:34:00+00:00,4383.33,4384.74,4383.16,4384.26,114,8,0
2026-09-08 21:35:00+00:00,4384.28,4384.36,4383.54,4383.79,132,8,0
2026-09-08 21:36:00+00:00,4383.74,4383.76,4382.76,4383.29,125,8,0
2026-09-08 21:37:00+00:00,4383.28,4384.59,4383.23,4384.46,103,8,0
2026-09-08 21:38:00+00:00,4384.41,4384.86,4384.33,4384.49,116,8,0
2026-09-08 21:39:00+00:00,4384.5,4384.86,4383.66,4384.27,118,8,0
2026-09-08 21:40:00+00:00,4384.28,4384.53,4383.84,4384.39,63,8,0
2026-09-08 21:41:00+00:00,4384.27,4384.49,4383.68,4383.74,118,8,0
2026-09-08 21:42:00+00:00,4383.72,4384.48,4383.61,4384.34,123,8,0
2026-09-08 21:43:00+00:00,4384.37,4384.38,4383.94,4383.97,100,8,0
2026-09-08 21:44:00+00:00,4383.98,4385.64,4383.5,4385.6,114,8,0
2026-09-08 21:45:00+00:00,4385.59,4385.61,4384.45,4384.45,105,9,0
2026-09-08 21:46:00+00:00,4384.46,4385.29,4384.43,4385.27,123,13,0
2026-09-08 21:47:00+00:00,4385.26,4386.61,4382.46,4382.52,144,15,0
2026-09-08 21:48:00+00:00,4382.53,4383.06,4368.88,4371.3,215,15,0
2026-09-08 21:49:00+00:00,4371.05,4371.36,4362.49,4363.62,208,15,0
2026-09-08 21:50:00+00:00,4363.78,4369.66,4363.78,4366.78,220,15,0
2026-09-08 21:51:00+00:00,4366.89,4369.41,4362.44,4362.5,218,15,0
2026-09-08 21:52:00+00:00,4362.51,4363.18,4358.3,4361.34,229,15,0
2026-09-08 21:53:00+00:00,4361.18,4372.87,4361.1,4372.82,217,14,0
2026-09-08 21:54:00+00:00,4372.9,4375.9,4372.29,4375.9,226,13,0
2026-09-08 21:55:00+00:00,4375.83,4378.03,4375.51,4377.24,215,13,0
2026-09-08 21:56:00+00:00,4377.21,4377.86,4372.98,4375.57,199,13,0
2026-09-08 21:57:00+00:00,4375.54,4375.54,4373.62,4374.22,196,13,0
2026-09-08 21:58:00+00:00,4374.23,4374.84,4372.87,4374.84,197,11,0
2026-09-08 21:59:00+00:00,4374.87,4376.54,4372.6,4375.66,207,13,0
2026-09-08 22:00:00+00:00,4375.62,4376.01,4371.85,4372.57,210,14,0
2026-09-08 22:01:00+00:00,4372.59,4373.81,4371.72,4373.17,180,13,0
2026-09-08 22:02:00+00:00,4373.38,4375.15,4371.92,4375.15,184,13,0
2026-09-08 22:03:00+00:00,4375.23,4375.99,4374.08,4375.23,160,13,0
2026-09-08 22:04:00+00:00,4375.24,4377.04,4373.95,4374.73,169,11,0
2026-09-08 22:05:00+00:00,4374.94,4375.42,4372.18,4372.79,168,11,0
2026-09-08 22:06:00+00:00,4372.84,4374.77,4372.57,4372.7,164,13,0
2026-09-08 22:07:00+00:00,4372.84,4373.05,4369.59,4371.73,153,12,0
2026-09-08 22:08:00+00:00,4371.69,4372.75,4370.89,4371.79,151,13,0
2026-09-08 22:09:00+00:00,4371.81,4373.09,4371.18,4371.49,150,12,0
2026-09-08 22:10:00+00:00,4371.56,4373.17,4371.03,4372.75,142,12,0
2026-09-08 22:11:00+00:00,4372.77,4374.2,4372.01,4374.0,173,12,0
2026-09-08 22:12:00+00:00,4373.99,4374.16,4372.74,4373.59,127,12,0
2026-09-08 22:13:00+00:00,4373.66,4374.18,4372.19,4372.2,155,12,0
2026-09-08 22:14:00+00:00,4372.12,4372.12,4370.46,4370.46,156,12,0
2026-09-08 22:15:00+00:00,4370.47,4373.06,4369.48,4369.48,154,12,0
2026-09-08 22:16:00+00:00,4369.43,4370.87,4368.69,4370.6,167,13,0
2026-09-08 22:17:00+00:00,4370.67,4370.9,4368.1,4368.58,157,13,0
2026-09-08 22:18:00+00:00,4368.63,4369.2,4368.0,4368.45,159,12,0
2026-09-08 22:19:00+00:00,4368.63,4368.65,4367.78,4367.83,143,12,0
2026-09-08 22:20:00+00:00,4367.75,4369.54,4367.29,4368.92,161,12,0
2026-09-08 22:21:00+00:00,4368.85,4369.74,4367.68,4367.89,162,13,0
2026-09-08 22:22:00+00:00,4367.91,4368.43,4366.72,4367.41,161,14,0
2026-09-08 22:23:00+00:00,4367.5,4368.36,4366.57,4368.36,124,14,0
2026-09-08 22:24:00+00:00,4368.35,4368.6,4365.6,4366.06,131,13,0
2026-09-08 22:25:00+00:00,4365.92,4367.73,4365.92,4367.37,122,12,0
2026-09-08 22:26:00+00:00,4367.24,4367.61,4365.54,4366.91,161,13,0
2026-09-08 22:27:00+00:00,4366.9,4368.73,4366.49,4368.72,142,13,0
2026-09-08 22:28:00+00:00,4368.64,4368.64,4367.14,4367.74,143,13,0
2026-09-08 22:29:00+00:00,4367.72,4369.46,4367.54,4367.98,160,13,0
2026-09-08 22:30:00+00:00,4367.92,4367.94,4364.94,4365.54,179,14,0
2026-09-08 22:31:00+00:00,4365.5,4365.55,4364.82,4364.82,153,13,0
2026-09-08 22:32:00+00:00,4364.73,4365.3,4363.3,4363.54,168,13,0
2026-09-08 22:33:00+00:00,4363.54,4363.63,4361.05,4361.05,177,14,0
2026-09-08 22:34:00+00:00,4361.02,4363.74,4360.67,4363.53,165,14,0
2026-09-08 22:35:00+00:00,4363.63,4365.89,4363.45,4365.35,147,15,0
2026-09-08 22:36:00+00:00,4365.42,4367.08,4365.4,4365.45,151,13,0
2026-09-08 22:37:00+00:00,4365.69,4367.11,4365.41,4366.65,148,13,0
2026-09-08 22:38:00+00:00,4366.56,4368.9,4366.35,4368.41,155,13,0
2026-09-08 22:39:00+00:00,4368.45,4368.61,4366.43,4366.47,120,13,0
2026-09-08 22:40:00+00:00,4366.53,4367.64,4365.73,4367.23,133,13,0
2026-09-08 22:41:00+00:00,4367.22,4367.22,4366.42,4367.01,118,11,0
2026-09-08 22:42:00+00:00,4367.0,4368.37,4365.57,4368.3,142,11,0
2026-09-08 22:43:00+00:00,4368.37,4368.62,4366.95,4367.14,114,12,0
2026-09-08 22:44:00+00:00,4367.08,4368.1,4366.88,4367.95,137,13,0
2026-09-08 22:45:00+00:00,4367.93,4368.12,4365.61,4366.05,171,15,0
2026-09-08 22:46:00+00:00,4366.03,4366.06,4364.42,4364.42,159,14,0
2026-09-08 22:47:00+00:00,4364.54,4365.73,4364.51,4365.52,156,12,0
2026-09-08 22:48:00+00:00,4365.53,4366.22,4364.73,4365.59,147,12,0
2026-09-08 22:49:00+00:00,4365.56,4366.09,4364.98,4366.03,133,12,0
2026-09-08 22:50:00+00:00,4366.12,4366.12,4361.33,4362.14,196,12,0
2026-09-08 22:51:00+00:00,4362.17,4364.03,4362.17,4363.22,185,15,0
2026-09-08 22:52:00+00:00,4363.17,4363.44,4361.06,4361.84,173,15,0
2026-09-08 22:53:00+00:00,4361.85,4362.74,4361.14,4361.3,163,13,0
2026-09-08 22:54:00+00:00,4361.31,4363.8,4360.95,4363.69,162,13,0
2026-09-08 22:55:00+00:00,4363.65,4364.27,4361.22,4361.58,177,13,0
2026-09-08 22:56:00+00:00,4361.53,4363.19,4360.33,4360.49,161,12,0
2026-09-08 22:57:00+00:00,4360.67,4363.11,4360.56,4362.43,154,11,0
2026-09-08 22:58:00+00:00,4362.45,4363.33,4358.29,4358.38,195,11,0
2026-09-08 22:59:00+00:00,4358.54,4359.89,4356.81,4359.44,203,15,0
2026-09-08 23:00:00+00:00,4359.42,4362.63,4358.52,4362.31,176,15,0
2026-09-08 23:01:00+00:00,4362.16,4364.34,4360.59,4360.59,147,15,0
2026-09-08 23:02:00+00:00,4360.58,4362.33,4360.31,4360.94,121,13,0
2026-09-08 23:03:00+00:00,4360.91,4361.53,4359.23,4359.23,112,10,0
2026-09-08 23:04:00+00:00,4359.21,4359.33,4357.64,4357.72,116,10,0
2026-09-08 23:05:00+00:00,4357.61,4358.21,4357.56,4357.87,122,10,0
2026-09-08 23:06:00+00:00,4357.84,4358.57,4356.37,4357.62,130,10,0
2026-09-08 23:07:00+00:00,4357.65,4358.85,4357.65,4357.98,115,10,0
2026-09-08 23:08:00+00:00,4357.99,4358.56,4356.4,4356.44,134,10,0
2026-09-08 23:09:00+00:00,4356.45,4358.23,4356.04,4358.06,130,11,0
2026-09-08 23:10:00+00:00,4358.05,4358.62,4357.01,4358.56,113,11,0
2026-09-08 23:11:00+00:00,4358.48,4359.75,4358.48,4359.66,105,10,0
2026-09-08 23:12:00+00:00,4359.73,4360.35,4358.83,4360.35,96,10,0
2026-09-08 23:13:00+00:00,4360.43,4361.51,4360.28,4361.11,86,10,0
2026-09-08 23:14:00+00:00,4361.08,4361.94,4359.96,4360.19,103,10,0
2026-09-08 23:15:00+00:00,4360.25,4360.65,4359.9,4360.01,94,11,0
2026-09-08 23:16:00+00:00,4359.95,4360.01,4359.32,4359.87,97,10,0
2026-09-08 23:17:00+00:00,4359.85,4360.76,4359.85,4360.36,93,10,0
2026-09-08 23:18:00+00:00,4360.37,4360.57,4359.79,4360.29,75,10,0
2026-09-08 23:19:00+00:00,4360.28,4361.04,4360.15,4360.98,77,10,0
2026-09-08 23:20:00+00:00,4361.09,4361.4,4360.56,4360.56,77,11,0
2026-09-08 23:21:00+00:00,4360.43,4360.57,4359.53,4359.95,56,12,0
2026-09-08 23:22:00+00:00,4359.96,4361.05,4359.96,4361.03,45,12,0
2026-09-08 23:23:00+00:00,4361.03,4361.04,4359.82,4360.0,49,12,0
2026-09-08 23:24:00+00:00,4360.03,4360.29,4359.05,4359.05,78,12,0
2026-09-08 23:25:00+00:00,4359.04,4359.61,4358.47,4358.47,96,13,0
2026-09-08 23:26:00+00:00,4358.46,4359.09,4357.56,4357.68,71,14,0
2026-09-08 23:27:00+00:00,4357.71,4358.82,4357.67,4358.65,69,14,0
2026-09-08 23:28:00+00:00,4358.63,4358.96,4356.08,4357.01,72,13,0
2026-09-08 23:29:00+00:00,4356.95,4356.95,4355.67,4356.75,127,15,0
2026-09-08 23:30:00+00:00,4356.77,4358.11,4356.77,4357.87,110,14,0
2026-09-08 23:31:00+00:00,4357.85,4357.85,4356.61,4356.65,89,12,0
2026-09-08 23:32:00+00:00,4356.67,4357.53,4356.51,4356.98,86,11,0
2026-09-08 23:33:00+00:00,4356.97,4358.14,4356.41,4357.62,86,10,0
2026-09-08 23:34:00+00:00,4357.61,4358.19,4357.53,4358.08,47,11,0
2026-09-08 23:35:00+00:00,4358.04,4358.7,4358.03,4358.7,87,10,0
2026-09-08 23:36:00+00:00,4358.63,4358.7,4357.84,4357.84,52,10,0
2026-09-08 23:37:00+00:00,4357.73,4358.41,4357.46,4357.61,79,10,0
2026-09-08 23:38:00+00:00,4357.66,4357.66,4357.2,4357.2,41,10,0
2026-09-08 23:39:00+00:00,4357.22,4357.7,4357.22,4357.59,41,10,0
2026-09-08 23:40:00+00:00,4357.58,4358.34,4357.4,4357.54,66,11,0
2026-09-08 23:41:00+00:00,4357.5,4357.6,4357.23,4357.48,40,21,0
2026-09-08 23:42:00+00:00,4357.5,4357.59,4357.19,4357.59,45,21,0
2026-09-08 23:43:00+00:00,4357.56,4358.24,4357.46,4358.24,38,21,0
2026-09-08 23:44:00+00:00,4358.3,4358.3,4357.28,4357.83,61,21,0
2026-09-08 23:45:00+00:00,4357.85,4358.01,4357.37,4357.44,54,21,0
2026-09-08 23:46:00+00:00,4357.26,4357.36,4355.82,4356.24,83,21,0
2026-09-08 23:47:00+00:00,4356.26,4356.89,4356.13,4356.17,61,21,0
2026-09-08 23:48:00+00:00,4356.18,4356.54,4355.72,4356.01,42,21,0
2026-09-08 23:49:00+00:00,4356.0,4356.03,4345.93,4347.82,42,21,0
2026-09-08 23:50:00+00:00,4347.76,4351.24,4347.76,4350.82,130,21,0
2026-09-08 23:51:00+00:00,4350.88,4352.89,4350.88,4352.06,75,21,0
2026-09-08 23:52:00+00:00,4352.04,4353.31,4351.76,4353.21,68,21,0
2026-09-08 23:53:00+00:00,4353.22,4355.52,4353.18,4355.29,46,21,0
2026-09-08 23:54:00+00:00,4354.9,4354.9,4352.94,4353.61,87,21,0
2026-09-08 23:55:00+00:00,4353.63,4354.99,4353.08,4354.54,74,21,0
2026-09-08 23:56:00+00:00,4354.53,4355.37,4353.86,4355.22,56,21,0
2026-09-08 23:57:00+00:00,4354.77,4355.53,4354.19,4355.53,72,21,0
2026-09-08 23:58:00+00:00,4355.51,4356.26,4355.21,4355.37,67,21,0
2026-09-09 01:00:00+00:00,4360.69,4360.69,4352.46,4354.36,177,15,0
2026-09-09 01:01:00+00:00,4354.81,4357.99,4354.81,4357.92,124,16,0
2026-09-09 01:02:00+00:00,4357.99,4358.99,4357.67,4357.91,87,21,0
2026-09-09 01:03:00+00:00,4357.87,4358.54,4357.23,4357.51,91,17,0
2026-09-09 01:04:00+00:00,4357.55,4357.78,4357.12,4357.45,49,17,0
2026-09-09 01:05:00+00:00,4357.48,4357.68,4356.71,4357.29,83,17,0
2026-09-09 01:06:00+00:00,4357.36,4357.81,4357.08,4357.37,72,17,0
2026-09-09 01:07:00+00:00,4357.3,4357.4,4355.31,4355.93,84,17,0
2026-09-09 01:08:00+00:00,4355.81,4355.81,4353.12,4353.12,111,17,0
2026-09-09 01:09:00+00:00,4353.18,4354.79,4353.18,4354.23,64,17,0
2026-09-09 01:10:00+00:00,4354.21,4355.23,4354.18,4354.33,91,17,0
2026-09-09 01:11:00+00:00,4354.39,4355.3,4353.68,4355.24,78,17,0
2026-09-09 01:12:00+00:00,4355.23,4356.54,4354.99,4356.52,102,17,0
2026-09-09 01:13:00+00:00,4356.51,4356.82,4356.51,4356.8,46,17,0
2026-09-09 01:14:00+00:00,4356.79,4357.24,4355.9,4356.11,75,17,0
2026-09-09 01:15:00+00:00,4356.21,4357.48,4355.66,4357.24,72,17,0
2026-09-09 01:16:00+00:00,4357.22,4357.61,4356.94,4357.01,59,17,0
2026-09-09 01:17:00+00:00,4357.02,4357.22,4355.92,4355.93,62,17,0
2026-09-09 01:18:00+00:00,4355.92,4355.92,4354.68,4355.6,66,17,0
2026-09-09 01:19:00+00:00,4355.61,4355.67,4355.33,4355.64,54,17,0
2026-09-09 01:20:00+00:00,4355.65,4355.66,4354.51,4354.52,50,17,0
2026-09-09 01:21:00+00:00,4354.52,4354.64,4353.86,4353.99,61,17,0
2026-09-09 01:22:00+00:00,4353.99,4353.99,4353.29,4353.29,48,17,0
2026-09-09 01:23:00+00:00,4353.3,4353.93,4353.26,4353.93,46,17,0
2026-09-09 01:24:00+00:00,4354.0,4354.11,4353.72,4354.07,50,17,0
2026-09-09 01:25:00+00:00,4354.1,4354.1,4353.33,4354.02,53,17,0
2026-09-09 01:26:00+00:00,4353.97,4354.29,4353.91,4354.2,41,17,0
2026-09-09 01:27:00+00:00,4354.22,4355.39,4354.21,4355.26,80,17,0
2026-09-09 01:28:00+00:00,4355.25,4355.25,4354.19,4354.76,72,17,0
2026-09-09 01:29:00+00:00,4354.49,4354.69,4354.21,4354.45,48,17,0
2026-09-09 01:30:00+00:00,4354.46,4355.05,4354.44,4354.96,77,17,0
2026-09-09 01:31:00+00:00,4354.94,4355.97,4354.39,4355.71,67,17,0
2026-09-09 01:32:00+00:00,4355.77,4355.78,4355.09,4355.3,41,17,0
2026-09-09 01:33:00+00:00,4355.21,4355.55,4354.32,4354.75,68,17,0
2026-09-09 01:34:00+00:00,4354.66,4355.1,4354.56,4354.76,44,17,0
2026-09-09 01:35:00+00:00,4354.71,4354.97,4354.33,4354.97,54,17,0
2026-09-09 01:36:00+00:00,4354.96,4355.13,4354.55,4354.84,72,17,0
2026-09-09 01:37:00+00:00,4354.88,4355.62,4354.57,4354.85,79,17,0
2026-09-09 01:38:00+00:00,4354.84,4354.84,4353.24,4353.3,60,17,0
2026-09-09 01:39:00+00:00,4353.28,4353.3,4352.45,4352.63,64,17,0
2026-09-09 01:40:00+00:00,4352.65,4353.9,4352.62,4353.6,80,17,0
2026-09-09 01:41:00+00:00,4353.56,4353.71,4351.78,4351.94,94,17,0
2026-09-09 01:42:00+00:00,4351.92,4352.57,4351.59,4352.35,94,17,0
2026-09-09 01:43:00+00:00,4352.37,4352.73,4352.23,4352.23,53,17,0
2026-09-09 01:44:00+00:00,4352.25,4352.25,4350.54,4351.89,114,17,0
2026-09-09 01:45:00+00:00,4351.91,4352.39,4351.28,4351.81,76,17,0
2026-09-09 01:46:00+00:00,4351.84,4352.57,4351.24,4351.39,83,17,0
2026-09-09 01:47:00+00:00,4351.46,4351.96,4351.4,4351.57,65,17,0
2026-09-09 01:48:00+00:00,4351.56,4351.71,4350.96,4351.46,63,17,0
2026-09-09 01:49:00+00:00,4351.66,4352.53,4351.66,4352.53,60,17,0
2026-09-09 01:50:00+00:00,4352.47,4353.28,4352.47,4353.14,50,15,0
2026-09-09 01:51:00+00:00,4353.19,4353.48,4353.16,4353.27,46,15,0
2026-09-09 01:52:00+00:00,4353.22,4353.5,4352.95,4353.43,32,14,0
2026-09-09 01:53:00+00:00,4353.44,4353.56,4353.2,4353.49,43,13,0
2026-09-09 01:54:00+00:00,4353.45,4353.53,4353.1,4353.4,37,16,0
2026-09-09 01:55:00+00:00,4353.41,4353.6,4353.1,4353.15,36,15,0
2026-09-09 01:56:00+00:00,4353.1,4353.56,4353.07,4353.41,39,17,0
2026-09-09 01:57:00+00:00,4353.39,4353.64,4353.04,4353.13,47,16,0
2026-09-09 01:58:00+00:00,4353.16,4353.37,4352.53,4353.34,61,17,0
2026-09-09 01:59:00+00:00,4353.35,4354.31,4353.35,4354.12,67,17,0
2026-09-09 02:00:00+00:00,4354.13,4354.13,4352.84,4353.98,70,17,0
2026-09-09 02:01:00+00:00,4353.88,4354.91,4353.82,4354.78,56,17,0
2026-09-09 02:02:00+00:00,4354.79,4354.92,4353.82,4353.98,52,17,0
2026-09-09 02:03:00+00:00,4353.97,4354.39,4353.17,4353.17,56,17,0
2026-09-09 02:04:00+00:00,4353.14,4353.32,4352.89,4353.15,63,17,0
2026-09-09 02:05:00+00:00,4353.12,4353.52,4352.9,4353.21,61,16,0
2026-09-09 02:06:00+00:00,4353.16,4354.35,4353.16,4353.64,80,13,0
2026-09-09 02:07:00+00:00,4353.63,4354.12,4353.05,4354.12,57,17,0
2026-09-09 02:08:00+00:00,4354.15,4354.16,4353.19,4353.74,73,17,0
2026-09-09 02:09:00+00:00,4353.72,4354.14,4353.44,4353.92,56,16,0
2026-09-09 02:10:00+00:00,4353.93,4354.47,4353.92,4354.19,56,14,0
2026-09-09 02:11:00+00:00,4354.16,4354.16,4352.49,4353.17,71,14,0
2026-09-09 02:12:00+00:00,4353.24,4353.28,4352.03,4352.56,57,17,0
2026-09-09 02:13:00+00:00,4352.5,4353.5,4351.95,4353.18,63,17,0
2026-09-09 02:14:00+00:00,4353.2,4353.2,4352.44,4352.44,55,17,0
2026-09-09 02:15:00+00:00,4352.48,4353.1,4351.95,4352.1,80,17,0
2026-09-09 02:16:00+00:00,4352.12,4352.81,4352.0,4352.78,71,15,0
2026-09-09 02:17:00+00:00,4352.81,4353.34,4352.78,4353.34,63,11,0
2026-09-09 02:18:00+00:00,4353.37,4353.72,4352.59,4352.75,58,11,0
2026-09-09 02:19:00+00:00,4352.78,4353.23,4352.75,4353.2,56,16,0
2026-09-09 02:20:00+00:00,4353.21,4353.55,4352.97,4353.5,58,11,0
2026-09-09 02:21:00+00:00,4353.52,4353.8,4353.12,4353.62,55,11,0
2026-09-09 02:22:00+00:00,4353.51,4354.41,4353.47,4354.05,84,17,0
2026-09-09 02:23:00+00:00,4354.02,4354.07,4353.21,4354.0,59,17,0
2026-09-09 02:24:00+00:00,4354.06,4354.43,4353.81,4354.04,52,16,0
2026-09-09 02:25:00+00:00,4354.06,4354.36,4353.76,4354.23,64,11,0
2026-09-09 02:26:00+00:00,4354.09,4355.89,4353.98,4355.89,101,11,0
2026-09-09 02:27:00+00:00,4355.97,4356.48,4355.95,4356.23,87,16,0
2026-09-09 02:28:00+00:00,4356.21,4357.33,4356.21,4357.32,95,11,0
2026-09-09 02:29:00+00:00,4357.35,4357.61,4356.93,4357.51,82,11,0
2026-09-09 02:30:00+00:00,4357.53,4358.0,4357.13,4358.0,85,16,0
2026-09-09 02:31:00+00:00,4357.96,4359.67,4357.39,4359.57,96,17,0
2026-09-09 02:32:00+00:00,4359.55,4359.92,4359.28,4359.82,72,16,0
2026-09-09 02:33:00+00:00,4359.85,4359.94,4359.45,4359.71,57,11,0
2026-09-09 02:34:00+00:00,4359.69,4359.69,4358.99,4359.05,71,11,0
2026-09-09 02:35:00+00:00,4359.03,4359.05,4358.19,4358.19,62,11,0
2026-09-09 02:36:00+00:00,4358.2,4358.28,4357.34,4357.39,60,11,0
2026-09-09 02:37:00+00:00,4357.38,4357.38,4357.02,4357.29,32,11,0
2026-09-09 02:38:00+00:00,4357.36,4357.42,4356.85,4356.98,43,11,0
2026-09-09 02:39:00+00:00,4356.93,4357.28,4356.9,4357.21,51,11,0
2026-09-09 02:40:00+00:00,4357.19,4358.13,4356.95,4358.12,74,11,0
2026-09-09 02:41:00+00:00,4358.1,4358.92,4358.03,4358.68,81,17,0
2026-09-09 02:42:00+00:00,4358.6,4359.01,4358.08,4358.66,65,17,0
2026-09-09 02:43:00+00:00,4358.65,4359.05,4358.24,4358.52,74,17,0
2026-09-09 02:44:00+00:00,4358.58,4358.78,4358.52,4358.59,50,14,0
2026-09-09 02:45:00+00:00,4358.57,4358.57,4357.5,4357.61,84,17,0
2026-09-09 02:46:00+00:00,4357.55,4357.55,4355.22,4355.64,118,17,0
2026-09-09 02:47:00+00:00,4355.66,4357.31,4355.66,4356.67,101,17,0
2026-09-09 02:48:00+00:00,4356.75,4357.16,4356.4,4357.0,95,17,0
2026-09-09 02:49:00+00:00,4356.99,4356.99,4353.11,4353.8,132,17,0
2026-09-09 02:50:00+00:00,4353.85,4353.85,4352.42,4352.42,114,17,0
2026-09-09 02:51:00+00:00,4352.51,4353.02,4352.04,4352.35,94,17,0
2026-09-09 02:52:00+00:00,4352.25,4352.99,4350.66,4351.99,96,17,0
2026-09-09 02:53:00+00:00,4351.98,4352.58,4350.4,4350.75,115,17,0
2026-09-09 02:54:00+00:00,4350.72,4351.22,4350.51,4350.56,77,17,0
2026-09-09 02:55:00+00:00,4350.52,4352.1,4350.28,4352.07,130,17,0
2026-09-09 02:56:00+00:00,4352.09,4352.74,4350.99,4351.38,98,17,0
2026-09-09 02:57:00+00:00,4351.33,4351.87,4350.36,4350.98,89,17,0
2026-09-09 02:58:00+00:00,4350.93,4350.93,4349.27,4349.41,130,17,0
2026-09-09 02:59:00+00:00,4349.55,4350.24,4349.49,4349.93,104,17,0
2026-09-09 03:00:00+00:00,4349.86,4349.96,4346.53,4347.03,188,17,0
2026-09-09 03:01:00+00:00,4347.06,4348.81,4347.06,4348.81,187,17,0
2026-09-09 03:02:00+00:00,4348.85,4350.82,4348.82,4349.83,160,17,0
2026-09-09 03:03:00+00:00,4350.08,4352.96,4349.78,4351.38,171,17,0
2026-09-09 03:04:00+00:00,4351.19,4352.39,4349.74,4349.93,152,17,0
2026-09-09 03:05:00+00:00,4350.16,4350.46,4347.8,4347.8,152,17,0
2026-09-09 03:06:00+00:00,4347.74,4347.75,4344.75,4345.36,194,17,0
2026-09-09 03:07:00+00:00,4345.32,4346.94,4345.15,4346.31,141,17,0
2026-09-09 03:08:00+00:00,4346.49,4349.32,4344.67,4348.65,154,17,0
2026-09-09 03:09:00+00:00,4348.56,4349.27,4347.89,4349.18,145,17,0
2026-09-09 03:10:00+00:00,4349.07,4351.08,4348.45,4350.08,160,17,0
2026-09-09 03:11:00+00:00,4350.02,4352.57,4347.07,4352.27,154,17,0
2026-09-09 03:12:00+00:00,4352.05,4352.47,4350.25,4351.52,153,17,0
2026-09-09 03:13:00+00:00,4351.57,4352.44,4351.57,4351.59,129,16,0
2026-09-09 03:14:00+00:00,4351.49,4352.1,4349.69,4349.69,121,16,0
2026-09-09 03:15:00+00:00,4349.64,4350.11,4349.34,4349.92,137,16,0
2026-09-09 03:16:00+00:00,4349.96,4350.04,4346.79,4346.87,153,16,0
2026-09-09 03:17:00+00:00,4346.86,4346.86,4344.58,4345.76,155,17,0
2026-09-09 03:18:00+00:00,4345.8,4347.69,4345.8,4347.39,133,17,0
2026-09-09 03:19:00+00:00,4347.36,4348.52,4346.81,4348.12,114,17,0
2026-09-09 03:20:00+00:00,4348.04,4348.59,4346.72,4346.74,143,17,0
2026-09-09 03:21:00+00:00,4346.85,4347.36,4345.36,4345.77,173,17,0
2026-09-09 03:22:00+00:00,4345.4,4345.4,4342.88,4343.52,129,17,0
2026-09-09 03:23:00+00:00,4343.57,4344.71,4343.57,4343.58,126,17,0
2026-09-09 03:24:00+00:00,4343.61,4344.51,4342.82,4343.02,146,17,0
2026-09-09 03:25:00+00:00,4343.1,4344.54,4341.36,4343.81,148,16,0
2026-09-09 03:26:00+00:00,4343.84,4344.79,4342.84,4343.05,143,17,0
2026-09-09 03:27:00+00:00,4343.05,4343.18,4341.89,4342.34,114,15,0
2026-09-09 03:28:00+00:00,4342.47,4346.46,4342.29,4346.34,135,12,0
2026-09-09 03:29:00+00:00,4346.38,4347.24,4346.07,4346.56,126,16,0
2026-09-09 03:30:00+00:00,4346.57,4347.41,4345.95,4345.97,136,13,0
2026-09-09 03:31:00+00:00,4346.0,4346.96,4345.63,4346.26,116,17,0
2026-09-09 03:32:00+00:00,4346.27,4347.6,4346.08,4346.18,124,16,0
2026-09-09 03:33:00+00:00,4346.15,4347.41,4345.42,4345.72,144,14,0
2026-09-09 03:34:00+00:00,4345.73,4346.62,4345.21,4346.09,133,13,0
2026-09-09 03:35:00+00:00,4346.08,4347.35,4345.13,4345.4,160,13,0
2026-09-09 03:36:00+00:00,4345.41,4345.45,4344.33,4344.46,101,12,0
2026-09-09 03:37:00+00:00,4344.48,4346.83,4343.83,4343.84,172,11,0
2026-09-09 03:38:00+00:00,4343.77,4346.47,4343.38,4346.31,167,17,0
2026-09-09 03:39:00+00:00,4346.32,4349.0,4346.01,4348.68,163,17,0
2026-09-09 03:40:00+00:00,4348.67,4349.83,4347.22,4347.85,142,16,0
2026-09-09 03:41:00+00:00,4347.76,4348.76,4347.42,4348.3,125,16,0
2026-09-09 03:42:00+00:00,4348.28,4348.85,4347.81,4348.5,112,11,0
2026-09-09 03:43:00+00:00,4348.55,4351.35,4348.52,4351.21,134,12,0
2026-09-09 03:44:00+00:00,4351.15,4354.51,4351.12,4354.51,142,17,0
2026-09-09 03:45:00+00:00,4354.37,4355.46,4354.19,4355.3,138,17,0
2026-09-09 03:46:00+00:00,4355.27,4355.45,4352.5,4352.96,139,17,0
2026-09-09 03:47:00+00:00,4353.47,4356.47,4353.47,4355.2,133,17,0
2026-09-09 03:48:00+00:00,4355.19,4355.3,4353.72,4354.42,105,15,0
2026-09-09 03:49:00+00:00,4354.48,4355.63,4354.47,4355.63,113,11,0
2026-09-09 03:50:00+00:00,4355.64,4357.12,4355.59,4355.62,124,11,0
2026-09-09 03:51:00+00:00,4355.34,4356.8,4354.57,4356.67,138,11,0
2026-09-09 03:52:00+00:00,4356.57,4358.35,4356.15,4358.21,150,17,0
2026-09-09 03:53:00+00:00,4358.22,4360.56,4358.22,4360.56,147,15,0
2026-09-09 03:54:00+00:00,4360.49,4360.51,4358.53,4359.36,160,12,0
2026-09-09 03:55:00+00:00,4359.42,4359.61,4358.61,4359.03,145,11,0
2026-09-09 03:56:00+00:00,4358.99,4359.62,4358.7,4359.12,108,11,0
2026-09-09 03:57:00+00:00,4358.76,4360.72,4358.72,4360.66,122,11,0
2026-09-09 03:58:00+00:00,4360.68,4361.62,4360.51,4361.59,111,11,0
2026-09-09 03:59:00+00:00,4361.92,4365.2,4361.92,4364.27,173,11,0
2026-09-09 04:00:00+00:00,4364.36,4364.39,4359.07,4359.55,221,17,0
2026-09-09 04:01:00+00:00,4359.6,4359.68,4353.83,4355.33,220,17,0
2026-09-09 04:02:00+00:00,4355.63,4357.57,4355.61,4356.62,209,17,0
2026-09-09 04:03:00+00:00,4356.57,4358.51,4354.33,4355.61,202,17,0
2026-09-09 04:04:00+00:00,4355.79,4357.56,4354.04,4357.54,194,17,0
2026-09-09 04:05:00+00:00,4357.52,4358.99,4357.22,4358.14,192,17,0
2026-09-09 04:06:00+00:00,4358.13,4363.66,4358.01,4362.47,211,17,0
2026-09-09 04:07:00+00:00,4362.43,4365.74,4360.8,4365.54,185,17,0
2026-09-09 04:08:00+00:00,4365.39,4366.71,4364.1,4364.4,183,17,0
2026-09-09 04:09:00+00:00,4364.34,4367.07,4363.74,4367.07,185,17,0
2026-09-09 04:10:00+00:00,4366.92,4367.57,4366.54,4366.65,170,16,0
2026-09-09 04:11:00+00:00,4366.69,4366.72,4365.23,4365.84,174,15,0
2026-09-09 04:12:00+00:00,4365.78,4367.74,4365.72,4366.84,162,16,0
2026-09-09 04:13:00+00:00,4366.88,4366.94,4365.99,4366.66,169,15,0
2026-09-09 04:14:00+00:00,4366.68,4368.15,4366.67,4367.77,157,15,0
2026-09-09 04:15:00+00:00,4367.87,4368.72,4365.88,4365.93,183,16,0
2026-09-09 04:16:00+00:00,4365.94,4367.49,4364.66,4364.68,170,17,0
2026-09-09 04:17:00+00:00,4364.66,4365.07,4362.44,4363.82,176,17,0
2026-09-09 04:18:00+00:00,4363.79,4366.1,4363.55,4365.91,167,17,0
2026-09-09 04:19:00+00:00,4365.9,4366.14,4364.77,4365.69,156,17,0
2026-09-09 04:20:00+00:00,4365.6,4366.16,4364.62,4365.45,133,17,0
2026-09-09 04:21:00+00:00,4365.46,4366.29,4364.82,4365.89,179,17,0
2026-09-09 04:22:00+00:00,4365.96,4367.14,4364.82,4365.55,174,16,0
2026-09-09 04:23:00+00:00,4365.51,4367.31,4365.51,4366.84,153,16,0
2026-09-09 04:24:00+00:00,4366.85,4369.1,4366.62,4369.03,191,13,0
2026-09-09 04:25:00+00:00,4369.04,4369.9,4368.18,4368.8,178,12,0
2026-09-09 04:26:00+00:00,4368.84,4368.96,4368.03,4368.42,154,11,0
2026-09-09 04:27:00+00:00,4368.49,4371.21,4367.84,4370.85,153,11,0
2026-09-09 04:28:00+00:00,4370.85,4371.66,4370.42,4370.65,153,15,0
2026-09-09 04:29:00+00:00,4370.64,4372.65,4370.61,4371.26,150,13,0
2026-09-09 04:30:00+00:00,4371.28,4372.72,4370.38,4372.64,183,17,0
2026-09-09 04:31:00+00:00,4372.63,4373.56,4371.83,4372.01,181,17,0
2026-09-09 04:32:00+00:00,4372.06,4373.32,4371.37,4373.28,140,17,0
2026-09-09 04:33:00+00:00,4373.32,4375.27,4373.32,4374.99,139,17,0
2026-09-09 04:34:00+00:00,4374.97,4376.43,4374.67,4376.25,133,16,0
2026-09-09 04:35:00+00:00,4376.23,4376.66,4375.62,4376.09,156,14,0
2026-09-09 04:36:00+00:00,4376.16,4377.36,4375.78,4376.15,152,14,0
2026-09-09 04:37:00+00:00,4376.01,4377.43,4375.62,4377.18,169,16,0
2026-09-09 04:38:00+00:00,4377.19,4377.19,4373.9,4374.21,159,17,0
2026-09-09 04:39:00+00:00,4374.22,4375.34,4374.16,4374.7,147,17,0
2026-09-09 04:40:00+00:00,4374.71,4376.04,4374.31,4375.67,150,16,0
2026-09-09 04:41:00+00:00,4375.66,4376.53,4375.46,4376.18,143,16,0
2026-09-09 04:42:00+00:00,4376.23,4376.9,4374.89,4376.9,155,16,0
2026-09-09 04:43:00+00:00,4376.93,4377.12,4376.06,4377.04,123,17,0
2026-09-09 04:44:00+00:00,4377.03,4378.04,4376.03,4376.4,141,17,0
2026-09-09 04:45:00+00:00,4376.46,4378.09,4376.19,4378.09,152,17,0
2026-09-09 04:46:00+00:00,4378.08,4378.13,4376.06,4376.54,154,16,0
2026-09-09 04:47:00+00:00,4376.52,4376.52,4374.59,4375.54,172,17,0
2026-09-09 04:48:00+00:00,4375.53,4375.58,4373.35,4373.98,153,17,0
2026-09-09 04:49:00+00:00,4374.03,4375.54,4373.63,4375.48,136,17,0
2026-09-09 04:50:00+00:00,4375.49,4375.98,4374.47,4374.58,144,17,0
2026-09-09 04:51:00+00:00,4374.77,4374.92,4372.75,4372.75,155,17,0
2026-09-09 04:52:00+00:00,4372.74,4372.81,4372.0,4372.01,150,15,0
2026-09-09 04:53:00+00:00,4372.0,4373.56,4371.79,4373.55,146,11,0
2026-09-09 04:54:00+00:00,4373.6,4373.84,4372.6,4373.69,145,11,0
2026-09-09 04:55:00+00:00,4373.7,4374.11,4373.07,4373.4,130,13,0
2026-09-09 04:56:00+00:00,4373.33,4375.94,4373.19,4375.87,136,13,0
2026-09-09 04:57:00+00:00,4375.85,4376.04,4372.82,4373.01,131,17,0
2026-09-09 04:58:00+00:00,4373.0,4373.47,4371.01,4371.01,136,17,0
2026-09-09 04:59:00+00:00,4371.02,4373.7,4370.9,4373.67,152,17,0
2026-09-09 05:00:00+00:00,4373.71,4373.79,4371.97,4372.01,155,17,0
2026-09-09 05:01:00+00:00,4372.0,4372.61,4371.07,4372.19,150,16,0
2026-09-09 05:02:00+00:00,4372.18,4372.35,4371.09,4371.33,147,16,0
2026-09-09 05:03:00+00:00,4371.34,4373.54,4371.34,4372.75,158,16,0
2026-09-09 05:04:00+00:00,4372.81,4373.65,4372.32,4373.24,134,16,0
2026-09-09 05:05:00+00:00,4373.25,4373.25,4370.89,4370.89,151,16,0
2026-09-09 05:06:00+00:00,4370.93,4373.51,4370.73,4373.39,157,17,0
2026-09-09 05:07:00+00:00,4373.17,4373.94,4372.53,4372.81,167,17,0
2026-09-09 05:08:00+00:00,4372.79,4372.89,4372.02,4372.87,141,16,0
2026-09-09 05:09:00+00:00,4372.88,4375.58,4372.88,4374.59,139,15,0
2026-09-09 05:10:00+00:00,4374.55,4375.36,4374.55,4375.02,147,14,0
2026-09-09 05:11:00+00:00,4375.04,4375.06,4373.75,4374.54,143,13,0
2026-09-09 05:12:00+00:00,4374.55,4375.24,4374.39,4374.92,153,14,0
2026-09-09 05:13:00+00:00,4374.91,4374.96,4372.65,4372.68,130,11,0
2026-09-09 05:14:00+00:00,4372.74,4373.78,4372.74,4373.44,159,17,0
2026-09-09 05:15:00+00:00,4373.46,4374.39,4373.44,4374.04,105,15,0
2026-09-09 05:16:00+00:00,4374.02,4374.26,4373.27,4374.17,116,11,0
2026-09-09 05:17:00+00:00,4374.15,4374.7,4374.04,4374.62,145,11,0
2026-09-09 05:18:00+00:00,4374.64,4376.92,4374.27,4375.51,115,11,0
2026-09-09 05:19:00+00:00,4375.31,4375.46,4374.07,4374.69,126,17,0
2026-09-09 05:20:00+00:00,4374.73,4375.11,4373.91,4374.18,108,17,0
2026-09-09 05:21:00+00:00,4374.2,4374.87,4374.03,4374.37,102,11,0
2026-09-09 05:22:00+00:00,4374.28,4374.51,4373.12,4373.24,124,11,0
2026-09-09 05:23:00+00:00,4373.36,4373.36,4372.34,4372.78,124,13,0
2026-09-09 05:24:00+00:00,4372.68,4372.9,4372.21,4372.35,62,11,0
2026-09-09 05:25:00+00:00,4371.93,4372.5,4371.67,4372.12,133,11,0
2026-09-09 05:26:00+00:00,4372.15,4373.01,4372.09,4372.68,124,12,0
2026-09-09 05:27:00+00:00,4372.69,4372.78,4371.84,4372.38,120,13,0
2026-09-09 05:28:00+00:00,4372.4,4372.69,4372.0,4372.64,86,11,0
2026-09-09 05:29:00+00:00,4372.79,4373.13,4372.62,4372.98,95,11,0
2026-09-09 05:30:00+00:00,4373.06,4373.84,4372.14,4373.72,144,11,0
2026-09-09 05:31:00+00:00,4373.5,4373.75,4371.51,4371.74,122,17,0
2026-09-09 05:32:00+00:00,4371.73,4372.35,4370.65,4370.8,137,17,0
2026-09-09 05:33:00+00:00,4370.94,4370.94,4369.54,4369.94,147,17,0
2026-09-09 05:34:00+00:00,4369.93,4370.03,4369.28,4369.37,145,17,0
2026-09-09 05:35:00+00:00,4369.34,4369.57,4367.68,4367.91,142,16,0
2026-09-09 05:36:00+00:00,4367.8,4368.45,4367.29,4368.45,144,17,0
2026-09-09 05:37:00+00:00,4368.34,4369.12,4367.77,4368.96,137,17,0
2026-09-09 05:38:00+00:00,4368.97,4370.85,4368.97,4370.84,143,15,0
2026-09-09 05:39:00+00:00,4370.79,4370.8,4367.84,4368.36,122,15,0
2026-09-09 05:40:00+00:00,4368.35,4369.3,4368.35,4368.62,127,17,0
2026-09-09 05:41:00+00:00,4368.61,4370.44,4368.61,4370.38,148,16,0
2026-09-09 05:42:00+00:00,4370.39,4370.99,4369.81,4370.04,127,17,0
2026-09-09 05:43:00+00:00,4370.07,4371.14,4369.77,4370.9,147,17,0
2026-09-09 05:44:00+00:00,4370.91,4374.44,4370.53,4374.33,167,17,0
2026-09-09 05:45:00+00:00,4374.27,4375.61,4373.06,4373.75,164,17,0
2026-09-09 05:46:00+00:00,4373.69,4377.81,4373.69,4377.81,146,17,0
2026-09-09 05:47:00+00:00,4377.8,4377.93,4376.23,4376.7,153,17,0
2026-09-09 05:48:00+00:00,4376.75,4377.67,4375.24,4377.67,144,17,0
2026-09-09 05:49:00+00:00,4377.68,4378.45,4377.01,4377.01,144,16,0
2026-09-09 05:50:00+00:00,4377.03,4377.96,4376.59,4376.75,129,13,0
2026-09-09 05:51:00+00:00,4376.87,4377.5,4376.26,4377.5,172,12,0
2026-09-09 05:52:00+00:00,4377.51,4382.83,4377.51,4382.8,197,15,0
2026-09-09 05:53:00+00:00,4382.69,4384.39,4381.55,4381.73,200,17,0
2026-09-09 05:54:00+00:00,4381.74,4382.01,4380.41,4380.41,196,17,0
2026-09-09 05:55:00+00:00,4380.34,4381.99,4379.81,4381.86,172,17,0
2026-09-09 05:56:00+00:00,4381.83,4382.73,4381.5,4382.73,156,11,0
2026-09-09 05:57:00+00:00,4382.73,4382.85,4380.55,4381.05,175,11,0
2026-09-09 05:58:00+00:00,4381.03,4382.25,4380.35,4382.02,168,15,0
2026-09-09 05:59:00+00:00,4381.89,4382.66,4381.67,4382.14,168,11,0
2026-09-09 06:00:00+00:00,4382.19,4382.69,4381.08,4381.39,174,11,0
2026-09-09 06:01:00+00:00,4381.41,4381.75,4380.25,4380.25,146,16,0
2026-09-09 06:02:00+00:00,4380.2,4380.2,4378.66,4379.8,170,15,0
2026-09-09 06:03:00+00:00,4379.79,4380.12,4379.14,4379.96,157,13,0
2026-09-09 06:04:00+00:00,4379.95,4380.4,4379.33,4379.54,134,15,0
2026-09-09 06:05:00+00:00,4379.56,4380.32,4379.4,4379.9,138,17,0
2026-09-09 06:06:00+00:00,4379.94,4382.11,4379.94,4381.58,157,17,0
2026-09-09 06:07:00+00:00,4381.47,4381.55,4379.41,4379.44,137,17,0
2026-09-09 06:08:00+00:00,4379.45,4379.94,4379.02,4379.02,145,16,0
2026-09-09 06:09:00+00:00,4379.03,4379.31,4378.24,4378.65,104,12,0
2026-09-09 06:10:00+00:00,4378.66,4379.69,4378.54,4379.34,122,12,0
2026-09-09 06:11:00+00:00,4379.17,4380.33,4378.84,4380.19,120,17,0
2026-09-09 06:12:00+00:00,4380.18,4380.6,4379.18,4379.18,115,17,0
2026-09-09 06:13:00+00:00,4379.13,4379.26,4378.51,4378.51,102,17,0
2026-09-09 06:14:00+00:00,4378.53,4379.43,4378.52,4379.05,102,17,0
2026-09-09 06:15:00+00:00,4379.05,4379.15,4377.59,4377.63,122,17,0
2026-09-09 06:16:00+00:00,4377.4,4378.09,4377.4,4377.49,124,17,0
2026-09-09 06:17:00+00:00,4377.48,4377.61,4375.84,4376.89,122,17,0
2026-09-09 06:18:00+00:00,4376.88,4377.12,4376.31,4376.35,71,17,0
2026-09-09 06:19:00+00:00,4376.36,4377.19,4376.36,4377.14,100,15,0
2026-09-09 06:20:00+00:00,4377.15,4378.37,4377.15,4378.35,78,14,0
2026-09-09 06:21:00+00:00,4378.23,4378.23,4377.05,4378.12,93,14,0
2026-09-09 06:22:00+00:00,4378.14,4378.59,4378.0,4378.09,91,14,0
2026-09-09 06:23:00+00:00,4378.1,4378.32,4377.68,4378.11,113,16,0
2026-09-09 06:24:00+00:00,4378.04,4379.3,4378.03,4378.87,84,14,0
2026-09-09 06:25:00+00:00,4378.85,4379.04,4377.06,4377.06,94,16,0
2026-09-09 06:26:00+00:00,4377.03,4377.12,4375.68,4376.32,146,17,0
2026-09-09 06:27:00+00:00,4376.36,4376.46,4375.61,4375.75,127,17,0
2026-09-09 06:28:00+00:00,4375.77,4376.79,4375.77,4376.49,98,16,0
2026-09-09 06:29:00+00:00,4376.48,4378.35,4376.4,4378.0,106,16,0
2026-09-09 06:30:00+00:00,4377.99,4378.14,4376.92,4377.12,103,13,0
2026-09-09 06:31:00+00:00,4377.1,4377.1,4375.42,4376.18,95,17,0
2026-09-09 06:32:00+00:00,4376.19,4376.7,4376.03,4376.69,103,17,0
2026-09-09 06:33:00+00:00,4376.7,4376.82,4375.36,4375.59,118,11,0
2026-09-09 06:34:00+00:00,4375.6,4376.74,4375.45,4376.51,73,12,0
2026-09-09 06:35:00+00:00,4376.14,4376.91,4376.14,4376.91,72,11,0
2026-09-09 06:36:00+00:00,4376.87,4377.3,4376.5,4377.28,86,11,0
2026-09-09 06:37:00+00:00,4377.29,4377.41,4376.94,4377.11,68,11,0
2026-09-09 06:38:00+00:00,4377.13,4377.49,4376.84,4376.98,95,11,0
2026-09-09 06:39:00+00:00,4377.05,4377.92,4377.01,4377.71,57,11,0
2026-09-09 06:40:00+00:00,4377.7,4378.38,4377.58,4378.37,78,13,0
2026-09-09 06:41:00+00:00,4379.35,4379.99,4378.72,4379.92,89,17,0
2026-09-09 06:42:00+00:00,4379.91,4379.91,4377.5,4378.7,104,17,0
2026-09-09 06:43:00+00:00,4378.71,4378.75,4378.25,4378.31,89,16,0
2026-09-09 06:44:00+00:00,4378.32,4379.14,4378.32,4378.73,95,11,0
2026-09-09 06:45:00+00:00,4378.72,4378.99,4377.96,4378.04,97,11,0
2026-09-09 06:46:00+00:00,4378.06,4378.29,4377.62,4377.86,123,14,0
2026-09-09 06:47:00+00:00,4377.87,4378.37,4377.82,4378.05,81,11,0
2026-09-09 06:48:00+00:00,4378.06,4378.23,4377.14,4377.7,103,11,0
2026-09-09 06:49:00+00:00,4377.69,4378.36,4377.64,4377.87,90,17,0
2026-09-09 06:50:00+00:00,4377.91,4379.13,4377.91,4378.36,100,17,0
2026-09-09 06:51:00+00:00,4378.27,4378.27,4377.1,4377.12,81,17,0
2026-09-09 06:52:00+00:00,4377.13,4377.23,4376.11,4376.86,120,17,0
2026-09-09 06:53:00+00:00,4376.92,4377.72,4376.71,4377.39,95,17,0
2026-09-09 06:54:00+00:00,4377.38,4378.44,4376.88,4377.46,97,17,0
2026-09-09 06:55:00+00:00,4377.45,4377.48,4377.06,4377.14,88,17,0
2026-09-09 06:56:00+00:00,4377.15,4377.15,4376.81,4376.95,58,13,0
2026-09-09 06:57:00+00:00,4376.96,4377.67,4376.56,4377.5,84,13,0
2026-09-09 06:58:00+00:00,4377.49,4377.49,4376.76,4376.92,89,14,0
2026-09-09 06:59:00+00:00,4376.92,4376.92,4375.22,4375.25,102,12,0
2026-09-09 07:00:00+00:00,4375.34,4375.34,4374.76,4374.83,81,15,0
2026-09-09 07:01:00+00:00,4374.9,4375.41,4374.77,4375.06,107,16,0
2026-09-09 07:02:00+00:00,4375.02,4376.18,4374.97,4375.24,82,17,0
2026-09-09 07:03:00+00:00,4375.25,4375.46,4374.63,4374.93,92,17,0
2026-09-09 07:04:00+00:00,4374.94,4375.12,4374.67,4374.68,88,13,0
2026-09-09 07:05:00+00:00,4374.67,4374.72,4373.6,4374.01,106,11,0
2026-09-09 07:06:00+00:00,4374.03,4374.1,4372.08,4372.09,104,17,0
2026-09-09 07:07:00+00:00,4372.17,4372.72,4371.86,4372.58,108,17,0
2026-09-09 07:08:00+00:00,4372.61,4372.89,4372.25,4372.56,74,11,0
2026-09-09 07:09:00+00:00,4372.59,4372.91,4372.17,4372.25,85,11,0
2026-09-09 07:10:00+00:00,4372.26,4372.37,4370.92,4370.96,123,11,0
2026-09-09 07:11:00+00:00,4370.94,4372.73,4370.68,4372.5,140,17,0
2026-09-09 07:12:00+00:00,4372.48,4373.21,4372.17,4373.2,100,11,0
2026-09-09 07:13:00+00:00,4373.19,4373.46,4372.73,4373.44,79,15,0
2026-09-09 07:14:00+00:00,4373.44,4373.75,4373.29,4373.52,87,11,0
2026-09-09 07:15:00+00:00,4373.47,4373.82,4372.91,4373.3,99,11,0
2026-09-09 07:16:00+00:00,4373.28,4374.4,4372.6,4372.61,105,17,0
2026-09-09 07:17:00+00:00,4372.6,4373.53,4372.53,4372.97,92,17,0
2026-09-09 07:18:00+00:00,4372.99,4373.34,4372.48,4372.72,82,11,0
2026-09-09 07:19:00+00:00,4372.69,4373.7,4372.57,4373.64,74,11,0
2026-09-09 07:20:00+00:00,4373.65,4374.31,4373.45,4373.49,98,11,0
2026-09-09 07:21:00+00:00,4373.48,4374.62,4372.94,4374.26,112,17,0
2026-09-09 07:22:00+00:00,4374.25,4375.31,4373.92,4374.99,96,15,0
2026-09-09 07:23:00+00:00,4374.97,4376.07,4374.94,4376.07,86,11,0
2026-09-09 07:24:00+00:00,4376.15,4377.33,4376.13,4377.24,137,11,0
2026-09-09 07:25:00+00:00,4377.21,4378.11,4376.97,4377.86,121,16,0
2026-09-09 07:26:00+00:00,4377.83,4377.83,4377.03,4377.49,94,17,0
2026-09-09 07:27:00+00:00,4377.51,4379.5,4377.47,4379.5,117,11,0
2026-09-09 07:28:00+00:00,4379.56,4380.6,4379.56,4380.09,130,16,0
2026-09-09 07:29:00+00:00,4380.09,4380.62,4379.42,4380.04,105,17,0
2026-09-09 07:30:00+00:00,4380.05,4380.05,4378.18,4378.78,113,17,0
2026-09-09 07:31:00+00:00,4378.79,4379.37,4378.48,4379.24,96,15,0
2026-09-09 07:32:00+00:00,4379.35,4380.01,4379.35,4379.95,84,11,0
2026-09-09 07:33:00+00:00,4379.93,4380.07,4379.31,4379.31,94,11,0
2026-09-09 07:34:00+00:00,4379.3,4379.4,4377.87,4378.69,107,11,0
2026-09-09 07:35:00+00:00,4378.68,4378.9,4378.52,4378.65,69,11,0
2026-09-09 07:36:00+00:00,4378.66,4379.58,4378.66,4379.58,80,11,0
2026-09-09 07:37:00+00:00,4379.57,4380.06,4379.56,4379.86,92,11,0
2026-09-09 07:38:00+00:00,4379.82,4379.83,4378.53,4378.75,80,11,0
2026-09-09 07:39:00+00:00,4378.76,4378.87,4377.8,4378.28,75,13,0
2026-09-09 07:40:00+00:00,4378.29,4378.29,4376.83,4377.52,120,17,0
2026-09-09 07:41:00+00:00,4377.51,4377.57,4376.39,4376.39,100,17,0
2026-09-09 07:42:00+00:00,4376.38,4377.77,4376.37,4377.46,73,11,0
2026-09-09 07:43:00+00:00,4377.44,4378.58,4377.37,4378.58,78,11,0
2026-09-09 07:44:00+00:00,4378.57,4378.63,4377.69,4378.05,75,11,0
2026-09-09 07:45:00+00:00,4378.05,4378.85,4378.05,4378.8,77,11,0
2026-09-09 07:46:00+00:00,4378.82,4378.87,4378.31,4378.85,69,11,0
2026-09-09 07:47:00+00:00,4378.84,4379.66,4378.84,4379.34,69,13,0
2026-09-09 07:48:00+00:00,4379.34,4380.11,4379.3,4379.79,70,14,0
2026-09-09 07:49:00+00:00,4379.75,4379.78,4378.66,4378.81,67,16,0
2026-09-09 07:50:00+00:00,4378.78,4379.64,4377.99,4377.99,108,17,0
2026-09-09 07:51:00+00:00,4377.65,4379.39,4377.53,4379.17,85,17,0
2026-09-09 07:52:00+00:00,4379.18,4379.36,4378.58,4379.3,82,17,0
2026-09-09 07:53:00+00:00,4379.29,4381.11,4379.27,4380.99,78,13,0
2026-09-09 07:54:00+00:00,4380.97,4381.38,4380.76,4380.99,85,17,0
2026-09-09 07:55:00+00:00,4381.02,4381.37,4380.53,4380.58,102,13,0
2026-09-09 07:56:00+00:00,4380.57,4381.91,4380.23,4381.91,80,12,0
2026-09-09 07:57:00+00:00,4381.99,4382.16,4380.56,4382.14,122,17,0
2026-09-09 07:58:00+00:00,4382.13,4382.51,4381.73,4382.03,77,17,0
2026-09-09 07:59:00+00:00,4382.11,4382.17,4381.17,4381.59,99,14,0
2026-09-09 08:00:00+00:00,4381.6,4382.07,4380.56,4380.98,127,14,0
2026-09-09 08:01:00+00:00,4380.96,4383.31,4380.95,4383.2,140,16,0
2026-09-09 08:02:00+00:00,4383.46,4384.06,4382.97,4382.97,126,17,0
2026-09-09 08:03:00+00:00,4382.96,4382.96,4381.46,4382.09,137,17,0
2026-09-09 08:04:00+00:00,4382.07,4383.24,4380.51,4381.56,115,17,0
2026-09-09 08:05:00+00:00,4381.57,4382.81,4381.44,4382.51,92,17,0
2026-09-09 08:06:00+00:00,4382.55,4384.14,4382.47,4383.41,110,17,0
2026-09-09 08:07:00+00:00,4383.37,4385.16,4383.05,4383.63,132,17,0
2026-09-09 08:08:00+00:00,4383.54,4384.89,4383.47,4384.36,106,17,0
2026-09-09 08:09:00+00:00,4384.37,4385.06,4384.05,4384.84,74,16,0
2026-09-09 08:10:00+00:00,4384.81,4386.37,4384.77,4386.01,136,17,0
2026-09-09 08:11:00+00:00,4386.02,4386.02,4385.3,4385.94,93,17,0
2026-09-09 08:12:00+00:00,4385.95,4387.08,4385.67,4386.77,119,16,0
2026-09-09 08:13:00+00:00,4386.75,4387.88,4386.62,4387.84,101,14,0
2026-09-09 08:14:00+00:00,4387.85,4387.85,4387.03,4387.74,98,13,0
2026-09-09 08:15:00+00:00,4388.07,4388.31,4386.95,4387.25,130,15,0
2026-09-09 08:16:00+00:00,4387.28,4387.77,4386.97,4387.51,90,16,0
2026-09-09 08:17:00+00:00,4387.53,4388.11,4386.93,4387.64,127,15,0
2026-09-09 08:18:00+00:00,4387.67,4388.67,4387.67,4388.67,100,13,0
2026-09-09 08:19:00+00:00,4388.68,4388.68,4387.72,4388.25,109,14,0
2026-09-09 08:20:00+00:00,4388.24,4388.31,4386.79,4386.8,116,15,0
2026-09-09 08:21:00+00:00,4386.93,4386.97,4384.15,4384.37,160,17,0
2026-09-09 08:22:00+00:00,4384.36,4384.41,4383.51,4384.2,126,17,0
2026-09-09 08:23:00+00:00,4384.22,4384.25,4383.39,4383.94,123,17,0
2026-09-09 08:24:00+00:00,4383.92,4386.65,4383.88,4386.64,119,11,0
2026-09-09 08:25:00+00:00,4386.69,4386.93,4386.46,4386.88,93,11,0
2026-09-09 08:26:00+00:00,4386.89,4387.93,4386.39,4387.49,124,11,0
2026-09-09 08:27:00+00:00,4387.45,4388.3,4387.09,4387.65,105,17,0
2026-09-09 08:28:00+00:00,4387.64,4388.38,4386.42,4386.79,127,17,0
2026-09-09 08:29:00+00:00,4386.77,4386.87,4385.23,4385.23,131,14,0
2026-09-09 08:30:00+00:00,4385.1,4388.92,4385.1,4385.2,202,14,0
2026-09-09 08:31:00+00:00,4385.16,4386.65,4384.74,4386.18,186,17,0
2026-09-09 08:32:00+00:00,4385.79,4387.97,4385.44,4386.31,180,17,0
2026-09-09 08:33:00+00:00,4386.53,4386.74,4384.31,4385.42,168,17,0
2026-09-09 08:34:00+00:00,4385.39,4387.83,4385.09,4387.57,140,17,0
2026-09-09 08:35:00+00:00,4387.52,4388.29,4386.26,4388.23,148,17,0
2026-09-09 08:36:00+00:00,4388.23,4390.08,4388.13,4390.08,145,17,0
2026-09-09 08:37:00+00:00,4390.08,4392.23,4389.95,4391.37,146,16,0
2026-09-09 08:38:00+00:00,4391.36,4391.42,4389.91,4391.19,173,17,0
2026-09-09 08:39:00+00:00,4391.25,4392.58,4391.24,4392.48,123,15,0
2026-09-09 08:40:00+00:00,4392.46,4392.95,4392.04,4392.24,130,14,0
2026-09-09 08:41:00+00:00,4392.23,4393.61,4392.11,4393.32,124,16,0
2026-09-09 08:42:00+00:00,4393.28,4393.63,4391.69,4393.54,150,16,0
2026-09-09 08:43:00+00:00,4393.55,4394.68,4393.42,4394.34,161,17,0
2026-09-09 08:44:00+00:00,4394.38,4395.47,4394.17,4395.47,129,17,0
2026-09-09 08:45:00+00:00,4395.48,4395.71,4395.12,4395.37,133,15,0
2026-09-09 08:46:00+00:00,4395.23,4395.24,4392.59,4392.99,160,16,0
2026-09-09 08:47:00+00:00,4393.02,4395.64,4393.01,4395.64,160,17,0
2026-09-09 08:48:00+00:00,4395.7,4397.24,4395.63,4396.51,126,16,0
2026-09-09 08:49:00+00:00,4396.51,4396.63,4395.78,4395.78,123,16,0
2026-09-09 08:50:00+00:00,4395.77,4397.16,4395.72,4397.16,125,15,0
2026-09-09 08:51:00+00:00,4397.31,4399.1,4396.9,4397.9,156,17,0
2026-09-09 08:52:00+00:00,4397.91,4399.52,4397.57,4399.24,144,17,0
2026-09-09 08:53:00+00:00,4399.26,4400.28,4398.03,4398.37,153,17,0
2026-09-09 08:54:00+00:00,4398.31,4400.14,4398.31,4399.74,121,17,0
2026-09-09 08:55:00+00:00,4399.85,4400.87,4399.57,4399.65,154,17,0
2026-09-09 08:56:00+00:00,4399.52,4400.77,4399.26,4400.15,143,16,0
2026-09-09 08:57:00+00:00,4400.19,4400.52,4398.77,4399.52,140,17,0
2026-09-09 08:58:00+00:00,4399.43,4400.09,4399.15,4399.39,137,17,0
2026-09-09 08:59:00+00:00,4399.36,4399.5,4398.76,4398.87,116,11,0
2026-09-09 09:00:00+00:00,4398.84,4400.35,4398.41,4398.45,151,11,0
2026-09-09 09:01:00+00:00,4398.44,4399.63,4398.44,4398.69,140,14,0
2026-09-09 09:02:00+00:00,4398.73,4399.3,4398.61,4398.95,145,13,0
2026-09-09 09:03:00+00:00,4398.96,4402.49,4398.55,4402.48,147,12,0
2026-09-09 09:04:00+00:00,4402.51,4404.26,4402.01,4403.04,166,13,0
2026-09-09 09:05:00+00:00,4403.08,4405.27,4403.08,4404.88,136,12,0
2026-09-09 09:06:00+00:00,4404.84,4404.85,4402.17,4402.95,146,11,0
2026-09-09 09:07:00+00:00,4403.09,4403.21,4400.12,4400.54,166,13,0
2026-09-09 09:08:00+00:00,4400.48,4401.54,4399.98,4400.96,156,13,0
2026-09-09 09:09:00+00:00,4400.59,4400.96,4400.24,4400.24,119,11,0
2026-09-09 09:10:00+00:00,4400.34,4400.63,4399.26,4399.54,150,11,0
2026-09-09 09:11:00+00:00,4399.55,4400.52,4398.91,4400.04,143,11,0
2026-09-09 09:12:00+00:00,4400.07,4400.47,4399.45,4400.15,140,11,0
2026-09-09 09:13:00+00:00,4400.26,4401.93,4400.26,4401.14,145,11,0
2026-09-09 09:14:00+00:00,4401.09,4402.05,4401.01,4401.44,140,14,0
2026-09-09 09:15:00+00:00,4401.41,4402.73,4401.31,4402.54,168,13,0
2026-09-09 09:16:00+00:00,4402.63,4403.14,4400.42,4401.11,157,14,0
2026-09-09 09:17:00+00:00,4401.15,4401.38,4399.83,4400.04,145,14,0
2026-09-09 09:18:00+00:00,4400.03,4400.91,4399.72,4400.55,131,12,0
2026-09-09 09:19:00+00:00,4400.56,4401.63,4400.01,4400.01,145,11,0
2026-09-09 09:20:00+00:00,4399.98,4400.25,4399.11,4400.0,122,14,0
2026-09-09 09:21:00+00:00,4399.97,4399.97,4397.55,4397.59,152,11,0
2026-09-09 09:22:00+00:00,4397.6,4399.05,4397.25,4398.54,159,10,0
2026-09-09 09:23:00+00:00,4398.58,4400.57,4398.34,4400.39,154,8,0
2026-09-09 09:24:00+00:00,4400.4,4400.43,4398.94,4398.98,150,14,0
2026-09-09 09:25:00+00:00,4398.95,4399.47,4397.36,4398.97,142,9,0
2026-09-09 09:26:00+00:00,4398.96,4399.06,4397.0,4397.11,114,9,0
2026-09-09 09:27:00+00:00,4397.09,4397.56,4396.75,4397.16,143,8,0
2026-09-09 09:28:00+00:00,4397.15,4397.15,4395.57,4395.57,129,8,0
2026-09-09 09:29:00+00:00,4395.35,4398.95,4395.26,4398.2,149,9,0
2026-09-09 09:30:00+00:00,4398.33,4399.54,4397.15,4398.27,177,14,0
2026-09-09 09:31:00+00:00,4398.26,4399.6,4398.26,4399.6,149,14,0
2026-09-09 09:32:00+00:00,4399.65,4401.16,4399.65,4399.97,146,14,0
2026-09-09 09:33:00+00:00,4399.99,4401.95,4399.79,4401.95,132,8,0
2026-09-09 09:34:00+00:00,4401.93,4403.35,4401.66,4402.94,159,11,0
2026-09-09 09:35:00+00:00,4402.95,4403.36,4402.01,4402.51,132,11,0
2026-09-09 09:36:00+00:00,4402.35,4403.9,4402.35,4402.52,133,9,0
2026-09-09 09:37:00+00:00,4402.51,4405.47,4402.47,4404.94,147,10,0
2026-09-09 09:38:00+00:00,4404.92,4406.01,4404.76,4405.82,143,10,0
2026-09-09 09:39:00+00:00,4405.79,4405.79,4404.46,4405.03,135,8,0
2026-09-09 09:40:00+00:00,4404.99,4405.1,4402.44,4402.45,137,8,0
2026-09-09 09:41:00+00:00,4402.34,4403.13,4402.17,4402.38,117,8,0
2026-09-09 09:42:00+00:00,4402.37,4402.52,4400.58,4400.8,124,8,0
2026-09-09 09:43:00+00:00,4400.77,4400.77,4399.83,4400.16,115,8,0
2026-09-09 09:44:00+00:00,4400.17,4400.65,4399.85,4400.42,112,8,0
2026-09-09 09:45:00+00:00,4400.41,4400.57,4399.19,4399.71,120,8,0
2026-09-09 09:46:00+00:00,4399.72,4399.91,4398.92,4399.17,102,8,0
2026-09-09 09:47:00+00:00,4399.12,4399.63,4398.91,4398.95,106,8,0
2026-09-09 09:48:00+00:00,4398.94,4399.78,4398.89,4398.89,123,8,0
2026-09-09 09:49:00+00:00,4398.88,4401.26,4398.88,4401.23,123,8,0
2026-09-09 09:50:00+00:00,4401.24,4401.61,4400.1,4400.39,101,14,0
2026-09-09 09:51:00+00:00,4400.29,4401.07,4400.0,4400.93,124,10,0
2026-09-09 09:52:00+00:00,4400.94,4401.3,4400.0,4400.26,119,11,0
2026-09-09 09:53:00+00:00,4400.31,4400.66,4399.7,4400.08,119,10,0
2026-09-09 09:54:00+00:00,4400.06,4400.96,4399.96,4400.76,106,13,0
2026-09-09 09:55:00+00:00,4400.65,4401.48,4399.89,4401.36,120,13,0
2026-09-09 09:56:00+00:00,4401.21,4401.33,4400.59,4400.59,113,9,0
2026-09-09 09:57:00+00:00,4400.51,4400.79,4399.84,4399.97,114,9,0
2026-09-09 09:58:00+00:00,4399.94,4400.17,4399.89,4400.04,94,9,0
2026-09-09 09:59:00+00:00,4400.05,4401.0,4399.64,4400.66,119,9,0
2026-09-09 10:00:00+00:00,4400.64,4401.58,4399.98,4400.63,170,11,0
2026-09-09 10:01:00+00:00,4400.67,4400.73,4399.31,4400.53,125,14,0
2026-09-09 10:02:00+00:00,4400.45,4401.68,4400.1,4401.57,150,14,0
2026-09-09 10:03:00+00:00,4401.58,4401.68,4401.05,4401.57,143,14,0
2026-09-09 10:04:00+00:00,4401.54,4402.46,4401.21,4401.53,152,14,0
2026-09-09 10:05:00+00:00,4401.49,4403.85,4401.3,4403.57,131,14,0
2026-09-09 10:06:00+00:00,4403.46,4403.46,4402.52,4403.07,132,14,0
2026-09-09 10:07:00+00:00,4403.09,4404.4,4402.74,4404.34,127,11,0
2026-09-09 10:08:00+00:00,4404.32,4404.36,4402.97,4403.25,106,10,0
2026-09-09 10:09:00+00:00,4403.21,4403.89,4403.21,4403.78,90,8,0
2026-09-09 10:10:00+00:00,4403.77,4404.46,4403.67,4404.06,117,8,0
2026-09-09 10:11:00+00:00,4404.13,4404.26,4403.3,4403.51,107,8,0
2026-09-09 10:12:00+00:00,4403.52,4405.87,4403.46,4405.87,135,11,0
2026-09-09 10:13:00+00:00,4405.88,4406.51,4404.43,4406.17,148,14,0
2026-09-09 10:14:00+00:00,4406.19,4407.73,4405.88,4406.57,165,14,0
2026-09-09 10:15:00+00:00,4406.37,4406.81,4405.13,4406.36,161,14,0
2026-09-09 10:16:00+00:00,4406.35,4406.46,4404.89,4404.98,151,13,0
2026-09-09 10:17:00+00:00,4405.13,4405.52,4404.3,4404.62,139,10,0
2026-09-09 10:18:00+00:00,4404.66,4405.52,4404.03,4404.3,114,12,0
2026-09-09 10:19:00+00:00,4404.29,4404.65,4403.01,4403.75,157,9,0
2026-09-09 10:20:00+00:00,4403.84,4405.59,4403.68,4405.33,160,10,0
2026-09-09 10:21:00+00:00,4405.42,4406.42,4405.19,4406.42,135,9,0
2026-09-09 10:22:00+00:00,4406.4,4407.56,4405.9,4407.11,139,9,0
2026-09-09 10:23:00+00:00,4407.12,4407.72,4405.45,4405.64,136,10,0
2026-09-09 10:24:00+00:00,4405.81,4406.19,4405.26,4405.4,142,9,0
2026-09-09 10:25:00+00:00,4405.46,4406.04,4405.03,4406.04,113,8,0
2026-09-09 10:26:00+00:00,4406.06,4406.29,4405.57,4406.19,144,9,0
2026-09-09 10:27:00+00:00,4406.22,4407.89,4406.22,4407.4,141,9,0
2026-09-09 10:28:00+00:00,4407.41,4407.51,4406.71,4407.25,113,9,0
2026-09-09 10:29:00+00:00,4407.34,4408.67,4407.12,4407.75,120,8,0
2026-09-09 10:30:00+00:00,4407.73,4408.73,4407.53,4408.02,140,8,0
2026-09-09 10:31:00+00:00,4408.07,4408.43,4406.82,4406.92,141,8,0
2026-09-09 10:32:00+00:00,4407.09,4407.74,4406.59,4407.28,118,8,0
2026-09-09 10:33:00+00:00,4407.27,4407.27,4406.54,4406.72,114,11,0
2026-09-09 10:34:00+00:00,4406.74,4407.62,4406.73,4407.47,102,8,0
2026-09-09 10:35:00+00:00,4407.46,4408.02,4406.94,4407.9,127,8,0
2026-09-09 10:36:00+00:00,4407.91,4409.33,4407.88,4409.27,137,8,0
2026-09-09 10:37:00+00:00,4409.48,4409.91,4408.7,4408.7,96,8,0
2026-09-09 10:38:00+00:00,4408.67,4409.1,4408.19,4408.32,124,8,0
2026-09-09 10:39:00+00:00,4408.31,4410.3,4408.31,4410.26,121,8,0
2026-09-09 10:40:00+00:00,4410.21,4410.21,4408.4,4408.88,104,10,0
2026-09-09 10:41:00+00:00,4408.84,4409.57,4408.41,4409.56,107,10,0
2026-09-09 10:42:00+00:00,4409.57,4410.49,4408.74,4408.74,111,9,0
2026-09-09 10:43:00+00:00,4408.69,4409.6,4408.64,4409.37,116,10,0
2026-09-09 10:44:00+00:00,4409.3,4410.36,4409.24,4410.33,100,8,0
2026-09-09 10:45:00+00:00,4410.35,4410.81,4409.48,4410.79,124,8,0
2026-09-09 10:46:00+00:00,4410.97,4412.71,4410.95,4411.36,147,11,0
2026-09-09 10:47:00+00:00,4411.32,4411.72,4410.8,4411.33,131,14,0
2026-09-09 10:48:00+00:00,4411.36,4412.16,4411.36,4411.78,121,14,0
2026-09-09 10:49:00+00:00,4411.8,4412.2,4411.1,4411.9,140,14,0
2026-09-09 10:50:00+00:00,4411.69,4411.7,4409.52,4409.61,143,14,0
2026-09-09 10:51:00+00:00,4409.64,4410.15,4409.32,4409.64,138,12,0
2026-09-09 10:52:00+00:00,4409.59,4411.53,4409.11,4411.29,145,14,0
2026-09-09 10:53:00+00:00,4411.24,4411.5,4409.51,4409.52,143,14,0
2026-09-09 10:54:00+00:00,4409.7,4410.21,4408.42,4408.9,129,14,0
2026-09-09 10:55:00+00:00,4408.96,4410.08,4408.88,4409.29,112,11,0
2026-09-09 10:56:00+00:00,4409.27,4410.0,4408.95,4409.89,96,8,0
2026-09-09 10:57:00+00:00,4409.92,4410.23,4409.35,4409.41,120,8,0
2026-09-09 10:58:00+00:00,4409.4,4409.46,4408.65,4408.72,113,8,0
2026-09-09 10:59:00+00:00,4408.71,4409.58,4408.7,4409.27,89,8,0
2026-09-09 11:00:00+00:00,4409.28,4409.28,4407.88,4408.49,173,8,0
2026-09-09 11:01:00+00:00,4408.44,4409.52,4408.01,4409.09,155,14,0
2026-09-09 11:02:00+00:00,4409.0,4409.18,4407.87,4408.26,141,14,0
2026-09-09 11:03:00+00:00,4408.23,4408.23,4407.03,4407.71,124,9,0
2026-09-09 11:04:00+00:00,4407.68,4408.77,4407.06,4408.48,150,9,0
2026-09-09 11:05:00+00:00,4408.52,4410.79,4408.25,4410.47,141,11,0
2026-09-09 11:06:00+00:00,4410.54,4412.0,4410.49,4410.82,128,14,0
2026-09-09 11:07:00+00:00,4410.82,4411.46,4409.44,4410.29,152,14,0
2026-09-09 11:08:00+00:00,4410.39,4410.85,4409.74,4409.74,134,12,0
2026-09-09 11:09:00+00:00,4409.73,4409.74,4407.09,4407.09,122,10,0
2026-09-09 11:10:00+00:00,4407.31,4407.35,4405.01,4405.52,161,10,0
2026-09-09 11:11:00+00:00,4405.53,4406.48,4404.66,4406.38,129,11,0
2026-09-09 11:12:00+00:00,4406.36,4406.54,4405.06,4406.12,144,11,0
2026-09-09 11:13:00+00:00,4406.07,4406.33,4404.42,4404.47,126,9,0
2026-09-09 11:14:00+00:00,4404.48,4404.7,4403.8,4403.88,131,8,0
2026-09-09 11:15:00+00:00,4403.91,4404.84,4403.91,4404.42,117,8,0
2026-09-09 11:16:00+00:00,4404.34,4404.43,4403.11,4403.47,133,8,0
2026-09-09 11:17:00+00:00,4403.51,4404.15,4402.61,4402.62,128,8,0
2026-09-09 11:18:00+00:00,4402.63,4403.68,4402.19,4403.36,117,8,0
2026-09-09 11:19:00+00:00,4403.52,4404.11,4403.3,4403.81,91,8,0
2026-09-09 11:20:00+00:00,4403.73,4403.83,4403.09,4403.2,105,8,0
2026-09-09 11:21:00+00:00,4403.19,4403.31,4402.41,4402.41,107,8,0
2026-09-09 11:22:00+00:00,4402.4,4403.48,4402.35,4402.64,99,8,0
2026-09-09 11:23:00+00:00,4402.66,4402.68,4401.29,4401.29,133,13,0
2026-09-09 11:24:00+00:00,4401.32,4401.56,4400.92,4401.17,106,8,0
2026-09-09 11:25:00+00:00,4401.34,4402.05,4400.74,4401.95,136,8,0
2026-09-09 11:26:00+00:00,4401.9,4402.22,4401.58,4401.64,101,8,0
2026-09-09 11:27:00+00:00,4401.62,4402.24,4400.63,4400.82,122,8,0
2026-09-09 11:28:00+00:00,4400.72,4400.84,4399.68,4399.87,122,13,0
2026-09-09 11:29:00+00:00,4399.91,4401.08,4399.74,4399.74,158,14,0
2026-09-09 11:30:00+00:00,4399.68,4400.91,4399.68,4400.37,158,14,0
2026-09-09 11:31:00+00:00,4400.4,4401.4,4400.4,4401.28,109,10,0
2026-09-09 11:32:00+00:00,4401.29,4402.4,4401.13,4402.24,120,9,0
2026-09-09 11:33:00+00:00,4402.18,4402.9,4402.13,4402.88,127,9,0
2026-09-09 11:34:00+00:00,4402.83,4403.56,4401.91,4401.92,131,8,0
2026-09-09 11:35:00+00:00,4401.91,4402.36,4401.75,4402.28,117,8,0
2026-09-09 11:36:00+00:00,4402.29,4402.5,4401.91,4402.09,108,8,0
2026-09-09 11:37:00+00:00,4402.08,4402.16,4400.77,4402.13,110,8,0
2026-09-09 11:38:00+00:00,4402.14,4402.18,4400.57,4400.83,106,13,0
2026-09-09 11:39:00+00:00,4400.81,4400.93,4399.5,4399.61,129,11,0
2026-09-09 11:40:00+00:00,4399.66,4401.0,4399.04,4401.0,128,13,0
2026-09-09 11:41:00+00:00,4401.01,4401.74,4400.85,4401.44,119,10,0
2026-09-09 11:42:00+00:00,4401.46,4401.92,4400.38,4400.64,123,9,0
2026-09-09 11:43:00+00:00,4400.63,4401.63,4400.0,4400.21,146,13,0
2026-09-09 11:44:00+00:00,4400.22,4400.58,4399.98,4399.98,80,10,0
2026-09-09 11:45:00+00:00,4400.0,4400.47,4399.11,4400.21,123,10,0
2026-09-09 11:46:00+00:00,4400.08,4400.81,4399.67,4400.52,125,12,0
2026-09-09 11:47:00+00:00,4400.53,4401.91,4400.5,4401.71,131,11,0
2026-09-09 11:48:00+00:00,4401.64,4402.1,4401.25,4402.06,112,8,0
2026-09-09 11:49:00+00:00,4402.09,4402.09,4400.22,4400.36,129,8,0
2026-09-09 11:50:00+00:00,4400.36,4400.46,4399.75,4400.19,136,8,0
2026-09-09 11:51:00+00:00,4400.23,4400.93,4399.9,4400.54,107,14,0
2026-09-09 11:52:00+00:00,4400.75,4401.63,4400.37,4401.45,107,14,0
2026-09-09 11:53:00+00:00,4401.44,4401.77,4401.04,4401.56,106,10,0
2026-09-09 11:54:00+00:00,4401.57,4402.09,4401.39,4402.0,91,8,0
2026-09-09 11:55:00+00:00,4402.03,4402.81,4401.93,4402.19,92,8,0
2026-09-09 11:56:00+00:00,4402.24,4403.36,4402.24,4402.84,95,8,0
2026-09-09 11:57:00+00:00,4402.83,4402.83,4401.08,4401.09,70,8,0
2026-09-09 11:58:00+00:00,4401.07,4401.63,4400.8,4401.2,81,8,0
2026-09-09 11:59:00+00:00,4401.22,4401.22,4400.43,4400.65,91,8,0
2026-09-09 12:00:00+00:00,4400.69,4402.01,4400.68,4401.26,134,8,0
2026-09-09 12:01:00+00:00,4401.05,4401.62,4400.28,4400.6,118,14,0
2026-09-09 12:02:00+00:00,4400.58,4401.29,4400.27,4401.08,101,11,0
2026-09-09 12:03:00+00:00,4401.05,4402.0,4400.75,4401.95,129,10,0
2026-09-09 12:04:00+00:00,4402.01,4402.21,4400.73,4400.98,114,14,0
2026-09-09 12:05:00+00:00,4401.05,4401.54,4399.6,4400.13,155,14,0
2026-09-09 12:06:00+00:00,4400.12,4400.58,4399.49,4400.58,125,14,0
2026-09-09 12:07:00+00:00,4400.68,4402.31,4400.57,4401.43,119,14,0
2026-09-09 12:08:00+00:00,4401.44,4401.9,4400.62,4400.71,99,13,0
2026-09-09 12:09:00+00:00,4400.74,4401.86,4400.31,4401.81,91,14,0
2026-09-09 12:10:00+00:00,4401.84,4401.85,4399.36,4399.8,108,13,0
2026-09-09 12:11:00+00:00,4399.85,4399.97,4398.67,4398.88,99,14,0
2026-09-09 12:12:00+00:00,4398.99,4399.31,4398.69,4398.94,123,12,0
2026-09-09 12:13:00+00:00,4398.93,4398.94,4398.04,4398.18,138,8,0
2026-09-09 12:14:00+00:00,4398.16,4398.64,4397.87,4398.53,95,8,0
2026-09-09 12:15:00+00:00,4398.56,4398.75,4397.7,4397.82,126,8,0
2026-09-09 12:16:00+00:00,4397.79,4398.59,4397.77,4397.8,81,8,0
2026-09-09 12:17:00+00:00,4397.82,4398.4,4397.64,4398.02,125,8,0
2026-09-09 12:18:00+00:00,4398.0,4398.86,4397.84,4398.75,96,8,0
2026-09-09 12:19:00+00:00,4398.72,4400.01,4398.68,4399.94,118,8,0
2026-09-09 12:20:00+00:00,4399.92,4400.02,4398.94,4398.94,107,13,0
2026-09-09 12:21:00+00:00,4399.02,4400.21,4399.02,4399.59,112,9,0
2026-09-09 12:22:00+00:00,4399.58,4400.15,4398.99,4399.21,117,11,0
2026-09-09 12:23:00+00:00,4399.2,4399.27,4398.23,4398.42,122,12,0
2026-09-09 12:24:00+00:00,4398.54,4398.67,4397.07,4398.0,136,11,0
2026-09-09 12:25:00+00:00,4397.75,4398.41,4397.41,4398.39,104,13,0
2026-09-09 12:26:00+00:00,4398.34,4398.42,4397.7,4398.29,122,10,0
2026-09-09 12:27:00+00:00,4398.35,4399.08,4398.0,4398.31,117,12,0
2026-09-09 12:28:00+00:00,4398.25,4398.56,4397.11,4397.23,129,11,0
2026-09-09 12:29:00+00:00,4397.24,4398.46,4397.24,4398.36,130,14,0
2026-09-09 12:30:00+00:00,4398.38,4398.64,4396.27,4397.93,134,14,0
2026-09-09 12:31:00+00:00,4398.47,4398.47,4395.77,4396.73,176,14,0
2026-09-09 12:32:00+00:00,4396.54,4398.02,4396.54,4397.61,148,14,0
2026-09-09 12:33:00+00:00,4397.64,4398.09,4397.39,4397.94,105,9,0
2026-09-09 12:34:00+00:00,4397.93,4398.44,4397.61,4398.04,104,8,0
2026-09-09 12:35:00+00:00,4398.04,4398.24,4397.28,4397.74,78,8,0
2026-09-09 12:36:00+00:00,4397.72,4398.64,4397.53,4397.97,110,8,0
2026-09-09 12:37:00+00:00,4397.99,4398.56,4397.28,4397.81,97,9,0
2026-09-09 12:38:00+00:00,4397.84,4398.47,4397.84,4398.35,77,8,0
2026-09-09 12:39:00+00:00,4398.38,4398.42,4397.41,4398.0,106,8,0
2026-09-09 12:40:00+00:00,4398.25,4398.6,4396.95,4397.43,109,8,0
2026-09-09 12:41:00+00:00,4397.47,4397.96,4396.3,4396.41,126,12,0
2026-09-09 12:42:00+00:00,4396.45,4396.53,4395.46,4395.71,129,13,0
2026-09-09 12:43:00+00:00,4395.69,4396.76,4395.64,4396.4,124,12,0
2026-09-09 12:44:00+00:00,4396.24,4396.33,4395.42,4396.33,101,9,0
2026-09-09 12:45:00+00:00,4396.34,4396.34,4394.35,4394.57,121,9,0
2026-09-09 12:46:00+00:00,4394.56,4395.04,4394.13,4394.38,125,10,0
2026-09-09 12:47:00+00:00,4394.37,4396.04,4394.2,4395.26,105,10,0
2026-09-09 12:48:00+00:00,4395.09,4395.2,4394.16,4394.75,105,14,0
2026-09-09 12:49:00+00:00,4394.72,4395.35,4394.47,4395.05,131,13,0
2026-09-09 12:50:00+00:00,4395.01,4395.01,4392.95,4393.05,130,13,0
2026-09-09 12:51:00+00:00,4393.03,4393.12,4392.38,4392.82,117,8,0
2026-09-09 12:52:00+00:00,4392.8,4393.52,4392.12,4393.5,126,8,0
2026-09-09 12:53:00+00:00,4393.55,4394.0,4392.77,4392.96,130,14,0
2026-09-09 12:54:00+00:00,4392.97,4393.01,4391.04,4391.09,135,14,0
2026-09-09 12:55:00+00:00,4391.05,4391.13,4389.83,4389.86,148,9,0
2026-09-09 12:56:00+00:00,4389.75,4390.24,4389.19,4389.87,165,10,0
2026-09-09 12:57:00+00:00,4389.86,4390.54,4388.94,4389.02,162,14,0
2026-09-09 12:58:00+00:00,4388.97,4389.84,4388.71,4389.4,149,8,0
2026-09-09 12:59:00+00:00,4389.39,4391.09,4389.13,4390.78,147,8,0
2026-09-09 13:00:00+00:00,4390.73,4391.65,4390.45,4391.27,164,8,0
2026-09-09 13:01:00+00:00,4391.25,4391.28,4386.46,4386.62,180,14,0
2026-09-09 13:02:00+00:00,4386.6,4389.62,4386.28,4388.81,187,14,0
2026-09-09 13:03:00+00:00,4388.79,4390.89,4388.78,4390.85,138,14,0
2026-09-09 13:04:00+00:00,4390.88,4391.54,4389.6,4390.17,156,8,0
2026-09-09 13:05:00+00:00,4390.18,4392.1,4390.15,4391.61,131,14,0
2026-09-09 13:06:00+00:00,4391.62,4392.21,4391.35,4392.21,131,9,0
2026-09-09 13:07:00+00:00,4392.23,4393.26,4392.16,4392.88,134,8,0
2026-09-09 13:08:00+00:00,4392.87,4393.11,4392.33,4392.9,117,8,0
2026-09-09 13:09:00+00:00,4392.87,4392.87,4392.03,4392.55,117,8,0
2026-09-09 13:10:00+00:00,4392.52,4392.78,4391.61,4392.73,147,8,0
2026-09-09 13:11:00+00:00,4392.72,4392.96,4391.84,4392.45,106,9,0
2026-09-09 13:12:00+00:00,4392.47,4393.43,4392.09,4392.56,109,8,0
2026-09-09 13:13:00+00:00,4392.6,4392.76,4390.78,4391.26,129,10,0
2026-09-09 13:14:00+00:00,4391.23,4391.5,4390.01,4391.15,160,13,0
2026-09-09 13:15:00+00:00,4391.14,4391.68,4390.25,4390.27,136,10,0
2026-09-09 13:16:00+00:00,4389.87,4390.78,4389.34,4390.4,160,10,0
2026-09-09 13:17:00+00:00,4390.31,4390.92,4390.2,4390.9,110,8,0
2026-09-09 13:18:00+00:00,4390.91,4392.08,4390.61,4391.71,135,8,0
2026-09-09 13:19:00+00:00,4391.78,4394.58,4391.78,4394.47,137,14,0
2026-09-09 13:20:00+00:00,4394.42,4396.01,4394.34,4395.46,135,8,0
2026-09-09 13:21:00+00:00,4395.46,4395.46,4394.37,4394.84,103,8,0
2026-09-09 13:22:00+00:00,4394.87,4394.87,4394.18,4394.4,114,8,0
2026-09-09 13:23:00+00:00,4394.38,4394.72,4394.26,4394.66,103,8,0
2026-09-09 13:24:00+00:00,4394.65,4394.82,4393.85,4394.65,111,8,0
2026-09-09 13:25:00+00:00,4394.55,4395.1,4394.55,4394.79,98,8,0
2026-09-09 13:26:00+00:00,4394.95,4395.6,4394.72,4395.6,116,8,0
2026-09-09 13:27:00+00:00,4395.61,4395.61,4393.13,4393.37,110,9,0
2026-09-09 13:28:00+00:00,4393.32,4394.51,4393.32,4394.18,111,12,0
2026-09-09 13:29:00+00:00,4394.1,4394.74,4393.82,4394.39,106,11,0
2026-09-09 13:30:00+00:00,4394.34,4394.8,4393.51,4394.71,137,14,0
2026-09-09 13:31:00+00:00,4394.72,4395.77,4394.47,4395.77,119,14,0
2026-09-09 13:32:00+00:00,4395.48,4395.94,4395.06,4395.56,112,9,0
2026-09-09 13:33:00+00:00,4395.54,4396.81,4395.41,4396.8,112,8,0
2026-09-09 13:34:00+00:00,4396.84,4397.09,4395.49,4396.39,119,8,0
2026-09-09 13:35:00+00:00,4396.4,4397.45,4396.17,4397.03,117,14,0
2026-09-09 13:36:00+00:00,4397.05,4397.38,4396.4,4397.38,116,8,0
2026-09-09 13:37:00+00:00,4397.39,4398.64,4397.39,4398.53,123,8,0
2026-09-09 13:38:00+00:00,4398.54,4399.32,4398.54,4398.79,101,8,0
2026-09-09 13:39:00+00:00,4398.78,4399.25,4398.49,4398.55,114,8,0
2026-09-09 13:40:00+00:00,4398.56,4399.15,4396.91,4396.92,124,10,0
2026-09-09 13:41:00+00:00,4396.9,4397.31,4396.11,4396.25,121,13,0
2026-09-09 13:42:00+00:00,4396.27,4396.28,4394.9,4395.34,121,10,0
2026-09-09 13:43:00+00:00,4395.33,4395.55,4394.66,4394.99,112,8,0
2026-09-09 13:44:00+00:00,4394.97,4395.18,4394.49,4395.02,109,8,0
2026-09-09 13:45:00+00:00,4394.89,4395.57,4394.7,4394.78,88,8,0
2026-09-09 13:46:00+00:00,4394.79,4396.17,4394.79,4396.17,133,8,0
2026-09-09 13:47:00+00:00,4395.99,4397.02,4395.59,4396.94,106,12,0
2026-09-09 13:48:00+00:00,4396.87,4399.18,4396.87,4399.18,122,14,0
2026-09-09 13:49:00+00:00,4399.24,4399.88,4398.8,4399.15,130,9,0
2026-09-09 13:50:00+00:00,4398.96,4400.18,4398.46,4399.7,145,11,0
2026-09-09 13:51:00+00:00,4399.71,4400.29,4398.73,4398.73,125,14,0
2026-09-09 13:52:00+00:00,4398.73,4399.61,4398.45,4399.24,144,14,0
2026-09-09 13:53:00+00:00,4399.31,4402.13,4399.28,4401.6,146,14,0
2026-09-09 13:54:00+00:00,4401.57,4402.25,4400.91,4402.09,128,14,0
2026-09-09 13:55:00+00:00,4402.06,4403.06,4401.51,4403.0,154,14,0
2026-09-09 13:56:00+00:00,4403.04,4403.04,4400.83,4401.28,160,14,0
2026-09-09 13:57:00+00:00,4401.3,4401.98,4400.99,4401.14,134,14,0
2026-09-09 13:58:00+00:00,4401.13,4401.96,4400.77,4400.78,132,11,0
2026-09-09 13:59:00+00:00,4400.79,4400.8,4399.68,4399.68,133,11,0
2026-09-09 14:00:00+00:00,4399.71,4402.93,4399.71,4402.68,147,13,0
2026-09-09 14:01:00+00:00,4402.62,4403.4,4401.92,4403.27,149,13,0
2026-09-09 14:02:00+00:00,4403.31,4403.44,4401.67,4402.01,160,13,0
2026-09-09 14:03:00+00:00,4402.07,4402.94,4401.65,4402.77,127,11,0
2026-09-09 14:04:00+00:00,4402.78,4403.8,4402.34,4403.63,123,8,0
2026-09-09 14:05:00+00:00,4403.62,4403.77,4403.34,4403.39,122,8,0
2026-09-09 14:06:00+00:00,4403.43,4403.79,4403.24,4403.24,106,8,0
2026-09-09 14:07:00+00:00,4403.16,4403.37,4402.18,4402.42,109,8,0
2026-09-09 14:08:00+00:00,4402.46,4403.13,4402.46,4403.12,91,8,0
2026-09-09 14:09:00+00:00,4403.13,4404.29,4403.12,4404.18,71,8,0
2026-09-09 14:10:00+00:00,4404.15,4404.59,4404.03,4404.44,126,8,0
2026-09-09 14:11:00+00:00,4404.4,4404.47,4403.87,4404.14,98,8,0
2026-09-09 14:12:00+00:00,4404.17,4404.54,4403.68,4404.24,113,9,0
2026-09-09 14:13:00+00:00,4404.39,4404.41,4403.08,4403.11,86,8,0
2026-09-09 14:14:00+00:00,4403.06,4403.45,4402.73,4403.41,123,14,0
2026-09-09 14:15:00+00:00,4403.58,4403.74,4401.82,4401.96,96,13,0
2026-09-09 14:16:00+00:00,4401.92,4403.48,4401.48,4402.96,109,13,0
2026-09-09 14:17:00+00:00,4402.93,4403.62,4402.69,4402.81,111,14,0
2026-09-09 14:18:00+00:00,4402.89,4403.97,4402.87,4403.82,108,14,0
2026-09-09 14:19:00+00:00,4403.85,4404.55,4403.81,4404.07,119,14,0
2026-09-09 14:20:00+00:00,4404.06,4404.7,4403.26,4403.32,131,13,0
2026-09-09 14:21:00+00:00,4403.36,4403.63,4402.52,4403.08,114,13,0
2026-09-09 14:22:00+00:00,4403.09,4403.97,4402.78,4403.97,109,11,0
2026-09-09 14:23:00+00:00,4404.11,4405.05,4404.0,4404.99,78,8,0
2026-09-09 14:24:00+00:00,4405.03,4405.78,4404.94,4405.78,150,12,0
2026-09-09 14:25:00+00:00,4405.84,4407.09,4405.84,4406.93,149,12,0
2026-09-09 14:26:00+00:00,4406.79,4408.42,4406.67,4407.95,145,14,0
2026-09-09 14:27:00+00:00,4407.93,4409.08,4407.64,4408.99,129,14,0
2026-09-09 14:28:00+00:00,4409.01,4409.1,4407.51,4408.27,143,13,0
2026-09-09 14:29:00+00:00,4408.28,4408.65,4407.55,4408.31,141,11,0
2026-09-09 14:30:00+00:00,4408.27,4408.44,4405.96,4406.35,138,14,0
2026-09-09 14:31:00+00:00,4406.2,4407.31,4405.69,4406.57,147,14,0
2026-09-09 14:32:00+00:00,4406.56,4407.13,4405.97,4406.98,149,14,0
2026-09-09 14:33:00+00:00,4407.06,4407.71,4407.04,4407.14,134,13,0
2026-09-09 14:34:00+00:00,4406.89,4406.89,4404.53,4404.64,133,13,0
2026-09-09 14:35:00+00:00,4404.67,4404.71,4403.96,4404.53,121,12,0
2026-09-09 14:36:00+00:00,4404.55,4404.61,4403.58,4404.04,133,10,0
2026-09-09 14:37:00+00:00,4404.05,4404.28,4403.58,4403.77,130,8,0
2026-09-09 14:38:00+00:00,4403.79,4405.49,4403.73,4404.85,119,8,0
2026-09-09 14:39:00+00:00,4404.56,4404.88,4403.76,4404.88,108,13,0
2026-09-09 14:40:00+00:00,4404.9,4406.02,4404.88,4405.7,100,10,0
2026-09-09 14:41:00+00:00,4405.7,4405.97,4404.92,4405.17,122,8,0
2026-09-09 14:42:00+00:00,4405.18,4406.98,4405.12,4406.55,127,11,0
2026-09-09 14:43:00+00:00,4406.56,4407.01,4405.19,4406.09,126,14,0
2026-09-09 14:44:00+00:00,4406.18,4406.19,4405.32,4405.55,107,14,0
2026-09-09 14:45:00+00:00,4405.64,4406.51,4405.2,4405.24,131,11,0
2026-09-09 14:46:00+00:00,4405.23,4405.27,4403.76,4403.82,128,12,0
2026-09-09 14:47:00+00:00,4403.71,4404.29,4403.5,4404.08,127,8,0
2026-09-09 14:48:00+00:00,4404.07,4405.42,4403.91,4405.41,135,8,0
2026-09-09 14:49:00+00:00,4405.41,4414.47,4405.41,4414.16,200,8,0
2026-09-09 14:50:00+00:00,4414.38,4415.28,4413.23,4413.23,223,14,0
2026-09-09 14:51:00+00:00,4413.25,4413.28,4409.2,4409.3,210,14,0
2026-09-09 14:52:00+00:00,4409.25,4412.2,4409.22,4410.04,178,14,0
2026-09-09 14:53:00+00:00,4410.06,4410.48,4408.92,4409.32,154,13,0
2026-09-09 14:54:00+00:00,4409.32,4409.32,4406.96,4407.09,135,12,0
2026-09-09 14:55:00+00:00,4407.08,4407.14,4405.97,4406.79,161,12,0
2026-09-09 14:56:00+00:00,4406.71,4407.7,4406.68,4407.19,144,11,0
2026-09-09 14:57:00+00:00,4407.26,4408.4,4407.24,4407.92,126,10,0
2026-09-09 14:58:00+00:00,4407.9,4408.54,4406.97,4407.06,179,11,0
2026-09-09 14:59:00+00:00,4406.98,4407.82,4406.56,4407.32,136,11,0
2026-09-09 15:00:00+00:00,4407.4,4409.38,4407.39,4408.84,180,12,0
2026-09-09 15:01:00+00:00,4408.81,4408.81,4406.7,4406.78,155,13,0
2026-09-09 15:02:00+00:00,4406.82,4407.08,4406.1,4406.16,163,13,0
2026-09-09 15:03:00+00:00,4406.13,4407.15,4405.02,4405.11,162,13,0
2026-09-09 15:04:00+00:00,4405.07,4405.14,4403.42,4404.26,148,13,0
2026-09-09 15:05:00+00:00,4404.23,4405.77,4403.53,4403.9,164,13,0
2026-09-09 15:06:00+00:00,4403.85,4404.63,4401.58,4401.6,167,13,0
2026-09-09 15:07:00+00:00,4401.58,4403.05,4400.98,4403.05,170,13,0
2026-09-09 15:08:00+00:00,4403.04,4403.87,4401.58,4401.69,144,12,0
2026-09-09 15:09:00+00:00,4401.86,4403.29,4401.03,4403.29,155,13,0
2026-09-09 15:10:00+00:00,4403.3,4404.68,4403.3,4404.1,141,13,0
2026-09-09 15:11:00+00:00,4404.08,4404.66,4402.94,4403.09,149,13,0
2026-09-09 15:12:00+00:00,4403.12,4403.34,4400.65,4400.65,168,13,0
2026-09-09 15:13:00+00:00,4400.77,4401.06,4399.99,4400.0,133,13,0
2026-09-09 15:14:00+00:00,4399.94,4399.98,4399.06,4399.28,121,11,0
2026-09-09 15:15:00+00:00,4399.29,4399.52,4398.18,4398.75,141,10,0
2026-09-09 15:16:00+00:00,4399.0,4400.25,4397.67,4398.05,160,12,0
2026-09-09 15:17:00+00:00,4397.9,4398.01,4397.21,4397.82,157,13,0
2026-09-09 15:18:00+00:00,4397.77,4398.82,4397.03,4397.53,176,13,0
2026-09-09 15:19:00+00:00,4397.51,4397.85,4396.09,4396.52,150,13,0
2026-09-09 15:20:00+00:00,4396.57,4400.26,4395.03,4400.25,206,13,0
2026-09-09 15:21:00+00:00,4400.16,4400.2,4397.97,4399.41,147,14,0
2026-09-09 15:22:00+00:00,4399.4,4399.68,4398.17,4398.17,140,12,0
2026-09-09 15:23:00+00:00,4398.13,4398.48,4396.08,4396.71,173,12,0
2026-09-09 15:24:00+00:00,4396.7,4396.86,4394.89,4396.86,177,13,0
2026-09-09 15:25:00+00:00,4396.91,4397.0,4394.52,4394.88,191,13,0
2026-09-09 15:26:00+00:00,4394.84,4395.08,4394.31,4394.85,157,9,0
2026-09-09 15:27:00+00:00,4394.9,4396.67,4394.6,4394.93,167,8,0
2026-09-09 15:28:00+00:00,4394.97,4396.3,4394.58,4394.84,161,9,0
2026-09-09 15:29:00+00:00,4394.82,4395.49,4393.72,4393.72,150,8,0
2026-09-09 15:30:00+00:00,4393.7,4394.02,4391.93,4392.56,193,8,0
2026-09-09 15:31:00+00:00,4392.68,4394.37,4392.68,4393.14,155,12,0
2026-09-09 15:32:00+00:00,4393.13,4395.54,4392.52,4395.12,162,11,0
2026-09-09 15:33:00+00:00,4395.24,4396.48,4394.8,4396.06,148,10,0
2026-09-09 15:34:00+00:00,4396.09,4397.24,4395.81,4396.35,143,8,0
2026-09-09 15:35:00+00:00,4396.38,4397.34,4395.93,4395.93,141,11,0
2026-09-09 15:36:00+00:00,4395.84,4397.61,4394.76,4396.71,185,14,0
2026-09-09 15:37:00+00:00,4396.86,4396.89,4394.56,4394.86,180,14,0
2026-09-09 15:38:00+00:00,4394.88,4394.94,4392.65,4393.43,180,14,0
2026-09-09 15:39:00+00:00,4393.45,4393.45,4391.0,4391.21,166,9,0
2026-09-09 15:40:00+00:00,4391.22,4392.89,4390.95,4392.42,143,12,0
2026-09-09 15:41:00+00:00,4392.45,4393.69,4391.58,4392.91,168,14,0
2026-09-09 15:42:00+00:00,4392.9,4393.38,4391.35,4392.38,157,14,0
2026-09-09 15:43:00+00:00,4392.37,4394.34,4391.79,4393.93,154,14,0
2026-09-09 15:44:00+00:00,4393.78,4395.66,4393.34,4395.37,163,11,0
2026-09-09 15:45:00+00:00,4395.33,4399.56,4395.33,4398.82,178,12,0
2026-09-09 15:46:00+00:00,4398.86,4399.57,4397.76,4398.43,156,8,0
2026-09-09 15:47:00+00:00,4398.47,4398.91,4398.05,4398.8,164,8,0
2026-09-09 15:48:00+00:00,4398.79,4399.3,4398.12,4398.49,129,8,0
2026-09-09 15:49:00+00:00,4398.51,4398.51,4397.18,4397.45,147,8,0
2026-09-09 15:50:00+00:00,4397.36,4397.36,4396.29,4397.13,136,8,0
2026-09-09 15:51:00+00:00,4397.12,4397.55,4396.56,4396.56,160,8,0
2026-09-09 15:52:00+00:00,4396.55,4398.2,4396.28,4397.94,172,8,0
2026-09-09 15:53:00+00:00,4397.93,4398.8,4396.72,4397.0,151,8,0
2026-09-09 15:54:00+00:00,4396.92,4399.1,4396.71,4398.56,146,12,0
2026-09-09 15:55:00+00:00,4398.55,4399.09,4398.39,4399.04,135,8,0
2026-09-09 15:56:00+00:00,4399.05,4400.23,4399.03,4400.19,122,8,0
2026-09-09 15:57:00+00:00,4400.22,4402.08,4400.22,4401.99,135,8,0
2026-09-09 15:58:00+00:00,4401.87,4402.25,4401.24,4401.24,129,13,0
2026-09-09 15:59:00+00:00,4401.01,4401.01,4399.92,4400.35,138,10,0
2026-09-09 16:00:00+00:00,4400.16,4404.61,4398.84,4404.52,215,10,0
2026-09-09 16:01:00+00:00,4404.56,4404.57,4403.05,4404.06,199,14,0
2026-09-09 16:02:00+00:00,4404.08,4407.13,4403.78,4407.13,202,14,0
2026-09-09 16:03:00+00:00,4407.14,4408.29,4404.28,4405.0,210,14,0
2026-09-09 16:04:00+00:00,4405.01,4407.4,4404.93,4407.23,187,14,0
2026-09-09 16:05:00+00:00,4407.21,4408.65,4406.94,4408.35,202,13,0
2026-09-09 16:06:00+00:00,4408.41,4409.55,4408.41,4409.55,174,10,0
2026-09-09 16:07:00+00:00,4409.42,4409.42,4407.56,4408.9,190,12,0
2026-09-09 16:08:00+00:00,4408.89,4410.52,4408.41,4408.5,169,13,0
2026-09-09 16:09:00+00:00,4408.38,4410.47,4408.38,4409.82,181,13,0
2026-09-09 16:10:00+00:00,4409.81,4410.83,4409.5,4410.83,166,11,0
2026-09-09 16:11:00+00:00,4410.91,4413.42,4410.5,4410.74,183,13,0
2026-09-09 16:12:00+00:00,4410.73,4411.83,4409.91,4411.71,179,14,0
2026-09-09 16:13:00+00:00,4411.73,4412.54,4410.84,4411.75,159,9,0
2026-09-09 16:14:00+00:00,4411.84,4413.11,4410.79,4413.08,172,12,0
2026-09-09 16:15:00+00:00,4413.07,4413.81,4411.36,4412.52,195,14,0
2026-09-09 16:16:00+00:00,4412.49,4412.89,4410.65,4410.77,166,13,0
2026-09-09 16:17:00+00:00,4410.78,4412.89,4410.78,4412.25,191,14,0
2026-09-09 16:18:00+00:00,4412.27,4413.22,4411.97,4413.12,150,9,0
2026-09-09 16:19:00+00:00,4412.99,4417.81,4412.99,4417.05,202,8,0
2026-09-09 16:20:00+00:00,4417.06,4417.65,4414.4,4417.09,199,14,0
2026-09-09 16:21:00+00:00,4417.16,4419.24,4416.0,4417.7,191,14,0
2026-09-09 16:22:00+00:00,4417.81,4420.09,4416.57,4418.98,196,14,0
2026-09-09 16:23:00+00:00,4418.99,4423.02,4418.67,4422.94,193,13,0
2026-09-09 16:24:00+00:00,4422.87,4427.81,4422.69,4427.22,213,10,0
2026-09-09 16:25:00+00:00,4427.4,4429.42,4425.14,4426.17,221,14,0
2026-09-09 16:26:00+00:00,4426.2,4427.59,4425.53,4426.38,207,14,0
2026-09-09 16:27:00+00:00,4426.41,4429.16,4426.12,4427.9,196,14,0
2026-09-09 16:28:00+00:00,4428.05,4429.96,4427.76,4428.06,193,12,0
2026-09-09 16:29:00+00:00,4428.19,4430.22,4427.44,4429.47,195,12,0
2026-09-09 16:30:00+00:00,4429.49,4433.4,4428.87,4431.84,223,13,0
2026-09-09 16:31:00+00:00,4431.83,4432.02,4428.16,4430.09,224,14,0
2026-09-09 16:32:00+00:00,4430.27,4434.08,4429.8,4429.8,225,14,0
2026-09-09 16:33:00+00:00,4429.45,4433.02,4429.04,4432.4,220,14,0
2026-09-09 16:34:00+00:00,4432.37,4432.74,4430.22,4430.31,219,14,0
2026-09-09 16:35:00+00:00,4430.51,4430.7,4427.37,4427.95,221,14,0
2026-09-09 16:36:00+00:00,4427.77,4428.46,4425.86,4426.66,215,14,0
2026-09-09 16:37:00+00:00,4427.05,4428.13,4424.12,4425.89,209,14,0
2026-09-09 16:38:00+00:00,4425.98,4426.42,4423.38,4426.21,221,14,0
2026-09-09 16:39:00+00:00,4426.27,4426.31,4419.96,4421.44,212,14,0
2026-09-09 16:40:00+00:00,4421.43,4422.01,4419.06,4419.95,219,13,0
2026-09-09 16:41:00+00:00,4419.97,4420.13,4418.33,4418.37,214,12,0
2026-09-09 16:42:00+00:00,4418.34,4418.4,4414.34,4414.85,213,12,0
2026-09-09 16:43:00+00:00,4414.78,4415.88,4413.02,4415.07,213,12,0
2026-09-09 16:44:00+00:00,4414.98,4418.44,4414.54,4417.2,206,12,0
2026-09-09 16:45:00+00:00,4417.19,4419.57,4416.66,4416.97,214,13,0
2026-09-09 16:46:00+00:00,4416.98,4420.4,4416.08,4420.28,200,13,0
2026-09-09 16:47:00+00:00,4420.36,4420.36,4418.19,4419.09,211,14,0
2026-09-09 16:48:00+00:00,4419.06,4419.58,4417.01,4418.75,199,13,0
2026-09-09 16:49:00+00:00,4418.8,4420.87,4418.56,4420.79,208,10,0
2026-09-09 16:50:00+00:00,4421.35,4423.72,4419.73,4421.52,202,10,0
2026-09-09 16:51:00+00:00,4421.66,4422.92,4419.93,4420.46,189,12,0
2026-09-09 16:52:00+00:00,4420.42,4420.82,4417.91,4418.19,210,14,0
2026-09-09 16:53:00+00:00,4418.16,4420.31,4417.56,4418.49,210,12,0
2026-09-09 16:54:00+00:00,4418.49,4418.91,4415.56,4416.44,208,11,0
2026-09-09 16:55:00+00:00,4416.45,4416.68,4411.85,4413.39,218,14,0
2026-09-09 16:56:00+00:00,4413.41,4413.91,4411.87,4412.7,204,12,0
2026-09-09 16:57:00+00:00,4412.69,4413.01,4411.5,4412.67,218,8,0
2026-09-09 16:58:00+00:00,4412.66,4413.17,4410.8,4412.59,202,8,0
2026-09-09 16:59:00+00:00,4412.55,4415.46,4412.53,4415.13,201,8,0
2026-09-09 17:00:00+00:00,4415.1,4416.74,4414.43,4416.3,212,8,0
2026-09-09 17:01:00+00:00,4416.46,4418.3,4414.51,4417.95,209,14,0
2026-09-09 17:02:00+00:00,4417.96,4420.5,4417.2,4420.5,206,11,0
2026-09-09 17:03:00+00:00,4420.48,4423.93,4419.8,4423.76,218,14,0
2026-09-09 17:04:00+00:00,4423.81,4424.5,4422.73,4423.64,220,13,0
2026-09-09 17:05:00+00:00,4423.54,4428.61,4423.54,4425.85,208,14,0
2026-09-09 17:06:00+00:00,4425.84,4426.0,4423.11,4424.44,220,14,0
2026-09-09 17:07:00+00:00,4424.43,4424.48,4422.14,4423.54,192,9,0
2026-09-09 17:08:00+00:00,4423.63,4423.94,4421.9,4422.82,182,8,0
2026-09-09 17:09:00+00:00,4422.55,4423.25,4421.12,4422.16,196,8,0
2026-09-09 17:10:00+00:00,4422.18,4422.95,4420.81,4422.03,195,8,0
2026-09-09 17:11:00+00:00,4421.96,4422.42,4420.32,4421.24,195,8,0
2026-09-09 17:12:00+00:00,4421.52,4421.54,4417.95,4418.35,204,8,0
2026-09-09 17:13:00+00:00,4418.33,4420.0,4418.06,4419.17,206,8,0
2026-09-09 17:14:00+00:00,4419.18,4423.58,4419.17,4423.41,203,8,0
2026-09-09 17:15:00+00:00,4423.38,4423.38,4419.51,4420.39,205,8,0
2026-09-09 17:16:00+00:00,4420.22,4420.22,4415.05,4416.39,209,13,0
2026-09-09 17:17:00+00:00,4416.41,4419.23,4415.98,4418.73,197,14,0
2026-09-09 17:18:00+00:00,4418.76,4418.76,4416.47,4417.13,204,11,0
2026-09-09 17:19:00+00:00,4417.21,4417.45,4414.09,4416.9,209,8,0
2026-09-09 17:20:00+00:00,4416.91,4417.28,4413.97,4414.47,205,8,0
2026-09-09 17:21:00+00:00,4414.48,4415.43,4413.19,4413.49,200,8,0
2026-09-09 17:22:00+00:00,4413.5,4414.43,4412.7,4413.68,197,8,0
2026-09-09 17:23:00+00:00,4413.66,4415.61,4413.12,4414.94,206,8,0
2026-09-09 17:24:00+00:00,4414.96,4415.35,4411.22,4411.22,205,8,0
2026-09-09 17:25:00+00:00,4410.35,4416.48,4410.31,4416.48,214,14,0
2026-09-09 17:26:00+00:00,4416.46,4419.96,4416.11,4419.96,217,14,0
2026-09-09 17:27:00+00:00,4419.86,4422.57,4419.64,4420.97,206,9,0
2026-09-09 17:28:00+00:00,4421.0,4424.14,4421.0,4423.85,212,10,0
2026-09-09 17:29:00+00:00,4423.84,4426.16,4423.48,4425.95,217,8,0
2026-09-09 17:30:00+00:00,4426.01,4426.04,4423.98,4424.11,191,8,0
2026-09-09 17:31:00+00:00,4424.1,4424.39,4422.05,4423.27,180,8,0
2026-09-09 17:32:00+00:00,4423.22,4423.57,4421.22,4422.58,185,10,0
2026-09-09 17:33:00+00:00,4422.56,4422.85,4420.59,4422.41,187,10,0
2026-09-09 17:34:00+00:00,4422.44,4422.53,4421.1,4422.53,193,10,0
2026-09-09 17:35:00+00:00,4422.77,4425.44,4422.72,4424.8,195,10,0
2026-09-09 17:36:00+00:00,4424.76,4425.23,4424.44,4425.21,179,10,0
2026-09-09 17:37:00+00:00,4425.18,4425.18,4423.35,4423.65,186,10,0
2026-09-09 17:38:00+00:00,4423.48,4425.19,4422.83,4423.84,185,10,0
2026-09-09 17:39:00+00:00,4423.84,4427.06,4423.83,4426.13,191,10,0
2026-09-09 17:40:00+00:00,4426.12,4426.36,4423.48,4424.16,190,15,0
2026-09-09 17:41:00+00:00,4424.19,4425.29,4423.55,4423.96,187,14,0
2026-09-09 17:42:00+00:00,4423.99,4424.05,4421.77,4422.25,185,12,0
2026-09-09 17:43:00+00:00,4422.24,4422.24,4420.07,4420.54,177,10,0
2026-09-09 17:44:00+00:00,4420.51,4421.65,4418.77,4418.94,177,10,0
2026-09-09 17:45:00+00:00,4419.0,4420.55,4418.16,4420.55,176,12,0
2026-09-09 17:46:00+00:00,4420.58,4420.98,4418.82,4420.48,185,12,0
2026-09-09 17:47:00+00:00,4420.38,4422.31,4420.38,4422.07,188,14,0
2026-09-09 17:48:00+00:00,4422.23,4422.29,4420.72,4421.02,194,14,0
2026-09-09 17:49:00+00:00,4421.14,4421.8,4420.05,4420.67,167,11,0
2026-09-09 17:50:00+00:00,4420.68,4422.65,4419.96,4422.18,197,15,0
2026-09-09 17:51:00+00:00,4422.17,4422.45,4421.21,4421.81,190,15,0
2026-09-09 17:52:00+00:00,4421.78,4423.55,4419.92,4419.92,184,14,0
2026-09-09 17:53:00+00:00,4420.03,4421.51,4419.99,4420.21,185,15,0
2026-09-09 17:54:00+00:00,4420.21,4421.72,4419.34,4419.34,163,12,0
2026-09-09 17:55:00+00:00,4419.37,4420.4,4416.35,4416.67,193,16,0
2026-09-09 17:56:00+00:00,4416.69,4417.98,4415.99,4416.36,201,16,0
2026-09-09 17:57:00+00:00,4416.34,4418.1,4416.09,4417.14,185,10,0
2026-09-09 17:58:00+00:00,4417.12,4417.84,4415.0,4417.5,187,10,0
2026-09-09 17:59:00+00:00,4417.43,4418.69,4416.58,4418.68,177,10,0
2026-09-09 18:00:00+00:00,4418.72,4432.13,4418.16,4428.59,178,10,0
2026-09-09 18:01:00+00:00,4428.09,4430.38,4405.91,4408.14,183,16,0
2026-09-09 18:02:00+00:00,4407.34,4414.01,4400.46,4400.71,207,16,0
2026-09-09 18:03:00+00:00,4400.67,4403.84,4398.33,4402.23,226,16,0
2026-09-09 18:04:00+00:00,4402.18,4402.19,4395.05,4395.51,219,16,0
2026-09-09 18:05:00+00:00,4395.27,4398.62,4383.73,4384.64,222,16,0
2026-09-09 18:06:00+00:00,4384.29,4391.35,4381.22,4386.82,224,16,0
2026-09-09 18:07:00+00:00,4386.89,4395.42,4385.99,4395.37,221,16,0
2026-09-09 18:08:00+00:00,4395.32,4395.87,4392.26,4395.6,220,16,0
2026-09-09 18:09:00+00:00,4395.86,4395.86,4388.64,4391.93,220,15,0
2026-09-09 18:10:00+00:00,4391.95,4393.25,4387.66,4390.77,224,16,0
2026-09-09 18:11:00+00:00,4390.89,4391.01,4384.61,4384.66,230,16,0
2026-09-09 18:12:00+00:00,4384.45,4389.54,4382.96,4383.72,223,16,0
2026-09-09 18:13:00+00:00,4383.76,4390.7,4383.76,4386.84,228,15,0
2026-09-09 18:14:00+00:00,4386.88,4392.23,4386.88,4390.59,222,15,0
2026-09-09 18:15:00+00:00,4390.74,4391.63,4386.02,4389.65,227,15,0
2026-09-09 18:16:00+00:00,4389.88,4393.71,4388.7,4391.7,224,16,0
2026-09-09 18:17:00+00:00,4391.84,4392.16,4383.66,4386.69,225,16,0
2026-09-09 18:18:00+00:00,4386.82,4389.04,4383.95,4384.02,221,15,0
2026-09-09 18:19:00+00:00,4384.0,4384.85,4380.72,4384.67,228,15,0
2026-09-09 18:20:00+00:00,4384.64,4388.28,4384.39,4386.78,220,14,0
2026-09-09 18:21:00+00:00,4386.75,4387.18,4381.02,4382.34,220,14,0
2026-09-09 18:22:00+00:00,4382.32,4383.55,4375.36,4376.47,215,15,0
2026-09-09 18:23:00+00:00,4376.44,4379.71,4375.17,4379.52,219,15,0
2026-09-09 18:24:00+00:00,4379.53,4383.13,4377.83,4383.13,229,15,0
2026-09-09 18:25:00+00:00,4383.4,4389.74,4382.98,4389.27,226,15,0
2026-09-09 18:26:00+00:00,4389.45,4390.24,4386.96,4389.62,219,14,0
2026-09-09 18:27:00+00:00,4389.71,4391.75,4388.46,4390.85,225,14,0
2026-09-09 18:28:00+00:00,4390.78,4393.49,4390.46,4392.99,211,14,0
2026-09-09 18:29:00+00:00,4393.24,4395.42,4392.94,4394.63,213,11,0
2026-09-09 18:30:00+00:00,4394.66,4397.44,4393.29,4397.16,216,11,0
2026-09-09 18:31:00+00:00,4397.17,4397.17,4393.04,4393.08,212,13,0
2026-09-09 18:32:00+00:00,4393.03,4397.63,4392.62,4397.63,210,14,0
2026-09-09 18:33:00+00:00,4397.48,4398.4,4396.72,4398.27,196,14,0
2026-09-09 18:34:00+00:00,4398.25,4401.32,4397.96,4401.32,203,13,0
2026-09-09 18:35:00+00:00,4401.14,4402.57,4400.55,4402.34,214,14,0
2026-09-09 18:36:00+00:00,4402.49,4406.75,4402.28,4406.75,216,14,0
2026-09-09 18:37:00+00:00,4406.82,4406.82,4402.7,4402.74,196,15,0
2026-09-09 18:38:00+00:00,4402.69,4402.69,4400.38,4401.57,196,14,0
2026-09-09 18:39:00+00:00,4401.58,4407.0,4397.84,4406.6,200,14,0
2026-09-09 18:40:00+00:00,4406.39,4407.08,4399.45,4402.34,225,16,0
2026-09-09 18:41:00+00:00,4402.29,4404.09,4400.84,4402.34,210,16,0
2026-09-09 18:42:00+00:00,4402.37,4402.7,4400.91,4401.77,208,15,0
2026-09-09 18:43:00+00:00,4401.79,4403.83,4401.4,4403.3,182,14,0
2026-09-09 18:44:00+00:00,4403.41,4404.66,4402.83,4403.06,196,14,0
2026-09-09 18:45:00+00:00,4403.04,4404.03,4402.57,4402.83,208,13,0
2026-09-09 18:46:00+00:00,4402.89,4404.41,4402.67,4404.31,203,13,0
2026-09-09 18:47:00+00:00,4404.31,4404.71,4401.92,4402.01,200,14,0
2026-09-09 18:48:00+00:00,4401.98,4402.81,4400.61,4400.67,184,13,0
2026-09-09 18:49:00+00:00,4400.65,4403.1,4399.18,4402.22,198,13,0
2026-09-09 18:50:00+00:00,4402.23,4407.2,4402.05,4406.03,196,14,0
2026-09-09 18:51:00+00:00,4405.97,4406.29,4404.82,4405.11,177,15,0
2026-09-09 18:52:00+00:00,4405.12,4405.41,4400.68,4401.29,190,14,0
2026-09-09 18:53:00+00:00,4401.28,4402.06,4400.45,4401.07,174,14,0
2026-09-09 18:54:00+00:00,4400.76,4401.46,4399.61,4401.33,192,14,0
2026-09-09 18:55:00+00:00,4401.22,4401.22,4399.69,4399.69,172,14,0
2026-09-09 18:56:00+00:00,4399.81,4400.43,4399.21,4400.26,175,14,0
2026-09-09 18:57:00+00:00,4400.21,4400.41,4398.51,4398.67,182,15,0
2026-09-09 18:58:00+00:00,4398.74,4400.35,4398.2,4399.69,184,15,0
2026-09-09 18:59:00+00:00,4399.58,4399.69,4398.23,4398.38,198,15,0
2026-09-09 19:00:00+00:00,4398.47,4398.7,4397.06,4398.33,192,13,0
2026-09-09 19:01:00+00:00,4398.34,4398.86,4397.33,4398.07,195,14,0
2026-09-09 19:02:00+00:00,4398.09,4400.79,4397.4,4399.88,180,14,0
2026-09-09 19:03:00+00:00,4399.81,4401.81,4399.27,4401.76,173,13,0
2026-09-09 19:04:00+00:00,4401.63,4403.11,4401.4,4402.62,176,13,0
2026-09-09 19:05:00+00:00,4402.63,4402.63,4400.22,4400.77,190,13,0
2026-09-09 19:06:00+00:00,4400.71,4401.0,4398.26,4399.49,189,14,0
2026-09-09 19:07:00+00:00,4399.51,4400.13,4397.55,4397.55,156,14,0
2026-09-09 19:08:00+00:00,4397.62,4400.16,4395.06,4396.08,195,15,0
2026-09-09 19:09:00+00:00,4396.19,4397.16,4394.89,4395.64,215,15,0
2026-09-09 19:10:00+00:00,4395.65,4397.26,4395.04,4396.02,203,14,0
2026-09-09 19:11:00+00:00,4395.96,4396.85,4395.05,4395.97,195,13,0
2026-09-09 19:12:00+00:00,4396.02,4396.62,4395.6,4396.17,186,11,0
2026-09-09 19:13:00+00:00,4396.01,4398.73,4395.83,4398.55,169,9,0
2026-09-09 19:14:00+00:00,4398.43,4398.62,4397.9,4397.91,140,8,0
2026-09-09 19:15:00+00:00,4397.9,4398.32,4394.66,4395.77,195,8,0
2026-09-09 19:16:00+00:00,4395.76,4396.22,4394.21,4394.42,176,13,0
2026-09-09 19:17:00+00:00,4394.41,4394.92,4392.4,4392.83,177,13,0
2026-09-09 19:18:00+00:00,4392.81,4393.02,4392.0,4392.0,166,9,0
2026-09-09 19:19:00+00:00,4392.02,4394.92,4391.69,4393.45,185,8,0
2026-09-09 19:20:00+00:00,4393.33,4395.12,4393.31,4393.83,158,11,0
2026-09-09 19:21:00+00:00,4393.82,4395.72,4393.38,4395.41,162,11,0
2026-09-09 19:22:00+00:00,4395.52,4395.52,4394.43,4394.96,138,9,0
2026-09-09 19:23:00+00:00,4394.93,4396.57,4394.32,4396.27,165,9,0
2026-09-09 19:24:00+00:00,4396.24,4398.54,4395.8,4398.54,156,11,0
2026-09-09 19:25:00+00:00,4398.62,4402.42,4398.61,4401.26,187,11,0
2026-09-09 19:26:00+00:00,4401.59,4402.2,4400.12,4400.81,165,15,0
2026-09-09 19:27:00+00:00,4400.78,4402.37,4400.61,4402.16,176,14,0
2026-09-09 19:28:00+00:00,4402.14,4402.14,4400.19,4400.19,135,11,0
2026-09-09 19:29:00+00:00,4400.2,4401.71,4399.98,4401.71,148,9,0
2026-09-09 19:30:00+00:00,4401.72,4401.73,4399.04,4400.05,171,9,0
2026-09-09 19:31:00+00:00,4400.0,4401.45,4399.88,4401.45,156,15,0
2026-09-09 19:32:00+00:00,4401.54,4403.26,4400.57,4403.26,154,14,0
2026-09-09 19:33:00+00:00,4403.25,4403.77,4402.36,4403.03,159,9,0
2026-09-09 19:34:00+00:00,4403.06,4403.65,4402.41,4402.7,156,8,0
2026-09-09 19:35:00+00:00,4402.72,4404.22,4401.54,4401.95,140,9,0
2026-09-09 19:36:00+00:00,4402.02,4402.27,4400.36,4401.25,137,8,0
2026-09-09 19:37:00+00:00,4401.27,4401.27,4399.61,4399.7,121,8,0
2026-09-09 19:38:00+00:00,4399.67,4401.73,4399.33,4400.58,160,8,0
2026-09-09 19:39:00+00:00,4400.61,4404.31,4400.61,4404.17,144,9,0
2026-09-09 19:40:00+00:00,4404.14,4404.47,4403.35,4403.5,144,9,0
2026-09-09 19:41:00+00:00,4403.47,4404.97,4403.47,4404.18,178,9,0
2026-09-09 19:42:00+00:00,4404.17,4405.65,4404.17,4405.45,130,13,0
2026-09-09 19:43:00+00:00,4405.47,4407.74,4405.44,4406.86,135,13,0
2026-09-09 19:44:00+00:00,4406.83,4407.75,4406.55,4407.38,169,9,0
2026-09-09 19:45:00+00:00,4407.4,4407.94,4406.95,4407.51,184,9,0
2026-09-09 19:46:00+00:00,4407.52,4408.2,4407.48,4408.1,175,8,0
2026-09-09 19:47:00+00:00,4408.09,4408.48,4406.93,4408.38,163,8,0
2026-09-09 19:48:00+00:00,4408.36,4409.31,4406.2,4406.84,148,11,0
2026-09-09 19:49:00+00:00,4406.9,4408.12,4406.79,4407.07,160,11,0
2026-09-09 19:50:00+00:00,4407.0,4407.92,4406.2,4407.14,153,13,0
2026-09-09 19:51:00+00:00,4407.16,4407.5,4405.84,4406.36,153,11,0
2026-09-09 19:52:00+00:00,4406.41,4407.36,4405.82,4406.11,143,11,0
2026-09-09 19:53:00+00:00,4406.14,4406.39,4405.61,4406.35,115,9,0
2026-09-09 19:54:00+00:00,4406.33,4407.45,4406.18,4407.3,129,8,0
2026-09-09 19:55:00+00:00,4407.33,4407.91,4406.48,4407.11,157,9,0
2026-09-09 19:56:00+00:00,4407.33,4408.95,4407.21,4408.12,137,13,0
2026-09-09 19:57:00+00:00,4408.11,4408.88,4407.89,4408.58,136,9,0
2026-09-09 19:58:00+00:00,4408.61,4409.46,4408.49,4409.19,135,9,0
2026-09-09 19:59:00+00:00,4409.13,4410.37,4408.62,4409.66,132,8,0
2026-09-09 20:00:00+00:00,4409.58,4411.09,4408.98,4410.71,160,9,0
2026-09-09 20:01:00+00:00,4410.47,4411.14,4409.1,4410.18,156,14,0
2026-09-09 20:02:00+00:00,4410.2,4413.85,4409.54,4413.37,209,15,0
2026-09-09 20:03:00+00:00,4413.4,4413.4,4411.04,4411.83,179,15,0
2026-09-09 20:04:00+00:00,4412.08,4413.4,4411.81,4413.01,176,14,0
2026-09-09 20:05:00+00:00,4413.01,4415.7,4412.83,4415.59,163,11,0
2026-09-09 20:06:00+00:00,4415.6,4419.32,4415.44,4418.13,208,13,0
2026-09-09 20:07:00+00:00,4417.96,4418.27,4416.6,4418.27,173,15,0
2026-09-09 20:08:00+00:00,4418.31,4419.57,4418.2,4418.83,177,13,0
2026-09-09 20:09:00+00:00,4418.93,4420.45,4418.13,4418.47,186,12,0
2026-09-09 20:10:00+00:00,4418.45,4418.59,4417.08,4417.94,178,14,0
2026-09-09 20:11:00+00:00,4417.95,4418.85,4416.15,4417.28,172,13,0
2026-09-09 20:12:00+00:00,4417.29,4417.87,4415.85,4415.9,139,13,0
2026-09-09 20:13:00+00:00,4415.92,4417.31,4415.6,4417.28,187,12,0
2026-09-09 20:14:00+00:00,4417.35,4419.14,4416.6,4416.7,170,12,0
2026-09-09 20:15:00+00:00,4416.67,4417.25,4415.25,4416.38,158,15,0
2026-09-09 20:16:00+00:00,4416.5,4417.11,4415.43,4416.62,155,12,0
2026-09-09 20:17:00+00:00,4416.65,4418.09,4415.98,4417.53,138,10,0
2026-09-09 20:18:00+00:00,4417.54,4418.47,4417.27,4418.34,156,10,0
2026-09-09 20:19:00+00:00,4418.12,4418.12,4416.36,4416.36,150,11,0
2026-09-09 20:20:00+00:00,4416.35,4417.73,4416.11,4417.29,133,10,0
2026-09-09 20:21:00+00:00,4417.32,4418.59,4417.1,4418.2,123,10,0
2026-09-09 20:22:00+00:00,4418.37,4418.5,4417.56,4418.35,118,10,0
2026-09-09 20:23:00+00:00,4418.36,4418.56,4417.63,4418.03,132,10,0
2026-09-09 20:24:00+00:00,4417.99,4418.4,4415.77,4418.19,161,10,0
2026-09-09 20:25:00+00:00,4418.2,4419.71,4417.88,4419.43,138,11,0
2026-09-09 20:26:00+00:00,4419.48,4420.38,4419.01,4419.67,146,11,0
2026-09-09 20:27:00+00:00,4419.6,4420.59,4418.24,4419.48,134,12,0
2026-09-09 20:28:00+00:00,4419.64,4419.68,4416.88,4416.9,144,12,0
2026-09-09 20:29:00+00:00,4416.92,4417.49,4414.43,4414.8,178,13,0
2026-09-09 20:30:00+00:00,4414.88,4414.94,4413.48,4414.24,179,13,0
2026-09-09 20:31:00+00:00,4414.25,4414.64,4413.09,4413.54,146,10,0
2026-09-09 20:32:00+00:00,4413.56,4414.6,4413.21,4413.21,127,10,0
2026-09-09 20:33:00+00:00,4413.22,4413.93,4413.2,4413.59,139,10,0
2026-09-09 20:34:00+00:00,4413.65,4413.66,4411.89,4412.83,138,10,0
2026-09-09 20:35:00+00:00,4412.73,4413.01,4412.14,4412.95,111,10,0
2026-09-09 20:36:00+00:00,4412.92,4413.72,4412.88,4413.04,113,10,0
2026-09-09 20:37:00+00:00,4412.88,4414.58,4412.7,4413.02,147,10,0
2026-09-09 20:38:00+00:00,4413.03,4413.12,4412.25,4413.04,143,11,0
2026-09-09 20:39:00+00:00,4413.06,4413.34,4412.64,4413.24,124,11,0
2026-09-09 20:40:00+00:00,4413.25,4415.75,4413.25,4415.75,137,11,0
2026-09-09 20:41:00+00:00,4415.7,4416.18,4415.16,4416.18,129,11,0
2026-09-09 20:42:00+00:00,4416.37,4417.11,4416.06,4416.3,118,11,0
2026-09-09 20:43:00+00:00,4416.25,4416.25,4413.56,4413.57,117,14,0
2026-09-09 20:44:00+00:00,4413.58,4414.65,4413.58,4413.61,100,12,0
2026-09-09 20:45:00+00:00,4413.6,4414.14,4413.55,4413.6,127,13,0
2026-09-09 20:46:00+00:00,4413.54,4414.87,4413.41,4414.87,113,11,0
2026-09-09 20:47:00+00:00,4414.89,4415.15,4414.05,4414.26,96,11,0
2026-09-09 20:48:00+00:00,4414.25,4414.56,4414.0,4414.18,86,10,0
2026-09-09 20:49:00+00:00,4414.14,4414.29,4413.58,4413.76,109,10,0
2026-09-09 20:50:00+00:00,4413.77,4414.69,4413.39,4414.69,109,10,0
2026-09-09 20:51:00+00:00,4414.75,4414.98,4413.62,4414.77,97,11,0
2026-09-09 20:52:00+00:00,4414.67,4415.25,4414.52,4415.09,85,12,0
2026-09-09 20:53:00+00:00,4415.15,4416.09,4415.11,4415.51,116,11,0
2026-09-09 20:54:00+00:00,4415.47,4416.22,4414.65,4415.18,120,12,0
2026-09-09 20:55:00+00:00,4414.89,4415.86,4414.89,4415.84,111,15,0
2026-09-09 20:56:00+00:00,4415.81,4416.15,4415.14,4415.43,117,12,0
2026-09-09 20:57:00+00:00,4415.52,4416.53,4415.52,4416.29,86,11,0
2026-09-09 20:58:00+00:00,4416.27,4416.88,4416.22,4416.77,88,10,0
2026-09-09 20:59:00+00:00,4416.82,4416.86,4415.52,4416.06,100,11,0
2026-09-09 21:00:00+00:00,4416.05,4418.57,4416.05,4417.81,174,15,0
2026-09-09 21:01:00+00:00,4417.78,4419.03,4417.09,4417.48,156,15,0
2026-09-09 21:02:00+00:00,4417.46,4418.14,4416.81,4416.86,134,15,0
2026-09-09 21:03:00+00:00,4416.93,4418.08,4416.24,4417.58,126,15,0
2026-09-09 21:04:00+00:00,4417.66,4418.52,4417.08,4418.48,120,12,0
2026-09-09 21:05:00+00:00,4418.45,4419.0,4417.45,4417.67,124,12,0
2026-09-09 21:06:00+00:00,4417.64,4418.32,4417.36,4418.32,101,14,0
2026-09-09 21:07:00+00:00,4418.35,4418.4,4416.09,4416.41,145,14,0
2026-09-09 21:08:00+00:00,4416.42,4416.66,4415.83,4415.93,150,14,0
2026-09-09 21:09:00+00:00,4416.0,4418.4,4416.0,4418.16,116,11,0
2026-09-09 21:10:00+00:00,4418.13,4418.82,4417.84,4417.94,113,11,0
2026-09-09 21:11:00+00:00,4417.93,4419.21,4417.87,4419.05,111,11,0
2026-09-09 21:12:00+00:00,4419.06,4421.49,4418.97,4421.02,119,10,0
2026-09-09 21:13:00+00:00,4421.14,4421.17,4420.55,4420.98,116,12,0
2026-09-09 21:14:00+00:00,4420.97,4420.98,4419.88,4420.38,127,12,0
2026-09-09 21:15:00+00:00,4420.39,4420.51,4419.62,4420.0,137,11,0
2026-09-09 21:16:00+00:00,4419.96,4420.11,4418.24,4419.53,127,11,0
2026-09-09 21:17:00+00:00,4419.52,4420.69,4419.26,4420.34,120,15,0
2026-09-09 21:18:00+00:00,4420.2,4420.2,4419.73,4419.98,108,10,0
2026-09-09 21:19:00+00:00,4419.92,4419.92,4418.82,4419.18,94,10,0
2026-09-09 21:20:00+00:00,4419.13,4419.55,4418.67,4418.83,112,10,0
2026-09-09 21:21:00+00:00,4418.78,4419.52,4418.78,4419.38,132,10,0
2026-09-09 21:22:00+00:00,4419.37,4419.73,4418.68,4419.05,136,10,0
2026-09-09 21:23:00+00:00,4419.07,4419.33,4417.37,4417.39,102,10,0
2026-09-09 21:24:00+00:00,4417.38,4417.89,4417.12,4417.59,109,10,0
2026-09-09 21:25:00+00:00,4417.58,4417.99,4416.98,4417.82,112,10,0
2026-09-09 21:26:00+00:00,4417.81,4417.95,4417.01,4417.15,90,10,0
2026-09-09 21:27:00+00:00,4417.21,4417.95,4417.21,4417.61,116,12,0
2026-09-09 21:28:00+00:00,4417.54,4417.58,4416.88,4416.88,103,10,0
2026-09-09 21:29:00+00:00,4416.85,4417.84,4416.77,4417.84,138,10,0
2026-09-09 21:30:00+00:00,4417.91,4418.32,4416.72,4416.74,115,11,0
2026-09-09 21:31:00+00:00,4416.76,4416.76,4414.36,4414.82,148,11,0
2026-09-09 21:32:00+00:00,4414.86,4415.46,4413.98,4415.38,156,15,0
2026-09-09 21:33:00+00:00,4415.4,4416.8,4415.03,4415.85,141,15,0
2026-09-09 21:34:00+00:00,4415.76,4416.02,4414.89,4415.06,109,15,0
2026-09-09 21:35:00+00:00,4415.09,4415.54,4414.54,4414.72,110,14,0
2026-09-09 21:36:00+00:00,4414.75,4415.3,4414.55,4414.55,92,13,0
2026-09-09 21:37:00+00:00,4414.54,4414.54,4413.52,4414.04,117,11,0
2026-09-09 21:38:00+00:00,4414.01,4415.4,4414.01,4414.9,118,11,0
2026-09-09 21:39:00+00:00,4415.0,4415.74,4414.52,4414.96,134,11,0
2026-09-09 21:40:00+00:00,4414.97,4416.54,4414.81,4416.07,118,13,0
2026-09-09 21:41:00+00:00,4416.08,4416.47,4412.28,4412.28,136,12,0
2026-09-09 21:42:00+00:00,4412.25,4412.41,4410.2,4410.2,137,15,0
2026-09-09 21:43:00+00:00,4410.18,4410.9,4410.18,4410.62,104,11,0
2026-09-09 21:44:00+00:00,4410.68,4410.75,4409.57,4409.84,117,11,0
2026-09-09 21:45:00+00:00,4409.87,4410.11,4409.22,4409.6,124,10,0
2026-09-09 21:46:00+00:00,4409.65,4409.85,4408.44,4409.19,127,10,0
2026-09-09 21:47:00+00:00,4409.14,4409.14,4407.01,4407.89,153,10,0
2026-09-09 21:48:00+00:00,4407.86,4407.91,4406.66,4407.14,141,15,0
2026-09-09 21:49:00+00:00,4407.1,4407.35,4406.43,4406.58,145,12,0
2026-09-09 21:50:00+00:00,4406.56,4407.54,4405.46,4407.41,148,11,0
2026-09-09 21:51:00+00:00,4407.4,4407.83,4406.33,4406.7,155,13,0
2026-09-09 21:52:00+00:00,4406.68,4406.88,4405.4,4405.66,120,11,0
2026-09-09 21:53:00+00:00,4405.67,4406.39,4405.54,4405.98,128,10,0
2026-09-09 21:54:00+00:00,4406.05,4406.2,4405.16,4405.56,137,10,0
2026-09-09 21:55:00+00:00,4405.63,4406.87,4405.63,4406.14,146,10,0
2026-09-09 21:56:00+00:00,4406.13,4406.51,4403.04,4403.15,150,11,0
2026-09-09 21:57:00+00:00,4403.18,4403.59,4401.71,4402.32,155,15,0
2026-09-09 21:58:00+00:00,4402.29,4402.76,4401.96,4401.96,123,10,0
2026-09-09 21:59:00+00:00,4401.94,4403.37,4401.94,4403.14,132,10,0
2026-09-09 22:00:00+00:00,4403.22,4404.11,4402.78,4403.18,171,10,0
2026-09-09 22:01:00+00:00,4403.23,4403.26,4399.24,4399.43,176,15,0
2026-09-09 22:02:00+00:00,4399.42,4400.01,4397.05,4397.29,145,15,0
2026-09-09 22:03:00+00:00,4397.27,4398.8,4396.96,4398.48,155,15,0
2026-09-09 22:04:00+00:00,4398.46,4398.88,4397.42,4398.4,141,15,0
2026-09-09 22:05:00+00:00,4398.44,4399.58,4396.98,4397.89,170,15,0
2026-09-09 22:06:00+00:00,4397.75,4398.33,4397.36,4398.14,132,15,0
2026-09-09 22:07:00+00:00,4398.27,4400.06,4398.11,4399.17,155,13,0
2026-09-09 22:08:00+00:00,4399.11,4399.35,4398.29,4398.93,137,12,0
2026-09-09 22:09:00+00:00,4398.86,4399.74,4397.65,4399.26,152,11,0
2026-09-09 22:10:00+00:00,4399.25,4399.62,4398.5,4398.68,114,11,0
2026-09-09 22:11:00+00:00,4398.7,4399.13,4398.02,4398.85,108,11,0
2026-09-09 22:12:00+00:00,4398.91,4398.91,4397.58,4397.73,132,11,0
2026-09-09 22:13:00+00:00,4397.77,4398.56,4397.17,4398.52,126,10,0
2026-09-09 22:14:00+00:00,4398.48,4400.51,4398.07,4400.25,131,10,0
2026-09-09 22:15:00+00:00,4400.23,4401.39,4399.23,4400.18,155,15,0
2026-09-09 22:16:00+00:00,4400.19,4400.19,4399.42,4399.42,139,11,0
2026-09-09 22:17:00+00:00,4399.33,4400.06,4398.67,4399.59,139,10,0
2026-09-09 22:18:00+00:00,4399.61,4401.45,4399.61,4401.44,139,10,0
2026-09-09 22:19:00+00:00,4401.39,4402.3,4401.23,4401.97,114,10,0
2026-09-09 22:20:00+00:00,4401.95,4402.48,4401.69,4402.48,107,10,0
2026-09-09 22:21:00+00:00,4402.44,4403.85,4402.3,4403.59,119,10,0
2026-09-09 22:22:00+00:00,4403.6,4404.02,4402.05,4404.02,124,10,0
2026-09-09 22:23:00+00:00,4404.05,4404.75,4403.91,4404.72,105,10,0
2026-09-09 22:24:00+00:00,4404.8,4404.84,4404.34,4404.54,85,10,0
2026-09-09 22:25:00+00:00,4404.52,4404.75,4404.34,4404.48,97,10,0
2026-09-09 22:26:00+00:00,4404.45,4404.45,4402.19,4402.45,98,10,0
2026-09-09 22:27:00+00:00,4402.48,4402.54,4401.4,4401.79,116,14,0
2026-09-09 22:28:00+00:00,4401.8,4401.8,4400.59,4400.74,126,12,0
2026-09-09 22:29:00+00:00,4400.75,4400.84,4399.64,4399.64,92,11,0
2026-09-09 22:30:00+00:00,4399.65,4400.89,4398.54,4400.24,143,12,0
2026-09-09 22:31:00+00:00,4400.23,4400.64,4399.69,4400.26,115,13,0
2026-09-09 22:32:00+00:00,4400.25,4400.84,4398.97,4399.22,109,13,0
2026-09-09 22:33:00+00:00,4399.31,4399.81,4398.89,4398.9,87,11,0
2026-09-09 22:34:00+00:00,4398.96,4399.54,4398.92,4398.99,84,11,0
2026-09-09 22:35:00+00:00,4398.94,4398.99,4397.67,4397.87,125,11,0
2026-09-09 22:36:00+00:00,4397.86,4397.9,4396.38,4396.55,141,12,0
2026-09-09 22:37:00+00:00,4396.54,4396.67,4395.88,4395.89,127,12,0
2026-09-09 22:38:00+00:00,4395.97,4397.11,4395.74,4396.86,124,11,0
2026-09-09 22:39:00+00:00,4396.78,4398.08,4396.72,4397.34,114,12,0
2026-09-09 22:40:00+00:00,4397.35,4397.66,4396.3,4397.05,124,15,0
2026-09-09 22:41:00+00:00,4397.02,4398.06,4396.4,4397.19,108,14,0
2026-09-09 22:42:00+00:00,4397.25,4397.88,4396.84,4397.18,118,13,0
2026-09-09 22:43:00+00:00,4397.15,4399.22,4396.99,4399.17,127,13,0
2026-09-09 22:44:00+00:00,4399.22,4399.91,4398.81,4399.83,145,13,0
2026-09-09 22:45:00+00:00,4399.82,4401.45,4399.82,4400.48,147,13,0
2026-09-09 22:46:00+00:00,4400.45,4400.59,4399.67,4399.86,110,15,0
2026-09-09 22:47:00+00:00,4399.94,4401.15,4399.9,4399.9,131,14,0
2026-09-09 22:48:00+00:00,4399.89,4401.1,4399.83,4400.22,102,15,0
2026-09-09 22:49:00+00:00,4400.38,4401.2,4400.24,4400.31,116,11,0
2026-09-09 22:50:00+00:00,4400.3,4400.34,4397.39,4397.4,170,11,0
2026-09-09 22:51:00+00:00,4397.4,4398.38,4396.41,4398.18,139,14,0
2026-09-09 22:52:00+00:00,4398.22,4399.69,4398.22,4399.07,123,11,0
2026-09-09 22:53:00+00:00,4399.05,4399.6,4398.74,4399.11,124,11,0
2026-09-09 22:54:00+00:00,4399.11,4400.65,4398.62,4398.84,161,10,0
2026-09-09 22:55:00+00:00,4398.67,4399.49,4398.33,4399.4,152,15,0
2026-09-09 22:56:00+00:00,4399.39,4400.08,4398.9,4399.12,148,15,0
2026-09-09 22:57:00+00:00,4399.11,4399.78,4398.06,4398.06,127,11,0
2026-09-09 22:58:00+00:00,4397.86,4399.18,4397.86,4398.56,149,11,0
2026-09-09 22:59:00+00:00,4398.54,4399.47,4398.53,4399.22,186,11,0
2026-09-09 23:00:00+00:00,4399.14,4399.36,4397.91,4398.7,136,12,0
2026-09-09 23:01:00+00:00,4398.72,4398.72,4397.01,4397.67,85,12,0
2026-09-09 23:02:00+00:00,4397.73,4398.17,4397.43,4398.01,94,10,0
2026-09-09 23:03:00+00:00,4398.05,4398.29,4397.25,4397.25,61,10,0
2026-09-09 23:04:00+00:00,4397.29,4397.29,4396.38,4396.85,87,10,0
2026-09-09 23:05:00+00:00,4396.76,4397.33,4396.48,4397.33,69,10,0
2026-09-09 23:06:00+00:00,4397.4,4397.4,4396.81,4397.01,43,10,0
2026-09-09 23:07:00+00:00,4397.03,4397.18,4396.63,4396.79,57,10,0
2026-09-09 23:08:00+00:00,4396.89,4397.14,4396.83,4396.98,36,10,0
2026-09-09 23:09:00+00:00,4396.97,4397.16,4396.86,4397.07,47,10,0
2026-09-09 23:10:00+00:00,4397.09,4397.81,4396.96,4397.59,60,10,0
2026-09-09 23:11:00+00:00,4397.6,4397.85,4397.6,4397.83,50,11,0
2026-09-09 23:12:00+00:00,4397.78,4398.21,4397.76,4398.1,57,11,0
2026-09-09 23:13:00+00:00,4398.12,4398.35,4397.21,4397.46,42,11,0
2026-09-09 23:14:00+00:00,4397.39,4397.54,4397.28,4397.33,37,11,0
2026-09-09 23:15:00+00:00,4397.32,4397.49,4396.49,4396.55,52,11,0
2026-09-09 23:16:00+00:00,4396.57,4396.74,4396.03,4396.04,62,12,0
2026-09-09 23:17:00+00:00,4396.13,4396.24,4396.01,4396.08,40,12,0
2026-09-09 23:18:00+00:00,4396.05,4396.25,4396.0,4396.03,50,12,0
2026-09-09 23:19:00+00:00,4396.02,4396.03,4394.34,4394.5,92,11,0
2026-09-09 23:20:00+00:00,4394.48,4394.53,4393.54,4394.05,116,15,0
2026-09-09 23:21:00+00:00,4394.06,4394.34,4393.56,4393.69,36,14,0
2026-09-09 23:22:00+00:00,4393.69,4394.78,4393.66,4394.71,73,12,0
2026-09-09 23:23:00+00:00,4394.72,4394.94,4394.33,4394.88,51,11,0
2026-09-09 23:24:00+00:00,4394.91,4395.02,4394.58,4394.99,40,11,0
2026-09-09 23:25:00+00:00,4395.05,4395.84,4395.05,4395.78,44,11,0
2026-09-09 23:26:00+00:00,4395.84,4396.01,4395.54,4395.67,41,10,0
2026-09-09 23:27:00+00:00,4395.71,4395.82,4395.26,4395.31,37,11,0
2026-09-09 23:28:00+00:00,4395.18,4395.18,4393.89,4394.02,53,13,0
2026-09-09 23:29:00+00:00,4394.17,4394.84,4394.09,4394.81,54,12,0
2026-09-09 23:30:00+00:00,4394.82,4395.75,4394.8,4395.6,64,12,0
2026-09-09 23:31:00+00:00,4395.55,4397.57,4395.55,4397.52,59,13,0
2026-09-09 23:32:00+00:00,4397.52,4397.52,4397.08,4397.32,27,15,0
2026-09-09 23:33:00+00:00,4397.36,4397.47,4397.04,4397.39,41,11,0
2026-09-09 23:34:00+00:00,4397.38,4397.39,4396.34,4397.25,65,12,0
2026-09-09 23:35:00+00:00,4397.27,4399.68,4397.08,4399.52,66,15,0
2026-09-09 23:36:00+00:00,4399.51,4400.84,4399.51,4400.66,59,15,0
2026-09-09 23:37:00+00:00,4400.65,4400.65,4399.53,4399.54,53,15,0
2026-09-09 23:38:00+00:00,4399.48,4399.77,4399.3,4399.33,48,11,0
2026-09-09 23:39:00+00:00,4399.3,4399.95,4398.71,4399.52,49,11,0
2026-09-09 23:40:00+00:00,4399.47,4399.51,4398.92,4399.27,60,21,0
2026-09-09 23:41:00+00:00,4399.21,4399.67,4398.78,4399.49,35,21,0
2026-09-09 23:42:00+00:00,4399.51,4399.7,4399.4,4399.67,38,21,0
2026-09-09 23:43:00+00:00,4399.63,4399.98,4399.37,4399.37,34,21,0
2026-09-09 23:44:00+00:00,4399.39,4400.4,4399.32,4400.16,43,21,0
2026-09-09 23:45:00+00:00,4400.22,4400.98,4399.86,4399.86,43,21,0
2026-09-09 23:46:00+00:00,4399.91,4400.57,4399.73,4400.33,49,21,0
2026-09-09 23:47:00+00:00,4400.28,4400.31,4399.71,4399.94,32,21,0
2026-09-09 23:48:00+00:00,4399.78,4399.92,4399.39,4399.5,39,21,0
2026-09-09 23:49:00+00:00,4399.56,4400.05,4399.34,4399.96,34,21,0
2026-09-09 23:50:00+00:00,4400.01,4400.3,4399.61,4399.96,36,21,0
2026-09-09 23:51:00+00:00,4399.91,4400.2,4399.48,4399.69,37,21,0
2026-09-09 23:52:00+00:00,4399.73,4400.22,4399.48,4400.04,45,21,0
2026-09-09 23:53:00+00:00,4400.08,4400.52,4399.7,4400.35,42,21,0
2026-09-09 23:54:00+00:00,4400.29,4400.29,4399.73,4400.24,35,21,0
2026-09-09 23:55:00+00:00,4400.29,4400.93,4400.16,4400.46,52,21,0
2026-09-09 23:56:00+00:00,4400.3,4400.74,4399.67,4399.68,58,23,0
2026-09-09 23:57:00+00:00,4399.67,4400.83,4399.67,4400.83,58,23,0
2026-09-09 23:58:00+00:00,4400.74,4401.66,4400.64,4401.63,52,23,0
2026-09-09 23:59:00+00:00,4401.58,4402.45,4399.68,4399.68,28,84,0
2026-09-10 01:00:00+00:00,4403.76,4404.53,4403.53,4403.91,78,20,0
2026-09-10 01:01:00+00:00,4404.43,4405.89,4404.43,4405.2,59,23,0
2026-09-10 01:02:00+00:00,4405.23,4406.02,4404.6,4405.29,38,23,0
2026-09-10 01:03:00+00:00,4405.24,4406.48,4405.24,4405.7,49,23,0
2026-09-10 01:04:00+00:00,4405.58,4405.58,4405.05,4405.27,41,17,0
2026-09-10 01:05:00+00:00,4405.33,4405.4,4404.15,4404.36,63,17,0
2026-09-10 01:06:00+00:00,4404.29,4404.46,4403.26,4403.56,57,17,0
2026-09-10 01:07:00+00:00,4403.63,4403.95,4403.52,4403.68,86,17,0
2026-09-10 01:08:00+00:00,4403.67,4404.38,4403.63,4404.0,66,17,0
2026-09-10 01:09:00+00:00,4403.94,4404.94,4403.93,4404.55,68,17,0
2026-09-10 01:10:00+00:00,4404.26,4404.26,4402.55,4402.64,64,17,0
2026-09-10 01:11:00+00:00,4402.64,4406.06,4402.59,4405.35,92,17,0
2026-09-10 01:12:00+00:00,4405.35,4405.35,4404.3,4404.93,50,17,0
2026-09-10 01:13:00+00:00,4404.64,4404.69,4403.55,4403.77,67,17,0
2026-09-10 01:14:00+00:00,4403.76,4403.8,4402.63,4402.86,41,17,0
2026-09-10 01:15:00+00:00,4402.87,4403.22,4402.68,4402.9,37,17,0
2026-09-10 01:16:00+00:00,4402.83,4402.83,4402.41,4402.65,38,17,0
2026-09-10 01:17:00+00:00,4402.47,4403.25,4402.34,4403.06,54,17,0
2026-09-10 01:18:00+00:00,4403.01,4404.26,4403.01,4404.26,42,17,0
2026-09-10 01:19:00+00:00,4404.26,4404.4,4403.04,4403.36,47,17,0
2026-09-10 01:20:00+00:00,4403.34,4403.39,4403.03,4403.06,39,17,0
2026-09-10 01:21:00+00:00,4403.12,4403.15,4402.34,4402.51,43,17,0
2026-09-10 01:22:00+00:00,4402.53,4402.6,4401.7,4401.94,45,17,0
2026-09-10 01:23:00+00:00,4401.92,4401.92,4401.39,4401.65,40,17,0
2026-09-10 01:24:00+00:00,4401.55,4401.94,4401.39,4401.94,27,17,0
2026-09-10 01:25:00+00:00,4401.89,4402.19,4401.31,4402.07,41,17,0
2026-09-10 01:26:00+00:00,4402.12,4403.08,4401.95,4402.05,60,17,0
2026-09-10 01:27:00+00:00,4401.51,4401.56,4400.84,4401.22,49,17,0
2026-09-10 01:28:00+00:00,4401.22,4401.4,4400.64,4400.78,52,17,0
2026-09-10 01:29:00+00:00,4400.85,4402.62,4400.4,4402.62,56,17,0
2026-09-10 01:30:00+00:00,4402.55,4403.37,4402.42,4402.67,73,17,0
2026-09-10 01:31:00+00:00,4402.55,4402.73,4402.09,4402.09,39,17,0
2026-09-10 01:32:00+00:00,4402.04,4403.8,4401.57,4403.77,94,17,0
2026-09-10 01:33:00+00:00,4403.79,4403.79,4403.02,4403.02,75,17,0
2026-09-10 01:34:00+00:00,4402.91,4403.8,4402.1,4402.79,89,17,0
2026-09-10 01:35:00+00:00,4402.82,4403.36,4401.29,4401.29,93,17,0
2026-09-10 01:36:00+00:00,4401.22,4401.22,4400.33,4401.0,75,17,0
2026-09-10 01:37:00+00:00,4400.99,4401.17,4400.33,4400.38,59,17,0
2026-09-10 01:38:00+00:00,4400.38,4400.76,4400.03,4400.42,50,17,0
2026-09-10 01:39:00+00:00,4400.47,4400.64,4400.04,4400.39,49,17,0
2026-09-10 01:40:00+00:00,4400.5,4400.93,4400.25,4400.69,55,17,0
2026-09-10 01:41:00+00:00,4400.76,4401.23,4400.17,4401.02,54,17,0
2026-09-10 01:42:00+00:00,4401.0,4401.46,4400.5,4401.13,64,17,0
2026-09-10 01:43:00+00:00,4401.1,4402.59,4400.29,4401.53,82,17,0
2026-09-10 01:44:00+00:00,4401.46,4401.53,4401.13,4401.52,36,17,0
2026-09-10 01:45:00+00:00,4401.49,4401.69,4400.77,4400.85,82,17,0
2026-09-10 01:46:00+00:00,4400.75,4400.96,4400.28,4400.9,69,17,0
2026-09-10 01:47:00+00:00,4400.88,4400.96,4399.36,4400.12,65,17,0
2026-09-10 01:48:00+00:00,4400.11,4400.91,4397.79,4398.14,84,17,0
2026-09-10 01:49:00+00:00,4398.62,4400.44,4398.62,4400.05,86,17,0
2026-09-10 01:50:00+00:00,4400.07,4400.31,4399.44,4399.77,53,17,0
2026-09-10 01:51:00+00:00,4399.74,4399.95,4399.3,4399.45,60,17,0
2026-09-10 01:52:00+00:00,4399.39,4399.77,4399.02,4399.06,48,16,0
2026-09-10 01:53:00+00:00,4399.04,4399.37,4398.88,4399.08,52,15,0
2026-09-10 01:54:00+00:00,4399.07,4399.28,4398.61,4398.61,49,15,0
2026-09-10 01:55:00+00:00,4398.62,4398.79,4398.06,4398.3,60,15,0
2026-09-10 01:56:00+00:00,4398.3,4398.5,4397.83,4397.92,67,16,0
2026-09-10 01:57:00+00:00,4397.92,4398.1,4397.72,4398.01,48,16,0
2026-09-10 01:58:00+00:00,4398.07,4400.05,4398.06,4399.66,85,16,0
2026-09-10 01:59:00+00:00,4399.69,4401.12,4399.64,4399.71,76,17,0
2026-09-10 02:00:00+00:00,4399.56,4402.07,4399.56,4401.8,109,17,0
2026-09-10 02:01:00+00:00,4401.71,4402.35,4401.09,4401.43,95,17,0
2026-09-10 02:02:00+00:00,4401.59,4402.08,4400.95,4401.73,94,17,0
2026-09-10 02:03:00+00:00,4401.59,4402.96,4401.59,4402.96,54,16,0
2026-09-10 02:04:00+00:00,4403.03,4403.04,4402.36,4402.78,69,16,0
2026-09-10 02:05:00+00:00,4402.8,4402.85,4402.36,4402.36,40,12,0
2026-09-10 02:06:00+00:00,4402.41,4402.75,4400.93,4400.98,57,11,0
2026-09-10 02:07:00+00:00,4401.01,4401.71,4400.19,4401.16,100,17,0
2026-09-10 02:08:00+00:00,4401.21,4401.31,4399.22,4400.17,93,17,0
2026-09-10 02:09:00+00:00,4399.96,4400.2,4398.44,4400.06,121,17,0
2026-09-10 02:10:00+00:00,4400.05,4401.05,4399.78,4401.03,105,17,0
2026-09-10 02:11:00+00:00,4401.03,4401.44,4400.11,4401.41,76,17,0
2026-09-10 02:12:00+00:00,4401.45,4402.17,4401.32,4402.08,49,17,0
2026-09-10 02:13:00+00:00,4402.09,4402.56,4400.64,4400.64,66,14,0
2026-09-10 02:14:00+00:00,4400.63,4400.71,4400.28,4400.71,45,11,0
2026-09-10 02:15:00+00:00,4400.61,4400.61,4399.74,4399.93,67,11,0
2026-09-10 02:16:00+00:00,4399.84,4399.98,4399.23,4399.23,52,11,0
2026-09-10 02:17:00+00:00,4399.28,4399.53,4397.97,4399.08,90,11,0
2026-09-10 02:18:00+00:00,4399.16,4402.19,4399.16,4400.76,95,17,0
2026-09-10 02:19:00+00:00,4402.04,4402.15,4400.03,4400.1,72,17,0
2026-09-10 02:20:00+00:00,4400.01,4400.77,4399.58,4400.71,57,16,0
2026-09-10 02:21:00+00:00,4400.79,4401.36,4400.74,4400.89,56,11,0
2026-09-10 02:22:00+00:00,4400.9,4400.9,4399.98,4400.3,47,11,0
2026-09-10 02:23:00+00:00,4400.31,4400.31,4397.97,4398.1,49,11,0
2026-09-10 02:24:00+00:00,4398.12,4398.37,4397.03,4397.43,59,16,0
2026-09-10 02:25:00+00:00,4397.46,4398.74,4396.59,4398.05,108,17,0
2026-09-10 02:26:00+00:00,4398.02,4399.76,4397.97,4399.27,86,17,0
2026-09-10 02:27:00+00:00,4399.16,4399.16,4397.14,4397.27,93,17,0
2026-09-10 02:28:00+00:00,4397.14,4397.27,4395.81,4396.5,114,17,0
2026-09-10 02:29:00+00:00,4396.57,4397.86,4396.54,4397.64,70,13,0
2026-09-10 02:30:00+00:00,4397.52,4399.19,4396.91,4398.39,102,15,0
2026-09-10 02:31:00+00:00,4398.31,4398.32,4397.13,4397.17,63,15,0
2026-09-10 02:32:00+00:00,4397.05,4397.05,4394.94,4394.94,76,12,0
2026-09-10 02:33:00+00:00,4394.99,4395.12,4394.01,4394.81,95,16,0
2026-09-10 02:34:00+00:00,4394.85,4395.12,4393.9,4394.21,78,11,0
2026-09-10 02:35:00+00:00,4394.24,4394.65,4393.99,4394.26,52,11,0
2026-09-10 02:36:00+00:00,4394.19,4394.93,4394.08,4394.83,44,11,0
2026-09-10 02:37:00+00:00,4394.91,4394.91,4393.98,4394.35,50,11,0
2026-09-10 02:38:00+00:00,4394.39,4394.48,4393.7,4393.84,40,11,0
2026-09-10 02:39:00+00:00,4393.81,4394.54,4393.81,4394.15,48,11,0
2026-09-10 02:40:00+00:00,4394.2,4394.29,4394.05,4394.14,37,11,0
2026-09-10 02:41:00+00:00,4394.11,4394.17,4393.44,4393.5,42,11,0
2026-09-10 02:42:00+00:00,4393.52,4393.99,4393.49,4393.92,46,11,0
2026-09-10 02:43:00+00:00,4393.89,4393.95,4393.4,4393.77,57,12,0
2026-09-10 02:44:00+00:00,4393.78,4394.46,4393.76,4394.4,52,14,0
2026-09-10 02:45:00+00:00,4394.43,4394.69,4393.84,4394.39,109,16,0
2026-09-10 02:46:00+00:00,4394.34,4395.05,4393.9,4395.02,114,17,0
2026-09-10 02:47:00+00:00,4395.01,4395.31,4394.22,4394.48,95,17,0
2026-09-10 02:48:00+00:00,4394.44,4394.44,4393.51,4393.51,86,17,0
2026-09-10 02:49:00+00:00,4393.63,4394.35,4393.63,4394.24,75,17,0
2026-09-10 02:50:00+00:00,4394.23,4394.28,4393.5,4394.15,93,17,0
2026-09-10 02:51:00+00:00,4394.14,4394.84,4394.0,4394.69,85,15,0
2026-09-10 02:52:00+00:00,4394.7,4394.75,4393.73,4393.94,99,17,0
2026-09-10 02:53:00+00:00,4393.93,4395.0,4393.93,4394.72,77,17,0
2026-09-10 02:54:00+00:00,4394.8,4394.93,4394.24,4394.43,51,17,0
2026-09-10 02:55:00+00:00,4394.42,4394.44,4393.94,4394.25,53,16,0
2026-09-10 02:56:00+00:00,4394.24,4394.87,4394.23,4394.5,53,16,0
2026-09-10 02:57:00+00:00,4394.48,4394.48,4393.45,4393.8,72,17,0
2026-09-10 02:58:00+00:00,4393.78,4394.03,4393.27,4394.02,88,17,0
2026-09-10 02:59:00+00:00,4394.0,4394.27,4393.85,4394.25,60,17,0
2026-09-10 03:00:00+00:00,4394.24,4394.24,4391.94,4392.22,172,17,0
2026-09-10 03:01:00+00:00,4392.24,4392.67,4391.16,4391.3,127,17,0
2026-09-10 03:02:00+00:00,4391.31,4391.36,4390.0,4390.15,125,17,0
2026-09-10 03:03:00+00:00,4390.25,4391.45,4389.82,4391.25,132,17,0
2026-09-10 03:04:00+00:00,4391.24,4392.23,4391.24,4392.13,106,17,0
2026-09-10 03:05:00+00:00,4392.12,4392.18,4391.01,4391.15,104,17,0
2026-09-10 03:06:00+00:00,4391.22,4391.45,4390.19,4391.45,124,17,0
2026-09-10 03:07:00+00:00,4391.56,4393.3,4391.56,4392.2,80,17,0
2026-09-10 03:08:00+00:00,4392.32,4392.32,4390.59,4391.07,119,17,0
2026-09-10 03:09:00+00:00,4391.17,4394.33,4391.01,4393.83,114,17,0
2026-09-10 03:10:00+00:00,4393.84,4394.69,4393.18,4394.69,119,17,0
2026-09-10 03:11:00+00:00,4394.72,4397.11,4394.19,4396.12,124,17,0
2026-09-10 03:12:00+00:00,4396.14,4396.7,4396.09,4396.3,122,17,0
2026-09-10 03:13:00+00:00,4396.26,4397.12,4395.34,4395.78,120,17,0
2026-09-10 03:14:00+00:00,4395.75,4395.92,4394.52,4395.06,123,17,0
2026-09-10 03:15:00+00:00,4395.07,4397.48,4394.58,4397.29,146,17,0
2026-09-10 03:16:00+00:00,4397.29,4397.59,4396.78,4397.1,138,17,0
2026-09-10 03:17:00+00:00,4397.08,4397.56,4396.17,4396.53,118,16,0
2026-09-10 03:18:00+00:00,4396.55,4398.52,4396.55,4398.33,110,17,0
2026-09-10 03:19:00+00:00,4398.31,4398.34,4396.36,4396.66,110,17,0
2026-09-10 03:20:00+00:00,4396.71,4397.84,4396.67,4397.08,103,17,0
2026-09-10 03:21:00+00:00,4397.09,4398.04,4396.74,4397.31,107,17,0
2026-09-10 03:22:00+00:00,4397.36,4397.67,4396.07,4396.07,123,17,0
2026-09-10 03:23:00+00:00,4396.02,4396.51,4395.44,4395.93,117,17,0
2026-09-10 03:24:00+00:00,4395.96,4396.41,4395.8,4395.99,107,15,0
2026-09-10 03:25:00+00:00,4395.98,4396.65,4394.82,4395.11,152,15,0
2026-09-10 03:26:00+00:00,4395.08,4395.31,4394.52,4394.64,109,17,0
2026-09-10 03:27:00+00:00,4394.62,4397.43,4394.28,4395.2,119,17,0
2026-09-10 03:28:00+00:00,4395.29,4395.98,4394.34,4394.59,147,17,0
2026-09-10 03:29:00+00:00,4394.58,4394.6,4392.33,4392.98,140,17,0
2026-09-10 03:30:00+00:00,4392.95,4395.01,4392.62,4395.01,122,17,0
2026-09-10 03:31:00+00:00,4395.0,4395.0,4393.05,4393.08,103,17,0
2026-09-10 03:32:00+00:00,4393.2,4393.44,4392.26,4392.85,128,17,0
2026-09-10 03:33:00+00:00,4392.84,4392.89,4392.22,4392.22,101,13,0
2026-09-10 03:34:00+00:00,4392.22,4394.63,4391.5,4394.63,129,12,0
2026-09-10 03:35:00+00:00,4394.65,4395.78,4394.65,4395.03,131,17,0
2026-09-10 03:36:00+00:00,4395.05,4396.88,4394.95,4396.43,128,16,0
2026-09-10 03:37:00+00:00,4396.49,4397.75,4396.31,4396.31,127,17,0
2026-09-10 03:38:00+00:00,4396.32,4397.77,4396.28,4397.44,128,17,0
2026-09-10 03:39:00+00:00,4397.45,4398.6,4397.45,4398.39,118,17,0
2026-09-10 03:40:00+00:00,4398.45,4400.05,4398.45,4399.44,134,16,0
2026-09-10 03:41:00+00:00,4399.49,4399.49,4397.83,4397.9,130,17,0
2026-09-10 03:42:00+00:00,4397.84,4398.48,4396.58,4398.08,137,17,0
2026-09-10 03:43:00+00:00,4398.18,4400.13,4397.99,4400.02,121,17,0
2026-09-10 03:44:00+00:00,4400.01,4401.58,4400.01,4400.99,132,15,0
2026-09-10 03:45:00+00:00,4400.97,4401.02,4399.58,4399.6,138,17,0
2026-09-10 03:46:00+00:00,4399.58,4399.93,4398.85,4399.29,116,16,0
2026-09-10 03:47:00+00:00,4399.3,4399.3,4397.96,4398.78,105,11,0
2026-09-10 03:48:00+00:00,4398.71,4400.45,4398.68,4400.36,127,16,0
2026-09-10 03:49:00+00:00,4400.29,4400.74,4400.01,4400.05,104,12,0
2026-09-10 03:50:00+00:00,4400.06,4400.09,4398.08,4398.8,155,16,0
2026-09-10 03:51:00+00:00,4398.94,4401.75,4398.94,4401.38,144,15,0
2026-09-10 03:52:00+00:00,4401.31,4402.47,4401.25,4402.21,142,17,0
2026-09-10 03:53:00+00:00,4402.16,4404.44,4401.99,4404.31,113,16,0
2026-09-10 03:54:00+00:00,4404.25,4404.85,4402.54,4402.69,132,11,0
2026-09-10 03:55:00+00:00,4402.69,4403.28,4402.36,4403.28,101,11,0
2026-09-10 03:56:00+00:00,4403.27,4403.51,4402.71,4402.92,115,11,0
2026-09-10 03:57:00+00:00,4403.01,4403.67,4402.23,4403.56,129,11,0
2026-09-10 03:58:00+00:00,4403.52,4403.52,4400.87,4401.0,135,11,0
2026-09-10 03:59:00+00:00,4400.98,4402.71,4400.96,4401.19,152,17,0
2026-09-10 04:00:00+00:00,4401.16,4407.65,4400.26,4407.65,213,17,0
2026-09-10 04:01:00+00:00,4407.62,4408.9,4405.71,4406.73,215,17,0
2026-09-10 04:02:00+00:00,4406.77,4410.61,4406.48,4409.94,189,17,0
2026-09-10 04:03:00+00:00,4409.98,4413.23,4409.87,4412.73,202,17,0
2026-09-10 04:04:00+00:00,4412.74,4412.74,4408.15,4409.68,189,17,0
2026-09-10 04:05:00+00:00,4409.6,4409.86,4407.35,4409.33,199,17,0
2026-09-10 04:06:00+00:00,4409.72,4410.67,4408.7,4410.53,184,17,0
2026-09-10 04:07:00+00:00,4410.54,4415.75,4410.1,4415.75,200,17,0
2026-09-10 04:08:00+00:00,4415.81,4417.59,4415.35,4417.06,173,17,0
2026-09-10 04:09:00+00:00,4417.13,4418.69,4415.07,4417.94,183,17,0
2026-09-10 04:10:00+00:00,4417.98,4419.01,4416.56,4418.42,182,17,0
2026-09-10 04:11:00+00:00,4418.46,4418.65,4413.9,4414.34,176,17,0
2026-09-10 04:12:00+00:00,4414.37,4414.42,4413.14,4414.08,170,17,0
2026-09-10 04:13:00+00:00,4414.0,4415.34,4413.7,4414.35,170,17,0
2026-09-10 04:14:00+00:00,4414.33,4414.33,4411.93,4412.85,165,17,0
2026-09-10 04:15:00+00:00,4412.84,4414.06,4411.71,4413.63,178,17,0
2026-09-10 04:16:00+00:00,4413.57,4414.47,4411.57,4413.44,196,17,0
2026-09-10 04:17:00+00:00,4413.06,4413.8,4411.86,4413.3,183,17,0
2026-09-10 04:18:00+00:00,4413.31,4415.84,4413.1,4415.84,188,17,0
2026-09-10 04:19:00+00:00,4415.87,4416.48,4413.75,4415.37,182,17,0
2026-09-10 04:20:00+00:00,4415.36,4415.36,4411.99,4412.33,181,17,0
2026-09-10 04:21:00+00:00,4412.34,4412.34,4410.63,4411.68,172,17,0
2026-09-10 04:22:00+00:00,4411.63,4414.17,4410.94,4414.17,177,13,0
2026-09-10 04:23:00+00:00,4414.15,4414.82,4412.52,4413.71,196,16,0
2026-09-10 04:24:00+00:00,4413.66,4415.41,4412.11,4412.5,174,15,0
2026-09-10 04:25:00+00:00,4412.54,4416.43,4412.51,4415.93,172,17,0
2026-09-10 04:26:00+00:00,4415.77,4416.54,4414.02,4414.24,174,17,0
2026-09-10 04:27:00+00:00,4413.96,4414.63,4411.72,4411.79,169,17,0
2026-09-10 04:28:00+00:00,4411.84,4412.35,4410.99,4411.84,175,17,0
2026-09-10 04:29:00+00:00,4411.78,4412.22,4410.42,4410.49,172,13,0
2026-09-10 04:30:00+00:00,4410.5,4411.08,4408.3,4408.43,189,17,0
2026-09-10 04:31:00+00:00,4408.52,4410.27,4407.85,4409.23,191,17,0
2026-09-10 04:32:00+00:00,4409.29,4409.29,4407.54,4407.86,182,14,0
2026-09-10 04:33:00+00:00,4408.09,4408.15,4405.83,4406.4,192,16,0
2026-09-10 04:34:00+00:00,4406.31,4407.74,4405.19,4407.74,194,13,0
2026-09-10 04:35:00+00:00,4407.94,4408.91,4407.73,4408.17,179,12,0
2026-09-10 04:36:00+00:00,4408.08,4409.89,4408.05,4409.82,184,15,0
2026-09-10 04:37:00+00:00,4409.76,4410.27,4408.65,4409.62,167,11,0
2026-09-10 04:38:00+00:00,4409.62,4410.63,4407.31,4407.45,174,11,0
2026-09-10 04:39:00+00:00,4407.38,4407.42,4406.32,4407.26,170,14,0
2026-09-10 04:40:00+00:00,4407.29,4410.35,4407.29,4409.88,178,11,0
2026-09-10 04:41:00+00:00,4409.86,4410.17,4408.86,4408.94,168,11,0
2026-09-10 04:42:00+00:00,4408.88,4409.5,4408.39,4408.63,169,11,0
2026-09-10 04:43:00+00:00,4408.65,4409.1,4407.62,4408.81,162,11,0
2026-09-10 04:44:00+00:00,4408.8,4410.45,4407.99,4409.85,183,11,0
2026-09-10 04:45:00+00:00,4410.03,4410.67,4409.04,4410.67,171,17,0
2026-09-10 04:46:00+00:00,4410.69,4412.97,4410.47,4412.97,154,17,0
2026-09-10 04:47:00+00:00,4412.95,4414.5,4412.91,4412.91,172,17,0
2026-09-10 04:48:00+00:00,4412.81,4413.91,4410.94,4412.04,187,17,0
2026-09-10 04:49:00+00:00,4412.07,4413.57,4411.74,4413.23,182,17,0
2026-09-10 04:50:00+00:00,4413.19,4414.46,4412.13,4412.95,184,17,0
2026-09-10 04:51:00+00:00,4413.0,4413.48,4409.9,4410.38,206,17,0
2026-09-10 04:52:00+00:00,4410.16,4410.88,4409.48,4409.73,181,17,0
2026-09-10 04:53:00+00:00,4409.71,4410.4,4409.44,4409.73,166,11,0
2026-09-10 04:54:00+00:00,4409.83,4410.31,4408.48,4408.88,174,11,0
2026-09-10 04:55:00+00:00,4408.89,4413.06,4408.89,4411.67,190,16,0
2026-09-10 04:56:00+00:00,4411.61,4412.5,4409.96,4409.98,179,15,0
2026-09-10 04:57:00+00:00,4409.95,4410.52,4408.09,4409.74,186,16,0
2026-09-10 04:58:00+00:00,4409.81,4410.86,4408.09,4410.52,182,14,0
2026-09-10 04:59:00+00:00,4410.54,4412.31,4410.48,4412.21,195,11,0
2026-09-10 05:00:00+00:00,4412.2,4413.62,4411.79,4412.9,187,15,0
2026-09-10 05:01:00+00:00,4412.93,4415.36,4412.93,4413.71,187,16,0
2026-09-10 05:02:00+00:00,4413.72,4414.86,4413.06,4414.7,168,12,0
2026-09-10 05:03:00+00:00,4414.84,4418.08,4414.84,4416.94,184,12,0
2026-09-10 05:04:00+00:00,4416.95,4417.65,4414.83,4415.28,187,17,0
2026-09-10 05:05:00+00:00,4415.23,4418.01,4414.49,4418.01,181,11,0
2026-09-10 05:06:00+00:00,4418.07,4418.88,4416.02,4416.02,175,11,0
2026-09-10 05:07:00+00:00,4415.99,4416.83,4415.43,4416.2,154,11,0
2026-09-10 05:08:00+00:00,4416.25,4418.24,4416.12,4418.24,135,11,0
2026-09-10 05:09:00+00:00,4418.33,4418.81,4416.29,4416.59,135,11,0
2026-09-10 05:10:00+00:00,4416.64,4417.19,4414.83,4416.54,173,11,0
2026-09-10 05:11:00+00:00,4416.49,4417.18,4414.07,4414.22,172,17,0
2026-09-10 05:12:00+00:00,4414.21,4414.28,4412.06,4413.83,175,12,0
2026-09-10 05:13:00+00:00,4413.76,4415.43,4413.66,4414.96,151,11,0
2026-09-10 05:14:00+00:00,4415.05,4415.58,4414.18,4414.19,147,11,0
2026-09-10 05:15:00+00:00,4414.15,4414.69,4411.75,4411.75,105,11,0
2026-09-10 05:16:00+00:00,4411.78,4411.81,4409.14,4409.14,129,11,0
2026-09-10 05:17:00+00:00,4409.15,4409.79,4408.23,4409.52,136,11,0
2026-09-10 05:18:00+00:00,4409.53,4410.37,4408.15,4409.03,128,11,0
2026-09-10 05:19:00+00:00,4409.06,4409.83,4408.63,4409.71,102,14,0
2026-09-10 05:20:00+00:00,4409.76,4411.06,4408.97,4411.03,105,11,0
2026-09-10 05:21:00+00:00,4411.15,4411.49,4408.88,4408.92,120,11,0
2026-09-10 05:22:00+00:00,4408.9,4412.28,4408.9,4412.22,128,17,0
2026-09-10 05:23:00+00:00,4412.24,4413.73,4412.11,4413.55,121,17,0
2026-09-10 05:24:00+00:00,4413.51,4413.74,4411.78,4412.79,127,17,0
2026-09-10 05:25:00+00:00,4412.8,4413.74,4412.57,4412.82,117,17,0
2026-09-10 05:26:00+00:00,4412.79,4412.99,4412.37,4412.75,106,13,0
2026-09-10 05:27:00+00:00,4412.76,4414.28,4412.58,4414.28,127,14,0
2026-09-10 05:28:00+00:00,4414.24,4416.3,4413.92,4415.66,118,17,0
2026-09-10 05:29:00+00:00,4415.65,4417.7,4415.37,4417.09,137,17,0
2026-09-10 05:30:00+00:00,4417.06,4417.5,4413.34,4414.75,195,17,0
2026-09-10 05:31:00+00:00,4414.82,4414.82,4413.01,4414.13,146,17,0
2026-09-10 05:32:00+00:00,4413.98,4414.1,4412.79,4412.83,130,17,0
2026-09-10 05:33:00+00:00,4412.84,4413.04,4411.23,4411.95,172,16,0
2026-09-10 05:34:00+00:00,4411.84,4416.22,4411.68,4416.17,173,17,0
2026-09-10 05:35:00+00:00,4416.06,4416.26,4414.73,4415.07,174,17,0
2026-09-10 05:36:00+00:00,4415.11,4416.24,4414.67,4414.68,126,17,0
2026-09-10 05:37:00+00:00,4414.75,4415.77,4414.51,4415.74,130,16,0
2026-09-10 05:38:00+00:00,4415.72,4418.79,4415.19,4417.59,153,12,0
2026-09-10 05:39:00+00:00,4417.61,4420.24,4417.61,4418.45,196,17,0
2026-09-10 05:40:00+00:00,4418.44,4420.75,4418.44,4419.54,159,17,0
2026-09-10 05:41:00+00:00,4419.37,4419.44,4417.67,4418.03,136,13,0
2026-09-10 05:42:00+00:00,4417.97,4420.82,4417.94,4419.36,156,12,0
2026-09-10 05:43:00+00:00,4419.4,4420.0,4418.63,4418.83,126,11,0
2026-09-10 05:44:00+00:00,4418.81,4419.07,4417.4,4418.07,119,17,0
2026-09-10 05:45:00+00:00,4418.14,4418.18,4417.44,4417.93,128,17,0
2026-09-10 05:46:00+00:00,4417.94,4418.09,4417.09,4417.87,143,17,0
2026-09-10 05:47:00+00:00,4417.95,4419.32,4417.57,4418.36,121,17,0
2026-09-10 05:48:00+00:00,4418.35,4418.39,4416.91,4417.68,162,17,0
2026-09-10 05:49:00+00:00,4417.63,4418.0,4416.84,4417.9,120,17,0
2026-09-10 05:50:00+00:00,4417.93,4418.97,4416.33,4418.25,143,17,0
2026-09-10 05:51:00+00:00,4418.21,4420.28,4418.21,4420.21,127,17,0
2026-09-10 05:52:00+00:00,4420.22,4420.77,4419.0,4419.75,133,17,0
2026-09-10 05:53:00+00:00,4419.79,4420.77,4419.79,4420.35,129,17,0
2026-09-10 05:54:00+00:00,4420.34,4420.77,4419.95,4420.68,115,11,0
2026-09-10 05:55:00+00:00,4420.57,4420.57,4419.38,4419.98,116,11,0
2026-09-10 05:56:00+00:00,4419.99,4419.99,4418.12,4418.33,134,13,0
2026-09-10 05:57:00+00:00,4418.32,4419.36,4418.1,4418.86,115,17,0
2026-09-10 05:58:00+00:00,4418.78,4418.83,4417.44,4418.24,127,14,0
2026-09-10 05:59:00+00:00,4418.1,4419.6,4417.72,4419.4,132,12,0
2026-09-10 06:00:00+00:00,4419.38,4421.06,4418.79,4419.99,160,15,0
2026-09-10 06:01:00+00:00,4420.01,4420.21,4419.34,4419.5,124,17,0
2026-09-10 06:02:00+00:00,4419.53,4419.89,4418.39,4418.6,124,17,0
2026-09-10 06:03:00+00:00,4418.44,4418.47,4415.48,4416.97,168,17,0
2026-09-10 06:04:00+00:00,4417.01,4418.3,4416.88,4417.58,149,17,0
2026-09-10 06:05:00+00:00,4417.44,4417.44,4415.49,4416.3,136,17,0
2026-09-10 06:06:00+00:00,4416.08,4416.13,4415.01,4415.01,121,16,0
2026-09-10 06:07:00+00:00,4415.33,4416.13,4414.44,4414.44,135,17,0
2026-09-10 06:08:00+00:00,4414.45,4414.86,4411.73,4412.53,137,17,0
2026-09-10 06:09:00+00:00,4412.51,4414.01,4411.69,4413.39,149,17,0
2026-09-10 06:10:00+00:00,4413.54,4416.11,4413.29,4415.54,153,17,0
2026-09-10 06:11:00+00:00,4415.55,4416.55,4414.79,4414.79,129,15,0
2026-09-10 06:12:00+00:00,4414.8,4414.96,4413.73,4414.74,143,12,0
2026-09-10 06:13:00+00:00,4414.7,4414.71,4413.33,4413.53,135,11,0
2026-09-10 06:14:00+00:00,4413.51,4413.57,4412.36,4412.68,143,11,0
2026-09-10 06:15:00+00:00,4412.74,4413.79,4412.48,4412.87,138,11,0
2026-09-10 06:16:00+00:00,4412.92,4413.07,4412.54,4412.78,114,11,0
2026-09-10 06:17:00+00:00,4412.79,4414.18,4412.26,4414.18,143,11,0
2026-09-10 06:18:00+00:00,4414.21,4414.8,4413.42,4413.42,124,17,0
2026-09-10 06:19:00+00:00,4413.43,4414.61,4413.37,4414.35,112,17,0
2026-09-10 06:20:00+00:00,4414.27,4414.88,4414.16,4414.34,117,15,0
2026-09-10 06:21:00+00:00,4414.31,4414.31,4412.1,4412.45,132,17,0
2026-09-10 06:22:00+00:00,4412.37,4412.44,4411.52,4411.65,102,17,0
2026-09-10 06:23:00+00:00,4411.64,4412.65,4411.57,4412.54,93,16,0
2026-09-10 06:24:00+00:00,4412.6,4413.2,4412.23,4412.26,103,16,0
2026-09-10 06:25:00+00:00,4412.34,4412.54,4411.47,4411.97,112,17,0
2026-09-10 06:26:00+00:00,4411.96,4411.96,4409.73,4410.47,143,17,0
2026-09-10 06:27:00+00:00,4410.52,4410.68,4409.3,4410.64,126,17,0
2026-09-10 06:28:00+00:00,4410.63,4410.67,4409.52,4409.56,99,16,0
2026-09-10 06:29:00+00:00,4409.63,4410.49,4409.56,4410.11,138,16,0
2026-09-10 06:30:00+00:00,4410.13,4411.34,4409.68,4411.21,108,16,0
2026-09-10 06:31:00+00:00,4411.3,4412.1,4410.67,4412.07,89,17,0
2026-09-10 06:32:00+00:00,4412.06,4412.49,4411.54,4412.48,82,11,0
2026-09-10 06:33:00+00:00,4412.56,4412.61,4410.67,4411.9,94,11,0
2026-09-10 06:34:00+00:00,4411.91,4412.18,4411.16,4411.37,97,17,0
2026-09-10 06:35:00+00:00,4411.36,4411.36,4409.93,4409.93,78,17,0
2026-09-10 06:36:00+00:00,4409.94,4410.12,4409.6,4409.94,63,11,0
2026-09-10 06:37:00+00:00,4409.88,4410.34,4409.7,4410.11,78,11,0
2026-09-10 06:38:00+00:00,4410.1,4410.11,4408.51,4409.22,84,13,0
2026-09-10 06:39:00+00:00,4409.12,4409.12,4408.21,4408.72,74,17,0
2026-09-10 06:40:00+00:00,4408.71,4408.79,4407.72,4408.2,81,13,0
2026-09-10 06:41:00+00:00,4408.2,4408.42,4407.17,4407.44,86,11,0
2026-09-10 06:42:00+00:00,4407.45,4408.56,4407.35,4407.96,65,17,0
2026-09-10 06:43:00+00:00,4407.86,4408.47,4407.3,4407.45,65,11,0
2026-09-10 06:44:00+00:00,4407.42,4407.95,4407.14,4407.9,53,11,0
2026-09-10 06:45:00+00:00,4407.93,4408.68,4407.93,4408.47,71,11,0
2026-09-10 06:46:00+00:00,4408.5,4409.34,4408.5,4409.18,80,11,0
2026-09-10 06:47:00+00:00,4409.17,4409.45,4408.48,4408.87,82,15,0
2026-09-10 06:48:00+00:00,4409.16,4409.59,4408.51,4408.51,88,17,0
2026-09-10 06:49:00+00:00,4408.68,4409.92,4408.48,4409.09,108,17,0
2026-09-10 06:50:00+00:00,4409.05,4409.05,4406.93,4407.28,117,17,0
2026-09-10 06:51:00+00:00,4407.34,4407.98,4407.34,4407.82,80,16,0
2026-09-10 06:52:00+00:00,4407.83,4407.86,4407.06,4407.61,83,11,0
2026-09-10 06:53:00+00:00,4407.67,4408.04,4407.26,4408.03,76,11,0
2026-09-10 06:54:00+00:00,4408.06,4408.47,4408.0,4408.12,64,11,0
2026-09-10 06:55:00+00:00,4408.13,4408.39,4407.89,4408.08,75,11,0
2026-09-10 06:56:00+00:00,4408.07,4408.86,4407.88,4408.5,100,11,0
2026-09-10 06:57:00+00:00,4408.52,4409.44,4407.91,4409.32,69,17,0
2026-09-10 06:58:00+00:00,4409.2,4409.2,4408.1,4408.79,80,17,0
2026-09-10 06:59:00+00:00,4408.77,4409.27,4408.77,4409.11,65,15,0
2026-09-10 07:00:00+00:00,4409.11,4409.92,4409.11,4409.56,116,15,0
2026-09-10 07:01:00+00:00,4409.54,4410.61,4409.46,4410.21,97,17,0
2026-09-10 07:02:00+00:00,4410.17,4410.71,4409.37,4410.11,99,17,0
2026-09-10 07:03:00+00:00,4410.11,4410.97,4409.95,4410.88,76,17,0
2026-09-10 07:04:00+00:00,4410.85,4412.94,4410.85,4412.94,93,17,0
2026-09-10 07:05:00+00:00,4412.78,4413.28,4412.42,4413.09,80,16,0
2026-09-10 07:06:00+00:00,4413.02,4414.18,4412.96,4413.97,78,12,0
2026-09-10 07:07:00+00:00,4413.96,4414.14,4413.69,4413.69,73,11,0
2026-09-10 07:08:00+00:00,4413.7,4413.73,4412.64,4412.77,127,11,0
2026-09-10 07:09:00+00:00,4412.76,4413.23,4412.56,4413.11,114,11,0
2026-09-10 07:10:00+00:00,4413.13,4413.67,4412.97,4413.62,77,11,0
2026-09-10 07:11:00+00:00,4413.55,4415.36,4413.5,4415.05,94,15,0
2026-09-10 07:12:00+00:00,4415.03,4415.52,4414.7,4414.7,89,17,0
2026-09-10 07:13:00+00:00,4414.64,4415.13,4414.05,4414.28,95,17,0
2026-09-10 07:14:00+00:00,4414.38,4414.65,4413.52,4414.06,87,16,0
2026-09-10 07:15:00+00:00,4413.89,4414.56,4413.89,4414.09,77,12,0
2026-09-10 07:16:00+00:00,4414.1,4415.02,4414.1,4414.71,95,12,0
2026-09-10 07:17:00+00:00,4414.69,4414.87,4414.13,4414.58,55,11,0
2026-09-10 07:18:00+00:00,4414.65,4415.22,4414.33,4414.78,86,11,0
2026-09-10 07:19:00+00:00,4414.79,4414.81,4414.39,4414.66,65,11,0
2026-09-10 07:20:00+00:00,4414.67,4415.47,4413.89,4414.0,90,11,0
2026-09-10 07:21:00+00:00,4414.01,4414.3,4413.66,4414.06,54,16,0
2026-09-10 07:22:00+00:00,4414.07,4414.69,4413.77,4414.68,49,11,0
2026-09-10 07:23:00+00:00,4414.72,4414.98,4414.03,4414.78,66,14,0
2026-09-10 07:24:00+00:00,4414.77,4414.93,4413.64,4413.79,70,17,0
2026-09-10 07:25:00+00:00,4413.88,4414.76,4413.58,4414.04,92,17,0
2026-09-10 07:26:00+00:00,4414.07,4414.42,4413.87,4414.33,38,11,0
2026-09-10 07:27:00+00:00,4414.35,4414.35,4412.94,4412.97,76,11,0
2026-09-10 07:28:00+00:00,4413.01,4413.29,4412.53,4412.83,63,13,0
2026-09-10 07:29:00+00:00,4412.76,4412.9,4410.71,4411.75,83,17,0
2026-09-10 07:30:00+00:00,4411.82,4413.08,4411.43,4412.83,108,17,0
2026-09-10 07:31:00+00:00,4412.87,4413.71,4412.8,4413.18,88,17,0
2026-09-10 07:32:00+00:00,4413.01,4413.11,4411.82,4412.08,71,17,0
2026-09-10 07:33:00+00:00,4411.77,4411.77,4410.81,4410.85,65,16,0
2026-09-10 07:34:00+00:00,4410.82,4411.13,4410.71,4411.07,45,11,0
2026-09-10 07:35:00+00:00,4411.12,4411.12,4410.74,4410.75,45,11,0
2026-09-10 07:36:00+00:00,4410.8,4411.31,4409.99,4410.71,94,11,0
2026-09-10 07:37:00+00:00,4410.7,4410.7,4409.88,4409.88,88,16,0
2026-09-10 07:38:00+00:00,4409.86,4409.88,4407.76,4408.47,83,17,0
2026-09-10 07:39:00+00:00,4408.46,4408.75,4408.18,4408.25,63,15,0
2026-09-10 07:40:00+00:00,4408.24,4408.69,4406.64,4406.79,114,17,0
2026-09-10 07:41:00+00:00,4406.7,4407.16,4406.04,4406.34,90,17,0
2026-09-10 07:42:00+00:00,4406.39,4406.72,4405.69,4406.09,98,17,0
2026-09-10 07:43:00+00:00,4406.07,4406.49,4406.0,4406.18,65,13,0
2026-09-10 07:44:00+00:00,4406.26,4406.98,4405.91,4406.8,85,13,0
2026-09-10 07:45:00+00:00,4406.66,4407.28,4406.38,4407.26,95,14,0
2026-09-10 07:46:00+00:00,4407.22,4407.53,4406.89,4407.51,51,11,0
2026-09-10 07:47:00+00:00,4407.52,4408.05,4407.3,4408.05,47,11,0
2026-09-10 07:48:00+00:00,4408.79,4409.49,4408.79,4409.03,87,17,0
2026-09-10 07:49:00+00:00,4409.01,4409.51,4408.78,4409.51,56,11,0
2026-09-10 07:50:00+00:00,4409.52,4411.69,4409.45,4410.46,96,12,0
2026-09-10 07:51:00+00:00,4410.52,4411.12,4409.86,4410.5,119,17,0
2026-09-10 07:52:00+00:00,4410.36,4410.36,4409.04,4409.24,74,17,0
2026-09-10 07:53:00+00:00,4409.24,4409.28,4407.71,4408.22,89,16,0
2026-09-10 07:54:00+00:00,4408.16,4408.2,4407.23,4407.23,75,13,0
2026-09-10 07:55:00+00:00,4407.24,4407.65,4406.81,4407.54,79,11,0
2026-09-10 07:56:00+00:00,4407.5,4408.77,4407.27,4408.01,76,11,0
2026-09-10 07:57:00+00:00,4407.93,4408.23,4407.77,4408.16,67,12,0
2026-09-10 07:58:00+00:00,4408.14,4408.33,4407.95,4408.12,49,11,0
2026-09-10 07:59:00+00:00,4408.12,4408.68,4408.06,4408.49,72,11,0
2026-09-10 08:00:00+00:00,4408.54,4410.36,4408.24,4409.64,142,11,0
2026-09-10 08:01:00+00:00,4409.69,4411.17,4409.08,4411.17,99,17,0
2026-09-10 08:02:00+00:00,4411.17,4411.77,4410.88,4411.11,91,17,0
2026-09-10 08:03:00+00:00,4411.03,4411.44,4410.34,4410.9,86,16,0
2026-09-10 08:04:00+00:00,4410.93,4411.02,4408.97,4409.41,74,16,0
2026-09-10 08:05:00+00:00,4409.39,4409.55,4408.81,4409.0,100,17,0
2026-09-10 08:06:00+00:00,4409.11,4410.4,4409.1,4409.91,80,15,0
2026-09-10 08:07:00+00:00,4409.95,4413.74,4409.95,4413.23,117,17,0
2026-09-10 08:08:00+00:00,4413.03,4413.6,4412.6,4413.1,119,17,0
2026-09-10 08:09:00+00:00,4413.11,4414.78,4413.11,4414.54,107,17,0
2026-09-10 08:10:00+00:00,4414.74,4416.59,4414.6,4415.67,118,17,0
2026-09-10 08:11:00+00:00,4415.72,4416.54,4414.87,4416.54,101,17,0
2026-09-10 08:12:00+00:00,4416.6,4416.76,4415.79,4416.6,91,17,0
2026-09-10 08:13:00+00:00,4416.55,4418.79,4416.23,4418.22,126,17,0
2026-09-10 08:14:00+00:00,4418.28,4418.93,4417.15,4418.93,118,17,0
2026-09-10 08:15:00+00:00,4418.93,4419.24,4417.16,4417.18,142,17,0
2026-09-10 08:16:00+00:00,4417.22,4419.48,4417.12,4419.48,76,15,0
2026-09-10 08:17:00+00:00,4419.48,4420.03,4418.1,4418.1,110,17,0
2026-09-10 08:18:00+00:00,4418.16,4419.49,4417.9,4418.33,136,17,0
2026-09-10 08:19:00+00:00,4418.36,4418.92,4418.15,4418.47,81,14,0
2026-09-10 08:20:00+00:00,4418.5,4419.94,4418.35,4419.09,116,14,0
2026-09-10 08:21:00+00:00,4419.1,4419.34,4418.16,4418.77,97,11,0
2026-09-10 08:22:00+00:00,4418.68,4418.93,4418.24,4418.91,87,11,0
2026-09-10 08:23:00+00:00,4418.9,4419.36,4418.42,4418.5,72,11,0
2026-09-10 08:24:00+00:00,4418.56,4419.27,4418.51,4418.95,70,11,0
2026-09-10 08:25:00+00:00,4419.06,4419.39,4418.41,4418.44,77,15,0
2026-09-10 08:26:00+00:00,4418.56,4419.25,4418.37,4419.16,79,16,0
2026-09-10 08:27:00+00:00,4419.14,4419.14,4417.57,4417.57,62,13,0
2026-09-10 08:28:00+00:00,4417.51,4419.04,4417.24,4418.71,115,17,0
2026-09-10 08:29:00+00:00,4418.76,4420.7,4418.61,4420.7,98,17,0
2026-09-10 08:30:00+00:00,4420.79,4422.78,4418.53,4418.53,205,17,0
2026-09-10 08:31:00+00:00,4418.22,4421.4,4417.55,4421.4,203,17,0
2026-09-10 08:32:00+00:00,4421.55,4426.16,4421.55,4426.1,212,17,0
2026-09-10 08:33:00+00:00,4426.21,4427.63,4424.37,4424.8,183,17,0
2026-09-10 08:34:00+00:00,4425.0,4426.66,4424.49,4425.74,175,17,0
2026-09-10 08:35:00+00:00,4425.75,4427.52,4424.94,4425.79,173,17,0
2026-09-10 08:36:00+00:00,4425.81,4427.19,4425.38,4426.41,165,17,0
2026-09-10 08:37:00+00:00,4426.29,4427.67,4425.78,4426.39,156,17,0
2026-09-10 08:38:00+00:00,4426.34,4426.35,4424.1,4424.35,151,17,0
2026-09-10 08:39:00+00:00,4424.41,4424.8,4421.93,4423.23,166,17,0
2026-09-10 08:40:00+00:00,4423.24,4424.24,4422.75,4424.24,144,17,0
2026-09-10 08:41:00+00:00,4424.26,4424.26,4423.27,4423.84,136,16,0
2026-09-10 08:42:00+00:00,4423.96,4428.79,4423.86,4428.68,138,16,0
2026-09-10 08:43:00+00:00,4428.69,4429.59,4427.35,4427.95,151,17,0
2026-09-10 08:44:00+00:00,4427.92,4429.11,4427.75,4428.3,145,17,0
2026-09-10 08:45:00+00:00,4428.24,4429.85,4427.87,4428.01,164,17,0
2026-09-10 08:46:00+00:00,4427.98,4430.38,4427.91,4429.81,163,17,0
2026-09-10 08:47:00+00:00,4429.79,4429.79,4427.85,4427.85,165,17,0
2026-09-10 08:48:00+00:00,4427.92,4428.49,4426.5,4427.01,151,16,0
2026-09-10 08:49:00+00:00,4426.98,4427.4,4425.98,4425.99,127,15,0
2026-09-10 08:50:00+00:00,4426.26,4426.32,4423.87,4424.18,149,11,0
2026-09-10 08:51:00+00:00,4424.19,4427.63,4423.86,4426.53,181,11,0
2026-09-10 08:52:00+00:00,4426.65,4427.97,4426.39,4427.19,145,17,0
2026-09-10 08:53:00+00:00,4427.21,4428.06,4426.14,4427.2,155,16,0
2026-09-10 08:54:00+00:00,4427.21,4428.04,4426.55,4427.06,158,14,0
2026-09-10 08:55:00+00:00,4427.03,4427.19,4425.75,4426.25,158,11,0
2026-09-10 08:56:00+00:00,4426.34,4426.74,4425.6,4425.85,159,11,0
2026-09-10 08:57:00+00:00,4425.83,4427.34,4425.69,4425.99,139,11,0
2026-09-10 08:58:00+00:00,4426.01,4429.04,4425.97,4429.01,162,16,0
2026-09-10 08:59:00+00:00,4428.84,4431.26,4428.56,4431.08,167,16,0
2026-09-10 09:00:00+00:00,4431.19,4434.35,4428.68,4429.97,184,14,0
2026-09-10 09:01:00+00:00,4429.72,4430.97,4429.16,4430.97,154,14,0
2026-09-10 09:02:00+00:00,4431.3,4431.45,4427.02,4427.02,159,14,0
2026-09-10 09:03:00+00:00,4427.24,4428.64,4427.24,4428.61,160,14,0
2026-09-10 09:04:00+00:00,4428.43,4428.45,4426.8,4426.91,162,14,0
2026-09-10 09:05:00+00:00,4426.89,4427.55,4425.92,4426.23,160,14,0
2026-09-10 09:06:00+00:00,4426.19,4426.56,4423.92,4423.95,168,14,0
2026-09-10 09:07:00+00:00,4423.97,4424.62,4423.44,4423.76,170,14,0
2026-09-10 09:08:00+00:00,4423.75,4424.99,4423.4,4424.32,134,14,0
2026-09-10 09:09:00+00:00,4424.31,4424.31,4422.62,4422.62,144,14,0
2026-09-10 09:10:00+00:00,4422.56,4423.19,4422.13,4422.28,121,14,0
2026-09-10 09:11:00+00:00,4422.12,4422.81,4422.12,4422.8,131,14,0
2026-09-10 09:12:00+00:00,4422.88,4422.9,4418.86,4418.98,145,14,0
2026-09-10 09:13:00+00:00,4418.96,4419.82,4417.56,4417.58,152,14,0
2026-09-10 09:14:00+00:00,4417.6,4418.01,4416.04,4416.29,122,14,0
2026-09-10 09:15:00+00:00,4416.41,4416.44,4414.22,4414.22,172,14,0
2026-09-10 09:16:00+00:00,4414.17,4415.28,4413.17,4413.75,176,14,0
2026-09-10 09:17:00+00:00,4413.73,4414.13,4413.15,4413.26,178,14,0
2026-09-10 09:18:00+00:00,4413.23,4416.21,4413.2,4415.9,187,14,0
2026-09-10 09:19:00+00:00,4415.83,4415.98,4414.33,4414.81,151,14,0
2026-09-10 09:20:00+00:00,4414.82,4414.93,4413.12,4413.33,167,14,0
2026-09-10 09:21:00+00:00,4413.32,4413.61,4411.81,4411.85,168,14,0
2026-09-10 09:22:00+00:00,4411.89,4414.79,4410.96,4413.72,180,14,0
2026-09-10 09:23:00+00:00,4413.71,4413.95,4411.45,4412.36,170,14,0
2026-09-10 09:24:00+00:00,4412.41,4416.2,4412.41,4416.09,155,14,0
2026-09-10 09:25:00+00:00,4416.08,4416.16,4414.84,4415.46,155,14,0
2026-09-10 09:26:00+00:00,4415.44,4415.49,4413.33,4414.56,174,13,0
2026-09-10 09:27:00+00:00,4414.55,4415.67,4414.0,4415.51,123,14,0
2026-09-10 09:28:00+00:00,4415.48,4417.09,4413.76,4417.07,148,14,0
2026-09-10 09:29:00+00:00,4417.04,4417.6,4416.64,4417.52,166,14,0
2026-09-10 09:30:00+00:00,4417.56,4419.05,4417.01,4417.93,178,14,0
2026-09-10 09:31:00+00:00,4417.96,4418.76,4416.42,4417.24,191,14,0
2026-09-10 09:32:00+00:00,4417.2,4417.2,4414.9,4415.37,146,14,0
2026-09-10 09:33:00+00:00,4415.38,4417.03,4415.38,4416.4,144,14,0
2026-09-10 09:34:00+00:00,4416.45,4416.45,4415.42,4415.44,120,10,0
2026-09-10 09:35:00+00:00,4415.3,4415.3,4414.06,4414.06,148,11,0
2026-09-10 09:36:00+00:00,4413.96,4414.38,4413.31,4413.98,147,11,0
2026-09-10 09:37:00+00:00,4413.87,4416.5,4413.8,4416.06,146,12,0
2026-09-10 09:38:00+00:00,4416.04,4416.86,4416.03,4416.84,113,10,0
2026-09-10 09:39:00+00:00,4416.83,4418.72,4416.77,4418.66,140,9,0
2026-09-10 09:40:00+00:00,4418.65,4421.43,4418.65,4421.11,158,12,0
2026-09-10 09:41:00+00:00,4421.08,4421.83,4420.53,4421.83,139,11,0
2026-09-10 09:42:00+00:00,4421.85,4424.77,4421.57,4424.47,142,11,0
2026-09-10 09:43:00+00:00,4424.39,4426.55,4424.39,4425.48,156,12,0
2026-09-10 09:44:00+00:00,4425.47,4426.98,4425.14,4426.7,146,14,0
2026-09-10 09:45:00+00:00,4426.74,4427.62,4425.7,4427.32,127,12,0
2026-09-10 09:46:00+00:00,4427.48,4428.86,4427.07,4427.67,154,14,0
2026-09-10 09:47:00+00:00,4427.73,4427.73,4424.36,4424.61,146,12,0
2026-09-10 09:48:00+00:00,4424.57,4424.82,4424.27,4424.68,121,9,0
2026-09-10 09:49:00+00:00,4424.71,4425.3,4424.41,4424.82,115,9,0
2026-09-10 09:50:00+00:00,4424.81,4427.58,4423.86,4427.58,156,10,0
2026-09-10 09:51:00+00:00,4427.71,4428.57,4426.84,4428.32,173,14,0
2026-09-10 09:52:00+00:00,4428.34,4428.41,4425.94,4426.11,171,14,0
2026-09-10 09:53:00+00:00,4426.09,4426.15,4425.37,4425.64,165,11,0
2026-09-10 09:54:00+00:00,4426.5,4426.5,4424.58,4425.07,161,10,0
2026-09-10 09:55:00+00:00,4425.08,4425.16,4424.55,4424.79,126,8,0
2026-09-10 09:56:00+00:00,4424.8,4425.41,4424.55,4424.59,121,8,0
2026-09-10 09:57:00+00:00,4424.66,4425.62,4424.54,4424.56,131,8,0
2026-09-10 09:58:00+00:00,4424.56,4424.76,4423.84,4424.18,140,8,0
2026-09-10 09:59:00+00:00,4424.21,4425.44,4423.75,4425.32,143,8,0
2026-09-10 10:00:00+00:00,4425.31,4425.49,4422.74,4422.74,156,8,0
2026-09-10 10:01:00+00:00,4423.03,4423.03,4418.81,4419.2,179,14,0
2026-09-10 10:02:00+00:00,4419.11,4419.54,4416.36,4416.74,153,14,0
2026-09-10 10:03:00+00:00,4416.79,4417.45,4415.65,4416.64,172,14,0
2026-09-10 10:04:00+00:00,4416.83,4417.38,4414.89,4415.19,158,14,0
2026-09-10 10:05:00+00:00,4415.26,4416.48,4414.66,4416.47,139,11,0
2026-09-10 10:06:00+00:00,4416.43,4416.52,4414.16,4414.31,150,9,0
2026-09-10 10:07:00+00:00,4414.44,4415.33,4414.44,4414.84,125,8,0
2026-09-10 10:08:00+00:00,4414.91,4415.62,4414.44,4415.32,123,8,0
2026-09-10 10:09:00+00:00,4415.35,4415.63,4414.65,4415.21,135,8,0
2026-09-10 10:10:00+00:00,4415.17,4415.69,4413.97,4415.02,155,8,0
2026-09-10 10:11:00+00:00,4414.94,4415.88,4414.5,4415.41,139,8,0
2026-09-10 10:12:00+00:00,4415.42,4417.23,4415.4,4417.21,140,14,0
2026-09-10 10:13:00+00:00,4417.24,4417.36,4413.51,4413.74,134,8,0
2026-09-10 10:14:00+00:00,4413.56,4414.26,4413.2,4413.34,131,14,0
2026-09-10 10:15:00+00:00,4413.35,4415.07,4411.75,4414.41,161,14,0
2026-09-10 10:16:00+00:00,4414.44,4414.51,4412.78,4413.53,130,10,0
2026-09-10 10:17:00+00:00,4413.48,4413.96,4413.1,4413.23,106,8,0
2026-09-10 10:18:00+00:00,4413.24,4413.42,4412.68,4413.17,96,8,0
2026-09-10 10:19:00+00:00,4413.18,4413.37,4412.29,4412.56,104,8,0
2026-09-10 10:20:00+00:00,4412.55,4413.18,4412.24,4412.54,102,8,0
2026-09-10 10:21:00+00:00,4412.4,4412.63,4411.21,4411.46,130,8,0
2026-09-10 10:22:00+00:00,4411.48,4411.57,4410.55,4410.72,115,8,0
2026-09-10 10:23:00+00:00,4410.9,4412.9,4410.9,4411.54,151,8,0
2026-09-10 10:24:00+00:00,4411.52,4412.49,4410.49,4411.58,132,12,0
2026-09-10 10:25:00+00:00,4411.66,4411.82,4409.57,4409.57,132,12,0
2026-09-10 10:26:00+00:00,4409.58,4410.63,4409.36,4409.52,124,9,0
2026-09-10 10:27:00+00:00,4409.46,4410.82,4408.95,4409.3,120,9,0
2026-09-10 10:28:00+00:00,4409.28,4409.58,4408.54,4408.85,137,10,0
2026-09-10 10:29:00+00:00,4408.82,4409.13,4408.06,4408.39,144,12,0
2026-09-10 10:30:00+00:00,4408.55,4409.59,4407.05,4408.36,173,12,0
2026-09-10 10:31:00+00:00,4408.46,4409.29,4408.0,4409.29,127,14,0
2026-09-10 10:32:00+00:00,4409.24,4410.2,4408.07,4408.73,143,14,0
2026-09-10 10:33:00+00:00,4408.89,4410.73,4406.17,4406.6,181,14,0
2026-09-10 10:34:00+00:00,4406.61,4406.62,4404.14,4404.63,178,14,0
2026-09-10 10:35:00+00:00,4404.62,4407.18,4404.14,4406.59,159,14,0
2026-09-10 10:36:00+00:00,4406.51,4407.48,4406.03,4406.41,143,12,0
2026-09-10 10:37:00+00:00,4406.43,4406.99,4406.12,4406.16,151,10,0
2026-09-10 10:38:00+00:00,4406.09,4407.61,4405.54,4406.21,173,11,0
2026-09-10 10:39:00+00:00,4406.23,4406.98,4405.55,4406.19,157,12,0
2026-09-10 10:40:00+00:00,4406.18,4407.19,4405.41,4407.11,160,11,0
2026-09-10 10:41:00+00:00,4407.18,4407.21,4405.32,4406.53,151,9,0
2026-09-10 10:42:00+00:00,4406.48,4406.86,4405.37,4406.7,125,9,0
2026-09-10 10:43:00+00:00,4406.71,4408.87,4406.06,4408.79,102,8,0
2026-09-10 10:44:00+00:00,4408.75,4409.74,4408.66,4409.72,140,8,0
2026-09-10 10:45:00+00:00,4409.7,4409.7,4409.05,4409.05,162,8,0
2026-09-10 10:46:00+00:00,4409.13,4411.86,4409.1,4411.85,156,8,0
2026-09-10 10:47:00+00:00,4411.8,4412.75,4411.44,4412.23,126,10,0
2026-09-10 10:48:00+00:00,4412.25,4412.25,4411.01,4411.6,157,13,0
2026-09-10 10:49:00+00:00,4411.57,4412.41,4411.21,4411.46,144,13,0
2026-09-10 10:50:00+00:00,4411.38,4412.5,4411.25,4412.05,114,8,0
2026-09-10 10:51:00+00:00,4412.23,4414.92,4412.23,4414.85,132,8,0
2026-09-10 10:52:00+00:00,4414.84,4415.31,4414.24,4414.66,113,11,0
2026-09-10 10:53:00+00:00,4414.68,4414.99,4413.72,4413.96,127,11,0
2026-09-10 10:54:00+00:00,4413.99,4415.14,4413.72,4414.76,127,8,0
2026-09-10 10:55:00+00:00,4414.74,4414.81,4412.64,4413.3,148,11,0
2026-09-10 10:56:00+00:00,4413.31,4413.31,4412.09,4412.62,119,8,0
2026-09-10 10:57:00+00:00,4412.63,4413.17,4411.72,4411.72,101,8,0
2026-09-10 10:58:00+00:00,4411.73,4412.36,4411.21,4411.46,122,8,0
2026-09-10 10:59:00+00:00,4411.51,4412.38,4411.25,4411.82,107,9,0
2026-09-10 11:00:00+00:00,4411.86,4412.8,4411.25,4412.41,170,9,0
2026-09-10 11:01:00+00:00,4412.4,4412.7,4411.03,4411.03,140,14,0
2026-09-10 11:02:00+00:00,4411.02,4411.2,4409.85,4410.14,113,12,0
2026-09-10 11:03:00+00:00,4410.15,4410.4,4408.05,4408.4,154,13,0
2026-09-10 11:04:00+00:00,4408.44,4409.26,4407.49,4407.73,153,12,0
2026-09-10 11:05:00+00:00,4407.61,4408.13,4406.77,4407.76,160,13,0
2026-09-10 11:06:00+00:00,4407.75,4408.27,4407.26,4408.03,148,12,0
2026-09-10 11:07:00+00:00,4408.12,4408.62,4407.78,4408.23,157,11,0
2026-09-10 11:08:00+00:00,4408.19,4408.84,4407.47,4408.54,136,10,0
2026-09-10 11:09:00+00:00,4408.57,4409.03,4407.57,4408.99,149,13,0
2026-09-10 11:10:00+00:00,4409.0,4409.8,4408.51,4409.01,147,11,0
2026-09-10 11:11:00+00:00,4409.01,4409.43,4408.18,4409.12,152,8,0
2026-09-10 11:12:00+00:00,4409.17,4409.43,4407.18,4407.35,123,9,0
2026-09-10 11:13:00+00:00,4407.42,4408.0,4406.61,4406.84,145,11,0
2026-09-10 11:14:00+00:00,4406.84,4406.84,4404.71,4405.79,154,14,0
2026-09-10 11:15:00+00:00,4405.72,4406.4,4405.43,4405.71,126,14,0
2026-09-10 11:16:00+00:00,4405.68,4406.23,4405.44,4405.88,105,8,0
2026-09-10 11:17:00+00:00,4405.87,4406.65,4404.82,4406.31,152,8,0
2026-09-10 11:18:00+00:00,4406.53,4406.92,4405.5,4406.32,137,8,0
2026-09-10 11:19:00+00:00,4406.28,4406.75,4405.73,4406.31,114,8,0
2026-09-10 11:20:00+00:00,4406.33,4406.35,4405.72,4405.85,109,8,0
2026-09-10 11:21:00+00:00,4405.79,4407.01,4405.44,4405.86,137,8,0
2026-09-10 11:22:00+00:00,4405.87,4406.87,4405.56,4405.99,112,9,0
2026-09-10 11:23:00+00:00,4405.98,4407.69,4405.7,4406.88,126,14,0
2026-09-10 11:24:00+00:00,4406.87,4406.9,4405.44,4406.38,115,9,0
2026-09-10 11:25:00+00:00,4406.36,4406.39,4405.2,4405.51,126,8,0
2026-09-10 11:26:00+00:00,4405.52,4405.87,4405.19,4405.54,118,8,0
2026-09-10 11:27:00+00:00,4405.53,4405.75,4404.3,4405.05,148,8,0
2026-09-10 11:28:00+00:00,4405.04,4405.81,4404.3,4405.27,139,12,0
2026-09-10 11:29:00+00:00,4405.32,4406.33,4403.98,4405.66,177,14,0
2026-09-10 11:30:00+00:00,4405.75,4405.97,4404.32,4405.73,148,14,0
2026-09-10 11:31:00+00:00,4405.74,4405.74,4403.18,4403.18,150,12,0
2026-09-10 11:32:00+00:00,4403.09,4403.09,4401.46,4401.92,177,14,0
2026-09-10 11:33:00+00:00,4401.89,4402.03,4400.64,4401.05,159,14,0
2026-09-10 11:34:00+00:00,4401.01,4401.9,4399.92,4399.97,162,14,0
2026-09-10 11:35:00+00:00,4399.96,4401.07,4399.72,4400.85,151,13,0
2026-09-10 11:36:00+00:00,4400.84,4401.61,4400.45,4401.37,138,12,0
2026-09-10 11:37:00+00:00,4401.43,4401.47,4399.81,4399.92,156,10,0
2026-09-10 11:38:00+00:00,4399.86,4400.15,4398.71,4399.66,165,10,0
2026-09-10 11:39:00+00:00,4399.76,4400.96,4398.93,4399.74,158,8,0
2026-09-10 11:40:00+00:00,4399.77,4400.13,4399.22,4399.37,125,8,0
2026-09-10 11:41:00+00:00,4399.45,4400.49,4398.27,4398.78,169,8,0
2026-09-10 11:42:00+00:00,4398.76,4398.83,4395.55,4397.17,190,14,0
2026-09-10 11:43:00+00:00,4397.13,4397.42,4394.92,4395.69,173,14,0
2026-09-10 11:44:00+00:00,4395.72,4396.54,4395.49,4395.92,132,14,0
2026-09-10 11:45:00+00:00,4396.0,4396.53,4393.68,4393.73,164,14,0
2026-09-10 11:46:00+00:00,4393.75,4395.61,4393.75,4395.21,193,14,0
2026-09-10 11:47:00+00:00,4395.0,4395.32,4393.61,4394.05,163,14,0
2026-09-10 11:48:00+00:00,4394.09,4394.19,4392.52,4393.51,155,12,0
2026-09-10 11:49:00+00:00,4393.57,4393.8,4392.48,4392.92,152,14,0
2026-09-10 11:50:00+00:00,4392.94,4395.45,4392.86,4395.44,158,11,0
2026-09-10 11:51:00+00:00,4395.45,4398.07,4395.44,4397.39,169,13,0
2026-09-10 11:52:00+00:00,4397.36,4398.36,4396.63,4396.8,144,11,0
2026-09-10 11:53:00+00:00,4396.69,4397.29,4395.71,4395.9,145,11,0
2026-09-10 11:54:00+00:00,4396.03,4397.23,4395.86,4396.79,128,10,0
2026-09-10 11:55:00+00:00,4396.78,4396.78,4395.15,4395.17,144,8,0
2026-09-10 11:56:00+00:00,4395.23,4395.31,4393.83,4394.69,156,8,0
2026-09-10 11:57:00+00:00,4394.58,4394.81,4394.27,4394.38,121,8,0
2026-09-10 11:58:00+00:00,4394.54,4395.67,4394.54,4395.39,147,8,0
2026-09-10 11:59:00+00:00,4395.41,4395.66,4394.3,4394.93,148,8,0
2026-09-10 12:00:00+00:00,4394.89,4396.0,4394.27,4394.96,185,12,0
2026-09-10 12:01:00+00:00,4394.97,4394.97,4393.33,4393.64,155,13,0
2026-09-10 12:02:00+00:00,4393.7,4395.06,4393.48,4395.06,158,12,0
2026-09-10 12:03:00+00:00,4395.07,4396.58,4393.66,4394.97,157,13,0
2026-09-10 12:04:00+00:00,4395.07,4396.03,4395.07,4395.68,137,11,0
2026-09-10 12:05:00+00:00,4395.66,4396.62,4392.6,4392.6,154,10,0
2026-09-10 12:06:00+00:00,4392.59,4394.05,4391.58,4394.01,147,10,0
2026-09-10 12:07:00+00:00,4394.0,4394.42,4393.43,4394.28,133,8,0
2026-09-10 12:08:00+00:00,4394.29,4394.48,4393.22,4393.28,124,8,0
2026-09-10 12:09:00+00:00,4393.29,4393.49,4390.08,4391.38,148,8,0
2026-09-10 12:10:00+00:00,4391.4,4392.78,4391.4,4392.7,119,14,0
2026-09-10 12:11:00+00:00,4392.74,4393.85,4392.17,4393.2,152,14,0
2026-09-10 12:12:00+00:00,4393.23,4394.88,4392.31,4394.64,132,9,0
2026-09-10 12:13:00+00:00,4394.59,4394.89,4393.92,4394.3,120,8,0
2026-09-10 12:14:00+00:00,4394.36,4395.02,4394.3,4394.86,125,8,0
2026-09-10 12:15:00+00:00,4394.89,4395.73,4393.59,4394.0,152,8,0
2026-09-10 12:16:00+00:00,4393.99,4396.67,4393.94,4395.62,146,9,0
2026-09-10 12:17:00+00:00,4395.66,4396.89,4395.2,4395.31,138,8,0
2026-09-10 12:18:00+00:00,4395.31,4396.25,4395.23,4396.1,118,8,0
2026-09-10 12:19:00+00:00,4396.11,4396.36,4395.18,4395.83,116,8,0
2026-09-10 12:20:00+00:00,4395.79,4396.12,4394.69,4395.65,124,8,0
2026-09-10 12:21:00+00:00,4395.63,4395.92,4394.0,4394.34,118,8,0
2026-09-10 12:22:00+00:00,4394.27,4394.67,4393.6,4394.01,119,8,0
2026-09-10 12:23:00+00:00,4394.0,4394.26,4393.59,4393.87,99,9,0
2026-09-10 12:24:00+00:00,4393.85,4394.03,4392.18,4392.82,115,10,0
2026-09-10 12:25:00+00:00,4392.8,4392.87,4391.79,4392.35,131,9,0
2026-09-10 12:26:00+00:00,4392.3,4394.03,4392.26,4394.03,115,9,0
2026-09-10 12:27:00+00:00,4394.04,4395.53,4393.78,4395.11,134,11,0
2026-09-10 12:28:00+00:00,4395.1,4395.1,4392.69,4393.23,131,11,0
2026-09-10 12:29:00+00:00,4393.24,4393.75,4392.74,4392.86,124,12,0
2026-09-10 12:30:00+00:00,4392.84,4392.84,4391.61,4392.2,127,12,0
2026-09-10 12:31:00+00:00,4392.44,4392.44,4390.59,4390.68,135,13,0
2026-09-10 12:32:00+00:00,4390.7,4392.25,4389.69,4389.89,155,14,0
2026-09-10 12:33:00+00:00,4389.89,4392.27,4389.83,4391.87,158,14,0
2026-09-10 12:34:00+00:00,4391.89,4392.54,4391.26,4392.02,144,14,0
2026-09-10 12:35:00+00:00,4392.03,4392.24,4391.13,4391.78,126,10,0
2026-09-10 12:36:00+00:00,4391.84,4392.52,4391.23,4392.26,140,10,0
2026-09-10 12:37:00+00:00,4392.26,4393.01,4390.85,4391.33,119,12,0
2026-09-10 12:38:00+00:00,4391.35,4392.18,4390.76,4391.81,136,14,0
2026-09-10 12:39:00+00:00,4391.79,4392.09,4390.81,4390.81,139,11,0
2026-09-10 12:40:00+00:00,4390.8,4391.01,4389.76,4390.92,160,12,0
2026-09-10 12:41:00+00:00,4390.89,4390.89,4389.65,4389.73,144,10,0
2026-09-10 12:42:00+00:00,4389.79,4390.03,4388.46,4388.88,136,9,0
2026-09-10 12:43:00+00:00,4388.82,4392.06,4388.68,4392.01,132,8,0
2026-09-10 12:44:00+00:00,4392.03,4393.09,4391.83,4392.8,150,11,0
2026-09-10 12:45:00+00:00,4393.03,4393.84,4392.58,4393.47,122,8,0
2026-09-10 12:46:00+00:00,4393.62,4394.87,4393.62,4394.81,138,8,0
2026-09-10 12:47:00+00:00,4394.77,4395.34,4393.83,4394.52,143,8,0
2026-09-10 12:48:00+00:00,4394.52,4395.79,4394.35,4395.12,121,8,0
2026-09-10 12:49:00+00:00,4395.08,4395.23,4394.5,4395.06,105,8,0
2026-09-10 12:50:00+00:00,4395.07,4395.07,4394.04,4394.14,103,8,0
2026-09-10 12:51:00+00:00,4394.1,4394.63,4393.99,4394.63,83,8,0
2026-09-10 12:52:00+00:00,4394.56,4394.76,4394.13,4394.59,106,8,0
2026-09-10 12:53:00+00:00,4394.6,4395.64,4394.52,4394.79,105,8,0
2026-09-10 12:54:00+00:00,4394.81,4395.77,4394.78,4394.9,108,10,0
2026-09-10 12:55:00+00:00,4394.67,4394.92,4393.94,4394.56,115,11,0
2026-09-10 12:56:00+00:00,4394.6,4394.68,4394.12,4394.51,117,11,0
2026-09-10 12:57:00+00:00,4394.53,4395.16,4394.19,4394.3,129,11,0
2026-09-10 12:58:00+00:00,4394.27,4394.48,4393.32,4393.66,123,11,0
2026-09-10 12:59:00+00:00,4393.63,4394.22,4393.34,4394.1,94,10,0
2026-09-10 13:00:00+00:00,4394.02,4394.04,4391.82,4393.25,202,11,0
2026-09-10 13:01:00+00:00,4393.26,4395.52,4392.7,4395.22,176,14,0
2026-09-10 13:02:00+00:00,4395.2,4396.53,4394.79,4396.53,140,14,0
2026-09-10 13:03:00+00:00,4396.56,4398.12,4396.39,4397.57,144,13,0
2026-09-10 13:04:00+00:00,4397.58,4399.39,4397.58,4398.29,153,13,0
2026-09-10 13:05:00+00:00,4398.23,4399.76,4398.14,4399.66,125,11,0
2026-09-10 13:06:00+00:00,4399.58,4400.03,4399.56,4399.65,113,9,0
2026-09-10 13:07:00+00:00,4399.63,4399.86,4397.0,4397.12,153,8,0
2026-09-10 13:08:00+00:00,4397.1,4397.26,4395.42,4395.81,202,10,0
2026-09-10 13:09:00+00:00,4395.74,4395.83,4391.98,4392.8,189,14,0
2026-09-10 13:10:00+00:00,4392.83,4393.53,4391.5,4391.79,186,14,0
2026-09-10 13:11:00+00:00,4391.76,4393.22,4390.02,4393.22,185,14,0
2026-09-10 13:12:00+00:00,4393.2,4394.21,4392.69,4394.15,154,14,0
2026-09-10 13:13:00+00:00,4394.16,4396.63,4394.16,4396.13,166,14,0
2026-09-10 13:14:00+00:00,4396.1,4397.3,4395.21,4395.21,150,13,0
2026-09-10 13:15:00+00:00,4395.19,4398.15,4394.43,4398.15,184,14,0
2026-09-10 13:16:00+00:00,4398.14,4400.17,4398.02,4400.17,165,13,0
2026-09-10 13:17:00+00:00,4400.18,4400.18,4398.52,4398.75,144,12,0
2026-09-10 13:18:00+00:00,4398.77,4399.04,4396.94,4397.07,144,10,0
2026-09-10 13:19:00+00:00,4397.08,4399.03,4397.08,4398.77,132,10,0
2026-09-10 13:20:00+00:00,4398.83,4399.03,4397.61,4398.02,138,9,0
2026-09-10 13:21:00+00:00,4398.04,4398.56,4397.15,4398.35,107,10,0
2026-09-10 13:22:00+00:00,4398.35,4399.31,4398.35,4398.65,138,9,0
2026-09-10 13:23:00+00:00,4398.69,4399.04,4396.2,4396.78,129,11,0
2026-09-10 13:24:00+00:00,4396.72,4397.33,4395.95,4395.96,138,11,0
2026-09-10 13:25:00+00:00,4396.05,4397.25,4395.76,4397.16,148,10,0
2026-09-10 13:26:00+00:00,4397.17,4397.31,4396.07,4396.18,150,11,0
2026-09-10 13:27:00+00:00,4396.22,4396.54,4394.5,4394.8,162,10,0
2026-09-10 13:28:00+00:00,4394.8,4395.76,4394.69,4395.1,130,10,0
2026-09-10 13:29:00+00:00,4395.11,4395.14,4393.78,4394.14,134,9,0
2026-09-10 13:30:00+00:00,4394.12,4394.7,4392.33,4392.85,176,10,0
2026-09-10 13:31:00+00:00,4392.75,4393.1,4390.2,4390.2,165,14,0
2026-09-10 13:32:00+00:00,4390.19,4390.19,4387.35,4388.64,185,14,0
2026-09-10 13:33:00+00:00,4388.54,4388.8,4385.87,4386.09,175,14,0
2026-09-10 13:34:00+00:00,4385.64,4385.64,4383.67,4384.9,188,14,0
2026-09-10 13:35:00+00:00,4384.89,4384.89,4381.73,4382.01,192,14,0
2026-09-10 13:36:00+00:00,4381.98,4382.55,4379.31,4379.65,196,14,0
2026-09-10 13:37:00+00:00,4379.57,4383.76,4377.92,4383.76,193,14,0
2026-09-10 13:38:00+00:00,4384.02,4384.03,4382.59,4382.99,168,14,0
2026-09-10 13:39:00+00:00,4383.04,4385.61,4383.04,4385.51,168,11,0
2026-09-10 13:40:00+00:00,4385.37,4385.66,4383.36,4384.81,167,14,0
2026-09-10 13:41:00+00:00,4384.82,4385.54,4383.48,4384.04,173,13,0
2026-09-10 13:42:00+00:00,4383.76,4386.55,4383.65,4386.36,158,11,0
2026-09-10 13:43:00+00:00,4386.1,4386.41,4384.61,4384.73,141,10,0
2026-09-10 13:44:00+00:00,4384.7,4385.05,4383.16,4383.83,165,12,0
2026-09-10 13:45:00+00:00,4383.55,4384.37,4382.28,4384.12,171,13,0
2026-09-10 13:46:00+00:00,4384.01,4385.82,4384.01,4385.13,174,12,0
2026-09-10 13:47:00+00:00,4385.15,4385.15,4382.7,4383.07,150,10,0
2026-09-10 13:48:00+00:00,4382.97,4383.5,4380.38,4381.48,168,9,0
2026-09-10 13:49:00+00:00,4381.44,4383.4,4381.43,4382.97,144,13,0
2026-09-10 13:50:00+00:00,4382.83,4383.35,4381.84,4382.58,158,12,0
2026-09-10 13:51:00+00:00,4382.63,4383.61,4379.36,4379.63,160,12,0
2026-09-10 13:52:00+00:00,4379.5,4379.5,4375.26,4377.4,196,14,0
2026-09-10 13:53:00+00:00,4377.43,4378.77,4377.36,4378.31,154,11,0
2026-09-10 13:54:00+00:00,4378.27,4378.39,4376.69,4377.22,167,11,0
2026-09-10 13:55:00+00:00,4377.24,4379.64,4377.01,4379.37,171,10,0
2026-09-10 13:56:00+00:00,4379.23,4387.64,4379.01,4385.45,195,12,0
2026-09-10 13:57:00+00:00,4385.68,4387.12,4382.39,4382.93,211,14,0
2026-09-10 13:58:00+00:00,4382.91,4382.91,4379.55,4379.9,193,14,0
2026-09-10 13:59:00+00:00,4379.66,4379.67,4377.67,4378.86,180,12,0
2026-09-10 14:00:00+00:00,4378.84,4380.26,4378.05,4379.8,212,13,0
2026-09-10 14:01:00+00:00,4379.93,4382.27,4379.53,4380.92,193,14,0
2026-09-10 14:02:00+00:00,4380.86,4382.1,4379.41,4381.85,188,13,0
2026-09-10 14:03:00+00:00,4381.8,4383.57,4381.8,4382.24,173,12,0
2026-09-10 14:04:00+00:00,4382.16,4384.5,4382.13,4383.93,182,12,0
2026-09-10 14:05:00+00:00,4383.86,4384.34,4382.17,4382.95,195,11,0
2026-09-10 14:06:00+00:00,4383.0,4383.13,4379.22,4379.22,191,12,0
2026-09-10 14:07:00+00:00,4379.21,4381.81,4379.19,4381.72,171,12,0
2026-09-10 14:08:00+00:00,4381.7,4382.69,4381.53,4382.45,181,8,0
2026-09-10 14:09:00+00:00,4382.47,4382.99,4378.84,4379.57,176,8,0
2026-09-10 14:10:00+00:00,4379.5,4381.56,4379.01,4380.47,167,12,0
2026-09-10 14:11:00+00:00,4380.49,4380.74,4377.3,4377.6,186,10,0
2026-09-10 14:12:00+00:00,4377.58,4378.02,4375.37,4377.77,188,14,0
2026-09-10 14:13:00+00:00,4377.75,4381.99,4377.6,4380.09,172,13,0
2026-09-10 14:14:00+00:00,4380.1,4383.76,4380.1,4383.49,169,9,0
2026-09-10 14:15:00+00:00,4383.62,4384.44,4382.14,4383.56,179,10,0
2026-09-10 14:16:00+00:00,4383.56,4384.14,4382.16,4382.92,163,11,0
2026-09-10 14:17:00+00:00,4382.84,4385.6,4382.35,4382.46,177,13,0
2026-09-10 14:18:00+00:00,4382.3,4384.33,4382.29,4382.48,167,13,0
2026-09-10 14:19:00+00:00,4382.42,4383.18,4381.28,4383.06,154,8,0
2026-09-10 14:20:00+00:00,4383.08,4383.55,4382.13,4382.77,175,8,0
2026-09-10 14:21:00+00:00,4382.77,4382.84,4380.49,4380.49,155,11,0
2026-09-10 14:22:00+00:00,4380.62,4382.01,4380.55,4382.01,146,9,0
2026-09-10 14:23:00+00:00,4381.99,4382.78,4381.69,4382.6,149,10,0
2026-09-10 14:24:00+00:00,4382.45,4382.91,4381.5,4382.9,166,8,0
2026-09-10 14:25:00+00:00,4382.87,4386.15,4382.76,4385.85,169,8,0
2026-09-10 14:26:00+00:00,4385.81,4387.8,4385.37,4387.8,148,8,0
2026-09-10 14:27:00+00:00,4387.76,4388.71,4386.97,4387.29,149,8,0
2026-09-10 14:28:00+00:00,4387.25,4387.82,4385.78,4386.26,152,8,0
2026-09-10 14:29:00+00:00,4386.33,4386.33,4385.58,4385.91,145,8,0
2026-09-10 14:30:00+00:00,4385.92,4386.28,4385.01,4386.17,168,8,0
2026-09-10 14:31:00+00:00,4386.45,4387.77,4386.38,4386.57,168,12,0
2026-09-10 14:32:00+00:00,4386.64,4387.4,4385.9,4387.13,160,12,0
2026-09-10 14:33:00+00:00,4387.08,4388.42,4384.54,4388.39,171,12,0
2026-09-10 14:34:00+00:00,4388.45,4388.57,4386.43,4386.69,139,14,0
2026-09-10 14:35:00+00:00,4386.71,4388.61,4386.47,4388.45,137,12,0
2026-09-10 14:36:00+00:00,4388.5,4388.5,4387.13,4387.93,130,8,0
2026-09-10 14:37:00+00:00,4387.85,4388.37,4387.28,4388.05,141,8,0
2026-09-10 14:38:00+00:00,4387.85,4388.31,4386.32,4388.31,142,10,0
2026-09-10 14:39:00+00:00,4388.32,4389.54,4388.22,4389.46,136,11,0
2026-09-10 14:40:00+00:00,4389.49,4389.9,4389.15,4389.59,144,10,0
2026-09-10 14:41:00+00:00,4389.56,4390.76,4389.32,4389.64,145,10,0
2026-09-10 14:42:00+00:00,4389.45,4389.78,4387.89,4388.11,147,11,0
2026-09-10 14:43:00+00:00,4388.04,4388.35,4385.07,4385.07,165,12,0
2026-09-10 14:44:00+00:00,4384.94,4385.41,4384.47,4384.56,143,12,0
2026-09-10 14:45:00+00:00,4384.71,4384.91,4383.1,4384.21,159,13,0
2026-09-10 14:46:00+00:00,4384.23,4385.3,4383.24,4383.48,153,13,0
2026-09-10 14:47:00+00:00,4383.55,4383.66,4381.34,4381.81,159,11,0
2026-09-10 14:48:00+00:00,4381.71,4382.28,4380.76,4381.97,146,14,0
2026-09-10 14:49:00+00:00,4382.01,4382.45,4381.54,4381.89,148,13,0
2026-09-10 14:50:00+00:00,4382.47,4382.93,4379.12,4380.17,161,14,0
2026-09-10 14:51:00+00:00,4380.16,4380.69,4376.46,4376.64,175,14,0
2026-09-10 14:52:00+00:00,4376.68,4377.29,4375.86,4376.44,159,14,0
2026-09-10 14:53:00+00:00,4376.45,4377.96,4376.01,4377.67,184,14,0
2026-09-10 14:54:00+00:00,4377.62,4380.76,4376.63,4380.48,160,14,0
2026-09-10 14:55:00+00:00,4380.4,4380.4,4376.8,4376.98,187,14,0
2026-09-10 14:56:00+00:00,4377.11,4378.83,4374.78,4375.43,190,14,0
2026-09-10 14:57:00+00:00,4375.44,4376.96,4374.58,4376.5,200,14,0
2026-09-10 14:58:00+00:00,4376.48,4377.73,4375.35,4375.73,183,14,0
2026-09-10 14:59:00+00:00,4375.77,4376.76,4374.69,4374.69,186,13,0
2026-09-10 15:00:00+00:00,4374.57,4376.65,4371.77,4373.19,220,13,0
2026-09-10 15:01:00+00:00,4373.16,4375.59,4372.62,4375.14,212,14,0
2026-09-10 15:02:00+00:00,4374.86,4376.84,4373.19,4373.92,193,14,0
2026-09-10 15:03:00+00:00,4373.76,4373.88,4371.29,4371.81,203,14,0
2026-09-10 15:04:00+00:00,4371.62,4372.85,4370.69,4372.8,192,14,0
2026-09-10 15:05:00+00:00,4372.7,4372.72,4369.9,4372.42,192,14,0
2026-09-10 15:06:00+00:00,4372.39,4373.17,4370.22,4371.54,208,14,0
2026-09-10 15:07:00+00:00,4371.51,4374.87,4370.93,4374.17,187,14,0
2026-09-10 15:08:00+00:00,4374.15,4376.59,4372.39,4373.83,190,14,0
2026-09-10 15:09:00+00:00,4373.82,4376.45,4372.24,4372.24,190,14,0
2026-09-10 15:10:00+00:00,4372.22,4374.02,4371.87,4373.97,182,13,0
2026-09-10 15:11:00+00:00,4373.99,4374.94,4373.74,4374.86,154,12,0
2026-09-10 15:12:00+00:00,4374.9,4377.87,4374.09,4374.39,154,12,0
2026-09-10 15:13:00+00:00,4374.2,4374.76,4372.6,4373.88,159,12,0
2026-09-10 15:14:00+00:00,4373.85,4375.98,4373.71,4375.05,149,12,0
2026-09-10 15:15:00+00:00,4375.05,4377.1,4371.36,4373.17,192,14,0
2026-09-10 15:16:00+00:00,4372.92,4374.04,4369.42,4369.46,207,14,0
2026-09-10 15:17:00+00:00,4368.47,4370.82,4366.82,4370.1,206,14,0
2026-09-10 15:18:00+00:00,4369.99,4374.18,4369.65,4373.52,208,14,0
2026-09-10 15:19:00+00:00,4373.5,4373.82,4371.87,4371.87,201,12,0
2026-09-10 15:20:00+00:00,4371.95,4373.75,4368.83,4373.13,198,12,0
2026-09-10 15:21:00+00:00,4373.06,4373.06,4368.52,4368.83,206,14,0
2026-09-10 15:22:00+00:00,4368.95,4369.82,4367.85,4369.7,198,13,0
2026-09-10 15:23:00+00:00,4369.68,4369.68,4367.17,4367.65,191,12,0
2026-09-10 15:24:00+00:00,4367.7,4367.83,4365.86,4367.47,198,10,0
2026-09-10 15:25:00+00:00,4367.45,4368.19,4363.93,4364.66,208,11,0
2026-09-10 15:26:00+00:00,4364.52,4364.52,4362.58,4362.84,202,12,0
2026-09-10 15:27:00+00:00,4362.79,4364.4,4361.99,4362.51,167,8,0
2026-09-10 15:28:00+00:00,4362.5,4363.2,4361.92,4363.18,174,8,0
2026-09-10 15:29:00+00:00,4363.21,4363.43,4362.13,4363.42,166,8,0
2026-09-10 15:30:00+00:00,4363.93,4372.31,4359.11,4360.25,196,8,0
2026-09-10 15:31:00+00:00,4360.16,4360.16,4352.64,4352.77,223,14,0
2026-09-10 15:32:00+00:00,4352.99,4354.74,4349.26,4351.16,217,16,0
2026-09-10 15:33:00+00:00,4351.18,4352.73,4348.44,4348.44,231,16,0
2026-09-10 15:34:00+00:00,4347.98,4348.28,4340.39,4342.04,218,16,0
2026-09-10 15:35:00+00:00,4342.21,4343.04,4338.36,4340.73,229,16,0
2026-09-10 15:36:00+00:00,4340.84,4342.99,4335.3,4337.64,232,16,0
2026-09-10 15:37:00+00:00,4337.39,4337.93,4331.8,4331.8,222,16,0
2026-09-10 15:38:00+00:00,4331.31,4332.4,4327.38,4328.01,228,16,0
2026-09-10 15:39:00+00:00,4327.49,4329.58,4324.0,4327.71,233,15,0
2026-09-10 15:40:00+00:00,4327.8,4330.31,4325.04,4329.83,227,15,0
2026-09-10 15:41:00+00:00,4329.96,4334.17,4328.79,4329.61,227,14,0
2026-09-10 15:42:00+00:00,4329.32,4334.83,4324.43,4332.62,234,16,0
2026-09-10 15:43:00+00:00,4332.63,4335.06,4331.08,4332.94,233,15,0
2026-09-10 15:44:00+00:00,4332.84,4343.85,4331.36,4341.59,222,15,0
2026-09-10 15:45:00+00:00,4341.61,4344.56,4340.22,4342.16,226,15,0
2026-09-10 15:46:00+00:00,4342.09,4343.4,4339.61,4342.87,221,14,0
2026-09-10 15:47:00+00:00,4342.97,4346.86,4341.47,4341.73,231,15,0
2026-09-10 15:48:00+00:00,4341.74,4347.72,4339.3,4346.5,218,16,0
2026-09-10 15:49:00+00:00,4346.13,4350.16,4346.13,4350.16,214,13,0
2026-09-10 15:50:00+00:00,4350.08,4355.78,4350.07,4355.25,225,11,0
2026-09-10 15:51:00+00:00,4355.21,4355.35,4350.52,4351.76,210,13,0
2026-09-10 15:52:00+00:00,4351.84,4351.84,4346.5,4347.7,219,15,0
2026-09-10 15:53:00+00:00,4347.77,4347.87,4345.1,4345.3,213,14,0
2026-09-10 15:54:00+00:00,4345.34,4347.16,4343.44,4344.16,228,11,0
2026-09-10 15:55:00+00:00,4344.14,4344.14,4338.73,4339.44,221,14,0
2026-09-10 15:56:00+00:00,4339.2,4341.6,4337.39,4339.14,220,9,0
2026-09-10 15:57:00+00:00,4339.13,4342.97,4338.62,4342.29,213,11,0
2026-09-10 15:58:00+00:00,4342.3,4344.73,4341.58,4342.3,221,11,0
2026-09-10 15:59:00+00:00,4342.32,4342.37,4338.01,4340.51,225,15,0
2026-09-10 16:00:00+00:00,4340.05,4347.11,4339.87,4343.18,222,15,0
2026-09-10 16:01:00+00:00,4343.21,4352.17,4342.82,4348.58,230,16,0
2026-09-10 16:02:00+00:00,4348.61,4355.36,4348.17,4354.03,224,13,0
2026-09-10 16:03:00+00:00,4354.01,4354.03,4348.44,4350.75,226,8,0
2026-09-10 16:04:00+00:00,4350.74,4354.33,4350.66,4350.95,228,9,0
2026-09-10 16:05:00+00:00,4351.01,4352.96,4348.45,4348.69,229,9,0
2026-09-10 16:06:00+00:00,4348.65,4349.64,4346.72,4347.61,230,16,0
2026-09-10 16:07:00+00:00,4347.6,4352.34,4346.87,4347.45,221,15,0
2026-09-10 16:08:00+00:00,4347.67,4350.37,4346.67,4348.85,226,11,0
2026-09-10 16:09:00+00:00,4348.76,4353.27,4347.65,4347.65,217,11,0
2026-09-10 16:10:00+00:00,4347.36,4351.17,4346.81,4348.36,219,11,0
2026-09-10 16:11:00+00:00,4348.73,4349.09,4346.31,4346.76,217,8,0
2026-09-10 16:12:00+00:00,4346.65,4349.04,4344.89,4345.7,222,8,0
2026-09-10 16:13:00+00:00,4346.09,4347.43,4344.95,4346.41,226,8,0
2026-09-10 16:14:00+00:00,4346.54,4348.47,4344.08,4344.15,223,9,0
2026-09-10 16:15:00+00:00,4344.16,4346.5,4341.74,4345.02,222,8,0
2026-09-10 16:16:00+00:00,4345.8,4345.8,4341.56,4344.46,216,8,0
2026-09-10 16:17:00+00:00,4344.27,4345.45,4343.57,4345.05,201,8,0
2026-09-10 16:18:00+00:00,4344.91,4347.63,4344.77,4346.96,219,8,0
2026-09-10 16:19:00+00:00,4347.54,4348.97,4344.63,4348.96,224,15,0
2026-09-10 16:20:00+00:00,4349.06,4352.58,4349.06,4352.43,221,15,0
2026-09-10 16:21:00+00:00,4352.51,4355.92,4351.66,4353.54,222,15,0
2026-09-10 16:22:00+00:00,4353.41,4355.49,4351.96,4352.48,217,11,0
2026-09-10 16:23:00+00:00,4352.69,4355.35,4352.69,4354.24,212,8,0
2026-09-10 16:24:00+00:00,4354.25,4354.25,4349.47,4350.28,202,8,0
2026-09-10 16:25:00+00:00,4350.25,4350.43,4348.08,4349.26,217,8,0
2026-09-10 16:26:00+00:00,4349.24,4349.47,4344.92,4349.19,207,8,0
2026-09-10 16:27:00+00:00,4349.21,4354.23,4348.56,4354.01,209,11,0
2026-09-10 16:28:00+00:00,4353.82,4356.54,4351.37,4356.49,219,13,0
2026-09-10 16:29:00+00:00,4356.51,4357.58,4356.01,4357.32,206,8,0
2026-09-10 16:30:00+00:00,4357.8,4358.8,4353.9,4356.04,220,8,0
2026-09-10 16:31:00+00:00,4356.0,4358.75,4352.42,4356.99,227,16,0
2026-09-10 16:32:00+00:00,4356.91,4362.73,4356.55,4360.85,229,16,0
2026-09-10 16:33:00+00:00,4360.58,4367.6,4359.94,4367.36,226,15,0
2026-09-10 16:34:00+00:00,4367.35,4368.07,4363.59,4363.59,216,15,0
2026-09-10 16:35:00+00:00,4363.29,4365.93,4359.68,4360.02,216,16,0
2026-09-10 16:36:00+00:00,4360.19,4363.92,4359.46,4359.82,232,16,0
2026-09-10 16:37:00+00:00,4359.84,4367.73,4359.84,4367.03,221,16,0
2026-09-10 16:38:00+00:00,4367.25,4371.59,4367.25,4370.93,231,16,0
2026-09-10 16:39:00+00:00,4370.95,4371.12,4367.53,4369.59,227,16,0
2026-09-10 16:40:00+00:00,4369.82,4373.29,4367.52,4371.56,226,16,0
2026-09-10 16:41:00+00:00,4371.52,4373.33,4366.89,4369.75,222,15,0
2026-09-10 16:42:00+00:00,4369.6,4372.0,4367.17,4368.97,225,14,0
2026-09-10 16:43:00+00:00,4369.09,4370.05,4366.14,4366.79,228,13,0
2026-09-10 16:44:00+00:00,4366.98,4368.02,4363.95,4364.79,225,11,0
2026-09-10 16:45:00+00:00,4365.07,4366.3,4364.02,4366.3,225,11,0
2026-09-10 16:46:00+00:00,4366.26,4368.11,4364.95,4367.81,220,11,0
2026-09-10 16:47:00+00:00,4367.77,4372.44,4366.62,4371.99,227,16,0
2026-09-10 16:48:00+00:00,4371.91,4374.63,4370.13,4374.48,222,14,0
2026-09-10 16:49:00+00:00,4374.47,4375.83,4371.71,4371.71,212,9,0
2026-09-10 16:50:00+00:00,4371.69,4372.86,4366.03,4367.31,217,9,0
2026-09-10 16:51:00+00:00,4367.32,4367.32,4363.45,4364.05,218,15,0
2026-09-10 16:52:00+00:00,4364.16,4373.65,4362.49,4373.1,211,11,0
2026-09-10 16:53:00+00:00,4372.9,4374.67,4371.51,4371.71,219,8,0
2026-09-10 16:54:00+00:00,4371.69,4372.87,4367.26,4367.27,219,8,0
2026-09-10 16:55:00+00:00,4367.16,4367.99,4365.42,4366.53,222,8,0
2026-09-10 16:56:00+00:00,4366.46,4370.44,4366.22,4369.03,215,8,0
2026-09-10 16:57:00+00:00,4369.4,4369.48,4366.84,4367.39,201,8,0
2026-09-10 16:58:00+00:00,4367.36,4368.77,4366.19,4366.51,182,8,0
2026-09-10 16:59:00+00:00,4366.55,4368.16,4364.53,4365.86,189,8,0
2026-09-10 17:00:00+00:00,4365.91,4371.78,4365.91,4368.13,226,11,0
2026-09-10 17:01:00+00:00,4368.12,4373.89,4367.52,4373.6,219,16,0
2026-09-10 17:02:00+00:00,4373.38,4375.13,4371.71,4372.53,216,15,0
2026-09-10 17:03:00+00:00,4372.51,4373.22,4369.89,4371.71,220,9,0
2026-09-10 17:04:00+00:00,4371.74,4371.87,4368.37,4369.98,219,8,0
2026-09-10 17:05:00+00:00,4370.03,4371.57,4367.14,4367.2,225,8,0
2026-09-10 17:06:00+00:00,4367.23,4368.52,4364.16,4364.8,217,13,0
2026-09-10 17:07:00+00:00,4364.77,4366.38,4362.37,4362.37,222,8,0
2026-09-10 17:08:00+00:00,4362.17,4364.18,4361.33,4362.25,224,8,0
2026-09-10 17:09:00+00:00,4361.97,4365.16,4361.93,4364.38,219,8,0
2026-09-10 17:10:00+00:00,4364.37,4365.61,4362.27,4362.86,219,8,0
2026-09-10 17:11:00+00:00,4362.85,4367.91,4362.25,4366.53,214,8,0
2026-09-10 17:12:00+00:00,4366.67,4366.73,4359.13,4359.25,189,9,0
2026-09-10 17:13:00+00:00,4359.28,4363.6,4359.28,4360.64,208,9,0
2026-09-10 17:14:00+00:00,4360.72,4361.53,4359.25,4359.42,216,8,0
2026-09-10 17:15:00+00:00,4359.43,4361.85,4359.16,4361.57,214,8,0
2026-09-10 17:16:00+00:00,4361.39,4361.39,4358.04,4359.79,206,11,0
2026-09-10 17:17:00+00:00,4359.71,4360.22,4354.96,4355.35,216,14,0
2026-09-10 17:18:00+00:00,4355.47,4360.16,4354.06,4359.5,219,15,0
2026-09-10 17:19:00+00:00,4359.49,4363.11,4359.29,4361.59,218,15,0
2026-09-10 17:20:00+00:00,4361.52,4366.56,4361.52,4363.71,215,16,0
2026-09-10 17:21:00+00:00,4363.7,4364.74,4362.23,4364.59,213,11,0
2026-09-10 17:22:00+00:00,4364.55,4366.76,4363.72,4366.76,222,14,0
2026-09-10 17:23:00+00:00,4366.72,4367.5,4361.59,4361.82,208,11,0
2026-09-10 17:24:00+00:00,4362.0,4373.51,4359.39,4370.02,211,9,0
2026-09-10 17:25:00+00:00,4371.21,4376.49,4371.19,4371.45,221,16,0
2026-09-10 17:26:00+00:00,4371.59,4371.71,4366.09,4366.3,221,16,0
2026-09-10 17:27:00+00:00,4366.45,4369.09,4364.81,4366.91,233,15,0
2026-09-10 17:28:00+00:00,4366.67,4367.81,4366.25,4367.15,213,13,0
2026-09-10 17:29:00+00:00,4367.45,4367.49,4362.71,4363.4,210,11,0
2026-09-10 17:30:00+00:00,4362.7,4363.84,4360.78,4360.95,216,11,0
2026-09-10 17:31:00+00:00,4361.0,4362.64,4360.29,4362.02,213,11,0
2026-09-10 17:32:00+00:00,4361.88,4364.15,4361.2,4363.78,207,11,0
2026-09-10 17:33:00+00:00,4363.47,4365.42,4362.17,4362.48,207,11,0
2026-09-10 17:34:00+00:00,4362.46,4365.5,4362.44,4364.72,200,9,0
2026-09-10 17:35:00+00:00,4364.69,4369.42,4364.51,4368.16,211,11,0
2026-09-10 17:36:00+00:00,4368.24,4370.34,4366.44,4370.15,222,14,0
2026-09-10 17:37:00+00:00,4370.13,4370.16,4367.17,4368.85,218,13,0
2026-09-10 17:38:00+00:00,4368.75,4369.1,4365.23,4367.02,220,13,0
2026-09-10 17:39:00+00:00,4366.9,4367.16,4362.92,4363.07,213,11,0
2026-09-10 17:40:00+00:00,4363.09,4368.65,4362.78,4368.55,208,13,0
2026-09-10 17:41:00+00:00,4368.7,4369.22,4365.39,4365.52,202,15,0
2026-09-10 17:42:00+00:00,4365.28,4365.89,4360.36,4360.36,207,15,0
2026-09-10 17:43:00+00:00,4360.43,4360.43,4357.15,4357.56,214,14,0
2026-09-10 17:44:00+00:00,4357.71,4359.53,4356.34,4356.37,202,14,0
2026-09-10 17:45:00+00:00,4356.34,4356.78,4354.03,4355.6,216,16,0
2026-09-10 17:46:00+00:00,4355.5,4358.27,4355.46,4357.58,216,15,0
2026-09-10 17:47:00+00:00,4357.54,4357.54,4354.61,4354.7,216,15,0
2026-09-10 17:48:00+00:00,4354.57,4357.0,4354.08,4356.96,212,15,0
2026-09-10 17:49:00+00:00,4356.95,4358.98,4356.66,4357.77,199,13,0
2026-09-10 17:50:00+00:00,4357.92,4358.59,4356.51,4356.87,208,13,0
2026-09-10 17:51:00+00:00,4357.0,4359.0,4356.94,4359.0,206,14,0
2026-09-10 17:52:00+00:00,4359.07,4360.02,4358.23,4360.02,202,15,0
2026-09-10 17:53:00+00:00,4360.61,4361.72,4360.17,4361.0,208,14,0
2026-09-10 17:54:00+00:00,4360.93,4360.93,4355.05,4355.18,205,14,0
2026-09-10 17:55:00+00:00,4355.16,4357.0,4354.13,4355.49,201,14,0
2026-09-10 17:56:00+00:00,4355.88,4358.92,4355.53,4358.68,203,14,0
2026-09-10 17:57:00+00:00,4358.76,4359.88,4357.82,4358.64,204,13,0
2026-09-10 17:58:00+00:00,4358.57,4359.02,4356.31,4357.32,207,14,0
2026-09-10 17:59:00+00:00,4357.43,4359.13,4356.79,4358.02,208,14,0
2026-09-10 18:00:00+00:00,4358.04,4358.4,4355.81,4356.94,213,15,0
2026-09-10 18:01:00+00:00,4356.19,4356.36,4353.37,4353.74,206,15,0
2026-09-10 18:02:00+00:00,4353.8,4355.21,4352.65,4353.64,199,15,0
2026-09-10 18:03:00+00:00,4353.9,4355.74,4352.97,4354.63,192,14,0
2026-09-10 18:04:00+00:00,4354.62,4357.13,4353.54,4353.63,219,15,0
2026-09-10 18:05:00+00:00,4353.6,4357.32,4353.47,4357.08,187,16,0
2026-09-10 18:06:00+00:00,4357.1,4357.1,4353.42,4354.82,190,16,0
2026-09-10 18:07:00+00:00,4354.85,4357.31,4354.05,4356.89,191,15,0
2026-09-10 18:08:00+00:00,4356.91,4358.8,4356.17,4358.79,187,15,0
2026-09-10 18:09:00+00:00,4358.76,4358.81,4355.43,4355.68,195,15,0
2026-09-10 18:10:00+00:00,4355.59,4361.43,4355.34,4360.2,201,15,0
2026-09-10 18:11:00+00:00,4360.32,4361.15,4357.92,4359.15,196,14,0
2026-09-10 18:12:00+00:00,4359.14,4359.82,4357.55,4357.73,175,11,0
2026-09-10 18:13:00+00:00,4358.06,4359.36,4356.32,4358.45,207,15,0
2026-09-10 18:14:00+00:00,4358.38,4360.23,4357.94,4359.69,195,16,0
2026-09-10 18:15:00+00:00,4359.64,4362.66,4358.67,4362.21,210,16,0
2026-09-10 18:16:00+00:00,4362.37,4362.85,4360.33,4362.01,193,16,0
2026-09-10 18:17:00+00:00,4361.95,4364.44,4361.6,4364.22,192,15,0
2026-09-10 18:18:00+00:00,4364.17,4364.75,4363.01,4364.65,186,16,0
2026-09-10 18:19:00+00:00,4364.8,4364.87,4362.84,4363.51,195,11,0
2026-09-10 18:20:00+00:00,4363.52,4365.37,4362.36,4362.36,196,8,0
2026-09-10 18:21:00+00:00,4362.28,4364.63,4361.34,4364.13,193,13,0
2026-09-10 18:22:00+00:00,4364.12,4366.46,4363.57,4366.46,192,15,0
2026-09-10 18:23:00+00:00,4366.4,4367.16,4364.81,4365.51,192,13,0
2026-09-10 18:24:00+00:00,4365.42,4366.53,4365.34,4366.03,193,8,0
2026-09-10 18:25:00+00:00,4366.05,4366.43,4364.61,4366.34,175,8,0
2026-09-10 18:26:00+00:00,4366.29,4366.83,4365.14,4365.25,159,8,0
2026-09-10 18:27:00+00:00,4365.27,4367.78,4365.23,4367.52,181,8,0
2026-09-10 18:28:00+00:00,4367.54,4367.59,4363.19,4363.19,194,8,0
2026-09-10 18:29:00+00:00,4363.28,4365.52,4363.28,4365.3,190,11,0
2026-09-10 18:30:00+00:00,4365.43,4367.29,4364.96,4366.28,204,11,0
2026-09-10 18:31:00+00:00,4366.27,4366.54,4363.28,4364.01,186,9,0
2026-09-10 18:32:00+00:00,4364.17,4364.27,4362.41,4363.34,193,13,0
2026-09-10 18:33:00+00:00,4363.32,4367.09,4362.88,4366.79,183,11,0
2026-09-10 18:34:00+00:00,4366.78,4369.66,4366.45,4369.51,190,13,0
2026-09-10 18:35:00+00:00,4369.48,4370.46,4368.92,4370.24,186,14,0
2026-09-10 18:36:00+00:00,4370.33,4371.55,4369.94,4370.1,198,13,0
2026-09-10 18:37:00+00:00,4370.11,4372.43,4369.85,4371.14,177,15,0
2026-09-10 18:38:00+00:00,4371.11,4371.51,4369.56,4369.74,173,15,0
2026-09-10 18:39:00+00:00,4369.65,4370.09,4367.34,4368.62,202,15,0
2026-09-10 18:40:00+00:00,4368.65,4368.95,4366.42,4366.49,186,15,0
2026-09-10 18:41:00+00:00,4366.66,4368.15,4365.33,4367.21,172,15,0
2026-09-10 18:42:00+00:00,4367.17,4367.17,4365.52,4365.53,173,15,0
2026-09-10 18:43:00+00:00,4365.64,4365.86,4364.39,4365.19,159,9,0
2026-09-10 18:44:00+00:00,4365.17,4366.71,4364.6,4366.13,178,9,0
2026-09-10 18:45:00+00:00,4366.16,4366.66,4364.75,4364.75,162,11,0
2026-09-10 18:46:00+00:00,4364.68,4365.68,4363.56,4364.12,170,11,0
2026-09-10 18:47:00+00:00,4363.98,4364.07,4361.29,4362.79,188,13,0
2026-09-10 18:48:00+00:00,4362.77,4364.09,4362.68,4362.88,182,16,0
2026-09-10 18:49:00+00:00,4362.91,4367.07,4362.73,4367.07,177,13,0
2026-09-10 18:50:00+00:00,4367.08,4367.74,4365.63,4365.76,181,14,0
2026-09-10 18:51:00+00:00,4365.79,4368.62,4365.79,4368.59,171,15,0
2026-09-10 18:52:00+00:00,4368.65,4370.31,4368.65,4368.65,198,15,0
2026-09-10 18:53:00+00:00,4368.61,4369.06,4367.29,4367.47,175,8,0
2026-09-10 18:54:00+00:00,4367.62,4368.01,4365.78,4366.07,191,8,0
2026-09-10 18:55:00+00:00,4365.98,4366.79,4364.14,4366.08,191,15,0
2026-09-10 18:56:00+00:00,4366.16,4366.74,4365.75,4365.79,185,11,0
2026-09-10 18:57:00+00:00,4365.83,4367.32,4365.56,4365.69,181,9,0
2026-09-10 18:58:00+00:00,4365.66,4367.39,4365.39,4367.38,181,8,0
2026-09-10 18:59:00+00:00,4367.34,4367.55,4365.75,4365.91,172,8,0
2026-09-10 19:00:00+00:00,4365.89,4368.22,4365.08,4367.9,220,8,0
2026-09-10 19:01:00+00:00,4367.92,4368.81,4366.16,4367.64,213,15,0
2026-09-10 19:02:00+00:00,4367.67,4368.35,4367.27,4367.93,199,14,0
2026-09-10 19:03:00+00:00,4367.88,4369.39,4366.18,4368.49,188,14,0
2026-09-10 19:04:00+00:00,4368.58,4370.04,4367.13,4367.16,187,14,0
2026-09-10 19:05:00+00:00,4366.99,4368.85,4366.26,4366.26,202,14,0
2026-09-10 19:06:00+00:00,4366.15,4366.39,4364.87,4365.04,164,14,0
2026-09-10 19:07:00+00:00,4365.02,4365.38,4363.16,4363.85,189,14,0
2026-09-10 19:08:00+00:00,4363.89,4364.32,4360.6,4360.6,186,14,0
2026-09-10 19:09:00+00:00,4360.5,4361.58,4359.75,4359.85,211,15,0
2026-09-10 19:10:00+00:00,4359.79,4360.85,4357.14,4357.42,221,15,0
2026-09-10 19:11:00+00:00,4357.35,4357.39,4355.03,4355.39,204,15,0
2026-09-10 19:12:00+00:00,4355.21,4358.31,4354.16,4357.82,196,15,0
2026-09-10 19:13:00+00:00,4357.93,4358.87,4357.3,4358.83,184,15,0
2026-09-10 19:14:00+00:00,4358.96,4360.24,4358.6,4359.0,186,14,0
2026-09-10 19:15:00+00:00,4359.01,4361.11,4358.64,4359.62,200,14,0
2026-09-10 19:16:00+00:00,4359.52,4359.85,4357.58,4357.84,187,14,0
2026-09-10 19:17:00+00:00,4357.82,4358.17,4355.38,4355.43,175,14,0
2026-09-10 19:18:00+00:00,4355.42,4357.14,4355.42,4356.85,182,13,0
2026-09-10 19:19:00+00:00,4356.84,4359.45,4356.82,4359.27,182,13,0
2026-09-10 19:20:00+00:00,4359.28,4360.6,4359.05,4360.05,188,13,0
2026-09-10 19:21:00+00:00,4360.07,4361.94,4359.64,4361.48,184,13,0
2026-09-10 19:22:00+00:00,4361.46,4362.15,4361.05,4362.02,153,11,0
2026-09-10 19:23:00+00:00,4361.92,4362.86,4361.02,4361.41,167,11,0
2026-09-10 19:24:00+00:00,4361.43,4361.62,4360.19,4361.27,173,13,0
2026-09-10 19:25:00+00:00,4361.48,4361.51,4360.08,4360.38,182,11,0
2026-09-10 19:26:00+00:00,4360.31,4362.24,4359.93,4362.24,153,11,0
2026-09-10 19:27:00+00:00,4362.2,4362.86,4361.91,4362.2,149,11,0
2026-09-10 19:28:00+00:00,4362.25,4362.79,4362.05,4362.41,142,9,0
2026-09-10 19:29:00+00:00,4362.48,4363.74,4362.37,4363.01,155,9,0
2026-09-10 19:30:00+00:00,4362.95,4363.85,4361.59,4361.93,187,11,0
2026-09-10 19:31:00+00:00,4361.92,4364.61,4361.87,4363.62,165,15,0
2026-09-10 19:32:00+00:00,4363.75,4365.56,4363.18,4364.7,169,15,0
2026-09-10 19:33:00+00:00,4364.82,4365.0,4363.74,4363.8,145,14,0
2026-09-10 19:34:00+00:00,4363.76,4364.78,4357.92,4357.94,211,13,0
2026-09-10 19:35:00+00:00,4357.47,4358.97,4355.84,4356.89,227,15,0
2026-09-10 19:36:00+00:00,4356.63,4359.43,4356.53,4358.54,196,15,0
2026-09-10 19:37:00+00:00,4358.64,4360.85,4358.64,4359.93,181,15,0
2026-09-10 19:38:00+00:00,4359.89,4361.32,4359.56,4359.77,172,15,0
2026-09-10 19:39:00+00:00,4359.76,4361.33,4359.47,4360.43,177,15,0
2026-09-10 19:40:00+00:00,4360.45,4360.74,4358.76,4359.78,163,13,0
2026-09-10 19:41:00+00:00,4359.75,4361.49,4359.66,4361.47,158,11,0
2026-09-10 19:42:00+00:00,4361.39,4361.39,4357.42,4357.62,159,11,0
2026-09-10 19:43:00+00:00,4357.53,4358.05,4356.72,4357.91,174,9,0
2026-09-10 19:44:00+00:00,4357.87,4358.66,4356.33,4356.42,160,9,0
2026-09-10 19:45:00+00:00,4356.55,4360.82,4356.47,4360.7,179,9,0
2026-09-10 19:46:00+00:00,4360.73,4361.34,4358.99,4360.78,177,11,0
2026-09-10 19:47:00+00:00,4360.76,4363.13,4360.11,4362.37,171,11,0
2026-09-10 19:48:00+00:00,4362.42,4363.05,4360.74,4361.3,174,11,0
2026-09-10 19:49:00+00:00,4361.06,4361.24,4359.0,4360.24,165,9,0
2026-09-10 19:50:00+00:00,4360.25,4362.24,4360.25,4362.0,162,9,0
2026-09-10 19:51:00+00:00,4361.95,4363.22,4361.37,4362.3,178,9,0
2026-09-10 19:52:00+00:00,4362.33,4363.93,4362.02,4362.19,160,11,0
2026-09-10 19:53:00+00:00,4362.22,4363.52,4361.56,4363.19,166,11,0
2026-09-10 19:54:00+00:00,4363.26,4363.46,4361.03,4361.83,170,13,0
2026-09-10 19:55:00+00:00,4361.84,4361.84,4359.76,4361.08,176,13,0
2026-09-10 19:56:00+00:00,4361.1,4361.41,4360.19,4360.23,137,9,0
2026-09-10 19:57:00+00:00,4360.36,4362.18,4360.2,4361.35,153,9,0
2026-09-10 19:58:00+00:00,4361.36,4364.17,4361.35,4364.06,148,8,0
2026-09-10 19:59:00+00:00,4364.24,4364.31,4363.18,4364.1,144,8,0
2026-09-10 20:00:00+00:00,4364.17,4364.17,4362.28,4363.74,148,8,0
2026-09-10 20:01:00+00:00,4363.75,4364.16,4362.23,4362.61,152,8,0
2026-09-10 20:02:00+00:00,4362.7,4367.25,4362.5,4362.59,211,9,0
2026-09-10 20:03:00+00:00,4362.56,4362.6,4359.66,4360.56,183,15,0
2026-09-10 20:04:00+00:00,4360.59,4363.63,4360.24,4363.63,184,15,0
2026-09-10 20:05:00+00:00,4363.61,4364.64,4361.37,4361.51,181,15,0
2026-09-10 20:06:00+00:00,4361.53,4363.03,4360.7,4362.65,174,14,0
2026-09-10 20:07:00+00:00,4362.63,4363.54,4362.37,4363.26,143,11,0
2026-09-10 20:08:00+00:00,4363.21,4363.72,4361.68,4361.97,154,9,0
2026-09-10 20:09:00+00:00,4362.0,4362.75,4360.93,4361.88,171,9,0
2026-09-10 20:10:00+00:00,4362.21,4366.25,4362.21,4366.04,190,9,0
2026-09-10 20:11:00+00:00,4366.01,4366.13,4364.81,4365.91,160,8,0
2026-09-10 20:12:00+00:00,4365.89,4366.26,4364.99,4365.36,175,8,0
2026-09-10 20:13:00+00:00,4365.39,4365.49,4362.1,4362.12,157,8,0
2026-09-10 20:14:00+00:00,4362.23,4362.51,4361.49,4362.51,129,8,0
2026-09-10 20:15:00+00:00,4362.61,4362.61,4361.49,4361.72,159,8,0
2026-09-10 20:16:00+00:00,4361.87,4364.73,4361.87,4363.8,160,8,0
2026-09-10 20:17:00+00:00,4363.79,4364.22,4362.95,4363.01,153,8,0
2026-09-10 20:18:00+00:00,4363.02,4363.86,4361.36,4362.69,174,8,0
2026-09-10 20:19:00+00:00,4362.78,4364.85,4362.19,4364.27,163,11,0
2026-09-10 20:20:00+00:00,4364.28,4364.76,4362.88,4364.55,142,9,0
2026-09-10 20:21:00+00:00,4364.57,4365.59,4364.0,4364.01,140,9,0
2026-09-10 20:22:00+00:00,4364.0,4365.22,4363.66,4363.66,163,9,0
2026-09-10 20:23:00+00:00,4363.74,4364.96,4362.89,4363.22,157,9,0
2026-09-10 20:24:00+00:00,4363.23,4365.49,4362.59,4362.69,198,9,0
2026-09-10 20:25:00+00:00,4363.17,4364.81,4362.65,4363.35,172,13,0
2026-09-10 20:26:00+00:00,4363.32,4365.11,4363.32,4365.05,164,11,0
2026-09-10 20:27:00+00:00,4365.11,4366.84,4365.04,4365.93,169,11,0
2026-09-10 20:28:00+00:00,4365.97,4366.83,4364.04,4365.46,185,13,0
2026-09-10 20:29:00+00:00,4365.44,4366.05,4363.88,4365.87,182,15,0
2026-09-10 20:30:00+00:00,4365.83,4366.29,4363.33,4364.18,180,15,0
2026-09-10 20:31:00+00:00,4364.1,4365.52,4363.8,4365.14,160,15,0
2026-09-10 20:32:00+00:00,4365.16,4365.19,4364.41,4364.97,134,11,0
2026-09-10 20:33:00+00:00,4364.98,4365.47,4362.36,4362.5,150,11,0
2026-09-10 20:34:00+00:00,4362.52,4364.01,4362.3,4362.71,153,11,0
2026-09-10 20:35:00+00:00,4362.68,4363.63,4361.86,4363.36,149,11,0
2026-09-10 20:36:00+00:00,4363.42,4363.99,4362.51,4363.1,165,9,0
2026-09-10 20:37:00+00:00,4363.09,4363.55,4361.91,4361.91,141,11,0
2026-09-10 20:38:00+00:00,4361.88,4362.57,4361.22,4362.47,152,11,0
2026-09-10 20:39:00+00:00,4362.53,4362.56,4358.32,4358.75,162,11,0
2026-09-10 20:40:00+00:00,4358.64,4358.64,4355.52,4355.71,166,15,0
2026-09-10 20:41:00+00:00,4355.67,4356.52,4355.46,4356.24,165,15,0
2026-09-10 20:42:00+00:00,4356.22,4356.89,4355.38,4356.81,164,15,0
2026-09-10 20:43:00+00:00,4356.84,4358.47,4356.52,4358.47,172,15,0
2026-09-10 20:44:00+00:00,4358.46,4359.56,4357.66,4359.44,155,13,0
2026-09-10 20:45:00+00:00,4359.46,4360.1,4358.5,4359.65,154,11,0
2026-09-10 20:46:00+00:00,4359.66,4360.17,4357.54,4357.68,164,9,0
2026-09-10 20:47:00+00:00,4357.71,4358.48,4357.19,4357.26,137,9,0
2026-09-10 20:48:00+00:00,4357.22,4358.15,4356.89,4357.15,158,9,0
2026-09-10 20:49:00+00:00,4357.03,4358.08,4356.95,4357.71,155,8,0
2026-09-10 20:50:00+00:00,4357.75,4358.68,4357.23,4357.55,147,8,0
2026-09-10 20:51:00+00:00,4357.51,4358.89,4357.42,4358.78,119,8,0
2026-09-10 20:52:00+00:00,4358.82,4360.29,4358.82,4359.43,149,8,0
2026-09-10 20:53:00+00:00,4359.48,4359.73,4358.2,4358.76,155,8,0
2026-09-10 20:54:00+00:00,4358.72,4359.96,4358.59,4359.62,152,9,0
2026-09-10 20:55:00+00:00,4359.66,4359.79,4357.09,4357.09,141,9,0
2026-09-10 20:56:00+00:00,4357.09,4357.37,4354.97,4354.97,153,9,0
2026-09-10 20:57:00+00:00,4354.93,4354.93,4351.67,4351.72,152,15,0
2026-09-10 20:58:00+00:00,4351.67,4352.84,4351.23,4351.64,173,15,0
2026-09-10 20:59:00+00:00,4351.59,4353.86,4351.59,4352.64,171,15,0
2026-09-10 21:00:00+00:00,4352.82,4355.06,4352.26,4355.06,179,15,0
2026-09-10 21:01:00+00:00,4355.08,4356.03,4350.94,4350.94,185,15,0
2026-09-10 21:02:00+00:00,4350.92,4352.87,4349.09,4352.63,209,15,0
2026-09-10 21:03:00+00:00,4352.74,4352.77,4348.75,4349.2,181,15,0
2026-09-10 21:04:00+00:00,4349.22,4351.43,4348.88,4351.06,176,15,0
2026-09-10 21:05:00+00:00,4350.92,4350.93,4347.72,4348.73,196,15,0
2026-09-10 21:06:00+00:00,4348.68,4350.89,4347.88,4349.94,195,15,0
2026-09-10 21:07:00+00:00,4349.49,4350.18,4348.33,4349.22,190,15,0
2026-09-10 21:08:00+00:00,4349.27,4350.4,4346.02,4346.02,165,15,0
2026-09-10 21:09:00+00:00,4344.62,4344.62,4342.12,4343.3,202,15,0
2026-09-10 21:10:00+00:00,4343.0,4343.0,4340.98,4341.83,205,15,0
2026-09-10 21:11:00+00:00,4341.88,4343.85,4341.88,4342.52,192,15,0
2026-09-10 21:12:00+00:00,4342.4,4342.79,4341.02,4342.79,189,15,0
2026-09-10 21:13:00+00:00,4342.63,4343.47,4340.5,4340.5,183,15,0
2026-09-10 21:14:00+00:00,4340.49,4342.66,4340.44,4340.89,177,15,0
2026-09-10 21:15:00+00:00,4340.86,4342.1,4339.48,4342.1,192,15,0
2026-09-10 21:16:00+00:00,4342.09,4344.94,4341.07,4341.8,196,15,0
2026-09-10 21:17:00+00:00,4341.89,4342.35,4340.37,4341.24,179,15,0
2026-09-10 21:18:00+00:00,4341.22,4341.98,4340.81,4341.25,156,15,0
2026-09-10 21:19:00+00:00,4341.29,4342.63,4341.29,4342.23,168,13,0
2026-09-10 21:20:00+00:00,4342.42,4343.74,4342.11,4343.33,152,11,0
2026-09-10 21:21:00+00:00,4343.3,4344.59,4342.17,4342.92,175,11,0
2026-09-10 21:22:00+00:00,4342.94,4344.84,4342.94,4344.73,171,9,0
2026-09-10 21:23:00+00:00,4344.8,4346.34,4344.73,4344.81,164,9,0
2026-09-10 21:24:00+00:00,4344.73,4345.32,4343.7,4343.94,172,9,0
2026-09-10 21:25:00+00:00,4343.84,4345.22,4342.34,4342.75,175,9,0
2026-09-10 21:26:00+00:00,4342.76,4342.88,4338.36,4339.08,196,9,0
2026-09-10 21:27:00+00:00,4339.09,4340.06,4339.03,4339.33,167,14,0
2026-09-10 21:28:00+00:00,4339.38,4342.25,4339.24,4341.11,204,14,0
2026-09-10 21:29:00+00:00,4340.98,4340.98,4337.72,4339.11,186,13,0
2026-09-10 21:30:00+00:00,4339.06,4339.16,4335.89,4337.18,195,15,0
2026-09-10 21:31:00+00:00,4337.21,4338.88,4336.83,4337.53,184,15,0
2026-09-10 21:32:00+00:00,4337.54,4338.18,4336.37,4336.58,190,15,0
2026-09-10 21:33:00+00:00,4336.39,4336.8,4333.58,4333.77,184,14,0
2026-09-10 21:34:00+00:00,4333.76,4336.74,4333.2,4336.06,194,13,0
2026-09-10 21:35:00+00:00,4336.05,4336.82,4335.53,4335.81,162,11,0
2026-09-10 21:36:00+00:00,4335.82,4336.46,4334.66,4334.89,161,9,0
2026-09-10 21:37:00+00:00,4334.94,4335.16,4333.77,4334.16,167,8,0
2026-09-10 21:38:00+00:00,4334.42,4335.56,4333.6,4334.56,151,8,0
2026-09-10 21:39:00+00:00,4334.57,4335.46,4334.37,4334.96,154,8,0
2026-09-10 21:40:00+00:00,4334.92,4334.92,4332.66,4332.91,176,8,0
2026-09-10 21:41:00+00:00,4332.87,4335.9,4332.85,4335.47,171,8,0
2026-09-10 21:42:00+00:00,4335.52,4335.85,4334.39,4334.51,158,9,0
2026-09-10 21:43:00+00:00,4334.52,4335.06,4333.28,4333.75,151,8,0
2026-09-10 21:44:00+00:00,4333.62,4334.72,4333.62,4334.1,140,9,0
2026-09-10 21:45:00+00:00,4334.09,4334.09,4332.46,4332.46,165,9,0
2026-09-10 21:46:00+00:00,4332.45,4332.93,4331.79,4332.48,172,9,0
2026-09-10 21:47:00+00:00,4332.47,4332.55,4331.4,4331.77,147,8,0
2026-09-10 21:48:00+00:00,4331.87,4332.83,4331.01,4331.79,146,8,0
2026-09-10 21:49:00+00:00,4331.77,4334.47,4331.47,4332.57,175,9,0
2026-09-10 21:50:00+00:00,4332.53,4333.66,4330.67,4333.54,182,15,0
2026-09-10 21:51:00+00:00,4333.55,4339.32,4332.69,4337.18,222,15,0
2026-09-10 21:52:00+00:00,4337.19,4338.6,4335.27,4337.52,209,15,0
2026-09-10 21:53:00+00:00,4337.39,4337.66,4333.0,4333.42,206,15,0
2026-09-10 21:54:00+00:00,4333.44,4333.88,4330.83,4331.63,185,15,0
2026-09-10 21:55:00+00:00,4331.65,4335.27,4331.14,4335.27,165,15,0
2026-09-10 21:56:00+00:00,4335.24,4336.75,4334.94,4335.66,176,15,0
2026-09-10 21:57:00+00:00,4335.53,4335.59,4332.81,4332.83,176,15,0
2026-09-10 21:58:00+00:00,4332.81,4333.77,4331.4,4332.61,164,13,0
2026-09-10 21:59:00+00:00,4332.63,4333.89,4332.58,4333.25,176,11,0
2026-09-10 22:00:00+00:00,4333.19,4333.19,4326.02,4326.94,205,13,0
2026-09-10 22:01:00+00:00,4327.04,4327.41,4320.95,4321.14,212,15,0
2026-09-10 22:02:00+00:00,4321.04,4321.72,4315.53,4315.53,218,15,0
2026-09-10 22:03:00+00:00,4315.53,4317.09,4314.39,4316.22,203,15,0
2026-09-10 22:04:00+00:00,4315.88,4318.19,4315.86,4317.46,193,15,0
2026-09-10 22:05:00+00:00,4317.31,4319.81,4317.07,4319.08,190,15,0
2026-09-10 22:06:00+00:00,4319.07,4321.16,4318.43,4320.0,181,15,0
2026-09-10 22:07:00+00:00,4319.98,4320.77,4318.05,4318.05,170,14,0
2026-09-10 22:08:00+00:00,4317.97,4319.05,4317.37,4318.01,168,13,0
2026-09-10 22:09:00+00:00,4317.84,4324.67,4317.32,4324.52,200,13,0
2026-09-10 22:10:00+00:00,4324.36,4324.45,4321.19,4321.48,193,15,0
2026-09-10 22:11:00+00:00,4321.79,4322.53,4320.59,4321.55,171,15,0
2026-09-10 22:12:00+00:00,4321.5,4324.54,4321.17,4321.21,183,15,0
2026-09-10 22:13:00+00:00,4321.12,4321.53,4320.47,4321.01,168,13,0
2026-09-10 22:14:00+00:00,4320.95,4322.19,4319.76,4322.02,178,13,0
2026-09-10 22:15:00+00:00,4322.01,4323.42,4320.99,4321.05,167,11,0
2026-09-10 22:16:00+00:00,4321.03,4321.55,4319.06,4319.8,158,9,0
2026-09-10 22:17:00+00:00,4319.81,4321.21,4319.69,4320.17,146,8,0
2026-09-10 22:18:00+00:00,4320.05,4320.69,4319.4,4319.91,174,8,0
2026-09-10 22:19:00+00:00,4319.98,4320.9,4319.39,4320.82,166,8,0
2026-09-10 22:20:00+00:00,4320.8,4323.12,4320.57,4321.6,170,8,0
2026-09-10 22:21:00+00:00,4321.56,4323.13,4321.56,4322.62,180,8,0
2026-09-10 22:22:00+00:00,4322.59,4324.0,4322.58,4323.4,131,8,0
2026-09-10 22:23:00+00:00,4323.35,4324.11,4322.9,4322.92,151,8,0
2026-09-10 22:24:00+00:00,4322.91,4329.06,4322.87,4328.57,158,8,0
2026-09-10 22:25:00+00:00,4328.5,4330.12,4327.93,4327.95,191,11,0
2026-09-10 22:26:00+00:00,4327.94,4330.15,4327.93,4329.96,148,11,0
2026-09-10 22:27:00+00:00,4329.95,4330.65,4328.87,4330.52,163,11,0
2026-09-10 22:28:00+00:00,4330.5,4330.5,4328.01,4328.29,151,11,0
2026-09-10 22:29:00+00:00,4328.27,4328.56,4326.49,4327.21,151,11,0
2026-09-10 22:30:00+00:00,4327.33,4327.86,4325.35,4325.41,162,11,0
2026-09-10 22:31:00+00:00,4325.35,4329.43,4325.17,4329.29,149,11,0
2026-09-10 22:32:00+00:00,4329.26,4329.36,4326.7,4327.15,146,12,0
2026-09-10 22:33:00+00:00,4327.16,4327.36,4325.01,4326.27,148,12,0
2026-09-10 22:34:00+00:00,4326.26,4327.28,4324.82,4326.94,142,13,0
2026-09-10 22:35:00+00:00,4326.95,4327.15,4326.17,4326.55,152,13,0
2026-09-10 22:36:00+00:00,4326.54,4327.94,4325.43,4327.66,164,11,0
2026-09-10 22:37:00+00:00,4327.77,4327.94,4324.85,4325.64,155,11,0
2026-09-10 22:38:00+00:00,4325.65,4326.53,4324.09,4326.53,185,11,0
2026-09-10 22:39:00+00:00,4326.52,4326.95,4325.43,4326.95,165,11,0
2026-09-10 22:40:00+00:00,4326.93,4327.87,4326.78,4327.06,165,11,0
2026-09-10 22:41:00+00:00,4327.04,4327.62,4326.18,4326.37,139,9,0
2026-09-10 22:42:00+00:00,4326.47,4327.22,4324.68,4325.05,136,9,0
2026-09-10 22:43:00+00:00,4324.98,4325.16,4323.73,4324.37,152,9,0
2026-09-10 22:44:00+00:00,4324.36,4324.67,4323.67,4324.4,157,9,0
2026-09-10 22:45:00+00:00,4324.39,4325.2,4324.36,4325.18,138,8,0
2026-09-10 22:46:00+00:00,4325.17,4326.01,4322.92,4322.93,156,8,0
2026-09-10 22:47:00+00:00,4322.92,4324.2,4322.77,4323.55,140,11,0
2026-09-10 22:48:00+00:00,4323.54,4323.94,4321.59,4321.59,141,9,0
2026-09-10 22:49:00+00:00,4321.57,4323.24,4320.91,4323.04,139,9,0
2026-09-10 22:50:00+00:00,4323.02,4323.7,4321.07,4321.22,180,9,0
2026-09-10 22:51:00+00:00,4321.19,4321.29,4320.05,4321.02,142,9,0
2026-09-10 22:52:00+00:00,4321.03,4322.74,4320.59,4320.81,171,11,0
2026-09-10 22:53:00+00:00,4321.39,4324.47,4321.0,4324.47,168,13,0
2026-09-10 22:54:00+00:00,4324.57,4324.95,4323.47,4323.87,175,14,0
2026-09-10 22:55:00+00:00,4323.84,4324.1,4322.6,4323.48,179,14,0
2026-09-10 22:56:00+00:00,4323.5,4324.3,4323.47,4324.29,139,13,0
2026-09-10 22:57:00+00:00,4324.21,4324.63,4322.69,4322.75,151,11,0
2026-09-10 22:58:00+00:00,4322.73,4324.0,4322.34,4323.84,158,11,0
2026-09-10 22:59:00+00:00,4323.78,4324.46,4323.4,4324.4,194,13,0
2026-09-10 23:00:00+00:00,4324.42,4324.42,4322.7,4323.44,150,13,0
2026-09-10 23:01:00+00:00,4323.63,4323.63,4321.67,4321.91,117,13,0
2026-09-10 23:02:00+00:00,4321.95,4323.08,4321.74,4322.08,108,11,0
2026-09-10 23:03:00+00:00,4322.05,4322.45,4321.29,4322.28,113,13,0
2026-09-10 23:04:00+00:00,4322.27,4322.51,4319.98,4321.34,124,13,0
2026-09-10 23:05:00+00:00,4321.33,4322.14,4320.23,4321.92,102,14,0
2026-09-10 23:06:00+00:00,4321.89,4322.48,4321.8,4322.16,117,11,0
2026-09-10 23:07:00+00:00,4322.18,4322.49,4321.68,4322.05,97,9,0
2026-09-10 23:08:00+00:00,4322.02,4322.63,4321.96,4322.37,84,9,0
2026-09-10 23:09:00+00:00,4322.4,4323.64,4322.4,4322.86,79,9,0
2026-09-10 23:10:00+00:00,4322.88,4324.07,4322.71,4323.28,106,9,0
2026-09-10 23:11:00+00:00,4323.42,4324.25,4322.96,4322.96,108,13,0
2026-09-10 23:12:00+00:00,4322.86,4323.09,4322.35,4322.48,110,11,0
2026-09-10 23:13:00+00:00,4322.57,4323.01,4322.32,4323.01,65,11,0
2026-09-10 23:14:00+00:00,4323.0,4323.09,4322.8,4323.01,59,9,0
2026-09-10 23:15:00+00:00,4323.03,4323.08,4321.99,4322.73,102,9,0
2026-09-10 23:16:00+00:00,4322.75,4322.97,4322.31,4322.92,75,9,0
2026-09-10 23:17:00+00:00,4322.93,4322.98,4322.3,4322.44,68,9,0
2026-09-10 23:18:00+00:00,4322.5,4322.93,4322.22,4322.64,64,9,0
2026-09-10 23:19:00+00:00,4322.54,4322.57,4321.72,4321.72,65,9,0
2026-09-10 23:20:00+00:00,4321.71,4321.86,4318.67,4319.05,102,9,0
2026-09-10 23:21:00+00:00,4318.93,4318.93,4317.18,4317.97,106,13,0
2026-09-10 23:22:00+00:00,4318.21,4318.48,4317.46,4317.69,118,14,0
2026-09-10 23:23:00+00:00,4317.68,4317.68,4316.64,4317.23,111,14,0
2026-09-10 23:24:00+00:00,4317.25,4317.4,4316.37,4316.78,112,14,0
2026-09-10 23:25:00+00:00,4316.82,4318.2,4316.77,4317.46,121,14,0
2026-09-10 23:26:00+00:00,4317.4,4318.42,4317.34,4318.35,79,15,0
2026-09-10 23:27:00+00:00,4318.18,4318.85,4318.15,4318.49,99,14,0
2026-09-10 23:28:00+00:00,4318.57,4319.09,4318.55,4318.89,85,13,0
2026-09-10 23:29:00+00:00,4318.88,4319.08,4318.42,4318.83,88,13,0
2026-09-10 23:30:00+00:00,4318.61,4318.61,4317.36,4318.25,131,13,0
2026-09-10 23:31:00+00:00,4318.24,4318.52,4316.7,4316.7,99,14,0
2026-09-10 23:32:00+00:00,4316.73,4318.18,4316.44,4317.66,112,14,0
2026-09-10 23:33:00+00:00,4317.61,4317.61,4316.55,4317.18,92,15,0
2026-09-10 23:34:00+00:00,4317.43,4317.93,4316.71,4316.75,82,14,0
2026-09-10 23:35:00+00:00,4316.78,4317.21,4316.55,4316.72,99,14,0
2026-09-10 23:36:00+00:00,4316.75,4316.85,4315.85,4316.56,112,14,0
2026-09-10 23:37:00+00:00,4316.61,4318.1,4316.61,4316.86,106,14,0
2026-09-10 23:38:00+00:00,4316.8,4317.89,4316.59,4317.58,93,14,0
2026-09-10 23:39:00+00:00,4317.42,4318.21,4316.99,4317.06,107,14,0
2026-09-10 23:40:00+00:00,4317.0,4317.14,4315.82,4316.68,84,14,0
2026-09-10 23:41:00+00:00,4316.67,4317.35,4316.6,4317.35,71,19,0
2026-09-10 23:42:00+00:00,4317.44,4317.44,4316.39,4316.76,79,19,0
2026-09-10 23:43:00+00:00,4316.77,4318.18,4316.61,4317.9,65,19,0
2026-09-10 23:44:00+00:00,4317.81,4318.13,4317.44,4317.99,58,19,0
2026-09-10 23:45:00+00:00,4318.01,4318.8,4317.78,4317.97,116,19,0
2026-09-10 23:46:00+00:00,4317.95,4318.64,4317.8,4318.59,93,19,0
2026-09-10 23:47:00+00:00,4318.64,4318.76,4318.0,4318.35,90,19,0
2026-09-10 23:48:00+00:00,4318.31,4318.38,4317.6,4317.64,88,19,0
2026-09-10 23:49:00+00:00,4317.37,4317.4,4315.23,4315.24,77,19,0
2026-09-10 23:50:00+00:00,4315.5,4316.48,4314.59,4314.6,123,19,0
2026-09-10 23:51:00+00:00,4314.59,4316.14,4314.59,4316.14,53,19,0
2026-09-10 23:52:00+00:00,4315.96,4316.96,4315.75,4316.88,76,19,0
2026-09-10 23:53:00+00:00,4316.94,4316.99,4316.29,4316.88,55,19,0
2026-09-10 23:54:00+00:00,4317.07,4317.84,4316.95,4316.98,86,19,0
2026-09-10 23:55:00+00:00,4317.03,4318.93,4316.98,4318.43,103,19,0
2026-09-10 23:56:00+00:00,4318.44,4318.88,4316.77,4317.07,93,19,0
2026-09-10 23:57:00+00:00,4317.12,4317.34,4316.24,4316.56,110,19,0
2026-09-10 23:58:00+00:00,4316.72,4316.86,4316.43,4316.59,84,19,0
2026-09-10 23:59:00+00:00,4318.04,4318.2,4316.93,4317.06,27,66,0
2026-09-11 01:00:00+00:00,4320.89,4323.18,4316.94,4322.59,147,22,0
2026-09-11 01:01:00+00:00,4322.42,4324.37,4321.38,4321.78,95,19,0
2026-09-11 01:02:00+00:00,4321.68,4321.9,4320.68,4321.78,50,23,0
2026-09-11 01:03:00+00:00,4321.76,4324.61,4321.22,4322.38,111,23,0
2026-09-11 01:04:00+00:00,4322.41,4323.28,4321.19,4322.21,68,23,0
2026-09-11 01:05:00+00:00,4322.22,4322.27,4321.23,4321.62,64,23,0
2026-09-11 01:06:00+00:00,4321.71,4323.58,4321.37,4322.83,74,23,0
2026-09-11 01:07:00+00:00,4322.85,4322.85,4320.89,4321.35,77,23,0
2026-09-11 01:08:00+00:00,4321.36,4322.18,4320.98,4321.95,69,23,0
2026-09-11 01:09:00+00:00,4321.9,4322.98,4321.9,4322.92,73,23,0
2026-09-11 01:10:00+00:00,4322.95,4322.95,4322.08,4322.45,72,23,0
2026-09-11 01:11:00+00:00,4322.51,4322.53,4321.51,4321.89,57,23,0
2026-09-11 01:12:00+00:00,4321.98,4322.87,4321.98,4322.41,72,23,0
2026-09-11 01:13:00+00:00,4322.42,4322.48,4320.94,4321.43,89,23,0
2026-09-11 01:14:00+00:00,4321.44,4321.48,4321.07,4321.28,49,23,0
2026-09-11 01:15:00+00:00,4321.27,4321.37,4321.15,4321.17,25,23,0
2026-09-11 01:16:00+00:00,4321.18,4321.87,4319.67,4319.67,68,23,0
2026-09-11 01:17:00+00:00,4319.71,4320.64,4319.71,4320.62,48,23,0
2026-09-11 01:18:00+00:00,4320.62,4320.66,4320.18,4320.19,42,23,0
2026-09-11 01:19:00+00:00,4320.18,4320.44,4319.58,4319.6,27,23,0
2026-09-11 01:20:00+00:00,4319.6,4320.82,4319.34,4320.79,64,23,0
2026-09-11 01:21:00+00:00,4320.76,4321.37,4320.47,4321.26,45,23,0
2026-09-11 01:22:00+00:00,4321.43,4321.47,4320.36,4320.51,58,23,0
2026-09-11 01:23:00+00:00,4320.32,4320.49,4319.05,4319.46,64,23,0
2026-09-11 01:24:00+00:00,4319.5,4320.05,4318.96,4319.78,65,23,0
2026-09-11 01:25:00+00:00,4319.72,4319.89,4318.96,4319.63,64,23,0
2026-09-11 01:26:00+00:00,4319.56,4320.26,4319.05,4319.05,78,23,0
2026-09-11 01:27:00+00:00,4319.09,4320.15,4318.88,4319.46,78,23,0
2026-09-11 01:28:00+00:00,4319.44,4320.12,4319.04,4319.4,69,23,0
2026-09-11 01:29:00+00:00,4319.38,4319.72,4319.07,4319.66,69,23,0
2026-09-11 01:30:00+00:00,4319.72,4320.3,4318.21,4318.76,77,23,0
2026-09-11 01:31:00+00:00,4318.76,4318.82,4316.13,4316.35,87,23,0
2026-09-11 01:32:00+00:00,4316.29,4317.27,4315.69,4317.08,114,23,0
2026-09-11 01:33:00+00:00,4317.01,4318.56,4316.83,4318.56,86,23,0
2026-09-11 01:34:00+00:00,4318.62,4318.82,4317.96,4318.44,72,23,0
2026-09-11 01:35:00+00:00,4318.43,4318.53,4317.9,4318.33,53,23,0
2026-09-11 01:36:00+00:00,4318.07,4318.07,4317.57,4317.83,49,23,0
2026-09-11 01:37:00+00:00,4317.7,4317.7,4316.73,4317.35,74,23,0
2026-09-11 01:38:00+00:00,4317.39,4317.74,4317.07,4317.13,65,23,0
2026-09-11 01:39:00+00:00,4317.12,4317.23,4315.99,4316.0,62,23,0
2026-09-11 01:40:00+00:00,4315.98,4316.08,4315.47,4315.61,54,23,0
2026-09-11 01:41:00+00:00,4315.63,4315.93,4313.67,4314.87,89,23,0
2026-09-11 01:42:00+00:00,4315.16,4317.96,4315.16,4317.78,110,23,0
2026-09-11 01:43:00+00:00,4317.76,4317.76,4315.74,4315.98,74,23,0
2026-09-11 01:44:00+00:00,4315.93,4316.29,4314.92,4316.01,77,23,0
2026-09-11 01:45:00+00:00,4316.03,4316.17,4315.71,4316.01,64,19,0
2026-09-11 01:46:00+00:00,4316.06,4316.21,4315.2,4315.2,61,19,0
2026-09-11 01:47:00+00:00,4315.22,4317.35,4315.22,4316.92,67,19,0
2026-09-11 01:48:00+00:00,4316.9,4317.45,4316.15,4317.25,54,23,0
2026-09-11 01:49:00+00:00,4317.3,4318.26,4316.8,4318.17,64,23,0
2026-09-11 01:50:00+00:00,4318.18,4318.53,4317.8,4318.32,45,19,0
2026-09-11 01:51:00+00:00,4318.34,4319.26,4318.29,4318.29,67,15,0
2026-09-11 01:52:00+00:00,4318.21,4318.21,4317.67,4317.68,57,19,0
2026-09-11 01:53:00+00:00,4317.69,4318.16,4317.42,4317.53,65,17,0
2026-09-11 01:54:00+00:00,4317.47,4318.14,4317.23,4317.79,47,18,0
2026-09-11 01:55:00+00:00,4317.9,4318.7,4317.44,4318.28,68,19,0
2026-09-11 01:56:00+00:00,4318.26,4318.67,4317.97,4318.44,66,19,0
2026-09-11 01:57:00+00:00,4318.45,4318.45,4318.05,4318.13,48,19,0
2026-09-11 01:58:00+00:00,4318.08,4318.67,4317.39,4318.4,64,19,0
2026-09-11 01:59:00+00:00,4318.41,4318.42,4317.44,4318.41,59,23,0
2026-09-11 02:00:00+00:00,4318.42,4318.42,4317.41,4318.08,123,23,0
2026-09-11 02:01:00+00:00,4318.18,4319.78,4317.62,4319.78,113,23,0
2026-09-11 02:02:00+00:00,4319.85,4319.85,4317.92,4318.56,58,23,0
2026-09-11 02:03:00+00:00,4318.55,4318.7,4318.36,4318.65,59,16,0
2026-09-11 02:04:00+00:00,4318.96,4319.41,4318.72,4318.72,86,16,0
2026-09-11 02:05:00+00:00,4318.66,4319.31,4318.46,4319.05,73,20,0
2026-09-11 02:06:00+00:00,4318.96,4319.21,4318.64,4318.9,57,17,0
2026-09-11 02:07:00+00:00,4318.91,4319.4,4318.71,4319.4,59,15,0
2026-09-11 02:08:00+00:00,4319.41,4319.61,4318.12,4318.19,58,15,0
2026-09-11 02:09:00+00:00,4318.16,4319.02,4318.16,4318.74,58,23,0
2026-09-11 02:10:00+00:00,4318.77,4318.77,4318.2,4318.27,70,19,0
2026-09-11 02:11:00+00:00,4318.25,4318.64,4318.12,4318.41,52,15,0
2026-09-11 02:12:00+00:00,4318.38,4318.66,4317.95,4317.98,46,15,0
2026-09-11 02:13:00+00:00,4317.98,4319.36,4316.58,4319.35,93,19,0
2026-09-11 02:14:00+00:00,4319.36,4319.81,4318.97,4319.61,80,23,0
2026-09-11 02:15:00+00:00,4319.52,4319.66,4319.16,4319.66,55,23,0
2026-09-11 02:16:00+00:00,4319.67,4319.67,4319.2,4319.43,38,15,0
2026-09-11 02:17:00+00:00,4319.4,4319.6,4319.35,4319.54,33,15,0
2026-09-11 02:18:00+00:00,4319.53,4319.72,4319.41,4319.56,41,15,0
2026-09-11 02:19:00+00:00,4319.58,4320.06,4319.41,4319.72,37,15,0
2026-09-11 02:20:00+00:00,4319.67,4320.47,4319.66,4320.27,64,19,0
2026-09-11 02:21:00+00:00,4320.21,4320.39,4319.99,4320.16,54,19,0
2026-09-11 02:22:00+00:00,4320.12,4320.12,4318.61,4319.43,60,19,0
2026-09-11 02:23:00+00:00,4319.31,4319.32,4318.24,4318.31,64,23,0
2026-09-11 02:24:00+00:00,4318.33,4318.33,4317.69,4318.27,55,18,0
2026-09-11 02:25:00+00:00,4318.3,4318.87,4318.3,4318.4,40,15,0
2026-09-11 02:26:00+00:00,4318.42,4319.21,4318.21,4318.88,65,19,0
2026-09-11 02:27:00+00:00,4318.96,4319.01,4318.37,4318.66,58,20,0
2026-09-11 02:28:00+00:00,4318.65,4318.74,4318.26,4318.31,50,19,0
2026-09-11 02:29:00+00:00,4318.3,4318.55,4317.68,4318.12,61,19,0
2026-09-11 02:30:00+00:00,4318.13,4318.5,4317.57,4317.57,68,23,0
2026-09-11 02:31:00+00:00,4317.59,4318.17,4317.22,4317.26,75,23,0
2026-09-11 02:32:00+00:00,4317.27,4318.44,4317.25,4318.28,54,18,0
2026-09-11 02:33:00+00:00,4318.36,4320.25,4318.36,4320.11,89,23,0
2026-09-11 02:34:00+00:00,4320.1,4320.1,4318.53,4318.71,62,23,0
2026-09-11 02:35:00+00:00,4318.65,4318.65,4316.97,4317.07,94,23,0
2026-09-11 02:36:00+00:00,4317.03,4318.01,4317.0,4317.71,76,23,0
2026-09-11 02:37:00+00:00,4317.49,4317.55,4314.67,4314.81,84,23,0
2026-09-11 02:38:00+00:00,4314.78,4316.28,4314.78,4315.61,85,23,0
2026-09-11 02:39:00+00:00,4315.66,4316.14,4315.5,4315.92,73,23,0
2026-09-11 02:40:00+00:00,4315.96,4318.13,4315.22,4317.96,80,23,0
2026-09-11 02:41:00+00:00,4317.83,4317.93,4315.34,4315.56,104,23,0
2026-09-11 02:42:00+00:00,4315.55,4316.02,4315.52,4315.68,57,20,0
2026-09-11 02:43:00+00:00,4315.81,4316.31,4315.05,4316.16,85,20,0
2026-09-11 02:44:00+00:00,4316.1,4316.15,4315.5,4316.14,87,19,0
2026-09-11 02:45:00+00:00,4316.09,4317.91,4316.07,4317.0,119,20,0
2026-09-11 02:46:00+00:00,4316.67,4316.76,4314.14,4314.43,139,23,0
2026-09-11 02:47:00+00:00,4314.17,4316.54,4314.02,4315.21,134,23,0
2026-09-11 02:48:00+00:00,4315.03,4315.49,4314.49,4314.78,126,23,0
2026-09-11 02:49:00+00:00,4314.77,4315.35,4313.97,4315.09,103,23,0
2026-09-11 02:50:00+00:00,4315.12,4316.3,4314.51,4314.92,124,23,0
2026-09-11 02:51:00+00:00,4314.89,4315.46,4314.51,4314.6,117,23,0
2026-09-11 02:52:00+00:00,4314.64,4314.68,4313.21,4313.78,108,23,0
2026-09-11 02:53:00+00:00,4313.75,4314.36,4313.69,4313.8,81,15,0
2026-09-11 02:54:00+00:00,4313.78,4313.96,4312.08,4312.59,143,17,0
2026-09-11 02:55:00+00:00,4312.61,4312.61,4311.2,4312.04,115,23,0
2026-09-11 02:56:00+00:00,4312.05,4315.38,4312.05,4315.38,92,23,0
2026-09-11 02:57:00+00:00,4315.39,4316.2,4313.74,4314.18,140,23,0
2026-09-11 02:58:00+00:00,4314.24,4314.6,4313.96,4314.44,93,15,0
2026-09-11 02:59:00+00:00,4314.45,4315.26,4313.63,4315.25,113,15,0
2026-09-11 03:00:00+00:00,4315.22,4318.6,4313.16,4318.6,209,16,0
2026-09-11 03:01:00+00:00,4318.77,4320.47,4317.56,4319.91,199,17,0
2026-09-11 03:02:00+00:00,4319.85,4321.18,4319.14,4320.63,182,17,0
2026-09-11 03:03:00+00:00,4320.66,4321.26,4319.49,4319.49,180,17,0
2026-09-11 03:04:00+00:00,4319.41,4320.27,4318.78,4319.75,145,17,0
2026-09-11 03:05:00+00:00,4319.65,4320.82,4318.85,4319.86,185,17,0
2026-09-11 03:06:00+00:00,4319.88,4322.79,4319.31,4322.09,173,17,0
2026-09-11 03:07:00+00:00,4322.11,4323.72,4320.86,4322.73,170,17,0
2026-09-11 03:08:00+00:00,4322.72,4322.74,4319.21,4319.54,139,17,0
2026-09-11 03:09:00+00:00,4319.82,4320.86,4317.55,4318.44,148,17,0
2026-09-11 03:10:00+00:00,4318.48,4318.53,4316.45,4317.17,161,17,0
2026-09-11 03:11:00+00:00,4317.14,4317.25,4315.05,4316.07,156,17,0
2026-09-11 03:12:00+00:00,4315.78,4319.55,4315.36,4318.94,146,17,0
2026-09-11 03:13:00+00:00,4318.92,4319.03,4317.85,4318.44,141,15,0
2026-09-11 03:14:00+00:00,4318.28,4319.34,4317.95,4319.05,142,12,0
2026-09-11 03:15:00+00:00,4319.04,4321.28,4319.04,4319.35,168,17,0
2026-09-11 03:16:00+00:00,4319.32,4319.38,4316.96,4318.18,140,14,0
2026-09-11 03:17:00+00:00,4318.29,4320.51,4318.24,4319.93,141,16,0
2026-09-11 03:18:00+00:00,4319.89,4320.62,4318.93,4320.58,150,15,0
2026-09-11 03:19:00+00:00,4320.33,4320.43,4319.58,4319.99,117,12,0
2026-09-11 03:20:00+00:00,4319.95,4320.67,4318.8,4318.8,140,11,0
2026-09-11 03:21:00+00:00,4318.75,4320.66,4318.28,4320.4,144,12,0
2026-09-11 03:22:00+00:00,4320.39,4321.78,4320.37,4320.4,132,14,0
2026-09-11 03:23:00+00:00,4320.38,4321.87,4320.15,4321.29,138,16,0
2026-09-11 03:24:00+00:00,4321.21,4321.24,4318.63,4318.91,138,17,0
2026-09-11 03:25:00+00:00,4318.94,4318.94,4317.35,4318.11,150,17,0
2026-09-11 03:26:00+00:00,4318.06,4321.75,4317.77,4321.71,164,17,0
2026-09-11 03:27:00+00:00,4321.72,4323.25,4321.13,4323.11,134,17,0
2026-09-11 03:28:00+00:00,4323.12,4323.71,4322.78,4323.64,130,11,0
2026-09-11 03:29:00+00:00,4323.63,4324.11,4323.24,4323.9,124,11,0
2026-09-11 03:30:00+00:00,4323.93,4325.03,4323.48,4324.38,158,11,0
2026-09-11 03:31:00+00:00,4324.29,4324.53,4321.25,4321.48,140,17,0
2026-09-11 03:32:00+00:00,4321.58,4322.01,4319.77,4320.56,155,17,0
2026-09-11 03:33:00+00:00,4320.55,4323.07,4320.52,4320.93,143,17,0
2026-09-11 03:34:00+00:00,4320.78,4321.98,4319.91,4321.58,114,17,0
2026-09-11 03:35:00+00:00,4321.38,4321.56,4320.79,4321.39,107,11,0
2026-09-11 03:36:00+00:00,4321.43,4322.66,4321.17,4322.65,143,11,0
2026-09-11 03:37:00+00:00,4322.66,4323.35,4320.98,4321.57,141,11,0
2026-09-11 03:38:00+00:00,4321.85,4324.4,4321.74,4324.37,127,17,0
2026-09-11 03:39:00+00:00,4324.4,4325.62,4323.79,4325.32,144,17,0
2026-09-11 03:40:00+00:00,4325.31,4325.31,4322.34,4322.34,143,16,0
2026-09-11 03:41:00+00:00,4322.25,4322.96,4321.14,4321.71,140,17,0
2026-09-11 03:42:00+00:00,4321.69,4323.88,4321.46,4323.58,130,17,0
2026-09-11 03:43:00+00:00,4323.36,4325.42,4322.64,4325.04,155,17,0
2026-09-11 03:44:00+00:00,4325.06,4327.6,4325.06,4327.6,166,17,0
2026-09-11 03:45:00+00:00,4327.58,4329.76,4326.86,4329.69,150,11,0
2026-09-11 03:46:00+00:00,4329.53,4331.68,4329.53,4331.56,134,11,0
2026-09-11 03:47:00+00:00,4331.54,4332.14,4330.68,4331.89,150,12,0
2026-09-11 03:48:00+00:00,4331.91,4332.87,4331.91,4332.87,126,11,0
2026-09-11 03:49:00+00:00,4332.92,4333.86,4332.82,4332.82,155,11,0
2026-09-11 03:50:00+00:00,4332.95,4333.43,4332.41,4333.19,144,12,0
2026-09-11 03:51:00+00:00,4333.12,4333.27,4331.15,4331.86,147,16,0
2026-09-11 03:52:00+00:00,4331.83,4333.25,4331.77,4332.74,140,17,0
2026-09-11 03:53:00+00:00,4332.68,4333.55,4332.42,4333.47,123,16,0
2026-09-11 03:54:00+00:00,4333.46,4333.49,4331.52,4332.11,160,16,0
2026-09-11 03:55:00+00:00,4332.1,4333.43,4332.1,4333.26,143,17,0
2026-09-11 03:56:00+00:00,4333.36,4333.52,4332.27,4332.36,128,15,0
2026-09-11 03:57:00+00:00,4332.37,4332.38,4330.0,4330.15,159,15,0
2026-09-11 03:58:00+00:00,4330.18,4330.99,4329.97,4330.33,161,16,0
2026-09-11 03:59:00+00:00,4330.43,4333.03,4330.43,4332.13,145,16,0
2026-09-11 04:00:00+00:00,4332.07,4332.49,4329.79,4330.37,227,17,0
2026-09-11 04:01:00+00:00,4330.2,4333.07,4328.15,4332.57,227,17,0
2026-09-11 04:02:00+00:00,4332.68,4337.85,4332.53,4336.21,219,17,0
2026-09-11 04:03:00+00:00,4336.23,4339.45,4335.7,4339.28,197,17,0
2026-09-11 04:04:00+00:00,4339.33,4340.36,4336.98,4340.36,204,17,0
2026-09-11 04:05:00+00:00,4340.35,4340.35,4337.52,4337.71,210,17,0
2026-09-11 04:06:00+00:00,4337.74,4338.62,4336.46,4337.18,192,17,0
2026-09-11 04:07:00+00:00,4337.17,4338.47,4335.06,4335.06,175,17,0
2026-09-11 04:08:00+00:00,4335.11,4335.91,4333.72,4334.07,208,17,0
2026-09-11 04:09:00+00:00,4333.72,4338.09,4333.3,4337.59,197,17,0
2026-09-11 04:10:00+00:00,4337.76,4338.57,4336.58,4338.57,200,17,0
2026-09-11 04:11:00+00:00,4338.55,4338.58,4336.56,4338.17,186,17,0
2026-09-11 04:12:00+00:00,4338.18,4339.06,4336.25,4337.07,194,17,0
2026-09-11 04:13:00+00:00,4337.02,4337.63,4335.12,4335.28,189,16,0
2026-09-11 04:14:00+00:00,4335.23,4335.23,4332.76,4333.17,210,16,0
2026-09-11 04:15:00+00:00,4333.16,4334.84,4331.23,4334.84,195,17,0
2026-09-11 04:16:00+00:00,4334.78,4335.83,4334.23,4335.32,189,17,0
2026-09-11 04:17:00+00:00,4335.27,4337.35,4334.84,4335.99,186,17,0
2026-09-11 04:18:00+00:00,4335.91,4336.32,4332.99,4332.99,202,17,0
2026-09-11 04:19:00+00:00,4332.95,4332.95,4331.11,4332.08,201,17,0
2026-09-11 04:20:00+00:00,4332.04,4332.23,4330.27,4330.42,188,14,0
2026-09-11 04:21:00+00:00,4330.5,4330.69,4326.64,4327.02,197,12,0
2026-09-11 04:22:00+00:00,4327.01,4327.15,4325.05,4327.02,201,17,0
2026-09-11 04:23:00+00:00,4327.05,4327.09,4324.02,4324.69,172,16,0
2026-09-11 04:24:00+00:00,4324.65,4324.93,4320.98,4321.42,196,12,0
2026-09-11 04:25:00+00:00,4321.43,4323.92,4321.42,4323.83,185,17,0
2026-09-11 04:26:00+00:00,4323.79,4329.12,4323.16,4328.92,193,17,0
2026-09-11 04:27:00+00:00,4329.09,4330.56,4328.37,4329.87,167,15,0
2026-09-11 04:28:00+00:00,4330.03,4330.43,4327.74,4328.36,161,16,0
2026-09-11 04:29:00+00:00,4328.43,4329.15,4326.82,4328.18,173,11,0
2026-09-11 04:30:00+00:00,4328.1,4331.22,4328.1,4331.19,184,15,0
2026-09-11 04:31:00+00:00,4331.27,4332.05,4330.61,4331.58,154,15,0
2026-09-11 04:32:00+00:00,4331.56,4331.56,4329.49,4331.21,175,16,0
2026-09-11 04:33:00+00:00,4331.33,4333.09,4330.21,4330.49,171,13,0
2026-09-11 04:34:00+00:00,4330.44,4332.63,4330.23,4332.51,200,14,0
2026-09-11 04:35:00+00:00,4332.58,4334.81,4332.48,4333.68,172,15,0
2026-09-11 04:36:00+00:00,4333.74,4334.42,4331.72,4331.84,178,11,0
2026-09-11 04:37:00+00:00,4331.86,4334.57,4331.83,4332.96,158,15,0
2026-09-11 04:38:00+00:00,4332.9,4334.74,4331.5,4331.5,153,16,0
2026-09-11 04:39:00+00:00,4331.69,4331.79,4329.45,4329.45,179,17,0
2026-09-11 04:40:00+00:00,4329.49,4329.55,4325.17,4325.19,172,17,0
2026-09-11 04:41:00+00:00,4325.18,4325.6,4322.62,4324.07,193,17,0
2026-09-11 04:42:00+00:00,4324.08,4324.96,4323.22,4323.63,204,16,0
2026-09-11 04:43:00+00:00,4323.59,4326.61,4323.41,4325.5,211,17,0
2026-09-11 04:44:00+00:00,4325.52,4326.45,4324.31,4326.35,203,17,0
2026-09-11 04:45:00+00:00,4326.79,4326.85,4324.03,4325.78,199,15,0
2026-09-11 04:46:00+00:00,4325.61,4326.71,4324.41,4325.04,188,17,0
2026-09-11 04:47:00+00:00,4325.21,4326.07,4324.75,4325.26,173,11,0
2026-09-11 04:48:00+00:00,4325.31,4328.09,4324.81,4326.64,179,11,0
2026-09-11 04:49:00+00:00,4326.62,4329.27,4326.44,4328.97,173,11,0
2026-09-11 04:50:00+00:00,4328.98,4329.09,4327.09,4328.54,177,11,0
2026-09-11 04:51:00+00:00,4328.53,4329.12,4326.92,4328.72,170,11,0
2026-09-11 04:52:00+00:00,4328.81,4330.08,4327.96,4328.59,188,11,0
2026-09-11 04:53:00+00:00,4328.54,4328.95,4324.53,4324.87,175,11,0
2026-09-11 04:54:00+00:00,4324.88,4326.06,4324.47,4325.18,173,11,0
2026-09-11 04:55:00+00:00,4325.19,4326.02,4324.49,4325.11,156,11,0
2026-09-11 04:56:00+00:00,4325.05,4327.58,4324.99,4327.58,161,11,0
2026-09-11 04:57:00+00:00,4327.56,4327.56,4324.42,4326.29,163,15,0
2026-09-11 04:58:00+00:00,4326.3,4327.07,4324.56,4326.96,149,16,0
2026-09-11 04:59:00+00:00,4326.9,4329.6,4326.86,4329.22,159,16,0
2026-09-11 05:00:00+00:00,4329.23,4330.7,4329.19,4330.11,174,15,0
2026-09-11 05:01:00+00:00,4330.12,4331.45,4329.78,4331.33,164,17,0
2026-09-11 05:02:00+00:00,4331.52,4331.6,4329.71,4330.53,187,16,0
2026-09-11 05:03:00+00:00,4330.6,4331.47,4329.72,4330.65,160,17,0
2026-09-11 05:04:00+00:00,4330.61,4332.89,4330.3,4332.64,129,17,0
2026-09-11 05:05:00+00:00,4332.65,4333.51,4332.21,4332.39,165,16,0
2026-09-11 05:06:00+00:00,4332.41,4332.79,4329.9,4330.52,162,12,0
2026-09-11 05:07:00+00:00,4330.2,4330.23,4327.94,4328.34,151,13,0
2026-09-11 05:08:00+00:00,4328.45,4331.16,4328.23,4330.79,153,11,0
2026-09-11 05:09:00+00:00,4330.79,4330.79,4329.16,4329.54,138,11,0
2026-09-11 05:10:00+00:00,4329.63,4331.61,4329.25,4330.93,127,11,0
2026-09-11 05:11:00+00:00,4330.91,4331.13,4329.28,4330.0,134,16,0
2026-09-11 05:12:00+00:00,4330.02,4330.3,4328.98,4329.13,137,13,0
2026-09-11 05:13:00+00:00,4329.1,4332.18,4329.02,4332.08,158,12,0
2026-09-11 05:14:00+00:00,4332.01,4332.01,4330.38,4330.8,142,14,0
2026-09-11 05:15:00+00:00,4330.79,4332.3,4329.9,4331.56,135,13,0
2026-09-11 05:16:00+00:00,4331.59,4332.83,4331.49,4332.04,118,15,0
2026-09-11 05:17:00+00:00,4331.99,4332.98,4331.32,4332.52,141,14,0
2026-09-11 05:18:00+00:00,4332.94,4333.55,4332.68,4333.36,122,14,0
2026-09-11 05:19:00+00:00,4333.44,4334.58,4333.24,4333.81,104,11,0
2026-09-11 05:20:00+00:00,4333.8,4333.81,4331.32,4332.03,144,11,0
2026-09-11 05:21:00+00:00,4331.87,4332.17,4330.37,4330.79,120,14,0
2026-09-11 05:22:00+00:00,4330.78,4331.34,4329.92,4329.97,130,15,0
2026-09-11 05:23:00+00:00,4329.98,4329.98,4328.42,4329.04,141,13,0
2026-09-11 05:24:00+00:00,4329.13,4329.17,4327.48,4327.9,120,15,0
2026-09-11 05:25:00+00:00,4327.74,4327.74,4325.37,4325.51,132,15,0
2026-09-11 05:26:00+00:00,4325.49,4326.45,4324.17,4324.17,139,17,0
2026-09-11 05:27:00+00:00,4324.28,4325.13,4323.55,4325.13,144,17,0
2026-09-11 05:28:00+00:00,4325.16,4327.45,4324.99,4326.68,127,13,0
2026-09-11 05:29:00+00:00,4326.67,4326.7,4325.23,4325.23,110,13,0
2026-09-11 05:30:00+00:00,4325.18,4326.47,4322.54,4322.59,200,17,0
2026-09-11 05:31:00+00:00,4322.64,4322.76,4318.37,4318.37,206,17,0
2026-09-11 05:32:00+00:00,4318.32,4319.74,4317.35,4318.25,197,17,0
2026-09-11 05:33:00+00:00,4318.36,4320.64,4317.77,4318.33,191,17,0
2026-09-11 05:34:00+00:00,4318.32,4319.8,4317.0,4319.09,170,17,0
2026-09-11 05:35:00+00:00,4319.12,4319.36,4317.12,4317.15,168,17,0
2026-09-11 05:36:00+00:00,4317.19,4318.0,4316.88,4317.34,174,17,0
2026-09-11 05:37:00+00:00,4317.38,4318.75,4317.31,4317.47,182,17,0
2026-09-11 05:38:00+00:00,4317.45,4322.13,4317.3,4321.57,172,17,0
2026-09-11 05:39:00+00:00,4321.52,4322.73,4320.38,4321.83,171,17,0
2026-09-11 05:40:00+00:00,4321.86,4323.73,4321.78,4323.56,164,17,0
2026-09-11 05:41:00+00:00,4323.58,4325.62,4322.3,4323.45,174,17,0
2026-09-11 05:42:00+00:00,4323.51,4323.89,4320.33,4320.75,176,17,0
2026-09-11 05:43:00+00:00,4320.55,4321.67,4320.12,4321.2,176,17,0
2026-09-11 05:44:00+00:00,4321.26,4321.77,4318.82,4318.82,193,17,0
2026-09-11 05:45:00+00:00,4318.83,4321.25,4317.5,4317.96,200,17,0
2026-09-11 05:46:00+00:00,4317.99,4318.84,4316.39,4316.9,184,17,0
2026-09-11 05:47:00+00:00,4316.89,4319.14,4315.95,4319.11,191,16,0
2026-09-11 05:48:00+00:00,4319.14,4323.7,4318.1,4323.46,181,17,0
2026-09-11 05:49:00+00:00,4323.51,4325.17,4323.48,4323.79,167,16,0
2026-09-11 05:50:00+00:00,4323.7,4326.76,4323.67,4325.74,174,16,0
2026-09-11 05:51:00+00:00,4325.75,4326.38,4324.18,4324.84,143,11,0
2026-09-11 05:52:00+00:00,4324.69,4325.09,4323.66,4323.93,173,13,0
2026-09-11 05:53:00+00:00,4323.94,4325.04,4323.88,4325.04,165,11,0
2026-09-11 05:54:00+00:00,4325.07,4325.27,4322.21,4322.51,165,12,0
2026-09-11 05:55:00+00:00,4322.52,4323.03,4321.14,4323.03,161,12,0
2026-09-11 05:56:00+00:00,4323.06,4323.62,4321.07,4321.68,174,11,0
2026-09-11 05:57:00+00:00,4321.81,4323.14,4321.69,4322.91,157,15,0
2026-09-11 05:58:00+00:00,4322.92,4323.77,4322.92,4323.67,131,14,0
2026-09-11 05:59:00+00:00,4323.57,4323.95,4322.58,4322.73,153,14,0
2026-09-11 06:00:00+00:00,4322.7,4324.1,4321.82,4323.56,165,16,0
2026-09-11 06:01:00+00:00,4323.57,4325.47,4323.22,4324.87,149,17,0
2026-09-11 06:02:00+00:00,4324.85,4326.43,4324.85,4325.02,158,17,0
2026-09-11 06:03:00+00:00,4325.12,4325.37,4323.78,4323.93,157,17,0
2026-09-11 06:04:00+00:00,4323.94,4324.64,4322.09,4322.26,165,17,0
2026-09-11 06:05:00+00:00,4322.14,4323.32,4321.01,4321.04,166,17,0
2026-09-11 06:06:00+00:00,4321.07,4321.56,4318.43,4318.96,178,17,0
2026-09-11 06:07:00+00:00,4319.08,4319.08,4315.01,4315.61,184,17,0
2026-09-11 06:08:00+00:00,4315.68,4318.34,4315.68,4317.82,187,17,0
2026-09-11 06:09:00+00:00,4317.84,4318.29,4317.11,4317.7,170,17,0
2026-09-11 06:10:00+00:00,4317.76,4319.4,4317.27,4317.92,173,17,0
2026-09-11 06:11:00+00:00,4317.9,4317.9,4314.57,4315.3,189,17,0
2026-09-11 06:12:00+00:00,4315.21,4317.06,4314.71,4317.06,180,17,0
2026-09-11 06:13:00+00:00,4317.05,4318.83,4317.01,4318.41,142,11,0
2026-09-11 06:14:00+00:00,4318.42,4320.08,4318.41,4319.58,163,11,0
2026-09-11 06:15:00+00:00,4319.57,4320.23,4318.5,4319.91,153,11,0
2026-09-11 06:16:00+00:00,4319.93,4321.49,4319.89,4320.05,154,12,0
2026-09-11 06:17:00+00:00,4320.04,4320.3,4318.0,4318.27,166,15,0
2026-09-11 06:18:00+00:00,4318.21,4318.21,4317.38,4318.07,146,16,0
2026-09-11 06:19:00+00:00,4317.92,4317.92,4314.45,4314.77,156,16,0
2026-09-11 06:20:00+00:00,4314.84,4316.2,4314.33,4316.0,166,12,0
2026-09-11 06:21:00+00:00,4316.0,4316.01,4309.58,4309.58,183,11,0
2026-09-11 06:22:00+00:00,4309.25,4310.18,4305.46,4305.46,196,17,0
2026-09-11 06:23:00+00:00,4305.55,4306.91,4304.38,4306.85,194,17,0
2026-09-11 06:24:00+00:00,4306.43,4309.16,4305.7,4306.88,193,17,0
2026-09-11 06:25:00+00:00,4306.94,4308.3,4304.87,4308.24,194,17,0
2026-09-11 06:26:00+00:00,4308.27,4308.88,4306.86,4308.54,188,17,0
2026-09-11 06:27:00+00:00,4308.51,4309.74,4308.35,4309.34,169,15,0
2026-09-11 06:28:00+00:00,4309.43,4310.58,4308.74,4308.74,158,15,0
2026-09-11 06:29:00+00:00,4308.75,4310.62,4308.75,4309.33,170,14,0
2026-09-11 06:30:00+00:00,4309.24,4311.39,4308.83,4309.97,173,15,0
2026-09-11 06:31:00+00:00,4309.68,4309.73,4306.53,4308.72,163,17,0
2026-09-11 06:32:00+00:00,4308.77,4309.41,4307.82,4308.57,159,17,0
2026-09-11 06:33:00+00:00,4308.66,4309.02,4306.79,4308.12,133,15,0
2026-09-11 06:34:00+00:00,4308.1,4309.19,4307.48,4308.69,143,12,0
2026-09-11 06:35:00+00:00,4308.92,4309.19,4307.53,4307.69,130,11,0
2026-09-11 06:36:00+00:00,4307.77,4308.97,4307.59,4307.77,138,12,0
2026-09-11 06:37:00+00:00,4307.93,4310.18,4306.91,4308.77,161,17,0
2026-09-11 06:38:00+00:00,4308.75,4310.76,4308.42,4309.25,131,17,0
2026-09-11 06:39:00+00:00,4309.53,4310.6,4308.6,4308.6,135,17,0
2026-09-11 06:40:00+00:00,4308.72,4309.71,4308.32,4309.26,148,11,0
2026-09-11 06:41:00+00:00,4309.21,4310.09,4308.9,4308.9,148,11,0
2026-09-11 06:42:00+00:00,4308.96,4312.08,4308.96,4312.08,149,11,0
2026-09-11 06:43:00+00:00,4312.09,4312.51,4310.76,4310.86,150,17,0
2026-09-11 06:44:00+00:00,4310.7,4310.87,4306.97,4308.27,156,17,0
2026-09-11 06:45:00+00:00,4308.28,4308.37,4304.39,4304.57,146,16,0
2026-09-11 06:46:00+00:00,4304.49,4305.32,4303.24,4303.64,154,15,0
2026-09-11 06:47:00+00:00,4303.63,4305.02,4302.89,4303.14,161,17,0
2026-09-11 06:48:00+00:00,4303.13,4304.28,4303.13,4303.71,138,11,0
2026-09-11 06:49:00+00:00,4303.68,4303.88,4302.42,4303.06,160,11,0
2026-09-11 06:50:00+00:00,4303.07,4303.51,4300.83,4303.41,161,11,0
2026-09-11 06:51:00+00:00,4303.36,4303.59,4301.86,4303.15,136,11,0
2026-09-11 06:52:00+00:00,4303.11,4303.26,4301.05,4302.14,127,11,0
2026-09-11 06:53:00+00:00,4302.17,4303.45,4301.98,4302.6,155,14,0
2026-09-11 06:54:00+00:00,4302.56,4304.23,4301.04,4304.12,167,17,0
2026-09-11 06:55:00+00:00,4304.05,4305.33,4303.32,4305.14,139,17,0
2026-09-11 06:56:00+00:00,4305.12,4307.04,4305.09,4306.21,177,17,0
2026-09-11 06:57:00+00:00,4306.37,4306.72,4305.35,4305.36,142,12,0
2026-09-11 06:58:00+00:00,4305.37,4305.91,4304.25,4304.3,149,11,0
2026-09-11 06:59:00+00:00,4304.32,4304.32,4302.48,4303.83,137,17,0
2026-09-11 07:00:00+00:00,4303.93,4304.39,4302.15,4303.59,178,17,0
2026-09-11 07:01:00+00:00,4303.48,4305.33,4302.41,4303.18,170,17,0
2026-09-11 07:02:00+00:00,4303.17,4303.92,4301.97,4302.73,144,17,0
2026-09-11 07:03:00+00:00,4302.81,4305.29,4302.58,4305.27,139,17,0
2026-09-11 07:04:00+00:00,4305.37,4309.3,4305.37,4308.73,163,17,0
2026-09-11 07:05:00+00:00,4308.95,4310.56,4308.65,4310.43,142,15,0
2026-09-11 07:06:00+00:00,4310.42,4311.46,4310.1,4311.46,167,11,0
2026-09-11 07:07:00+00:00,4311.63,4313.76,4311.63,4313.73,166,13,0
2026-09-11 07:08:00+00:00,4313.75,4317.78,4313.7,4317.73,128,11,0
2026-09-11 07:09:00+00:00,4317.79,4318.64,4316.46,4318.22,182,17,0
2026-09-11 07:10:00+00:00,4318.2,4323.68,4318.19,4322.43,187,17,0
2026-09-11 07:11:00+00:00,4322.39,4322.39,4318.89,4319.63,204,17,0
2026-09-11 07:12:00+00:00,4319.55,4322.89,4319.37,4321.69,178,16,0
2026-09-11 07:13:00+00:00,4321.87,4324.93,4321.87,4324.35,165,17,0
2026-09-11 07:14:00+00:00,4324.24,4324.98,4320.41,4321.53,189,17,0
2026-09-11 07:15:00+00:00,4321.54,4321.99,4320.43,4320.86,195,17,0
2026-09-11 07:16:00+00:00,4320.85,4321.55,4319.72,4319.84,159,15,0
2026-09-11 07:17:00+00:00,4319.87,4320.55,4319.58,4319.97,150,11,0
2026-09-11 07:18:00+00:00,4319.94,4321.95,4319.52,4320.18,159,11,0
2026-09-11 07:19:00+00:00,4320.2,4321.16,4319.99,4320.78,146,13,0
2026-09-11 07:20:00+00:00,4320.76,4323.66,4320.59,4323.66,145,11,0
2026-09-11 07:21:00+00:00,4323.61,4325.66,4323.43,4325.33,165,17,0
2026-09-11 07:22:00+00:00,4325.2,4325.63,4324.18,4324.51,146,13,0
2026-09-11 07:23:00+00:00,4324.52,4326.18,4324.52,4326.18,120,12,0
2026-09-11 07:24:00+00:00,4326.12,4327.04,4326.12,4327.02,150,11,0
2026-09-11 07:25:00+00:00,4327.05,4327.77,4326.9,4327.14,134,11,0
2026-09-11 07:26:00+00:00,4327.12,4328.16,4325.93,4328.16,129,12,0
2026-09-11 07:27:00+00:00,4328.18,4328.73,4326.93,4327.68,130,17,0
2026-09-11 07:28:00+00:00,4327.7,4328.57,4327.56,4328.57,115,16,0
2026-09-11 07:29:00+00:00,4328.55,4329.2,4328.18,4328.54,130,16,0
2026-09-11 07:30:00+00:00,4328.64,4329.89,4328.1,4329.4,149,17,0
2026-09-11 07:31:00+00:00,4329.69,4329.69,4327.97,4329.21,121,17,0
2026-09-11 07:32:00+00:00,4329.19,4330.33,4328.33,4330.17,146,17,0
2026-09-11 07:33:00+00:00,4330.08,4330.08,4327.86,4328.0,117,17,0
2026-09-11 07:34:00+00:00,4328.25,4328.49,4326.55,4326.73,144,17,0
2026-09-11 07:35:00+00:00,4326.72,4326.72,4325.49,4326.13,135,17,0
2026-09-11 07:36:00+00:00,4326.07,4327.03,4325.68,4326.6,128,17,0
2026-09-11 07:37:00+00:00,4326.59,4327.75,4326.14,4327.23,144,17,0
2026-09-11 07:38:00+00:00,4327.28,4328.4,4326.7,4327.31,119,16,0
2026-09-11 07:39:00+00:00,4327.3,4328.45,4326.98,4328.16,151,17,0
2026-09-11 07:40:00+00:00,4328.15,4329.27,4327.51,4327.98,164,17,0
2026-09-11 07:41:00+00:00,4327.87,4330.16,4327.87,4329.3,138,17,0
2026-09-11 07:42:00+00:00,4329.28,4332.52,4329.28,4332.04,128,17,0
2026-09-11 07:43:00+00:00,4331.99,4331.99,4329.83,4331.78,159,17,0
2026-09-11 07:44:00+00:00,4331.7,4332.76,4329.93,4330.42,147,17,0
2026-09-11 07:45:00+00:00,4330.41,4331.72,4329.84,4329.89,140,17,0
2026-09-11 07:46:00+00:00,4329.9,4332.79,4329.9,4332.27,136,17,0
2026-09-11 07:47:00+00:00,4332.15,4332.74,4330.27,4330.29,129,17,0
2026-09-11 07:48:00+00:00,4330.21,4330.83,4329.11,4329.55,117,11,0
2026-09-11 07:49:00+00:00,4329.55,4331.1,4329.12,4330.74,119,11,0
2026-09-11 07:50:00+00:00,4330.73,4332.96,4330.6,4332.96,158,17,0
2026-09-11 07:51:00+00:00,4332.95,4334.75,4332.63,4333.87,131,17,0
2026-09-11 07:52:00+00:00,4333.88,4333.88,4332.12,4332.54,118,12,0
2026-09-11 07:53:00+00:00,4332.55,4333.81,4331.06,4333.25,154,12,0
2026-09-11 07:54:00+00:00,4333.24,4334.94,4332.22,4334.94,126,17,0
2026-09-11 07:55:00+00:00,4334.91,4335.34,4334.39,4334.91,106,11,0
2026-09-11 07:56:00+00:00,4334.84,4334.85,4333.82,4333.91,105,11,0
2026-09-11 07:57:00+00:00,4333.85,4334.95,4333.67,4333.68,102,11,0
2026-09-11 07:58:00+00:00,4333.88,4334.44,4332.78,4333.16,134,11,0
2026-09-11 07:59:00+00:00,4333.15,4333.37,4331.36,4331.7,138,16,0
2026-09-11 08:00:00+00:00,4332.0,4332.0,4328.72,4328.95,176,17,0
2026-09-11 08:01:00+00:00,4328.97,4330.37,4328.36,4328.99,155,17,0
2026-09-11 08:02:00+00:00,4328.95,4329.64,4328.32,4329.37,145,11,0
2026-09-11 08:03:00+00:00,4329.5,4330.81,4329.19,4329.76,140,17,0
2026-09-11 08:04:00+00:00,4329.79,4330.46,4329.22,4329.36,130,11,0
2026-09-11 08:05:00+00:00,4329.34,4332.26,4328.94,4330.97,138,11,0
2026-09-11 08:06:00+00:00,4330.99,4332.6,4330.54,4332.1,124,17,0
2026-09-11 08:07:00+00:00,4332.13,4334.29,4331.44,4331.84,149,17,0
2026-09-11 08:08:00+00:00,4331.89,4331.93,4329.53,4330.04,135,17,0
2026-09-11 08:09:00+00:00,4330.09,4335.0,4330.07,4334.82,151,17,0
2026-09-11 08:10:00+00:00,4334.8,4334.94,4333.31,4333.58,131,17,0
2026-09-11 08:11:00+00:00,4333.7,4335.22,4332.44,4335.03,136,16,0
2026-09-11 08:12:00+00:00,4335.08,4336.24,4334.01,4335.74,158,14,0
2026-09-11 08:13:00+00:00,4335.73,4335.73,4334.04,4335.5,135,14,0
2026-09-11 08:14:00+00:00,4335.49,4338.09,4334.9,4338.0,145,11,0
2026-09-11 08:15:00+00:00,4338.04,4338.33,4337.26,4338.0,150,17,0
2026-09-11 08:16:00+00:00,4337.89,4338.27,4336.42,4336.43,128,11,0
2026-09-11 08:17:00+00:00,4336.39,4336.39,4335.0,4335.3,125,11,0
2026-09-11 08:18:00+00:00,4335.33,4338.66,4334.9,4338.57,163,11,0
2026-09-11 08:19:00+00:00,4338.6,4339.32,4338.3,4338.3,131,11,0
2026-09-11 08:20:00+00:00,4338.64,4339.29,4336.64,4336.68,129,11,0
2026-09-11 08:21:00+00:00,4336.62,4336.8,4335.64,4336.46,134,11,0
2026-09-11 08:22:00+00:00,4336.61,4336.91,4336.12,4336.8,100,11,0
2026-09-11 08:23:00+00:00,4336.91,4337.68,4336.85,4337.45,111,11,0
2026-09-11 08:24:00+00:00,4337.44,4337.62,4336.2,4336.6,127,11,0
2026-09-11 08:25:00+00:00,4336.59,4336.64,4334.54,4334.54,133,17,0
2026-09-11 08:26:00+00:00,4334.53,4335.03,4333.53,4334.57,135,17,0
2026-09-11 08:27:00+00:00,4334.6,4335.12,4334.27,4334.82,117,16,0
2026-09-11 08:28:00+00:00,4334.84,4334.84,4333.73,4333.96,104,17,0
2026-09-11 08:29:00+00:00,4333.93,4334.92,4333.9,4334.7,117,17,0
2026-09-11 08:30:00+00:00,4334.68,4338.65,4333.85,4337.16,217,17,0
2026-09-11 08:31:00+00:00,4337.12,4339.96,4336.72,4338.36,203,17,0
2026-09-11 08:32:00+00:00,4338.35,4339.96,4336.7,4336.96,193,17,0
2026-09-11 08:33:00+00:00,4337.08,4338.3,4335.1,4337.48,197,17,0
2026-09-11 08:34:00+00:00,4337.85,4340.96,4337.85,4338.29,190,17,0
2026-09-11 08:35:00+00:00,4338.31,4339.55,4338.12,4338.66,179,17,0
2026-09-11 08:36:00+00:00,4338.67,4339.31,4336.33,4338.46,182,17,0
2026-09-11 08:37:00+00:00,4338.54,4340.06,4337.98,4338.15,192,17,0
2026-09-11 08:38:00+00:00,4338.17,4339.55,4336.92,4336.96,169,17,0
2026-09-11 08:39:00+00:00,4336.97,4339.26,4336.8,4338.56,181,17,0
2026-09-11 08:40:00+00:00,4338.54,4338.54,4335.19,4335.45,176,17,0
2026-09-11 08:41:00+00:00,4335.49,4335.74,4334.15,4335.68,173,17,0
2026-09-11 08:42:00+00:00,4335.67,4339.52,4335.47,4339.47,187,17,0
2026-09-11 08:43:00+00:00,4339.44,4341.26,4338.16,4340.89,201,17,0
2026-09-11 08:44:00+00:00,4340.86,4342.93,4340.54,4342.83,172,17,0
2026-09-11 08:45:00+00:00,4342.94,4343.57,4339.71,4341.57,186,16,0
2026-09-11 08:46:00+00:00,4341.83,4345.46,4341.72,4345.37,175,16,0
2026-09-11 08:47:00+00:00,4345.38,4346.89,4343.78,4346.05,178,15,0
2026-09-11 08:48:00+00:00,4346.1,4346.75,4343.88,4344.09,167,13,0
2026-09-11 08:49:00+00:00,4344.0,4345.7,4344.0,4344.94,169,12,0
2026-09-11 08:50:00+00:00,4344.93,4345.26,4343.08,4344.4,177,15,0
2026-09-11 08:51:00+00:00,4344.43,4346.03,4344.31,4346.02,182,16,0
2026-09-11 08:52:00+00:00,4346.0,4346.67,4344.65,4345.71,178,17,0
2026-09-11 08:53:00+00:00,4345.84,4347.69,4344.0,4344.56,192,17,0
2026-09-11 08:54:00+00:00,4344.61,4347.8,4344.42,4347.8,182,17,0
2026-09-11 08:55:00+00:00,4347.88,4350.87,4347.38,4350.71,174,17,0
2026-09-11 08:56:00+00:00,4350.73,4351.86,4349.05,4349.05,181,16,0
2026-09-11 08:57:00+00:00,4349.04,4349.43,4347.56,4349.28,184,17,0
2026-09-11 08:58:00+00:00,4349.35,4349.35,4346.03,4346.03,175,17,0
2026-09-11 08:59:00+00:00,4345.96,4346.82,4345.55,4345.67,159,13,0
2026-09-11 09:00:00+00:00,4345.68,4349.43,4345.68,4349.43,203,10,0
2026-09-11 09:01:00+00:00,4349.39,4350.76,4348.88,4349.88,195,13,0
2026-09-11 09:02:00+00:00,4349.81,4356.08,4349.81,4353.81,178,14,0
2026-09-11 09:03:00+00:00,4353.78,4354.39,4353.0,4353.16,193,12,0
2026-09-11 09:04:00+00:00,4353.25,4353.9,4352.02,4353.86,177,12,0
2026-09-11 09:05:00+00:00,4353.87,4355.36,4351.91,4352.13,166,12,0
2026-09-11 09:06:00+00:00,4352.14,4355.09,4351.99,4354.56,188,12,0
2026-09-11 09:07:00+00:00,4354.59,4357.61,4354.59,4357.57,183,12,0
2026-09-11 09:08:00+00:00,4357.58,4359.17,4357.51,4357.75,191,13,0
2026-09-11 09:09:00+00:00,4357.76,4357.76,4355.5,4355.67,166,12,0
2026-09-11 09:10:00+00:00,4355.71,4356.29,4354.6,4354.89,165,11,0
2026-09-11 09:11:00+00:00,4354.83,4356.77,4354.65,4355.74,186,11,0
2026-09-11 09:12:00+00:00,4355.72,4357.76,4354.47,4355.18,184,12,0
2026-09-11 09:13:00+00:00,4355.15,4359.52,4355.15,4358.46,179,13,0
2026-09-11 09:14:00+00:00,4358.64,4360.94,4357.82,4359.07,195,14,0
2026-09-11 09:15:00+00:00,4359.04,4360.49,4358.91,4359.49,181,14,0
2026-09-11 09:16:00+00:00,4359.55,4360.16,4358.09,4358.17,178,13,0
2026-09-11 09:17:00+00:00,4358.18,4358.64,4356.87,4357.62,159,11,0
2026-09-11 09:18:00+00:00,4357.73,4358.14,4356.56,4356.86,172,11,0
2026-09-11 09:19:00+00:00,4356.69,4358.79,4356.64,4358.79,167,12,0
2026-09-11 09:20:00+00:00,4358.89,4359.01,4357.43,4357.46,164,11,0
2026-09-11 09:21:00+00:00,4357.3,4357.3,4354.39,4355.07,180,14,0
2026-09-11 09:22:00+00:00,4355.08,4355.62,4353.45,4353.66,175,13,0
2026-09-11 09:23:00+00:00,4353.63,4354.96,4353.06,4353.43,170,12,0
2026-09-11 09:24:00+00:00,4353.41,4354.21,4352.59,4352.63,180,12,0
2026-09-11 09:25:00+00:00,4352.62,4353.19,4352.26,4352.47,150,11,0
2026-09-11 09:26:00+00:00,4352.48,4352.63,4351.52,4352.37,162,11,0
2026-09-11 09:27:00+00:00,4352.43,4353.69,4351.9,4351.9,163,12,0
2026-09-11 09:28:00+00:00,4351.95,4352.73,4351.36,4351.76,164,10,0
2026-09-11 09:29:00+00:00,4351.94,4353.03,4351.56,4351.6,150,10,0
2026-09-11 09:30:00+00:00,4351.59,4352.52,4349.81,4350.98,176,14,0
2026-09-11 09:31:00+00:00,4351.04,4352.31,4351.04,4351.5,150,14,0
2026-09-11 09:32:00+00:00,4351.53,4352.29,4350.34,4350.35,167,13,0
2026-09-11 09:33:00+00:00,4350.58,4350.66,4347.91,4347.93,181,13,0
2026-09-11 09:34:00+00:00,4347.89,4347.94,4347.11,4347.13,164,10,0
2026-09-11 09:35:00+00:00,4347.18,4349.12,4347.18,4349.1,171,9,0
2026-09-11 09:36:00+00:00,4349.04,4350.91,4349.03,4350.82,170,9,0
2026-09-11 09:37:00+00:00,4350.87,4351.93,4349.4,4349.86,197,13,0
2026-09-11 09:38:00+00:00,4349.87,4352.06,4349.85,4351.24,146,13,0
2026-09-11 09:39:00+00:00,4351.28,4352.84,4351.28,4352.16,164,13,0
2026-09-11 09:40:00+00:00,4352.17,4353.36,4351.83,4352.61,151,12,0
2026-09-11 09:41:00+00:00,4352.68,4353.98,4352.29,4353.89,160,11,0
2026-09-11 09:42:00+00:00,4353.9,4353.9,4350.49,4350.68,147,14,0
2026-09-11 09:43:00+00:00,4350.71,4351.1,4349.34,4349.99,148,13,0
2026-09-11 09:44:00+00:00,4349.93,4350.94,4349.53,4350.67,166,11,0
2026-09-11 09:45:00+00:00,4350.71,4351.92,4349.57,4350.4,169,11,0
2026-09-11 09:46:00+00:00,4350.41,4351.62,4350.05,4351.51,133,14,0
2026-09-11 09:47:00+00:00,4351.54,4353.27,4350.99,4353.09,174,14,0
2026-09-11 09:48:00+00:00,4353.14,4355.36,4353.0,4353.65,164,13,0
2026-09-11 09:49:00+00:00,4353.53,4354.32,4351.84,4351.86,162,11,0
2026-09-11 09:50:00+00:00,4351.86,4352.05,4350.9,4351.02,148,10,0
2026-09-11 09:51:00+00:00,4351.05,4351.45,4350.11,4351.08,150,11,0
2026-09-11 09:52:00+00:00,4351.28,4351.73,4349.95,4351.73,160,11,0
2026-09-11 09:53:00+00:00,4351.74,4352.49,4350.73,4352.01,138,10,0
2026-09-11 09:54:00+00:00,4351.85,4353.38,4351.52,4353.37,169,12,0
2026-09-11 09:55:00+00:00,4353.3,4353.47,4351.32,4351.58,174,12,0
2026-09-11 09:56:00+00:00,4351.61,4352.03,4350.87,4351.09,140,10,0
2026-09-11 09:57:00+00:00,4351.17,4352.98,4351.17,4352.57,124,10,0
2026-09-11 09:58:00+00:00,4352.65,4352.7,4351.9,4352.38,149,10,0
2026-09-11 09:59:00+00:00,4352.4,4353.97,4352.19,4353.01,162,10,0
2026-09-11 10:00:00+00:00,4352.98,4355.93,4351.89,4355.64,188,11,0
2026-09-11 10:01:00+00:00,4355.65,4356.05,4354.07,4354.25,181,16,0
2026-09-11 10:02:00+00:00,4354.24,4354.24,4352.74,4353.12,166,16,0
2026-09-11 10:03:00+00:00,4353.37,4354.02,4352.93,4353.06,159,13,0
2026-09-11 10:04:00+00:00,4353.04,4354.73,4352.48,4354.72,163,10,0
2026-09-11 10:05:00+00:00,4354.71,4355.98,4353.6,4355.22,139,16,0
2026-09-11 10:06:00+00:00,4355.21,4355.67,4353.02,4353.19,156,14,0
2026-09-11 10:07:00+00:00,4353.2,4353.48,4352.39,4353.3,150,10,0
2026-09-11 10:08:00+00:00,4352.99,4353.06,4350.84,4350.93,136,10,0
2026-09-11 10:09:00+00:00,4350.94,4351.44,4350.15,4351.05,142,10,0
2026-09-11 10:10:00+00:00,4351.23,4354.14,4350.84,4353.75,143,10,0
2026-09-11 10:11:00+00:00,4353.67,4354.13,4353.09,4354.13,133,10,0
2026-09-11 10:12:00+00:00,4353.96,4354.22,4352.91,4354.18,141,10,0
2026-09-11 10:13:00+00:00,4354.21,4355.36,4352.24,4352.5,129,16,0
2026-09-11 10:14:00+00:00,4352.49,4353.06,4351.43,4351.54,132,11,0
2026-09-11 10:15:00+00:00,4351.48,4352.32,4350.78,4351.3,162,13,0
2026-09-11 10:16:00+00:00,4351.2,4352.01,4350.19,4351.25,140,15,0
2026-09-11 10:17:00+00:00,4351.29,4352.35,4350.71,4351.99,133,10,0
2026-09-11 10:18:00+00:00,4351.97,4352.48,4350.63,4351.17,149,11,0
2026-09-11 10:19:00+00:00,4351.28,4352.26,4350.57,4351.06,150,16,0
2026-09-11 10:20:00+00:00,4351.03,4351.32,4349.63,4350.99,136,13,0
2026-09-11 10:21:00+00:00,4351.12,4351.79,4350.59,4350.76,125,11,0
2026-09-11 10:22:00+00:00,4350.77,4350.8,4348.43,4348.5,136,10,0
2026-09-11 10:23:00+00:00,4348.52,4350.8,4347.85,4350.79,136,10,0
2026-09-11 10:24:00+00:00,4350.8,4352.35,4349.51,4349.87,124,14,0
2026-09-11 10:25:00+00:00,4349.9,4349.9,4348.49,4348.88,141,16,0
2026-09-11 10:26:00+00:00,4348.91,4348.91,4347.39,4347.58,150,11,0
2026-09-11 10:27:00+00:00,4347.6,4348.86,4347.6,4348.17,114,10,0
2026-09-11 10:28:00+00:00,4348.18,4348.54,4346.43,4347.78,143,10,0
2026-09-11 10:29:00+00:00,4347.82,4347.88,4346.11,4346.4,118,11,0
2026-09-11 10:30:00+00:00,4346.36,4346.62,4345.49,4346.42,148,10,0
2026-09-11 10:31:00+00:00,4346.4,4347.0,4345.92,4346.88,134,10,0
2026-09-11 10:32:00+00:00,4346.68,4347.76,4345.86,4346.99,120,10,0
2026-09-11 10:33:00+00:00,4346.96,4346.96,4345.82,4345.85,114,10,0
2026-09-11 10:34:00+00:00,4345.7,4345.86,4344.46,4344.97,134,10,0
2026-09-11 10:35:00+00:00,4345.01,4346.26,4344.84,4345.17,142,10,0
2026-09-11 10:36:00+00:00,4345.15,4345.15,4344.19,4344.72,102,10,0
2026-09-11 10:37:00+00:00,4344.7,4345.13,4344.07,4344.11,119,10,0
2026-09-11 10:38:00+00:00,4344.12,4344.77,4343.23,4343.49,123,10,0
2026-09-11 10:39:00+00:00,4343.53,4344.4,4343.5,4343.84,108,10,0
2026-09-11 10:40:00+00:00,4343.8,4344.16,4343.29,4343.55,121,12,0
2026-09-11 10:41:00+00:00,4343.54,4345.53,4343.38,4344.43,152,16,0
2026-09-11 10:42:00+00:00,4344.38,4345.01,4343.69,4344.18,138,16,0
2026-09-11 10:43:00+00:00,4344.37,4346.15,4344.01,4345.9,143,16,0
2026-09-11 10:44:00+00:00,4345.92,4346.34,4344.39,4345.09,122,16,0
2026-09-11 10:45:00+00:00,4345.02,4345.07,4343.94,4344.53,156,16,0
2026-09-11 10:46:00+00:00,4344.49,4345.03,4343.31,4343.51,146,16,0
2026-09-11 10:47:00+00:00,4343.4,4343.49,4342.51,4343.14,141,11,0
2026-09-11 10:48:00+00:00,4343.16,4343.44,4342.8,4343.12,133,10,0
2026-09-11 10:49:00+00:00,4343.13,4343.41,4342.17,4342.5,114,10,0
2026-09-11 10:50:00+00:00,4342.29,4342.98,4342.05,4342.61,139,10,0
2026-09-11 10:51:00+00:00,4342.57,4342.57,4340.75,4340.75,131,10,0
2026-09-11 10:52:00+00:00,4340.73,4343.14,4340.61,4343.1,148,10,0
2026-09-11 10:53:00+00:00,4343.09,4343.09,4341.63,4342.15,145,13,0
2026-09-11 10:54:00+00:00,4342.2,4342.88,4341.89,4342.64,131,11,0
2026-09-11 10:55:00+00:00,4342.61,4344.53,4342.61,4343.32,149,11,0
2026-09-11 10:56:00+00:00,4343.32,4344.88,4342.91,4343.96,152,13,0
2026-09-11 10:57:00+00:00,4343.95,4344.86,4343.77,4344.14,148,16,0
2026-09-11 10:58:00+00:00,4344.22,4344.98,4343.38,4344.97,124,11,0
2026-09-11 10:59:00+00:00,4345.06,4345.15,4343.78,4344.9,156,11,0
2026-09-11 11:00:00+00:00,4344.91,4347.08,4344.91,4346.51,194,11,0
2026-09-11 11:01:00+00:00,4346.5,4346.79,4344.53,4345.74,164,16,0
2026-09-11 11:02:00+00:00,4345.66,4347.21,4344.29,4344.29,155,16,0
2026-09-11 11:03:00+00:00,4344.18,4344.89,4342.62,4343.12,172,16,0
2026-09-11 11:04:00+00:00,4343.1,4344.69,4342.81,4344.5,161,14,0
2026-09-11 11:05:00+00:00,4344.47,4345.15,4343.64,4344.39,173,13,0
2026-09-11 11:06:00+00:00,4344.41,4346.9,4344.41,4346.77,149,14,0
2026-09-11 11:07:00+00:00,4346.76,4348.5,4346.59,4347.26,136,16,0
2026-09-11 11:08:00+00:00,4347.23,4347.24,4345.44,4346.98,160,16,0
2026-09-11 11:09:00+00:00,4346.97,4347.55,4344.31,4345.22,168,16,0
2026-09-11 11:10:00+00:00,4345.57,4347.4,4345.48,4347.4,131,16,0
2026-09-11 11:11:00+00:00,4347.25,4348.21,4342.4,4343.98,214,14,0
2026-09-11 11:12:00+00:00,4344.04,4346.11,4343.79,4345.68,175,16,0
2026-09-11 11:13:00+00:00,4345.87,4349.01,4345.73,4348.7,164,15,0
2026-09-11 11:14:00+00:00,4348.69,4349.4,4346.85,4347.39,155,13,0
2026-09-11 11:15:00+00:00,4347.43,4348.05,4346.6,4346.95,156,14,0
2026-09-11 11:16:00+00:00,4346.94,4348.53,4346.18,4348.4,167,13,0
2026-09-11 11:17:00+00:00,4348.39,4350.27,4348.32,4349.02,170,13,0
2026-09-11 11:18:00+00:00,4349.01,4350.31,4348.92,4349.82,160,13,0
2026-09-11 11:19:00+00:00,4350.07,4350.07,4346.95,4347.1,166,12,0
2026-09-11 11:20:00+00:00,4346.91,4347.11,4344.79,4344.85,155,11,0
2026-09-11 11:21:00+00:00,4344.87,4345.47,4343.77,4345.47,149,11,0
2026-09-11 11:22:00+00:00,4345.48,4345.82,4345.0,4345.66,136,10,0
2026-09-11 11:23:00+00:00,4345.86,4348.12,4345.78,4348.04,154,11,0
2026-09-11 11:24:00+00:00,4348.01,4357.39,4347.84,4352.31,196,13,0
2026-09-11 11:25:00+00:00,4352.28,4354.73,4350.69,4353.23,205,16,0
2026-09-11 11:26:00+00:00,4353.22,4354.66,4351.59,4351.63,170,16,0
2026-09-11 11:27:00+00:00,4351.73,4351.87,4349.19,4349.43,153,13,0
2026-09-11 11:28:00+00:00,4349.45,4351.41,4349.28,4350.79,169,13,0
2026-09-11 11:29:00+00:00,4350.66,4352.62,4350.53,4351.66,166,13,0
2026-09-11 11:30:00+00:00,4351.57,4355.37,4351.28,4354.86,178,13,0
2026-09-11 11:31:00+00:00,4354.59,4355.3,4354.04,4354.53,147,14,0
2026-09-11 11:32:00+00:00,4354.55,4355.95,4353.97,4354.61,162,14,0
2026-09-11 11:33:00+00:00,4354.59,4355.01,4353.98,4354.3,149,13,0
2026-09-11 11:34:00+00:00,4354.23,4354.23,4352.43,4352.76,123,12,0
2026-09-11 11:35:00+00:00,4352.76,4353.2,4351.28,4352.22,134,12,0
2026-09-11 11:36:00+00:00,4352.25,4353.66,4351.99,4353.16,145,12,0
2026-09-11 11:37:00+00:00,4353.14,4353.68,4352.54,4353.22,114,13,0
2026-09-11 11:38:00+00:00,4353.25,4355.42,4353.2,4355.38,152,13,0
2026-09-11 11:39:00+00:00,4355.34,4355.98,4354.1,4354.21,146,12,0
2026-09-11 11:40:00+00:00,4354.24,4355.92,4353.81,4355.72,137,14,0
2026-09-11 11:41:00+00:00,4355.67,4356.69,4355.09,4356.51,125,13,0
2026-09-11 11:42:00+00:00,4356.38,4356.56,4355.09,4355.58,137,14,0
2026-09-11 11:43:00+00:00,4355.56,4355.91,4352.19,4352.76,137,15,0
2026-09-11 11:44:00+00:00,4352.75,4353.23,4352.65,4352.65,93,13,0
2026-09-11 11:45:00+00:00,4352.79,4353.43,4352.25,4352.97,140,12,0
2026-09-11 11:46:00+00:00,4352.94,4355.05,4352.63,4353.61,164,12,0
2026-09-11 11:47:00+00:00,4353.58,4353.58,4352.17,4352.18,128,15,0
2026-09-11 11:48:00+00:00,4352.22,4353.87,4352.04,4352.96,140,14,0
2026-09-11 11:49:00+00:00,4352.95,4353.86,4352.3,4352.93,131,14,0
2026-09-11 11:50:00+00:00,4352.89,4353.05,4349.49,4350.88,151,16,0
2026-09-11 11:51:00+00:00,4350.91,4351.62,4350.43,4351.05,138,15,0
2026-09-11 11:52:00+00:00,4351.04,4351.8,4350.83,4351.35,139,12,0
2026-09-11 11:53:00+00:00,4351.39,4352.24,4350.92,4352.24,135,13,0
2026-09-11 11:54:00+00:00,4352.52,4352.75,4350.9,4351.02,135,13,0
2026-09-11 11:55:00+00:00,4351.0,4351.0,4348.08,4348.21,140,14,0
2026-09-11 11:56:00+00:00,4348.12,4349.65,4348.06,4348.91,128,13,0
2026-09-11 11:57:00+00:00,4348.93,4349.15,4345.87,4346.17,159,14,0
2026-09-11 11:58:00+00:00,4346.18,4346.77,4346.17,4346.64,141,13,0
2026-09-11 11:59:00+00:00,4346.73,4347.12,4345.63,4346.97,142,11,0
2026-09-11 12:00:00+00:00,4346.99,4351.15,4346.99,4350.8,171,13,0
2026-09-11 12:01:00+00:00,4350.82,4353.99,4350.7,4353.15,166,16,0
2026-09-11 12:02:00+00:00,4352.84,4352.95,4350.52,4350.56,141,16,0
2026-09-11 12:03:00+00:00,4350.67,4350.77,4349.32,4349.53,142,13,0
2026-09-11 12:04:00+00:00,4349.39,4350.35,4348.34,4348.54,133,11,0
2026-09-11 12:05:00+00:00,4348.53,4348.9,4348.14,4348.57,135,8,0
2026-09-11 12:06:00+00:00,4348.59,4348.68,4347.95,4348.52,141,8,0
2026-09-11 12:07:00+00:00,4348.51,4348.52,4347.86,4347.93,105,9,0
2026-09-11 12:08:00+00:00,4347.92,4348.15,4346.64,4346.81,108,9,0
2026-09-11 12:09:00+00:00,4346.86,4346.97,4344.58,4344.79,135,11,0
2026-09-11 12:10:00+00:00,4344.8,4344.92,4343.64,4344.59,134,15,0
2026-09-11 12:11:00+00:00,4344.58,4344.91,4343.5,4344.23,117,15,0
2026-09-11 12:12:00+00:00,4344.15,4344.79,4344.04,4344.7,106,13,0
2026-09-11 12:13:00+00:00,4344.69,4345.78,4344.3,4344.83,133,11,0
2026-09-11 12:14:00+00:00,4344.9,4345.05,4342.68,4342.68,127,15,0
2026-09-11 12:15:00+00:00,4342.58,4343.12,4341.65,4342.76,141,15,0
2026-09-11 12:16:00+00:00,4342.75,4343.67,4342.75,4343.35,127,13,0
2026-09-11 12:17:00+00:00,4343.31,4343.31,4342.86,4343.14,96,9,0
2026-09-11 12:18:00+00:00,4343.47,4343.75,4342.8,4343.74,100,11,0
2026-09-11 12:19:00+00:00,4343.7,4345.26,4343.66,4345.23,114,11,0
2026-09-11 12:20:00+00:00,4345.17,4346.1,4344.41,4345.88,113,11,0
2026-09-11 12:21:00+00:00,4345.74,4345.9,4344.6,4345.9,126,16,0
2026-09-11 12:22:00+00:00,4345.96,4346.01,4345.02,4345.63,122,15,0
2026-09-11 12:23:00+00:00,4345.69,4346.16,4345.24,4345.64,110,15,0
2026-09-11 12:24:00+00:00,4345.54,4345.59,4343.51,4344.52,123,16,0
2026-09-11 12:25:00+00:00,4344.5,4345.28,4343.87,4345.1,109,15,0
2026-09-11 12:26:00+00:00,4345.06,4345.67,4345.03,4345.48,109,13,0
2026-09-11 12:27:00+00:00,4345.47,4345.6,4344.0,4344.05,94,13,0
2026-09-11 12:28:00+00:00,4344.06,4345.71,4343.66,4344.89,123,13,0
2026-09-11 12:29:00+00:00,4344.93,4345.3,4343.43,4343.7,131,16,0
2026-09-11 12:30:00+00:00,4343.83,4344.81,4342.37,4342.92,136,16,0
2026-09-11 12:31:00+00:00,4342.98,4343.04,4341.62,4341.98,121,16,0
2026-09-11 12:32:00+00:00,4341.72,4343.59,4341.46,4343.09,164,16,0
2026-09-11 12:33:00+00:00,4343.11,4345.06,4342.81,4342.95,144,16,0
2026-09-11 12:34:00+00:00,4342.9,4343.86,4341.63,4342.37,123,16,0
2026-09-11 12:35:00+00:00,4342.3,4343.07,4342.16,4343.06,129,11,0
2026-09-11 12:36:00+00:00,4343.19,4344.35,4342.72,4344.07,131,13,0
2026-09-11 12:37:00+00:00,4344.02,4344.46,4343.85,4344.03,131,9,0
2026-09-11 12:38:00+00:00,4343.94,4344.21,4342.61,4342.78,111,8,0
2026-09-11 12:39:00+00:00,4342.86,4343.17,4342.27,4342.48,110,14,0
2026-09-11 12:40:00+00:00,4342.33,4343.1,4340.91,4343.1,134,13,0
2026-09-11 12:41:00+00:00,4343.08,4343.4,4341.94,4341.94,107,13,0
2026-09-11 12:42:00+00:00,4341.98,4342.69,4341.67,4342.1,113,8,0
2026-09-11 12:43:00+00:00,4342.21,4343.15,4342.09,4343.14,97,8,0
2026-09-11 12:44:00+00:00,4343.12,4343.72,4343.12,4343.48,103,8,0
2026-09-11 12:45:00+00:00,4343.48,4343.9,4342.72,4343.04,111,9,0
2026-09-11 12:46:00+00:00,4343.01,4343.38,4343.01,4343.35,128,9,0
2026-09-11 12:47:00+00:00,4343.3,4343.74,4342.83,4343.25,93,9,0
2026-09-11 12:48:00+00:00,4343.33,4343.82,4342.52,4343.78,96,11,0
2026-09-11 12:49:00+00:00,4343.79,4343.93,4343.38,4343.56,91,9,0
2026-09-11 12:50:00+00:00,4343.51,4344.41,4342.79,4343.22,127,11,0
2026-09-11 12:51:00+00:00,4343.27,4344.31,4343.23,4343.33,124,16,0
2026-09-11 12:52:00+00:00,4343.29,4344.64,4343.15,4344.21,136,16,0
2026-09-11 12:53:00+00:00,4344.22,4344.4,4343.33,4343.8,126,13,0
2026-09-11 12:54:00+00:00,4343.78,4344.24,4343.78,4343.92,95,11,0
2026-09-11 12:55:00+00:00,4343.93,4344.81,4343.84,4344.34,133,9,0
2026-09-11 12:56:00+00:00,4344.35,4344.56,4343.29,4343.64,141,14,0
2026-09-11 12:57:00+00:00,4343.63,4343.99,4343.26,4343.9,109,14,0
2026-09-11 12:58:00+00:00,4343.92,4347.16,4343.76,4346.68,139,13,0
2026-09-11 12:59:00+00:00,4346.76,4347.67,4346.26,4346.27,119,16,0
2026-09-11 13:00:00+00:00,4346.44,4348.13,4346.21,4347.34,161,16,0
2026-09-11 13:01:00+00:00,4347.26,4348.67,4347.26,4348.67,120,16,0
2026-09-11 13:02:00+00:00,4348.59,4348.63,4341.84,4348.26,191,15,0
2026-09-11 13:03:00+00:00,4348.27,4348.27,4346.36,4347.24,159,16,0
2026-09-11 13:04:00+00:00,4347.21,4349.21,4347.02,4349.13,161,16,0
2026-09-11 13:05:00+00:00,4349.1,4349.82,4348.47,4349.07,141,15,0
2026-09-11 13:06:00+00:00,4349.08,4349.1,4347.09,4347.09,120,13,0
2026-09-11 13:07:00+00:00,4347.07,4347.9,4346.97,4347.85,113,13,0
2026-09-11 13:08:00+00:00,4347.82,4347.93,4346.24,4346.87,121,11,0
2026-09-11 13:09:00+00:00,4346.88,4346.89,4344.95,4345.73,121,14,0
2026-09-11 13:10:00+00:00,4345.74,4346.97,4343.57,4346.96,130,14,0
2026-09-11 13:11:00+00:00,4346.8,4347.79,4345.85,4346.23,121,16,0
2026-09-11 13:12:00+00:00,4346.24,4346.53,4345.93,4346.11,106,13,0
2026-09-11 13:13:00+00:00,4346.13,4346.43,4344.93,4345.67,121,13,0
2026-09-11 13:14:00+00:00,4345.64,4346.48,4345.48,4346.19,102,11,0
2026-09-11 13:15:00+00:00,4346.38,4347.65,4345.85,4346.4,115,11,0
2026-09-11 13:16:00+00:00,4346.36,4347.55,4346.3,4346.75,130,14,0
2026-09-11 13:17:00+00:00,4346.89,4347.14,4346.12,4346.51,109,13,0
2026-09-11 13:18:00+00:00,4346.52,4347.84,4346.35,4347.84,118,11,0
2026-09-11 13:19:00+00:00,4347.8,4349.75,4347.63,4349.1,128,11,0
2026-09-11 13:20:00+00:00,4349.13,4349.83,4348.16,4348.16,126,14,0
2026-09-11 13:21:00+00:00,4348.18,4348.55,4346.32,4346.87,115,11,0
2026-09-11 13:22:00+00:00,4346.88,4347.66,4346.3,4347.35,155,11,0
2026-09-11 13:23:00+00:00,4347.31,4348.54,4345.95,4346.12,119,15,0
2026-09-11 13:24:00+00:00,4346.24,4348.46,4346.24,4348.46,136,16,0
2026-09-11 13:25:00+00:00,4348.47,4349.96,4348.05,4349.69,127,11,0
2026-09-11 13:26:00+00:00,4349.7,4349.77,4348.1,4348.32,139,13,0
2026-09-11 13:27:00+00:00,4348.18,4348.91,4347.64,4347.84,137,13,0
2026-09-11 13:28:00+00:00,4347.81,4348.52,4347.09,4347.47,104,13,0
2026-09-11 13:29:00+00:00,4347.48,4349.37,4347.44,4349.2,118,13,0
2026-09-11 13:30:00+00:00,4349.29,4349.67,4347.48,4347.65,145,16,0
2026-09-11 13:31:00+00:00,4347.62,4348.85,4347.38,4347.38,130,14,0
2026-09-11 13:32:00+00:00,4347.4,4349.48,4347.31,4349.23,122,9,0
2026-09-11 13:33:00+00:00,4349.22,4349.33,4347.23,4347.25,126,13,0
2026-09-11 13:34:00+00:00,4347.26,4349.15,4347.26,4349.12,120,11,0
2026-09-11 13:35:00+00:00,4349.09,4349.17,4348.27,4348.36,137,9,0
2026-09-11 13:36:00+00:00,4348.33,4348.71,4346.65,4347.13,122,13,0
2026-09-11 13:37:00+00:00,4347.12,4347.2,4344.43,4344.43,130,11,0
2026-09-11 13:38:00+00:00,4344.42,4345.84,4344.24,4345.83,126,11,0
2026-09-11 13:39:00+00:00,4345.82,4346.86,4345.46,4346.69,104,9,0
2026-09-11 13:40:00+00:00,4346.7,4346.7,4344.33,4344.48,125,13,0
2026-09-11 13:41:00+00:00,4344.59,4345.26,4343.77,4344.55,130,11,0
2026-09-11 13:42:00+00:00,4344.63,4345.74,4344.63,4345.74,123,11,0
2026-09-11 13:43:00+00:00,4345.77,4346.36,4345.01,4346.26,131,9,0
2026-09-11 13:44:00+00:00,4346.24,4346.58,4344.92,4345.09,144,13,0
2026-09-11 13:45:00+00:00,4345.1,4345.36,4343.2,4343.59,133,16,0
2026-09-11 13:46:00+00:00,4343.58,4343.59,4342.5,4342.87,141,15,0
2026-09-11 13:47:00+00:00,4342.81,4343.54,4342.45,4342.89,123,9,0
2026-09-11 13:48:00+00:00,4342.88,4343.2,4342.41,4342.55,110,8,0
2026-09-11 13:49:00+00:00,4342.57,4343.46,4341.69,4341.76,111,8,0
2026-09-11 13:50:00+00:00,4341.73,4342.49,4340.67,4342.04,129,16,0
2026-09-11 13:51:00+00:00,4342.05,4342.53,4341.61,4342.53,111,16,0
2026-09-11 13:52:00+00:00,4342.55,4342.55,4341.32,4341.69,102,8,0
2026-09-11 13:53:00+00:00,4341.7,4341.82,4340.65,4340.88,122,8,0
2026-09-11 13:54:00+00:00,4340.88,4341.26,4339.81,4340.71,120,8,0
2026-09-11 13:55:00+00:00,4340.7,4340.92,4339.66,4340.17,107,8,0
2026-09-11 13:56:00+00:00,4340.19,4340.27,4338.44,4338.44,138,9,0
2026-09-11 13:57:00+00:00,4338.41,4338.8,4337.62,4337.72,153,8,0
2026-09-11 13:58:00+00:00,4337.74,4338.42,4337.29,4337.48,111,8,0
2026-09-11 13:59:00+00:00,4337.49,4338.39,4336.76,4337.34,122,11,0
2026-09-11 14:00:00+00:00,4337.57,4340.39,4337.41,4340.05,179,16,0
2026-09-11 14:01:00+00:00,4340.0,4340.5,4339.37,4339.58,163,16,0
2026-09-11 14:02:00+00:00,4339.57,4340.01,4338.74,4339.54,141,16,0
2026-09-11 14:03:00+00:00,4339.55,4342.55,4339.46,4342.13,143,15,0
2026-09-11 14:04:00+00:00,4342.11,4342.11,4339.31,4339.42,149,16,0
2026-09-11 14:05:00+00:00,4339.46,4340.24,4339.37,4339.52,140,8,0
2026-09-11 14:06:00+00:00,4339.45,4339.54,4337.28,4337.73,129,8,0
2026-09-11 14:07:00+00:00,4337.89,4338.8,4337.32,4337.92,149,8,0
2026-09-11 14:08:00+00:00,4337.98,4338.71,4337.66,4338.21,138,8,0
2026-09-11 14:09:00+00:00,4338.22,4338.64,4337.01,4337.49,125,8,0
2026-09-11 14:10:00+00:00,4337.51,4337.51,4335.81,4335.81,157,8,0
2026-09-11 14:11:00+00:00,4335.98,4336.17,4334.65,4336.13,173,15,0
2026-09-11 14:12:00+00:00,4336.1,4337.26,4335.9,4336.29,133,15,0
2026-09-11 14:13:00+00:00,4336.31,4337.22,4336.27,4337.05,106,8,0
2026-09-11 14:14:00+00:00,4337.04,4338.51,4336.94,4338.1,123,8,0
2026-09-11 14:15:00+00:00,4338.05,4338.16,4336.45,4336.93,130,15,0
2026-09-11 14:16:00+00:00,4336.94,4337.86,4336.04,4336.76,146,15,0
2026-09-11 14:17:00+00:00,4336.73,4337.33,4336.38,4337.1,138,8,0
2026-09-11 14:18:00+00:00,4337.12,4338.73,4337.03,4338.55,133,8,0
2026-09-11 14:19:00+00:00,4338.56,4339.06,4337.94,4338.39,135,15,0
2026-09-11 14:20:00+00:00,4338.43,4338.76,4337.74,4337.75,131,8,0
2026-09-11 14:21:00+00:00,4337.74,4339.28,4337.47,4339.26,133,8,0
2026-09-11 14:22:00+00:00,4339.28,4339.72,4337.06,4337.41,151,8,0
2026-09-11 14:23:00+00:00,4337.42,4339.57,4337.0,4339.34,137,14,0
2026-09-11 14:24:00+00:00,4339.35,4339.58,4338.46,4338.73,121,8,0
2026-09-11 14:25:00+00:00,4338.7,4341.66,4338.7,4339.99,172,8,0
2026-09-11 14:26:00+00:00,4340.07,4340.14,4337.98,4337.98,132,16,0
2026-09-11 14:27:00+00:00,4337.95,4339.24,4337.63,4338.3,138,15,0
2026-09-11 14:28:00+00:00,4338.38,4338.64,4336.45,4336.72,131,9,0
2026-09-11 14:29:00+00:00,4336.71,4337.13,4336.26,4336.49,138,8,0
2026-09-11 14:30:00+00:00,4336.46,4337.17,4335.73,4336.54,131,8,0
2026-09-11 14:31:00+00:00,4336.7,4337.22,4334.08,4334.42,142,8,0
2026-09-11 14:32:00+00:00,4334.43,4335.29,4334.26,4334.26,135,15,0
2026-09-11 14:33:00+00:00,4334.27,4335.76,4333.15,4333.15,134,9,0
2026-09-11 14:34:00+00:00,4333.0,4333.35,4331.69,4331.84,129,8,0
2026-09-11 14:35:00+00:00,4331.77,4331.91,4330.33,4330.89,131,8,0
2026-09-11 14:36:00+00:00,4331.01,4333.06,4330.27,4332.66,157,8,0
2026-09-11 14:37:00+00:00,4332.62,4333.92,4332.53,4333.82,122,8,0
2026-09-11 14:38:00+00:00,4333.78,4334.07,4333.22,4333.98,153,8,0
2026-09-11 14:39:00+00:00,4333.99,4333.99,4332.23,4332.59,127,8,0
2026-09-11 14:40:00+00:00,4332.56,4333.82,4332.36,4332.36,149,8,0
2026-09-11 14:41:00+00:00,4332.44,4333.58,4332.44,4333.31,128,8,0
2026-09-11 14:42:00+00:00,4333.31,4333.56,4330.95,4331.62,132,8,0
2026-09-11 14:43:00+00:00,4331.57,4331.71,4330.21,4331.31,148,8,0
2026-09-11 14:44:00+00:00,4331.45,4334.61,4331.37,4334.61,171,8,0
2026-09-11 14:45:00+00:00,4334.67,4335.68,4333.96,4335.44,160,16,0
2026-09-11 14:46:00+00:00,4335.54,4335.6,4333.01,4333.94,144,16,0
2026-09-11 14:47:00+00:00,4333.91,4334.27,4333.19,4333.2,147,8,0
2026-09-11 14:48:00+00:00,4333.19,4334.88,4333.09,4333.35,158,8,0
2026-09-11 14:49:00+00:00,4333.36,4335.51,4333.36,4334.51,142,13,0
2026-09-11 14:50:00+00:00,4334.42,4334.64,4333.88,4334.38,153,8,0
2026-09-11 14:51:00+00:00,4334.34,4334.67,4333.34,4333.34,164,8,0
2026-09-11 14:52:00+00:00,4333.46,4334.49,4333.41,4334.22,144,8,0
2026-09-11 14:53:00+00:00,4333.77,4334.37,4332.69,4333.97,134,8,0
2026-09-11 14:54:00+00:00,4333.98,4334.31,4330.84,4330.84,147,11,0
2026-09-11 14:55:00+00:00,4330.73,4332.62,4330.53,4332.26,140,16,0
2026-09-11 14:56:00+00:00,4332.03,4332.19,4330.92,4331.2,136,15,0
2026-09-11 14:57:00+00:00,4331.4,4332.54,4331.4,4332.01,135,8,0
2026-09-11 14:58:00+00:00,4331.95,4333.12,4331.54,4333.1,120,8,0
2026-09-11 14:59:00+00:00,4333.01,4333.68,4331.73,4333.15,128,8,0
2026-09-11 15:00:00+00:00,4333.6,4334.59,4332.34,4333.99,176,8,0
2026-09-11 15:01:00+00:00,4333.96,4333.96,4332.24,4333.3,158,16,0
2026-09-11 15:02:00+00:00,4333.31,4333.31,4331.44,4331.63,152,8,0
2026-09-11 15:03:00+00:00,4331.58,4332.19,4330.67,4330.99,154,11,0
2026-09-11 15:04:00+00:00,4330.88,4331.07,4329.18,4329.5,155,16,0
2026-09-11 15:05:00+00:00,4329.46,4330.34,4329.09,4330.16,168,11,0
2026-09-11 15:06:00+00:00,4330.13,4330.27,4327.04,4328.63,180,13,0
2026-09-11 15:07:00+00:00,4328.64,4329.12,4326.49,4327.55,158,14,0
2026-09-11 15:08:00+00:00,4327.62,4327.75,4326.94,4327.23,125,8,0
2026-09-11 15:09:00+00:00,4327.35,4327.81,4326.4,4327.38,150,8,0
2026-09-11 15:10:00+00:00,4327.3,4329.47,4327.21,4329.33,154,12,0
2026-09-11 15:11:00+00:00,4329.42,4330.85,4328.77,4330.68,161,14,0
2026-09-11 15:12:00+00:00,4330.75,4332.44,4328.28,4328.53,167,14,0
2026-09-11 15:13:00+00:00,4328.59,4328.78,4325.51,4325.56,164,14,0
2026-09-11 15:14:00+00:00,4325.76,4328.0,4324.89,4327.76,141,14,0
2026-09-11 15:15:00+00:00,4327.92,4330.53,4327.61,4329.99,160,14,0
2026-09-11 15:16:00+00:00,4329.95,4330.9,4329.24,4329.24,160,13,0
2026-09-11 15:17:00+00:00,4329.25,4333.07,4329.17,4332.97,153,12,0
2026-09-11 15:18:00+00:00,4332.99,4334.08,4331.49,4333.4,169,14,0
2026-09-11 15:19:00+00:00,4333.37,4333.43,4331.22,4331.33,146,10,0
2026-09-11 15:20:00+00:00,4330.7,4333.37,4329.45,4332.18,178,12,0
2026-09-11 15:21:00+00:00,4332.17,4332.74,4330.68,4331.57,161,14,0
2026-09-11 15:22:00+00:00,4331.61,4333.84,4330.83,4331.52,188,14,0
2026-09-11 15:23:00+00:00,4331.51,4332.65,4329.93,4331.6,179,14,0
2026-09-11 15:24:00+00:00,4331.57,4332.6,4329.23,4329.61,184,13,0
2026-09-11 15:25:00+00:00,4329.64,4330.11,4328.44,4329.18,156,12,0
2026-09-11 15:26:00+00:00,4329.15,4333.67,4328.39,4333.18,167,12,0
2026-09-11 15:27:00+00:00,4333.15,4338.64,4332.68,4337.78,206,14,0
2026-09-11 15:28:00+00:00,4337.76,4339.43,4335.34,4339.09,195,14,0
2026-09-11 15:29:00+00:00,4338.96,4343.29,4337.35,4341.31,212,8,0
2026-09-11 15:30:00+00:00,4341.37,4341.65,4292.26,4299.64,162,8,0
2026-09-11 15:31:00+00:00,4296.81,4314.14,4295.2,4312.37,196,14,0
2026-09-11 15:32:00+00:00,4312.11,4325.59,4309.22,4321.57,214,14,0
2026-09-11 15:33:00+00:00,4321.35,4330.97,4317.77,4330.97,220,13,0
2026-09-11 15:34:00+00:00,4330.9,4338.9,4328.62,4329.15,215,13,0
2026-09-11 15:35:00+00:00,4328.98,4335.34,4326.66,4335.2,219,13,0
2026-09-11 15:36:00+00:00,4335.38,4340.5,4335.26,4336.95,226,13,0
2026-09-11 15:37:00+00:00,4337.64,4343.02,4337.64,4337.89,221,13,0
2026-09-11 15:38:00+00:00,4337.91,4343.35,4333.39,4343.07,219,13,0
2026-09-11 15:39:00+00:00,4342.82,4351.5,4342.76,4350.07,222,13,0
2026-09-11 15:40:00+00:00,4350.15,4361.87,4349.16,4361.35,230,13,0
2026-09-11 15:41:00+00:00,4361.23,4362.39,4354.51,4359.57,221,13,0
2026-09-11 15:42:00+00:00,4358.83,4362.33,4354.89,4355.81,234,13,0
2026-09-11 15:43:00+00:00,4355.97,4361.58,4355.61,4359.98,226,13,0
2026-09-11 15:44:00+00:00,4360.01,4361.41,4352.0,4353.99,226,13,0
2026-09-11 15:45:00+00:00,4353.89,4359.73,4352.62,4359.73,219,13,0
2026-09-11 15:46:00+00:00,4359.83,4366.75,4359.83,4364.43,214,13,0
2026-09-11 15:47:00+00:00,4364.3,4365.05,4357.92,4360.6,224,13,0
2026-09-11 15:48:00+00:00,4360.39,4364.85,4357.35,4363.67,219,13,0
2026-09-11 15:49:00+00:00,4363.68,4367.61,4361.79,4361.79,213,13,0
2026-09-11 15:50:00+00:00,4361.74,4371.04,4360.2,4370.35,218,13,0
2026-09-11 15:51:00+00:00,4369.96,4376.63,4369.96,4376.51,227,13,0
2026-09-11 15:52:00+00:00,4375.13,4377.48,4373.25,4377.19,223,13,0
2026-09-11 15:53:00+00:00,4377.17,4379.28,4377.11,4378.25,215,12,0
2026-09-11 15:54:00+00:00,4377.74,4382.41,4377.02,4377.77,227,12,0
2026-09-11 15:55:00+00:00,4377.99,4379.91,4377.38,4378.16,221,13,0
2026-09-11 15:56:00+00:00,4378.1,4379.99,4376.78,4379.11,225,13,0
2026-09-11 15:57:00+00:00,4379.08,4382.75,4377.66,4381.81,219,13,0
2026-09-11 15:58:00+00:00,4381.46,4387.05,4377.35,4386.91,220,13,0
2026-09-11 15:59:00+00:00,4386.77,4390.06,4386.09,4388.8,222,13,0
2026-09-11 16:00:00+00:00,4388.68,4393.48,4387.32,4387.52,226,13,0
2026-09-11 16:01:00+00:00,4387.46,4390.35,4384.91,4389.88,227,14,0
2026-09-11 16:02:00+00:00,4390.21,4390.52,4385.85,4389.74,221,14,0
2026-09-11 16:03:00+00:00,4389.73,4393.07,4387.91,4388.07,227,14,0
2026-09-11 16:04:00+00:00,4388.04,4392.34,4386.42,4390.35,227,14,0
2026-09-11 16:05:00+00:00,4390.17,4394.35,4389.48,4393.07,231,14,0
2026-09-11 16:06:00+00:00,4393.12,4393.3,4386.58,4386.58,224,14,0
2026-09-11 16:07:00+00:00,4386.59,4387.01,4382.48,4382.48,221,13,0
2026-09-11 16:08:00+00:00,4382.53,4384.83,4381.75,4384.83,219,13,0
2026-09-11 16:09:00+00:00,4384.83,4385.75,4382.14,4382.83,224,13,0
2026-09-11 16:10:00+00:00,4382.64,4383.73,4380.7,4381.58,208,13,0
2026-09-11 16:11:00+00:00,4381.56,4385.97,4381.21,4382.69,217,14,0
2026-09-11 16:12:00+00:00,4382.62,4386.3,4382.34,4383.65,228,14,0
2026-09-11 16:13:00+00:00,4383.04,4387.28,4381.18,4386.87,214,14,0
2026-09-11 16:14:00+00:00,4386.9,4391.43,4386.9,4389.46,217,14,0
2026-09-11 16:15:00+00:00,4389.43,4390.26,4386.27,4387.1,221,14,0
2026-09-11 16:16:00+00:00,4387.06,4388.33,4383.92,4384.37,221,14,0
2026-09-11 16:17:00+00:00,4384.39,4384.6,4381.53,4381.87,214,13,0
2026-09-11 16:18:00+00:00,4382.13,4386.92,4382.0,4386.74,203,13,0
2026-09-11 16:19:00+00:00,4386.8,4389.14,4385.3,4386.7,212,13,0
2026-09-11 16:20:00+00:00,4386.68,4389.62,4384.86,4385.37,219,13,0
2026-09-11 16:21:00+00:00,4385.13,4385.13,4381.03,4383.31,203,13,0
2026-09-11 16:22:00+00:00,4383.26,4384.68,4380.59,4382.31,203,13,0
2026-09-11 16:23:00+00:00,4382.33,4386.07,4381.77,4384.14,207,13,0
2026-09-11 16:24:00+00:00,4384.06,4384.44,4382.64,4383.22,206,12,0
2026-09-11 16:25:00+00:00,4383.17,4387.25,4382.67,4386.64,208,13,0
2026-09-11 16:26:00+00:00,4386.19,4388.41,4384.92,4387.55,216,13,0
2026-09-11 16:27:00+00:00,4387.59,4389.11,4385.95,4386.38,205,13,0
2026-09-11 16:28:00+00:00,4386.24,4396.67,4384.29,4396.02,212,13,0
2026-09-11 16:29:00+00:00,4395.72,4398.55,4390.14,4390.14,229,14,0
2026-09-11 16:30:00+00:00,4390.27,4391.13,4386.54,4388.54,225,14,0
2026-09-11 16:31:00+00:00,4388.09,4388.09,4382.15,4382.32,235,14,0
2026-09-11 16:32:00+00:00,4382.71,4388.15,4381.68,4384.86,226,14,0
2026-09-11 16:33:00+00:00,4384.79,4387.77,4383.97,4387.26,228,12,0
2026-09-11 16:34:00+00:00,4387.24,4395.59,4387.08,4395.47,220,13,0
2026-09-11 16:35:00+00:00,4395.52,4400.23,4395.28,4396.44,224,13,0
2026-09-11 16:36:00+00:00,4396.29,4397.21,4392.12,4392.66,227,13,0
2026-09-11 16:37:00+00:00,4392.58,4395.64,4392.55,4394.18,227,12,0
2026-09-11 16:38:00+00:00,4394.19,4394.27,4383.74,4385.76,217,11,0
2026-09-11 16:39:00+00:00,4385.72,4388.27,4385.35,4387.79,216,9,0
2026-09-11 16:40:00+00:00,4390.32,4398.79,4387.12,4394.16,221,14,0
2026-09-11 16:41:00+00:00,4394.06,4395.24,4392.1,4392.19,228,14,0
2026-09-11 16:42:00+00:00,4392.06,4394.1,4390.76,4392.87,232,12,0
2026-09-11 16:43:00+00:00,4392.88,4393.74,4391.0,4391.74,222,9,0
2026-09-11 16:44:00+00:00,4391.52,4394.76,4388.55,4394.73,218,8,0
2026-09-11 16:45:00+00:00,4394.73,4395.9,4392.68,4393.19,215,8,0
2026-09-11 16:46:00+00:00,4393.52,4400.1,4393.4,4397.33,222,8,0
2026-09-11 16:47:00+00:00,4397.55,4400.49,4397.02,4400.28,214,10,0
2026-09-11 16:48:00+00:00,4400.29,4400.56,4391.5,4392.12,225,9,0
2026-09-11 16:49:00+00:00,4392.07,4393.94,4390.03,4392.95,210,8,0
2026-09-11 16:50:00+00:00,4392.96,4394.0,4390.97,4392.44,230,9,0
2026-09-11 16:51:00+00:00,4392.39,4392.39,4389.36,4390.26,217,11,0
2026-09-11 16:52:00+00:00,4390.23,4390.94,4387.36,4387.97,204,8,0
2026-09-11 16:53:00+00:00,4388.11,4392.88,4388.11,4390.83,209,8,0
2026-09-11 16:54:00+00:00,4390.81,4391.61,4388.74,4389.35,205,9,0
2026-09-11 16:55:00+00:00,4389.43,4390.6,4388.81,4389.66,212,8,0
2026-09-11 16:56:00+00:00,4389.79,4390.98,4389.45,4390.2,193,8,0
2026-09-11 16:57:00+00:00,4390.19,4390.32,4387.25,4390.06,198,9,0
2026-09-11 16:58:00+00:00,4390.1,4396.57,4389.93,4396.15,192,10,0
2026-09-11 16:59:00+00:00,4396.18,4402.49,4396.13,4401.67,208,12,0
2026-09-11 17:00:00+00:00,4401.68,4402.34,4393.66,4393.67,222,13,0
2026-09-11 17:01:00+00:00,4393.2,4393.2,4383.91,4383.95,222,14,0
2026-09-11 17:02:00+00:00,4383.99,4385.36,4381.64,4384.03,226,14,0
2026-09-11 17:03:00+00:00,4384.11,4387.71,4384.11,4387.31,214,14,0
2026-09-11 17:04:00+00:00,4387.24,4390.77,4387.16,4390.28,220,12,0
2026-09-11 17:05:00+00:00,4390.38,4390.46,4387.99,4388.92,216,10,0
2026-09-11 17:06:00+00:00,4387.21,4389.22,4386.35,4388.12,223,14,0
2026-09-11 17:07:00+00:00,4388.03,4390.21,4386.24,4387.05,218,14,0
2026-09-11 17:08:00+00:00,4386.59,4392.06,4385.62,4389.39,225,14,0
2026-09-11 17:09:00+00:00,4389.13,4389.13,4386.51,4387.64,215,11,0
2026-09-11 17:10:00+00:00,4387.67,4388.21,4384.61,4386.35,207,8,0
2026-09-11 17:11:00+00:00,4386.38,4387.78,4385.34,4386.82,212,8,0
2026-09-11 17:12:00+00:00,4386.79,4386.99,4382.13,4382.91,213,9,0
2026-09-11 17:13:00+00:00,4382.79,4385.4,4382.49,4383.51,212,10,0
2026-09-11 17:14:00+00:00,4383.47,4385.69,4383.04,4383.06,209,11,0
2026-09-11 17:15:00+00:00,4383.07,4384.59,4381.4,4383.33,213,12,0
2026-09-11 17:16:00+00:00,4383.68,4383.81,4379.2,4379.2,212,11,0
2026-09-11 17:17:00+00:00,4379.22,4380.89,4378.23,4380.01,220,12,0
2026-09-11 17:18:00+00:00,4380.0,4380.0,4375.98,4379.41,228,11,0
2026-09-11 17:19:00+00:00,4379.46,4383.01,4379.28,4382.4,217,11,0
2026-09-11 17:20:00+00:00,4382.43,4384.24,4380.76,4382.96,216,9,0
2026-09-11 17:21:00+00:00,4382.99,4385.42,4381.89,4384.72,216,8,0
2026-09-11 17:22:00+00:00,4384.58,4384.86,4382.36,4384.54,210,8,0
2026-09-11 17:23:00+00:00,4384.5,4384.5,4381.01,4381.85,211,8,0
2026-09-11 17:24:00+00:00,4381.86,4382.22,4377.7,4379.18,221,10,0
2026-09-11 17:25:00+00:00,4379.19,4379.29,4375.02,4375.79,211,8,0
2026-09-11 17:26:00+00:00,4375.8,4376.89,4374.46,4375.65,213,8,0
2026-09-11 17:27:00+00:00,4375.77,4378.34,4375.43,4377.03,206,8,0
2026-09-11 17:28:00+00:00,4377.15,4378.13,4374.82,4375.58,211,8,0
2026-09-11 17:29:00+00:00,4375.49,4377.53,4374.99,4375.08,200,8,0
2026-09-11 17:30:00+00:00,4375.1,4375.52,4372.17,4373.26,214,11,0
2026-09-11 17:31:00+00:00,4373.22,4374.67,4371.47,4371.58,218,10,0
2026-09-11 17:32:00+00:00,4371.57,4373.96,4371.14,4373.86,204,11,0
2026-09-11 17:33:00+00:00,4373.75,4375.56,4371.97,4373.9,207,14,0
2026-09-11 17:34:00+00:00,4374.04,4374.22,4371.04,4371.51,212,13,0
2026-09-11 17:35:00+00:00,4371.53,4372.76,4370.5,4371.27,208,8,0
2026-09-11 17:36:00+00:00,4371.04,4371.04,4366.59,4367.68,216,10,0
2026-09-11 17:37:00+00:00,4367.71,4370.99,4367.64,4369.82,208,11,0
2026-09-11 17:38:00+00:00,4369.8,4369.9,4364.8,4365.96,207,13,0
2026-09-11 17:39:00+00:00,4365.95,4368.44,4365.69,4368.07,203,13,0
2026-09-11 17:40:00+00:00,4368.1,4371.74,4367.8,4369.55,214,12,0
2026-09-11 17:41:00+00:00,4369.43,4371.41,4368.57,4371.21,207,14,0
2026-09-11 17:42:00+00:00,4371.06,4371.06,4368.46,4369.24,218,11,0
2026-09-11 17:43:00+00:00,4369.23,4370.94,4369.04,4369.31,194,8,0
2026-09-11 17:44:00+00:00,4369.16,4372.07,4369.16,4371.38,205,10,0
2026-09-11 17:45:00+00:00,4371.45,4375.61,4371.22,4375.2,209,12,0
2026-09-11 17:46:00+00:00,4375.21,4377.15,4373.94,4377.0,220,14,0
2026-09-11 17:47:00+00:00,4376.86,4378.12,4374.0,4374.19,214,14,0
2026-09-11 17:48:00+00:00,4374.21,4384.16,4372.5,4379.42,211,14,0
2026-09-11 17:49:00+00:00,4379.53,4380.48,4377.53,4379.8,224,14,0
2026-09-11 17:50:00+00:00,4379.52,4380.83,4377.45,4380.78,210,14,0
2026-09-11 17:51:00+00:00,4380.72,4383.61,4380.72,4382.03,214,12,0
2026-09-11 17:52:00+00:00,4382.05,4384.2,4380.07,4380.19,202,11,0
2026-09-11 17:53:00+00:00,4380.07,4380.32,4378.55,4379.14,205,11,0
2026-09-11 17:54:00+00:00,4379.22,4381.16,4377.85,4377.86,195,10,0
2026-09-11 17:55:00+00:00,4377.93,4378.5,4374.34,4374.45,211,11,0
2026-09-11 17:56:00+00:00,4374.32,4376.24,4374.32,4375.63,202,10,0
2026-09-11 17:57:00+00:00,4375.6,4375.65,4373.72,4373.82,208,10,0
2026-09-11 17:58:00+00:00,4373.85,4374.16,4371.4,4371.4,196,10,0
2026-09-11 17:59:00+00:00,4371.39,4371.46,4370.65,4370.84,197,9,0
2026-09-11 18:00:00+00:00,4370.85,4372.41,4368.34,4371.97,212,9,0
2026-09-11 18:01:00+00:00,4371.92,4372.69,4370.48,4371.57,211,14,0
2026-09-11 18:02:00+00:00,4371.56,4371.56,4368.06,4368.45,204,12,0
2026-09-11 18:03:00+00:00,4368.54,4368.77,4366.63,4368.77,192,11,0
2026-09-11 18:04:00+00:00,4368.8,4370.74,4368.39,4370.74,189,11,0
2026-09-11 18:05:00+00:00,4370.75,4370.75,4368.95,4369.47,201,11,0
2026-09-11 18:06:00+00:00,4369.44,4370.21,4368.5,4368.5,201,11,0
2026-09-11 18:07:00+00:00,4368.55,4369.01,4364.92,4366.13,198,11,0
2026-09-11 18:08:00+00:00,4366.11,4366.16,4362.61,4363.68,214,14,0
2026-09-11 18:09:00+00:00,4363.64,4364.08,4361.62,4363.27,196,13,0
2026-09-11 18:10:00+00:00,4363.29,4363.61,4362.04,4363.61,194,12,0
2026-09-11 18:11:00+00:00,4363.77,4363.78,4361.64,4362.87,204,12,0
2026-09-11 18:12:00+00:00,4363.08,4363.35,4360.43,4360.57,174,11,0
2026-09-11 18:13:00+00:00,4360.56,4361.23,4359.28,4360.81,197,11,0
2026-09-11 18:14:00+00:00,4360.92,4363.35,4360.31,4362.18,186,12,0
2026-09-11 18:15:00+00:00,4362.46,4364.41,4362.13,4364.22,207,14,0
2026-09-11 18:16:00+00:00,4364.21,4366.07,4362.85,4366.07,201,14,0
2026-09-11 18:17:00+00:00,4366.04,4366.32,4364.35,4365.04,188,13,0
2026-09-11 18:18:00+00:00,4365.03,4365.03,4361.51,4361.88,190,11,0
2026-09-11 18:19:00+00:00,4361.8,4362.69,4361.55,4362.26,194,10,0
2026-09-11 18:20:00+00:00,4362.3,4365.12,4362.28,4363.27,206,9,0
2026-09-11 18:21:00+00:00,4363.24,4367.93,4363.24,4367.01,200,12,0
2026-09-11 18:22:00+00:00,4367.03,4367.89,4364.76,4365.38,174,11,0
2026-09-11 18:23:00+00:00,4365.29,4366.22,4363.71,4366.18,191,11,0
2026-09-11 18:24:00+00:00,4366.19,4366.57,4363.79,4365.52,192,11,0
2026-09-11 18:25:00+00:00,4365.5,4367.2,4365.25,4365.85,188,11,0
2026-09-11 18:26:00+00:00,4365.87,4367.96,4365.87,4366.6,194,12,0
2026-09-11 18:27:00+00:00,4366.61,4371.05,4366.61,4370.37,201,13,0
2026-09-11 18:28:00+00:00,4370.39,4372.34,4369.89,4370.3,193,12,0
2026-09-11 18:29:00+00:00,4370.48,4371.22,4369.4,4370.53,199,12,0
2026-09-11 18:30:00+00:00,4370.57,4371.34,4369.1,4371.29,203,13,0
2026-09-11 18:31:00+00:00,4371.33,4371.51,4369.8,4370.79,190,14,0
2026-09-11 18:32:00+00:00,4370.83,4374.5,4370.79,4374.49,185,14,0
2026-09-11 18:33:00+00:00,4374.26,4375.52,4373.22,4375.0,175,13,0
2026-09-11 18:34:00+00:00,4374.92,4375.14,4373.2,4373.21,197,12,0
2026-09-11 18:35:00+00:00,4373.05,4374.06,4370.78,4372.52,188,12,0
2026-09-11 18:36:00+00:00,4372.66,4372.85,4371.1,4372.85,188,12,0
2026-09-11 18:37:00+00:00,4372.87,4377.12,4372.87,4375.53,181,14,0
2026-09-11 18:38:00+00:00,4375.38,4375.38,4373.71,4374.62,193,14,0
2026-09-11 18:39:00+00:00,4374.72,4375.27,4373.94,4374.4,186,8,0
2026-09-11 18:40:00+00:00,4374.16,4374.16,4371.08,4371.97,187,8,0
2026-09-11 18:41:00+00:00,4371.92,4372.68,4370.55,4371.26,174,8,0
2026-09-11 18:42:00+00:00,4371.26,4373.03,4371.23,4372.35,143,9,0
2026-09-11 18:43:00+00:00,4372.37,4375.36,4372.31,4373.9,175,8,0
2026-09-11 18:44:00+00:00,4373.89,4374.48,4372.37,4373.0,169,8,0
2026-09-11 18:45:00+00:00,4372.94,4373.02,4371.04,4371.46,164,9,0
2026-09-11 18:46:00+00:00,4371.66,4372.26,4371.01,4371.28,169,8,0
2026-09-11 18:47:00+00:00,4371.32,4371.48,4369.64,4370.06,161,8,0
2026-09-11 18:48:00+00:00,4369.98,4370.86,4368.69,4370.33,167,8,0
2026-09-11 18:49:00+00:00,4370.29,4373.41,4370.01,4373.1,177,9,0
2026-09-11 18:50:00+00:00,4373.13,4373.74,4371.81,4373.46,169,10,0
2026-09-11 18:51:00+00:00,4373.41,4373.77,4371.78,4372.87,181,11,0
2026-09-11 18:52:00+00:00,4372.91,4372.91,4371.69,4371.88,170,13,0
2026-09-11 18:53:00+00:00,4371.51,4371.51,4367.3,4367.35,191,14,0
2026-09-11 18:54:00+00:00,4367.37,4369.11,4366.55,4368.94,179,13,0
2026-09-11 18:55:00+00:00,4368.99,4369.41,4368.07,4368.23,187,10,0
2026-09-11 18:56:00+00:00,4368.2,4368.26,4365.74,4365.96,191,11,0
2026-09-11 18:57:00+00:00,4365.89,4367.26,4365.89,4366.22,179,11,0
2026-09-11 18:58:00+00:00,4366.18,4366.58,4365.23,4365.85,174,9,0
2026-09-11 18:59:00+00:00,4365.71,4367.43,4365.5,4367.13,172,9,0
2026-09-11 19:00:00+00:00,4367.11,4370.32,4366.72,4370.04,185,9,0
2026-09-11 19:01:00+00:00,4370.01,4370.77,4368.59,4368.59,163,13,0
2026-09-11 19:02:00+00:00,4368.6,4370.24,4368.39,4370.21,162,12,0
2026-09-11 19:03:00+00:00,4370.13,4371.01,4369.52,4370.45,163,12,0
2026-09-11 19:04:00+00:00,4370.57,4372.72,4370.56,4371.73,172,12,0
2026-09-11 19:05:00+00:00,4371.76,4372.64,4371.29,4371.32,162,11,0
2026-09-11 19:06:00+00:00,4370.95,4371.66,4370.05,4370.27,179,12,0
2026-09-11 19:07:00+00:00,4370.28,4370.71,4367.58,4367.58,170,12,0
2026-09-11 19:08:00+00:00,4367.6,4367.84,4366.5,4366.98,170,13,0
2026-09-11 19:09:00+00:00,4367.0,4367.7,4366.57,4367.35,157,12,0
2026-09-11 19:10:00+00:00,4367.41,4367.86,4366.64,4367.06,171,11,0
2026-09-11 19:11:00+00:00,4367.15,4369.07,4366.87,4368.41,191,11,0
2026-09-11 19:12:00+00:00,4368.39,4368.53,4367.1,4367.36,172,12,0
2026-09-11 19:13:00+00:00,4367.37,4367.44,4364.53,4364.82,164,11,0
2026-09-11 19:14:00+00:00,4364.77,4364.93,4361.03,4361.35,172,12,0
2026-09-11 19:15:00+00:00,4361.42,4362.33,4360.18,4362.22,181,12,0
2026-09-11 19:16:00+00:00,4362.21,4362.72,4361.38,4362.08,158,12,0
2026-09-11 19:17:00+00:00,4362.03,4363.34,4362.02,4362.42,168,12,0
2026-09-11 19:18:00+00:00,4362.46,4363.95,4361.65,4363.57,173,11,0
2026-09-11 19:19:00+00:00,4363.51,4363.51,4358.91,4359.43,185,13,0
2026-09-11 19:20:00+00:00,4359.37,4360.94,4358.73,4358.73,180,13,0
2026-09-11 19:21:00+00:00,4358.76,4360.5,4358.74,4358.97,164,13,0
2026-09-11 19:22:00+00:00,4358.98,4359.21,4357.35,4358.22,180,13,0
2026-09-11 19:23:00+00:00,4358.24,4360.14,4354.92,4355.11,189,13,0
2026-09-11 19:24:00+00:00,4355.09,4355.09,4351.99,4353.06,191,13,0
2026-09-11 19:25:00+00:00,4353.02,4354.23,4352.75,4354.07,183,13,0
2026-09-11 19:26:00+00:00,4354.11,4356.92,4353.6,4356.53,170,13,0
2026-09-11 19:27:00+00:00,4356.52,4360.58,4356.36,4360.31,190,13,0
2026-09-11 19:28:00+00:00,4359.13,4362.69,4359.07,4362.69,186,13,0
2026-09-11 19:29:00+00:00,4362.68,4362.68,4354.81,4354.83,215,13,0
2026-09-11 19:30:00+00:00,4354.88,4357.36,4353.47,4356.46,212,13,0
2026-09-11 19:31:00+00:00,4356.82,4358.36,4355.79,4357.5,199,13,0
2026-09-11 19:32:00+00:00,4357.52,4361.29,4355.62,4360.97,206,13,0
2026-09-11 19:33:00+00:00,4360.95,4364.66,4360.83,4364.52,179,13,0
2026-09-11 19:34:00+00:00,4364.63,4365.76,4363.97,4364.38,196,13,0
2026-09-11 19:35:00+00:00,4364.3,4364.34,4362.35,4362.42,178,13,0
2026-09-11 19:36:00+00:00,4362.44,4362.79,4359.44,4360.17,184,12,0
2026-09-11 19:37:00+00:00,4360.15,4361.95,4359.27,4361.95,173,12,0
2026-09-11 19:38:00+00:00,4362.04,4363.35,4361.68,4362.12,173,11,0
2026-09-11 19:39:00+00:00,4362.15,4362.15,4359.61,4359.61,159,10,0
2026-09-11 19:40:00+00:00,4359.6,4364.1,4359.01,4364.1,192,10,0
2026-09-11 19:41:00+00:00,4364.06,4364.46,4363.14,4364.09,181,9,0
2026-09-11 19:42:00+00:00,4364.19,4364.4,4360.89,4362.16,169,9,0
2026-09-11 19:43:00+00:00,4362.17,4363.99,4361.89,4363.15,141,9,0
2026-09-11 19:44:00+00:00,4363.13,4363.94,4362.93,4363.59,144,8,0
2026-09-11 19:45:00+00:00,4363.57,4365.03,4363.54,4364.74,162,8,0
2026-09-11 19:46:00+00:00,4364.75,4365.0,4363.66,4363.66,171,8,0
2026-09-11 19:47:00+00:00,4363.48,4364.24,4362.61,4362.61,147,8,0
2026-09-11 19:48:00+00:00,4362.54,4363.49,4362.31,4362.5,151,8,0
2026-09-11 19:49:00+00:00,4362.47,4362.49,4360.56,4360.8,157,8,0
2026-09-11 19:50:00+00:00,4360.69,4361.65,4360.34,4361.0,161,8,0
2026-09-11 19:51:00+00:00,4361.01,4361.65,4360.45,4361.26,134,8,0
2026-09-11 19:52:00+00:00,4361.22,4361.67,4360.55,4361.34,135,8,0
2026-09-11 19:53:00+00:00,4361.48,4361.6,4360.78,4360.87,147,8,0
2026-09-11 19:54:00+00:00,4360.85,4361.76,4360.75,4361.34,122,8,0
2026-09-11 19:55:00+00:00,4361.29,4362.71,4361.18,4362.19,147,8,0
2026-09-11 19:56:00+00:00,4362.18,4362.42,4361.55,4362.19,156,8,0
2026-09-11 19:57:00+00:00,4362.23,4362.94,4361.22,4362.8,143,8,0
2026-09-11 19:58:00+00:00,4362.83,4363.39,4362.46,4362.46,142,9,0
2026-09-11 19:59:00+00:00,4362.48,4362.63,4361.55,4361.73,137,9,0
2026-09-11 20:00:00+00:00,4361.74,4363.36,4360.9,4362.14,180,9,0
2026-09-11 20:01:00+00:00,4362.15,4364.15,4362.15,4363.41,140,10,0
2026-09-11 20:02:00+00:00,4363.42,4363.44,4362.52,4363.05,119,10,0
2026-09-11 20:03:00+00:00,4363.07,4363.13,4361.91,4362.45,140,10,0
2026-09-11 20:04:00+00:00,4362.44,4363.67,4362.41,4363.33,117,10,0
2026-09-11 20:05:00+00:00,4362.55,4362.91,4361.19,4362.63,127,10,0
2026-09-11 20:06:00+00:00,4362.64,4364.16,4362.55,4364.11,159,10,0
2026-09-11 20:07:00+00:00,4364.1,4368.54,4363.68,4363.85,180,10,0
2026-09-11 20:08:00+00:00,4363.78,4364.5,4363.34,4363.39,138,13,0
2026-09-11 20:09:00+00:00,4363.44,4364.29,4363.15,4364.04,126,13,0
2026-09-11 20:10:00+00:00,4364.01,4365.86,4362.13,4363.97,139,13,0
2026-09-11 20:11:00+00:00,4363.98,4365.01,4363.06,4364.55,167,13,0
2026-09-11 20:12:00+00:00,4364.57,4366.87,4364.33,4366.16,163,13,0
2026-09-11 20:13:00+00:00,4365.69,4366.35,4364.93,4364.96,169,13,0
2026-09-11 20:14:00+00:00,4364.98,4365.88,4363.95,4365.88,133,12,0
2026-09-11 20:15:00+00:00,4365.54,4366.73,4364.53,4364.53,166,12,0
2026-09-11 20:16:00+00:00,4364.6,4365.82,4363.49,4365.64,164,12,0
2026-09-11 20:17:00+00:00,4365.63,4367.07,4365.48,4366.95,160,10,0
2026-09-11 20:18:00+00:00,4366.92,4366.92,4365.86,4366.24,155,10,0
2026-09-11 20:19:00+00:00,4366.23,4368.83,4366.23,4367.91,165,10,0
2026-09-11 20:20:00+00:00,4367.72,4369.32,4367.19,4367.36,186,10,0
2026-09-11 20:21:00+00:00,4367.38,4367.76,4366.13,4366.25,125,9,0
2026-09-11 20:22:00+00:00,4366.2,4368.51,4366.05,4366.52,154,9,0
2026-09-11 20:23:00+00:00,4366.5,4368.66,4365.83,4368.31,152,10,0
2026-09-11 20:24:00+00:00,4368.3,4369.25,4368.02,4369.12,160,10,0
2026-09-11 20:25:00+00:00,4369.09,4369.74,4367.62,4367.84,157,9,0
2026-09-11 20:26:00+00:00,4367.86,4368.28,4366.84,4367.29,124,8,0
2026-09-11 20:27:00+00:00,4366.99,4368.43,4366.99,4367.35,162,8,0
2026-09-11 20:28:00+00:00,4367.37,4368.22,4366.51,4366.6,155,8,0
2026-09-11 20:29:00+00:00,4366.59,4367.41,4366.16,4367.02,197,12,0
2026-09-11 20:30:00+00:00,4366.93,4367.79,4365.42,4367.76,162,12,0
2026-09-11 20:31:00+00:00,4367.57,4370.19,4367.48,4370.17,163,13,0
2026-09-11 20:32:00+00:00,4370.16,4370.43,4368.21,4368.64,145,11,0
2026-09-11 20:33:00+00:00,4368.63,4369.21,4368.13,4368.6,152,12,0
2026-09-11 20:34:00+00:00,4368.57,4369.42,4368.57,4369.1,109,10,0
2026-09-11 20:35:00+00:00,4369.09,4369.65,4368.45,4368.52,130,9,0
2026-09-11 20:36:00+00:00,4368.53,4369.4,4367.01,4367.76,134,9,0
2026-09-11 20:37:00+00:00,4367.83,4367.83,4365.57,4365.57,115,10,0
2026-09-11 20:38:00+00:00,4365.54,4365.79,4363.23,4363.48,138,9,0
2026-09-11 20:39:00+00:00,4363.46,4363.55,4362.24,4362.43,148,9,0
2026-09-11 20:40:00+00:00,4362.4,4363.56,4362.29,4362.65,148,9,0
2026-09-11 20:41:00+00:00,4362.63,4362.66,4360.91,4361.2,147,10,0
2026-09-11 20:42:00+00:00,4361.07,4361.45,4360.05,4361.43,148,11,0
2026-09-11 20:43:00+00:00,4361.42,4362.48,4361.27,4361.75,140,10,0
2026-09-11 20:44:00+00:00,4361.79,4363.48,4361.34,4362.05,143,11,0
2026-09-11 20:45:00+00:00,4361.81,4361.81,4360.49,4360.7,162,13,0
2026-09-11 20:46:00+00:00,4360.69,4361.18,4359.72,4359.82,162,12,0
2026-09-11 20:47:00+00:00,4359.84,4360.62,4359.32,4360.14,143,11,0
2026-09-11 20:48:00+00:00,4360.12,4360.79,4359.71,4360.27,140,10,0
2026-09-11 20:49:00+00:00,4360.15,4362.34,4360.15,4361.55,159,10,0
2026-09-11 20:50:00+00:00,4361.58,4361.89,4360.89,4361.56,138,11,0
2026-09-11 20:51:00+00:00,4361.57,4362.58,4360.93,4362.45,115,9,0
2026-09-11 20:52:00+00:00,4362.48,4363.43,4361.86,4363.34,151,9,0
2026-09-11 20:53:00+00:00,4363.44,4363.8,4362.66,4362.93,139,10,0
2026-09-11 20:54:00+00:00,4362.94,4363.11,4362.35,4362.7,127,9,0
2026-09-11 20:55:00+00:00,4362.69,4362.99,4360.87,4361.34,133,9,0
2026-09-11 20:56:00+00:00,4361.35,4361.35,4359.49,4359.82,169,9,0
2026-09-11 20:57:00+00:00,4359.75,4359.75,4358.77,4358.81,140,9,0
2026-09-11 20:58:00+00:00,4358.78,4359.07,4357.93,4358.08,121,8,0
2026-09-11 20:59:00+00:00,4358.12,4358.69,4357.94,4358.28,135,8,0
2026-09-11 21:00:00+00:00,4358.26,4359.4,4357.4,4357.76,150,8,0
2026-09-11 21:01:00+00:00,4357.71,4358.12,4357.16,4357.78,144,10,0
2026-09-11 21:02:00+00:00,4357.78,4359.54,4357.76,4359.54,154,11,0
2026-09-11 21:03:00+00:00,4359.47,4359.63,4358.73,4359.39,128,10,0
2026-09-11 21:04:00+00:00,4359.33,4359.79,4358.74,4359.78,118,10,0
2026-09-11 21:05:00+00:00,4359.79,4360.1,4357.65,4358.06,150,10,0
2026-09-11 21:06:00+00:00,4358.14,4358.73,4357.42,4357.76,145,13,0
2026-09-11 21:07:00+00:00,4357.75,4357.78,4356.32,4356.55,146,12,0
2026-09-11 21:08:00+00:00,4356.52,4356.53,4355.4,4355.53,144,10,0
2026-09-11 21:09:00+00:00,4355.51,4356.38,4353.84,4353.9,138,9,0
2026-09-11 21:10:00+00:00,4353.81,4355.97,4353.81,4355.83,149,12,0
2026-09-11 21:11:00+00:00,4355.84,4355.91,4354.27,4354.78,132,13,0
2026-09-11 21:12:00+00:00,4354.71,4354.74,4352.14,4352.65,172,13,0
2026-09-11 21:13:00+00:00,4352.42,4352.61,4350.16,4350.16,149,13,0
2026-09-11 21:14:00+00:00,4350.15,4350.15,4346.03,4346.88,183,13,0
2026-09-11 21:15:00+00:00,4346.72,4348.81,4345.02,4348.26,159,13,0
2026-09-11 21:16:00+00:00,4348.09,4349.74,4347.86,4349.2,162,13,0
2026-09-11 21:17:00+00:00,4349.13,4350.51,4349.09,4349.71,153,13,0
2026-09-11 21:18:00+00:00,4349.85,4351.12,4348.98,4351.1,149,13,0
2026-09-11 21:19:00+00:00,4351.0,4352.02,4349.9,4349.9,143,13,0
2026-09-11 21:20:00+00:00,4349.71,4350.25,4345.37,4346.62,209,13,0
2026-09-11 21:21:00+00:00,4346.66,4347.67,4344.25,4345.33,200,13,0
2026-09-11 21:22:00+00:00,4345.21,4349.14,4345.12,4348.5,170,13,0
2026-09-11 21:23:00+00:00,4348.47,4350.12,4347.36,4347.91,170,13,0
2026-09-11 21:24:00+00:00,4347.68,4349.42,4347.61,4349.03,169,13,0
2026-09-11 21:25:00+00:00,4349.02,4350.7,4348.95,4349.67,150,13,0
2026-09-11 21:26:00+00:00,4349.7,4350.62,4348.64,4348.64,147,12,0
2026-09-11 21:27:00+00:00,4348.7,4350.87,4348.7,4349.81,198,13,0
2026-09-11 21:28:00+00:00,4349.8,4352.43,4349.57,4352.02,189,14,0
2026-09-11 21:29:00+00:00,4352.07,4352.94,4350.14,4350.6,170,14,0
2026-09-11 21:30:00+00:00,4350.58,4351.53,4349.68,4349.94,169,13,0
2026-09-11 21:31:00+00:00,4349.87,4349.87,4346.07,4346.08,162,13,0
2026-09-11 21:32:00+00:00,4346.1,4347.05,4345.82,4346.68,132,11,0
2026-09-11 21:33:00+00:00,4346.91,4347.29,4346.09,4346.93,153,11,0
2026-09-11 21:34:00+00:00,4346.94,4348.39,4346.58,4348.17,150,11,0
2026-09-11 21:35:00+00:00,4348.21,4348.56,4347.23,4348.15,131,11,0
2026-09-11 21:36:00+00:00,4348.29,4350.31,4348.27,4350.31,131,9,0
2026-09-11 21:37:00+00:00,4350.2,4350.29,4348.29,4348.29,140,11,0
2026-09-11 21:38:00+00:00,4348.3,4348.47,4347.62,4347.94,141,11,0
2026-09-11 21:39:00+00:00,4347.95,4348.41,4346.9,4347.2,132,9,0
2026-09-11 21:40:00+00:00,4347.19,4347.77,4346.78,4347.61,112,9,0
2026-09-11 21:41:00+00:00,4347.63,4347.71,4347.21,4347.47,112,8,0
2026-09-11 21:42:00+00:00,4347.44,4349.13,4347.38,4348.31,131,8,0
2026-09-11 21:43:00+00:00,4348.27,4348.93,4347.96,4348.59,109,9,0
2026-09-11 21:44:00+00:00,4348.67,4348.84,4347.06,4347.06,116,8,0
2026-09-11 21:45:00+00:00,4347.09,4347.43,4345.16,4345.21,145,8,0
2026-09-11 21:46:00+00:00,4345.23,4346.31,4345.14,4345.66,128,9,0
2026-09-11 21:47:00+00:00,4345.69,4346.56,4345.66,4346.16,130,8,0
2026-09-11 21:48:00+00:00,4346.21,4346.31,4344.3,4344.78,132,9,0
2026-09-11 21:49:00+00:00,4344.9,4345.43,4344.78,4345.21,126,9,0
2026-09-11 21:50:00+00:00,4345.18,4346.33,4344.54,4345.92,138,9,0
2026-09-11 21:51:00+00:00,4345.86,4346.54,4345.51,4346.42,137,9,0
2026-09-11 21:52:00+00:00,4346.47,4346.87,4345.01,4346.14,120,9,0
2026-09-11 21:53:00+00:00,4346.16,4346.16,4344.87,4345.28,120,9,0
2026-09-11 21:54:00+00:00,4345.25,4345.43,4344.76,4345.27,124,9,0
2026-09-11 21:55:00+00:00,4345.28,4346.85,4344.93,4345.9,146,9,0
2026-09-11 21:56:00+00:00,4345.89,4346.87,4345.49,4346.42,119,13,0
2026-09-11 21:57:00+00:00,4346.4,4346.78,4346.17,4346.25,134,13,0
2026-09-11 21:58:00+00:00,4346.28,4347.13,4346.13,4346.98,117,9,0
2026-09-11 21:59:00+00:00,4346.94,4347.16,4346.0,4346.96,134,9,0
2026-09-11 22:00:00+00:00,4347.35,4347.47,4345.58,4346.69,170,11,0
2026-09-11 22:01:00+00:00,4347.81,4348.21,4347.09,4347.09,141,15,0
2026-09-11 22:02:00+00:00,4347.18,4347.18,4346.6,4347.02,130,14,0
2026-09-11 22:03:00+00:00,4346.99,4346.99,4345.39,4346.54,139,13,0
2026-09-11 22:04:00+00:00,4346.55,4348.11,4345.5,4347.69,136,15,0
2026-09-11 22:05:00+00:00,4347.67,4347.95,4346.57,4346.96,110,14,0
2026-09-11 22:06:00+00:00,4347.01,4347.03,4345.27,4345.41,124,14,0
2026-09-11 22:07:00+00:00,4345.39,4345.4,4344.44,4344.91,110,14,0
2026-09-11 22:08:00+00:00,4344.71,4348.81,4344.71,4348.49,135,13,0
2026-09-11 22:09:00+00:00,4348.41,4349.22,4347.51,4347.54,144,15,0
2026-09-11 22:10:00+00:00,4347.53,4349.3,4347.06,4347.93,146,15,0
2026-09-11 22:11:00+00:00,4347.98,4349.51,4347.4,4349.51,123,15,0
2026-09-11 22:12:00+00:00,4349.47,4350.55,4349.34,4349.72,133,15,0
2026-09-11 22:13:00+00:00,4349.8,4351.02,4349.45,4351.02,140,15,0
2026-09-11 22:14:00+00:00,4351.09,4351.99,4349.66,4351.99,112,14,0
2026-09-11 22:15:00+00:00,4351.93,4352.8,4351.72,4351.81,146,13,0
2026-09-11 22:16:00+00:00,4351.83,4353.73,4351.83,4352.74,131,11,0
2026-09-11 22:17:00+00:00,4352.68,4352.88,4350.74,4350.97,142,11,0
2026-09-11 22:18:00+00:00,4350.98,4351.99,4350.67,4350.83,111,11,0
2026-09-11 22:19:00+00:00,4350.85,4351.11,4349.33,4349.53,113,9,0
2026-09-11 22:20:00+00:00,4349.55,4350.74,4349.47,4350.35,112,11,0
2026-09-11 22:21:00+00:00,4350.34,4351.05,4349.84,4350.78,128,9,0
2026-09-11 22:22:00+00:00,4350.73,4351.13,4349.15,4349.69,130,8,0
2026-09-11 22:23:00+00:00,4349.76,4351.03,4349.76,4350.97,99,15,0
2026-09-11 22:24:00+00:00,4351.09,4351.57,4350.17,4351.56,117,15,0
2026-09-11 22:25:00+00:00,4351.54,4353.14,4351.29,4352.76,112,13,0
2026-09-11 22:26:00+00:00,4352.88,4353.07,4350.77,4351.45,145,13,0
2026-09-11 22:27:00+00:00,4351.47,4351.47,4349.66,4350.02,113,13,0
2026-09-11 22:28:00+00:00,4350.09,4351.32,4350.01,4350.37,111,11,0
2026-09-11 22:29:00+00:00,4350.39,4350.46,4347.42,4347.42,114,11,0
2026-09-11 22:30:00+00:00,4347.58,4348.37,4347.17,4347.17,144,14,0
2026-09-11 22:31:00+00:00,4347.18,4347.57,4346.64,4347.57,142,15,0
2026-09-11 22:32:00+00:00,4347.53,4347.53,4346.26,4346.34,119,11,0
2026-09-11 22:33:00+00:00,4346.52,4346.69,4345.97,4346.16,117,9,0
2026-09-11 22:34:00+00:00,4346.13,4347.86,4345.68,4347.66,126,8,0
2026-09-11 22:35:00+00:00,4347.69,4348.53,4346.94,4347.34,114,9,0
2026-09-11 22:36:00+00:00,4347.35,4347.43,4346.38,4347.4,99,11,0
2026-09-11 22:37:00+00:00,4347.37,4347.93,4347.16,4347.18,114,9,0
2026-09-11 22:38:00+00:00,4347.25,4347.32,4346.31,4346.91,109,9,0
2026-09-11 22:39:00+00:00,4346.89,4347.93,4346.3,4347.32,108,9,0
2026-09-11 22:40:00+00:00,4347.31,4348.3,4346.62,4348.21,127,15,0
2026-09-11 22:41:00+00:00,4348.2,4348.6,4347.46,4348.1,118,15,0
2026-09-11 22:42:00+00:00,4348.14,4348.24,4346.71,4346.81,119,13,0
2026-09-11 22:43:00+00:00,4346.82,4347.86,4346.12,4346.12,124,11,0
2026-09-11 22:44:00+00:00,4346.13,4347.1,4346.06,4346.65,125,15,0
2026-09-11 22:45:00+00:00,4346.59,4346.71,4345.41,4345.48,128,15,0
2026-09-11 22:46:00+00:00,4345.57,4345.7,4343.61,4344.57,144,14,0
2026-09-11 22:47:00+00:00,4344.61,4345.09,4343.9,4344.8,139,15,0
2026-09-11 22:48:00+00:00,4344.78,4344.95,4344.03,4344.09,126,13,0
2026-09-11 22:49:00+00:00,4344.08,4344.31,4343.43,4343.47,124,9,0
2026-09-11 22:50:00+00:00,4343.44,4345.17,4343.25,4344.89,149,9,0
2026-09-11 22:51:00+00:00,4344.91,4346.21,4344.69,4344.83,123,9,0
2026-09-11 22:52:00+00:00,4344.85,4344.85,4343.27,4343.68,130,8,0
2026-09-11 22:53:00+00:00,4343.7,4345.0,4343.63,4344.4,121,8,0
2026-09-11 22:54:00+00:00,4344.49,4345.73,4344.47,4345.66,138,11,0
2026-09-11 22:55:00+00:00,4345.7,4347.31,4345.42,4346.06,159,13,0
2026-09-11 22:56:00+00:00,4346.05,4346.51,4345.46,4346.51,131,13,0
2026-09-11 22:57:00+00:00,4346.47,4348.78,4346.47,4348.26,119,9,0
2026-09-11 22:58:00+00:00,4348.21,4348.9,4347.89,4348.64,167,9,0
2026-09-11 22:59:00+00:00,4348.49,4349.89,4348.26,4349.25,188,11,0
2026-09-11 23:00:00+00:00,4348.95,4351.91,4348.87,4351.55,153,15,0
2026-09-11 23:01:00+00:00,4351.88,4351.88,4349.55,4349.76,120,15,0
2026-09-11 23:02:00+00:00,4349.87,4350.38,4349.12,4349.18,82,15,0
2026-09-11 23:03:00+00:00,4349.19,4349.21,4348.8,4348.81,71,8,0
2026-09-11 23:04:00+00:00,4348.84,4349.74,4348.63,4349.32,69,8,0
2026-09-11 23:05:00+00:00,4349.29,4350.27,4349.12,4350.27,70,8,0
2026-09-11 23:06:00+00:00,4350.29,4350.98,4350.09,4350.75,88,8,0
2026-09-11 23:07:00+00:00,4350.76,4351.13,4350.35,4350.55,70,8,0
2026-09-11 23:08:00+00:00,4350.48,4350.64,4350.17,4350.55,63,8,0
2026-09-11 23:09:00+00:00,4350.56,4350.76,4350.42,4350.69,43,8,0
2026-09-11 23:10:00+00:00,4350.75,4350.84,4350.01,4350.01,62,8,0
2026-09-11 23:11:00+00:00,4350.0,4350.11,4349.1,4349.32,74,8,0
2026-09-11 23:12:00+00:00,4349.34,4349.68,4349.32,4349.53,54,8,0
2026-09-11 23:13:00+00:00,4349.59,4349.67,4348.79,4349.15,89,8,0
2026-09-11 23:14:00+00:00,4349.36,4349.48,4348.82,4348.85,77,8,0
2026-09-11 23:15:00+00:00,4348.8,4348.8,4347.93,4348.67,70,8,0
2026-09-11 23:16:00+00:00,4348.7,4348.71,4347.89,4347.89,47,8,0
2026-09-11 23:17:00+00:00,4347.99,4348.17,4347.6,4347.98,61,8,0
2026-09-11 23:18:00+00:00,4348.01,4348.02,4346.8,4346.9,31,8,0
2026-09-11 23:19:00+00:00,4346.96,4349.73,4346.9,4349.73,68,8,0
2026-09-11 23:20:00+00:00,4349.82,4350.29,4349.51,4350.25,64,14,0
2026-09-11 23:21:00+00:00,4350.24,4350.8,4350.2,4350.61,70,13,0
2026-09-11 23:22:00+00:00,4350.44,4350.7,4349.81,4350.66,50,11,0
2026-09-11 23:23:00+00:00,4350.66,4350.7,4350.17,4350.36,62,9,0
2026-09-11 23:24:00+00:00,4350.38,4350.46,4349.89,4350.03,53,9,0
2026-09-11 23:25:00+00:00,4349.99,4350.47,4349.64,4350.45,54,9,0
2026-09-11 23:26:00+00:00,4350.38,4350.39,4349.63,4349.63,60,8,0
2026-09-11 23:27:00+00:00,4349.75,4349.87,4348.98,4349.08,50,8,0
2026-09-11 23:28:00+00:00,4349.11,4350.01,4349.02,4349.78,59,8,0
2026-09-11 23:29:00+00:00,4349.79,4349.95,4348.99,4349.31,85,8,0
2026-09-11 23:30:00+00:00,4349.3,4349.33,4348.56,4348.81,87,11,0
2026-09-11 23:31:00+00:00,4348.8,4348.94,4348.12,4348.18,48,11,0
2026-09-11 23:32:00+00:00,4348.34,4348.34,4347.63,4348.23,35,9,0
2026-09-11 23:33:00+00:00,4348.17,4348.18,4347.55,4348.17,52,13,0
2026-09-11 23:34:00+00:00,4348.14,4348.3,4348.02,4348.17,61,11,0
2026-09-11 23:35:00+00:00,4348.13,4348.49,4348.05,4348.1,59,9,0
2026-09-11 23:36:00+00:00,4348.11,4348.32,4347.59,4347.87,47,9,0
2026-09-11 23:37:00+00:00,4347.97,4348.92,4347.97,4348.68,58,9,0
2026-09-11 23:38:00+00:00,4348.66,4349.55,4348.66,4349.43,52,13,0
2026-09-11 23:39:00+00:00,4349.38,4349.38,4348.62,4348.67,57,11,0
2026-09-11 23:40:00+00:00,4348.64,4348.64,4348.14,4348.14,48,19,0
2026-09-11 23:41:00+00:00,4348.16,4348.16,4347.68,4347.77,39,19,0
2026-09-11 23:42:00+00:00,4347.86,4347.86,4346.0,4346.29,71,19,0
2026-09-11 23:43:00+00:00,4346.49,4346.52,4345.8,4346.18,48,19,0
2026-09-11 23:44:00+00:00,4346.19,4346.61,4345.96,4346.55,53,19,0
2026-09-11 23:45:00+00:00,4346.61,4347.84,4346.42,4347.59,81,19,0
2026-09-11 23:46:00+00:00,4347.61,4348.11,4347.28,4348.09,43,19,0
2026-09-11 23:47:00+00:00,4347.89,4349.41,4347.89,4348.09,57,19,0
2026-09-11 23:48:00+00:00,4348.05,4348.05,4347.52,4347.65,53,19,0
2026-09-11 23:49:00+00:00,4347.7,4347.79,4347.39,4347.6,39,19,0
2026-09-11 23:50:00+00:00,4347.74,4347.74,4347.03,4347.26,41,19,0
2026-09-11 23:51:00+00:00,4347.21,4347.36,4347.11,4347.31,23,19,0
2026-09-11 23:52:00+00:00,4347.36,4348.01,4347.1,4347.93,57,19,0
2026-09-11 23:53:00+00:00,4347.85,4347.85,4345.58,4347.0,96,19,0
2026-09-11 23:54:00+00:00,4346.84,4348.57,4346.56,4348.52,74,19,0
2026-09-11 23:56:00+00:00,4348.18,4348.65,4347.69,4348.14,157,16,0
2026-09-11 23:57:00+00:00,4348.14,4349.16,4348.11,4348.84,76,20,0
2026-09-11 23:58:00+00:00,4348.78,4348.78,4348.06,4348.64,29,40,0
2026-09-14 01:00:00+00:00,4336.88,4341.57,4323.55,4340.27,210,8,0
2026-09-14 01:01:00+00:00,4340.39,4340.39,4331.5,4332.43,282,66,0
2026-09-14 01:02:00+00:00,4333.04,4338.82,4331.81,4336.74,210,95,0
2026-09-14 01:03:00+00:00,4337.15,4338.22,4333.69,4336.04,195,30,0
2026-09-14 01:04:00+00:00,4336.01,4339.69,4334.88,4338.93,148,29,0
2026-09-14 01:05:00+00:00,4338.8,4341.09,4338.21,4339.31,193,19,0
2026-09-14 01:06:00+00:00,4339.3,4339.64,4337.25,4337.5,140,19,0
2026-09-14 01:07:00+00:00,4337.51,4340.18,4337.15,4337.67,123,19,0
2026-09-14 01:08:00+00:00,4337.79,4338.38,4334.06,4334.06,92,19,0
2026-09-14 01:09:00+00:00,4334.05,4334.53,4331.07,4331.21,173,19,0
2026-09-14 01:10:00+00:00,4331.36,4333.53,4330.06,4330.72,136,19,0
2026-09-14 01:11:00+00:00,4330.79,4332.58,4330.49,4331.15,154,19,0
2026-09-14 01:12:00+00:00,4331.2,4332.39,4330.44,4331.33,152,19,0
2026-09-14 01:13:00+00:00,4331.34,4334.31,4331.15,4332.83,132,19,0
2026-09-14 01:14:00+00:00,4332.86,4333.57,4330.7,4330.98,136,19,0
2026-09-14 01:15:00+00:00,4331.59,4333.48,4331.35,4332.38,136,19,0
2026-09-14 01:16:00+00:00,4332.64,4332.82,4331.93,4332.59,103,19,0
2026-09-14 01:17:00+00:00,4332.48,4332.59,4329.96,4330.45,115,19,0
2026-09-14 01:18:00+00:00,4330.54,4332.52,4330.48,4331.09,117,19,0
2026-09-14 01:19:00+00:00,4331.12,4333.92,4330.92,4333.92,133,19,0
2026-09-14 01:20:00+00:00,4333.93,4335.21,4332.96,4332.96,108,19,0
2026-09-14 01:21:00+00:00,4332.78,4333.86,4332.46,4333.28,120,19,0
2026-09-14 01:22:00+00:00,4333.27,4333.32,4331.05,4331.05,138,19,0
2026-09-14 01:23:00+00:00,4331.11,4331.23,4329.44,4329.54,123,19,0
2026-09-14 01:24:00+00:00,4329.56,4329.86,4328.43,4329.08,129,19,0
2026-09-14 01:25:00+00:00,4329.19,4331.02,4328.99,4331.02,115,19,0
2026-09-14 01:26:00+00:00,4331.0,4332.8,4330.96,4332.63,114,19,0
2026-09-14 01:27:00+00:00,4333.05,4336.05,4332.85,4335.79,116,19,0
2026-09-14 01:28:00+00:00,4335.7,4336.29,4335.22,4336.14,102,19,0
2026-09-14 01:29:00+00:00,4336.24,4336.46,4335.79,4336.3,69,19,0
2026-09-14 01:30:00+00:00,4336.19,4336.46,4334.68,4336.28,104,19,0
2026-09-14 01:31:00+00:00,4336.18,4336.72,4335.79,4335.85,90,19,0
2026-09-14 01:32:00+00:00,4335.83,4336.3,4335.52,4335.86,90,19,0
2026-09-14 01:33:00+00:00,4336.0,4337.71,4336.0,4337.68,111,19,0
2026-09-14 01:34:00+00:00,4337.74,4337.82,4336.32,4336.39,78,19,0
2026-09-14 01:35:00+00:00,4336.58,4336.6,4334.97,4335.05,74,19,0
2026-09-14 01:36:00+00:00,4335.14,4335.99,4335.0,4335.84,56,19,0
2026-09-14 01:37:00+00:00,4335.81,4336.79,4335.78,4336.01,87,19,0
2026-09-14 01:38:00+00:00,4336.11,4336.59,4335.78,4335.78,77,19,0
2026-09-14 01:39:00+00:00,4335.77,4336.48,4334.97,4335.71,99,19,0
2026-09-14 01:40:00+00:00,4335.63,4335.7,4334.77,4335.22,93,19,0
2026-09-14 01:41:00+00:00,4335.12,4336.38,4335.09,4336.1,71,19,0
2026-09-14 01:42:00+00:00,4336.19,4336.19,4335.35,4335.48,72,19,0
2026-09-14 01:43:00+00:00,4334.98,4335.92,4333.61,4335.64,83,19,0
2026-09-14 01:44:00+00:00,4335.64,4337.36,4335.4,4337.13,81,19,0
2026-09-14 01:45:00+00:00,4337.18,4337.82,4337.18,4337.21,52,19,0
2026-09-14 01:46:00+00:00,4337.27,4337.47,4336.84,4336.89,61,19,0
2026-09-14 01:47:00+00:00,4336.85,4336.85,4335.95,4336.1,42,19,0
2026-09-14 01:48:00+00:00,4336.13,4336.61,4336.05,4336.35,46,19,0
2026-09-14 01:49:00+00:00,4336.41,4336.57,4336.26,4336.43,45,19,0
2026-09-14 01:50:00+00:00,4336.41,4336.58,4335.78,4335.92,54,19,0
2026-09-14 01:51:00+00:00,4335.87,4337.2,4335.26,4336.41,55,19,0
2026-09-14 01:52:00+00:00,4336.43,4336.86,4335.88,4335.99,43,19,0
2026-09-14 01:53:00+00:00,4336.0,4337.7,4335.17,4337.7,73,19,0
2026-09-14 01:54:00+00:00,4338.79,4339.79,4337.92,4339.4,63,19,0
2026-09-14 01:55:00+00:00,4339.39,4339.39,4338.08,4338.89,73,19,0
2026-09-14 01:56:00+00:00,4338.83,4338.83,4338.17,4338.62,52,18,0
2026-09-14 01:57:00+00:00,4338.54,4339.04,4338.32,4338.6,71,17,0
2026-09-14 01:58:00+00:00,4338.59,4338.59,4338.13,4338.13,52,14,0
2026-09-14 01:59:00+00:00,4338.14,4338.31,4337.67,4337.77,64,14,0
2026-09-14 02:00:00+00:00,4337.97,4341.77,4337.97,4341.35,99,16,0
2026-09-14 02:01:00+00:00,4341.37,4342.24,4341.24,4341.94,103,19,0
2026-09-14 02:02:00+00:00,4341.93,4341.93,4341.11,4341.18,48,16,0
2026-09-14 02:03:00+00:00,4341.21,4341.94,4341.21,4341.91,67,13,0
2026-09-14 02:04:00+00:00,4341.93,4341.93,4341.19,4341.25,41,13,0
2026-09-14 02:05:00+00:00,4341.24,4341.24,4340.89,4341.07,46,13,0
2026-09-14 02:06:00+00:00,4340.92,4340.99,4340.79,4340.85,25,13,0
2026-09-14 02:07:00+00:00,4340.81,4341.46,4340.6,4341.45,41,13,0
2026-09-14 02:08:00+00:00,4341.46,4341.76,4341.45,4341.76,44,18,0
2026-09-14 02:09:00+00:00,4341.76,4341.76,4341.56,4341.56,30,18,0
2026-09-14 02:10:00+00:00,4341.55,4342.34,4341.05,4342.03,57,18,0
2026-09-14 02:11:00+00:00,4342.04,4342.38,4342.04,4342.05,39,19,0
2026-09-14 02:12:00+00:00,4342.01,4342.01,4341.2,4341.38,51,19,0
2026-09-14 02:13:00+00:00,4341.39,4341.39,4340.89,4341.05,41,19,0
2026-09-14 02:14:00+00:00,4341.0,4341.01,4339.56,4339.56,31,19,0
2026-09-14 02:15:00+00:00,4339.56,4340.52,4339.49,4340.35,81,19,0
2026-09-14 02:16:00+00:00,4340.31,4340.34,4339.62,4339.81,40,19,0
2026-09-14 02:17:00+00:00,4339.86,4339.9,4338.78,4338.82,55,19,0
2026-09-14 02:18:00+00:00,4338.85,4338.91,4337.69,4337.69,61,19,0
2026-09-14 02:19:00+00:00,4337.67,4338.13,4337.65,4337.67,51,19,0
2026-09-14 02:20:00+00:00,4337.66,4337.75,4336.59,4336.62,55,19,0
2026-09-14 02:21:00+00:00,4336.62,4336.96,4335.74,4335.88,46,19,0
2026-09-14 02:22:00+00:00,4335.89,4336.76,4335.85,4336.06,61,19,0
2026-09-14 02:23:00+00:00,4335.91,4337.01,4335.91,4336.9,81,19,0
2026-09-14 02:24:00+00:00,4336.92,4338.41,4336.92,4338.1,88,19,0
2026-09-14 02:25:00+00:00,4338.11,4338.15,4337.34,4337.59,71,19,0
2026-09-14 02:26:00+00:00,4337.63,4338.5,4337.59,4337.88,72,19,0
2026-09-14 02:27:00+00:00,4337.87,4338.14,4337.48,4337.67,61,18,0
2026-09-14 02:28:00+00:00,4337.71,4337.9,4337.08,4337.9,77,19,0
2026-09-14 02:29:00+00:00,4337.95,4340.23,4337.95,4339.31,75,19,0
2026-09-14 02:30:00+00:00,4339.1,4340.15,4339.1,4340.15,76,19,0
2026-09-14 02:31:00+00:00,4340.2,4340.25,4339.14,4339.31,49,19,0
2026-09-14 02:32:00+00:00,4339.28,4340.3,4339.28,4340.3,50,17,0
2026-09-14 02:33:00+00:00,4340.3,4341.67,4340.3,4341.46,68,17,0
2026-09-14 02:34:00+00:00,4341.49,4341.96,4341.06,4341.38,69,18,0
2026-09-14 02:35:00+00:00,4341.45,4341.56,4339.85,4339.89,89,19,0
2026-09-14 02:36:00+00:00,4339.87,4340.38,4338.69,4339.98,95,19,0
2026-09-14 02:37:00+00:00,4339.95,4341.42,4339.44,4340.89,102,19,0
2026-09-14 02:38:00+00:00,4340.89,4341.51,4340.75,4341.43,77,19,0
2026-09-14 02:39:00+00:00,4341.75,4341.77,4339.8,4340.72,87,19,0
2026-09-14 02:40:00+00:00,4340.67,4341.39,4339.87,4340.3,101,19,0
2026-09-14 02:41:00+00:00,4340.39,4340.7,4338.59,4338.6,87,19,0
2026-09-14 02:42:00+00:00,4338.6,4338.97,4338.38,4338.42,67,17,0
2026-09-14 02:43:00+00:00,4338.35,4338.41,4337.95,4338.2,82,17,0
2026-09-14 02:44:00+00:00,4338.3,4338.79,4337.9,4337.9,99,16,0
2026-09-14 02:45:00+00:00,4337.87,4338.23,4336.01,4336.86,177,17,0
2026-09-14 02:46:00+00:00,4336.93,4337.7,4336.57,4336.64,143,19,0
2026-09-14 02:47:00+00:00,4336.58,4337.77,4336.03,4337.69,127,19,0
2026-09-14 02:48:00+00:00,4337.82,4338.14,4335.1,4335.25,129,19,0
2026-09-14 02:49:00+00:00,4335.24,4335.24,4332.01,4332.01,154,19,0
2026-09-14 02:50:00+00:00,4331.89,4332.81,4331.89,4332.69,144,19,0
2026-09-14 02:51:00+00:00,4332.69,4333.19,4332.22,4332.39,133,19,0
2026-09-14 02:52:00+00:00,4332.45,4334.15,4332.45,4334.15,83,13,0
2026-09-14 02:53:00+00:00,4334.13,4334.89,4333.34,4334.88,132,17,0
2026-09-14 02:54:00+00:00,4334.87,4334.87,4333.64,4333.71,94,17,0
2026-09-14 02:55:00+00:00,4333.66,4335.05,4333.44,4334.24,132,15,0
2026-09-14 02:56:00+00:00,4334.2,4334.74,4332.05,4333.12,136,19,0
2026-09-14 02:57:00+00:00,4333.25,4334.23,4332.89,4333.91,124,19,0
2026-09-14 02:58:00+00:00,4333.93,4335.27,4333.33,4334.22,124,19,0
2026-09-14 02:59:00+00:00,4334.18,4334.27,4332.03,4332.79,136,19,0
2026-09-14 03:00:00+00:00,4332.74,4334.3,4329.86,4331.58,200,19,0
2026-09-14 03:01:00+00:00,4331.57,4332.95,4330.64,4331.98,202,19,0
2026-09-14 03:02:00+00:00,4331.94,4334.57,4331.26,4334.5,165,19,0
2026-09-14 03:03:00+00:00,4334.48,4335.66,4334.09,4335.3,147,19,0
2026-09-14 03:04:00+00:00,4335.24,4335.24,4333.24,4333.73,151,19,0
2026-09-14 03:05:00+00:00,4333.7,4337.91,4333.7,4337.58,180,19,0
2026-09-14 03:06:00+00:00,4337.41,4341.34,4337.29,4340.95,165,19,0
2026-09-14 03:07:00+00:00,4341.27,4343.89,4341.1,4343.52,160,19,0
2026-09-14 03:08:00+00:00,4343.7,4345.28,4342.86,4344.89,155,19,0
2026-09-14 03:09:00+00:00,4344.81,4346.4,4344.45,4345.62,143,19,0
2026-09-14 03:10:00+00:00,4345.61,4346.21,4344.72,4346.08,140,19,0
2026-09-14 03:11:00+00:00,4346.14,4346.64,4344.14,4344.92,170,19,0
2026-09-14 03:12:00+00:00,4344.86,4346.05,4343.15,4345.27,170,19,0
2026-09-14 03:13:00+00:00,4345.34,4347.46,4344.66,4344.66,155,19,0
2026-09-14 03:14:00+00:00,4344.62,4344.62,4341.3,4342.66,164,19,0
2026-09-14 03:15:00+00:00,4342.57,4345.0,4342.53,4342.78,170,19,0
2026-09-14 03:16:00+00:00,4342.71,4343.15,4339.94,4341.17,148,19,0
2026-09-14 03:17:00+00:00,4341.27,4343.16,4340.32,4343.13,123,17,0
2026-09-14 03:18:00+00:00,4343.15,4343.27,4341.69,4341.94,151,13,0
2026-09-14 03:19:00+00:00,4341.91,4342.78,4341.15,4341.24,141,13,0
2026-09-14 03:20:00+00:00,4341.25,4341.25,4338.32,4339.86,155,13,0
2026-09-14 03:21:00+00:00,4339.87,4339.92,4337.17,4338.08,160,19,0
2026-09-14 03:22:00+00:00,4338.04,4339.99,4336.93,4339.68,130,17,0
2026-09-14 03:23:00+00:00,4339.66,4339.68,4337.37,4338.21,154,18,0
2026-09-14 03:24:00+00:00,4338.03,4338.76,4337.48,4338.76,127,17,0
2026-09-14 03:25:00+00:00,4338.67,4340.32,4336.97,4336.97,139,17,0
2026-09-14 03:26:00+00:00,4336.88,4336.88,4333.1,4333.94,151,19,0
2026-09-14 03:27:00+00:00,4333.95,4335.29,4333.83,4334.76,159,19,0
2026-09-14 03:28:00+00:00,4334.73,4335.59,4334.42,4335.3,137,14,0
2026-09-14 03:29:00+00:00,4335.28,4338.23,4335.2,4337.86,133,14,0
2026-09-14 03:30:00+00:00,4337.9,4340.02,4337.19,4337.19,169,18,0
2026-09-14 03:31:00+00:00,4337.16,4339.52,4336.42,4339.47,149,19,0
2026-09-14 03:32:00+00:00,4339.52,4339.97,4338.35,4339.71,142,19,0
2026-09-14 03:33:00+00:00,4339.75,4339.8,4337.72,4338.86,141,19,0
2026-09-14 03:34:00+00:00,4338.7,4340.48,4338.7,4339.41,154,17,0
2026-09-14 03:35:00+00:00,4339.44,4340.61,4334.69,4336.26,165,18,0
2026-09-14 03:36:00+00:00,4336.34,4336.39,4333.98,4334.4,155,19,0
2026-09-14 03:37:00+00:00,4334.41,4334.5,4333.12,4334.06,144,18,0
2026-09-14 03:38:00+00:00,4334.0,4334.64,4333.2,4333.44,139,17,0
2026-09-14 03:39:00+00:00,4333.43,4333.69,4332.97,4332.97,107,13,0
2026-09-14 03:40:00+00:00,4332.88,4333.98,4332.24,4333.1,134,13,0
2026-09-14 03:41:00+00:00,4333.14,4334.58,4332.94,4333.96,149,19,0
2026-09-14 03:42:00+00:00,4334.02,4334.62,4333.19,4333.43,131,18,0
2026-09-14 03:43:00+00:00,4333.42,4337.71,4333.16,4337.58,133,16,0
2026-09-14 03:44:00+00:00,4337.64,4338.6,4336.74,4338.18,146,18,0
2026-09-14 03:45:00+00:00,4338.19,4339.15,4337.42,4337.42,172,17,0
2026-09-14 03:46:00+00:00,4337.33,4339.93,4337.27,4338.96,159,18,0
2026-09-14 03:47:00+00:00,4338.73,4342.56,4338.73,4340.41,158,17,0
2026-09-14 03:48:00+00:00,4340.3,4341.77,4338.55,4338.76,148,19,0
2026-09-14 03:49:00+00:00,4338.77,4340.35,4338.73,4339.64,128,18,0
2026-09-14 03:50:00+00:00,4339.69,4341.12,4339.61,4340.75,128,13,0
2026-09-14 03:51:00+00:00,4340.76,4341.06,4339.86,4340.96,138,13,0
2026-09-14 03:52:00+00:00,4340.94,4341.6,4340.44,4341.59,124,13,0
2026-09-14 03:53:00+00:00,4341.6,4342.38,4339.87,4340.21,144,13,0
2026-09-14 03:54:00+00:00,4340.42,4342.6,4340.35,4342.58,134,19,0
2026-09-14 03:55:00+00:00,4342.64,4343.34,4340.32,4340.89,126,16,0
2026-09-14 03:56:00+00:00,4341.08,4341.29,4340.44,4340.87,116,15,0
2026-09-14 03:57:00+00:00,4340.88,4341.54,4340.21,4340.21,115,14,0
2026-09-14 03:58:00+00:00,4340.2,4341.42,4338.3,4338.3,157,17,0
2026-09-14 03:59:00+00:00,4338.22,4339.95,4338.1,4339.08,174,19,0
2026-09-14 04:00:00+00:00,4338.47,4341.6,4333.62,4341.5,217,19,0
2026-09-14 04:01:00+00:00,4341.29,4344.5,4339.05,4344.2,226,19,0
2026-09-14 04:02:00+00:00,4344.18,4344.6,4338.89,4342.3,219,19,0
2026-09-14 04:03:00+00:00,4342.51,4342.51,4332.53,4335.41,217,19,0
2026-09-14 04:04:00+00:00,4335.3,4335.47,4331.1,4331.1,226,19,0
2026-09-14 04:05:00+00:00,4331.0,4334.69,4331.0,4333.63,223,19,0
2026-09-14 04:06:00+00:00,4333.61,4334.66,4329.98,4329.98,216,19,0
2026-09-14 04:07:00+00:00,4329.96,4335.23,4329.77,4334.94,217,19,0
2026-09-14 04:08:00+00:00,4334.89,4335.88,4333.95,4335.29,210,19,0
2026-09-14 04:09:00+00:00,4335.31,4336.93,4333.21,4336.53,198,19,0
2026-09-14 04:10:00+00:00,4336.44,4336.84,4332.55,4332.55,217,19,0
2026-09-14 04:11:00+00:00,4332.51,4335.49,4331.31,4332.27,194,19,0
2026-09-14 04:12:00+00:00,4332.25,4332.57,4329.56,4331.26,206,19,0
2026-09-14 04:13:00+00:00,4331.23,4331.66,4330.26,4330.45,200,19,0
2026-09-14 04:14:00+00:00,4330.33,4332.33,4329.64,4331.58,200,19,0
2026-09-14 04:15:00+00:00,4331.54,4333.51,4330.68,4331.43,215,19,0
2026-09-14 04:16:00+00:00,4331.44,4332.25,4329.23,4329.62,210,19,0
2026-09-14 04:17:00+00:00,4329.65,4332.32,4328.56,4330.32,205,19,0
2026-09-14 04:18:00+00:00,4330.29,4332.83,4330.29,4331.54,193,18,0
2026-09-14 04:19:00+00:00,4331.69,4332.94,4326.93,4327.29,210,18,0
2026-09-14 04:20:00+00:00,4327.14,4329.55,4326.24,4329.41,202,19,0
2026-09-14 04:21:00+00:00,4329.38,4332.47,4329.06,4331.87,191,19,0
2026-09-14 04:22:00+00:00,4331.93,4334.14,4331.33,4333.92,188,18,0
2026-09-14 04:23:00+00:00,4334.05,4335.58,4332.04,4334.37,186,18,0
2026-09-14 04:24:00+00:00,4334.39,4337.56,4334.39,4335.12,186,17,0
2026-09-14 04:25:00+00:00,4335.16,4335.16,4332.37,4333.0,189,17,0
2026-09-14 04:26:00+00:00,4333.01,4335.13,4330.91,4335.13,170,16,0
2026-09-14 04:27:00+00:00,4335.06,4337.29,4333.5,4336.03,187,19,0
2026-09-14 04:28:00+00:00,4336.11,4337.84,4335.85,4337.14,201,19,0
2026-09-14 04:29:00+00:00,4337.26,4337.26,4334.4,4335.41,182,18,0
2026-09-14 04:30:00+00:00,4335.44,4336.1,4334.19,4334.49,184,17,0
2026-09-14 04:31:00+00:00,4334.64,4335.75,4332.32,4333.44,174,19,0
2026-09-14 04:32:00+00:00,4333.36,4333.95,4330.28,4330.87,189,19,0
2026-09-14 04:33:00+00:00,4330.88,4331.37,4328.46,4330.52,189,19,0
2026-09-14 04:34:00+00:00,4330.54,4332.57,4328.37,4331.94,192,19,0
2026-09-14 04:35:00+00:00,4331.84,4337.24,4331.65,4336.05,188,19,0
2026-09-14 04:36:00+00:00,4335.97,4339.71,4335.62,4338.17,183,19,0
2026-09-14 04:37:00+00:00,4338.23,4339.86,4338.23,4339.55,161,16,0
2026-09-14 04:38:00+00:00,4339.63,4341.22,4339.63,4341.03,153,14,0
2026-09-14 04:39:00+00:00,4341.58,4344.97,4341.58,4344.56,177,18,0
2026-09-14 04:40:00+00:00,4344.73,4346.56,4342.2,4343.09,179,16,0
2026-09-14 04:41:00+00:00,4343.09,4343.21,4341.4,4342.85,176,13,0
2026-09-14 04:42:00+00:00,4342.84,4342.94,4338.28,4338.38,196,13,0
2026-09-14 04:43:00+00:00,4338.37,4341.42,4337.32,4341.42,178,13,0
2026-09-14 04:44:00+00:00,4341.43,4342.98,4340.5,4342.37,165,13,0
2026-09-14 04:45:00+00:00,4342.44,4344.75,4342.44,4344.47,179,13,0
2026-09-14 04:46:00+00:00,4344.49,4344.9,4342.85,4344.7,157,14,0
2026-09-14 04:47:00+00:00,4344.72,4346.77,4343.86,4346.46,162,19,0
2026-09-14 04:48:00+00:00,4346.51,4348.87,4345.78,4347.73,178,19,0
2026-09-14 04:49:00+00:00,4347.69,4348.7,4345.95,4345.96,151,16,0
2026-09-14 04:50:00+00:00,4345.94,4346.4,4344.91,4344.91,170,16,0
2026-09-14 04:51:00+00:00,4344.76,4347.85,4342.8,4347.34,169,18,0
2026-09-14 04:52:00+00:00,4347.3,4348.99,4346.8,4348.8,140,13,0
2026-09-14 04:53:00+00:00,4348.89,4350.07,4347.42,4348.15,162,13,0
2026-09-14 04:54:00+00:00,4348.27,4349.15,4348.08,4348.08,138,13,0
2026-09-14 04:55:00+00:00,4348.08,4348.39,4346.79,4347.63,157,13,0
2026-09-14 04:56:00+00:00,4347.69,4350.36,4347.55,4350.24,164,17,0
2026-09-14 04:57:00+00:00,4350.31,4351.89,4349.87,4351.21,170,17,0
2026-09-14 04:58:00+00:00,4351.19,4355.15,4351.05,4353.41,163,19,0
2026-09-14 04:59:00+00:00,4353.42,4354.42,4352.76,4353.36,160,19,0
2026-09-14 05:00:00+00:00,4353.24,4353.7,4350.8,4352.11,170,19,0
2026-09-14 05:01:00+00:00,4352.05,4353.9,4351.25,4353.17,170,18,0
2026-09-14 05:02:00+00:00,4353.19,4354.18,4350.77,4351.33,162,17,0
2026-09-14 05:03:00+00:00,4351.4,4352.46,4349.61,4350.0,157,19,0
2026-09-14 05:04:00+00:00,4348.69,4350.13,4348.59,4349.2,147,19,0
2026-09-14 05:05:00+00:00,4349.17,4350.78,4349.17,4350.26,132,19,0
2026-09-14 05:06:00+00:00,4350.25,4352.41,4349.07,4352.01,159,17,0
2026-09-14 05:07:00+00:00,4351.94,4353.26,4350.87,4353.08,157,19,0
2026-09-14 05:08:00+00:00,4353.07,4354.92,4352.46,4354.51,151,16,0
2026-09-14 05:09:00+00:00,4354.47,4354.72,4352.28,4352.32,151,16,0
2026-09-14 05:10:00+00:00,4352.49,4353.92,4351.14,4351.14,145,13,0
2026-09-14 05:11:00+00:00,4351.08,4351.78,4350.43,4350.75,112,13,0
2026-09-14 05:12:00+00:00,4350.79,4350.79,4348.49,4348.63,121,13,0
2026-09-14 05:13:00+00:00,4348.62,4349.76,4348.62,4349.33,134,13,0
2026-09-14 05:14:00+00:00,4349.36,4349.42,4348.89,4349.33,131,15,0
2026-09-14 05:15:00+00:00,4349.29,4349.3,4348.72,4349.02,88,16,0
2026-09-14 05:16:00+00:00,4348.95,4349.04,4348.22,4348.9,82,18,0
2026-09-14 05:17:00+00:00,4348.87,4349.36,4348.81,4349.32,65,17,0
2026-09-14 05:18:00+00:00,4349.31,4349.87,4348.59,4349.45,105,17,0
2026-09-14 05:19:00+00:00,4349.55,4350.05,4349.23,4349.23,110,19,0
2026-09-14 05:20:00+00:00,4349.24,4350.92,4348.93,4350.37,98,19,0
2026-09-14 05:21:00+00:00,4350.38,4350.42,4349.6,4349.81,106,19,0
2026-09-14 05:22:00+00:00,4349.8,4350.43,4349.47,4350.4,80,19,0
2026-09-14 05:23:00+00:00,4350.43,4353.69,4350.43,4352.47,107,19,0
2026-09-14 05:24:00+00:00,4352.42,4353.21,4352.01,4353.19,102,19,0
2026-09-14 05:25:00+00:00,4353.21,4353.89,4352.67,4352.98,116,19,0
2026-09-14 05:26:00+00:00,4353.06,4354.04,4352.96,4353.74,107,18,0
2026-09-14 05:27:00+00:00,4353.72,4353.76,4352.98,4353.07,89,17,0
2026-09-14 05:28:00+00:00,4353.08,4353.41,4352.49,4352.56,90,16,0
2026-09-14 05:29:00+00:00,4352.76,4353.14,4351.88,4352.16,90,18,0
2026-09-14 05:30:00+00:00,4352.89,4354.43,4350.58,4353.56,203,19,0
2026-09-14 05:31:00+00:00,4353.78,4355.33,4353.34,4355.04,162,19,0
2026-09-14 05:32:00+00:00,4355.06,4355.3,4352.78,4353.44,155,19,0
2026-09-14 05:33:00+00:00,4353.42,4354.6,4352.72,4353.25,167,19,0
2026-09-14 05:34:00+00:00,4353.35,4355.28,4353.26,4354.4,175,19,0
2026-09-14 05:35:00+00:00,4354.2,4354.53,4351.68,4351.74,172,19,0
2026-09-14 05:36:00+00:00,4351.68,4351.76,4350.42,4351.45,148,19,0
2026-09-14 05:37:00+00:00,4351.27,4351.27,4349.85,4350.45,128,18,0
2026-09-14 05:38:00+00:00,4350.47,4350.59,4348.76,4349.91,137,17,0
2026-09-14 05:39:00+00:00,4349.61,4351.97,4347.55,4347.95,156,19,0
2026-09-14 05:40:00+00:00,4347.84,4348.0,4345.97,4345.97,147,18,0
2026-09-14 05:41:00+00:00,4345.99,4346.52,4344.93,4345.21,170,19,0
2026-09-14 05:42:00+00:00,4345.26,4345.37,4343.24,4345.34,165,19,0
2026-09-14 05:43:00+00:00,4345.2,4347.53,4344.33,4347.3,159,19,0
2026-09-14 05:44:00+00:00,4347.37,4347.39,4344.75,4345.66,140,19,0
2026-09-14 05:45:00+00:00,4345.67,4348.06,4345.21,4347.42,168,19,0
2026-09-14 05:46:00+00:00,4347.43,4348.0,4346.58,4346.74,130,19,0
2026-09-14 05:47:00+00:00,4346.59,4346.99,4345.47,4345.89,137,19,0
2026-09-14 05:48:00+00:00,4345.96,4347.07,4345.37,4345.43,135,19,0
2026-09-14 05:49:00+00:00,4345.39,4345.91,4344.59,4345.03,121,13,0
2026-09-14 05:50:00+00:00,4344.97,4345.07,4343.42,4344.07,160,14,0
2026-09-14 05:51:00+00:00,4344.05,4344.05,4341.08,4341.25,155,18,0
2026-09-14 05:52:00+00:00,4341.1,4341.1,4339.47,4340.44,151,19,0
2026-09-14 05:53:00+00:00,4340.37,4340.74,4339.33,4340.3,139,16,0
2026-09-14 05:54:00+00:00,4340.31,4340.56,4337.95,4338.27,140,16,0
2026-09-14 05:55:00+00:00,4338.2,4338.2,4335.58,4335.72,130,19,0
2026-09-14 05:56:00+00:00,4335.71,4337.13,4334.8,4335.26,178,19,0
2026-09-14 05:57:00+00:00,4335.12,4335.17,4332.52,4332.65,174,19,0
2026-09-14 05:58:00+00:00,4332.66,4333.29,4330.9,4330.9,163,19,0
2026-09-14 05:59:00+00:00,4330.92,4331.75,4329.97,4330.83,164,19,0
2026-09-14 06:00:00+00:00,4330.82,4332.14,4328.56,4330.43,182,19,0
2026-09-14 06:01:00+00:00,4330.42,4331.09,4327.54,4330.84,188,19,0
2026-09-14 06:02:00+00:00,4330.82,4331.84,4330.73,4330.73,157,19,0
2026-09-14 06:03:00+00:00,4330.65,4332.8,4330.65,4332.78,134,19,0
2026-09-14 06:04:00+00:00,4332.82,4332.83,4331.27,4332.28,130,17,0
2026-09-14 06:05:00+00:00,4332.34,4333.32,4331.95,4333.01,143,17,0
2026-09-14 06:06:00+00:00,4332.97,4334.24,4332.21,4333.14,158,16,0
2026-09-14 06:07:00+00:00,4333.11,4333.96,4332.01,4333.71,158,19,0
2026-09-14 06:08:00+00:00,4333.69,4334.46,4333.2,4334.44,134,17,0
2026-09-14 06:09:00+00:00,4334.52,4335.9,4334.17,4335.82,126,15,0
2026-09-14 06:10:00+00:00,4335.83,4335.96,4332.88,4333.79,148,13,0
2026-09-14 06:11:00+00:00,4333.71,4334.42,4333.24,4334.27,116,16,0
2026-09-14 06:12:00+00:00,4334.26,4335.96,4334.26,4334.91,126,13,0
2026-09-14 06:13:00+00:00,4334.46,4335.98,4333.96,4335.53,134,17,0
2026-09-14 06:14:00+00:00,4335.57,4335.73,4332.77,4333.38,128,17,0
2026-09-14 06:15:00+00:00,4333.42,4333.94,4332.7,4332.94,124,13,0
2026-09-14 06:16:00+00:00,4332.89,4333.33,4331.93,4333.15,135,13,0
2026-09-14 06:17:00+00:00,4333.11,4333.94,4332.0,4333.57,150,18,0
2026-09-14 06:18:00+00:00,4333.6,4334.55,4333.57,4334.29,113,17,0
2026-09-14 06:19:00+00:00,4334.33,4335.83,4333.88,4335.47,109,13,0
2026-09-14 06:20:00+00:00,4335.51,4336.26,4334.98,4335.36,117,16,0
2026-09-14 06:21:00+00:00,4335.22,4335.37,4334.04,4334.65,113,17,0
2026-09-14 06:22:00+00:00,4334.63,4336.35,4334.16,4335.65,125,18,0
2026-09-14 06:23:00+00:00,4335.68,4336.05,4335.33,4335.62,78,13,0
2026-09-14 06:24:00+00:00,4335.66,4335.79,4334.75,4334.81,90,13,0
2026-09-14 06:25:00+00:00,4334.82,4335.46,4333.97,4334.0,104,13,0
2026-09-14 06:26:00+00:00,4334.02,4334.35,4333.45,4333.52,154,19,0
2026-09-14 06:27:00+00:00,4333.55,4333.86,4333.15,4333.49,121,19,0
2026-09-14 06:28:00+00:00,4333.55,4334.8,4333.55,4334.54,113,19,0
2026-09-14 06:29:00+00:00,4334.53,4335.04,4334.26,4334.78,123,18,0
2026-09-14 06:30:00+00:00,4334.82,4335.21,4332.67,4332.67,129,19,0
2026-09-14 06:31:00+00:00,4332.7,4333.1,4331.96,4332.98,117,19,0
2026-09-14 06:32:00+00:00,4332.92,4333.41,4332.05,4332.25,111,19,0
2026-09-14 06:33:00+00:00,4332.18,4332.18,4330.68,4330.72,103,19,0
2026-09-14 06:34:00+00:00,4330.71,4331.09,4329.96,4330.25,98,18,0
2026-09-14 06:35:00+00:00,4330.24,4330.43,4328.99,4329.26,122,19,0
2026-09-14 06:36:00+00:00,4329.25,4329.47,4328.37,4329.1,90,19,0
2026-09-14 06:37:00+00:00,4328.96,4331.99,4328.93,4331.57,118,19,0
2026-09-14 06:38:00+00:00,4331.59,4332.01,4331.04,4331.75,119,19,0
2026-09-14 06:39:00+00:00,4331.78,4332.82,4331.4,4331.9,95,19,0
2026-09-14 06:40:00+00:00,4331.91,4331.91,4328.83,4328.99,122,19,0
2026-09-14 06:41:00+00:00,4328.91,4329.22,4327.15,4327.15,132,19,0
2026-09-14 06:42:00+00:00,4327.16,4328.71,4327.16,4328.65,89,19,0
2026-09-14 06:43:00+00:00,4328.65,4329.3,4328.01,4329.07,120,17,0
2026-09-14 06:44:00+00:00,4329.12,4329.2,4328.66,4328.95,75,13,0
2026-09-14 06:45:00+00:00,4329.15,4330.22,4328.95,4330.22,58,13,0
2026-09-14 06:46:00+00:00,4330.17,4330.82,4329.33,4329.89,85,13,0
2026-09-14 06:47:00+00:00,4329.92,4329.92,4328.62,4329.13,107,17,0
2026-09-14 06:48:00+00:00,4329.11,4331.14,4329.11,4331.05,105,16,0
2026-09-14 06:49:00+00:00,4331.04,4333.22,4330.82,4332.87,115,19,0
2026-09-14 06:50:00+00:00,4332.88,4333.2,4331.91,4333.04,78,19,0
2026-09-14 06:51:00+00:00,4332.96,4333.51,4330.6,4331.02,105,18,0
2026-09-14 06:52:00+00:00,4331.08,4331.74,4330.48,4331.66,83,19,0
2026-09-14 06:53:00+00:00,4331.65,4332.82,4331.51,4332.82,107,14,0
2026-09-14 06:54:00+00:00,4333.08,4333.24,4331.84,4331.94,95,13,0
2026-09-14 06:55:00+00:00,4331.9,4332.67,4331.14,4331.6,112,19,0
2026-09-14 06:56:00+00:00,4331.51,4331.87,4330.57,4331.19,123,19,0
2026-09-14 06:57:00+00:00,4331.2,4331.77,4330.96,4330.99,103,13,0
2026-09-14 06:58:00+00:00,4331.0,4331.0,4329.67,4330.1,104,13,0
2026-09-14 06:59:00+00:00,4330.34,4330.51,4330.27,4330.39,60,13,0
2026-09-14 07:00:00+00:00,4330.32,4331.6,4330.17,4330.9,90,13,0
2026-09-14 07:01:00+00:00,4330.77,4331.62,4330.37,4330.37,73,13,0
2026-09-14 07:02:00+00:00,4330.39,4330.46,4329.93,4330.15,80,13,0
2026-09-14 07:03:00+00:00,4330.36,4331.48,4329.98,4331.48,94,13,0
2026-09-14 07:04:00+00:00,4331.49,4331.49,4330.73,4331.14,62,13,0
2026-09-14 07:05:00+00:00,4331.13,4331.61,4329.98,4330.59,94,14,0
2026-09-14 07:06:00+00:00,4330.62,4331.25,4329.83,4330.44,104,17,0
2026-09-14 07:07:00+00:00,4330.51,4331.17,4329.94,4330.12,101,15,0
2026-09-14 07:08:00+00:00,4330.11,4330.17,4329.25,4329.27,84,13,0
2026-09-14 07:09:00+00:00,4329.24,4330.78,4329.14,4330.76,110,13,0
2026-09-14 07:10:00+00:00,4330.73,4330.99,4330.26,4330.32,78,16,0
2026-09-14 07:11:00+00:00,4330.33,4330.85,4329.83,4330.77,65,15,0
2026-09-14 07:12:00+00:00,4330.8,4330.81,4329.85,4329.96,78,16,0
2026-09-14 07:13:00+00:00,4329.9,4330.69,4329.72,4330.47,73,16,0
2026-09-14 07:14:00+00:00,4330.41,4330.48,4329.18,4329.18,73,15,0
2026-09-14 07:15:00+00:00,4329.13,4330.04,4329.13,4329.75,75,19,0
2026-09-14 07:16:00+00:00,4329.77,4330.02,4329.37,4330.02,82,18,0
2026-09-14 07:17:00+00:00,4330.06,4330.1,4329.4,4329.51,80,17,0
2026-09-14 07:18:00+00:00,4329.45,4329.65,4328.86,4329.33,76,17,0
2026-09-14 07:19:00+00:00,4329.36,4329.72,4329.14,4329.72,58,17,0
2026-09-14 07:20:00+00:00,4329.68,4329.68,4329.26,4329.4,52,18,0
2026-09-14 07:21:00+00:00,4329.41,4329.87,4329.33,4329.57,62,18,0
2026-09-14 07:22:00+00:00,4329.58,4330.45,4329.08,4330.45,78,19,0
2026-09-14 07:23:00+00:00,4330.42,4330.42,4329.69,4330.17,49,19,0
2026-09-14 07:24:00+00:00,4330.14,4330.18,4329.88,4330.1,57,18,0
2026-09-14 07:25:00+00:00,4330.13,4331.1,4330.13,4330.42,93,18,0
2026-09-14 07:26:00+00:00,4330.45,4330.76,4329.5,4330.46,89,19,0
2026-09-14 07:27:00+00:00,4330.61,4331.56,4330.61,4331.2,86,19,0
2026-09-14 07:28:00+00:00,4331.22,4331.49,4330.82,4330.99,69,19,0
2026-09-14 07:29:00+00:00,4330.93,4331.61,4330.72,4331.39,78,19,0
2026-09-14 07:30:00+00:00,4331.41,4331.61,4330.4,4331.09,95,19,0
2026-09-14 07:31:00+00:00,4330.98,4331.14,4330.27,4330.27,72,19,0
2026-09-14 07:32:00+00:00,4330.23,4330.64,4329.17,4329.28,78,19,0
2026-09-14 07:33:00+00:00,4329.27,4330.1,4328.38,4328.46,94,19,0
2026-09-14 07:34:00+00:00,4328.47,4328.77,4327.66,4327.72,89,19,0
2026-09-14 07:35:00+00:00,4327.73,4329.86,4327.69,4329.38,110,19,0
2026-09-14 07:36:00+00:00,4329.57,4329.82,4328.69,4328.69,97,19,0
2026-09-14 07:37:00+00:00,4328.5,4329.11,4327.32,4327.8,94,19,0
2026-09-14 07:38:00+00:00,4327.84,4327.85,4325.16,4325.26,129,19,0
2026-09-14 07:39:00+00:00,4325.33,4326.86,4325.26,4326.7,116,19,0
2026-09-14 07:40:00+00:00,4326.56,4326.57,4325.17,4325.6,120,19,0
2026-09-14 07:41:00+00:00,4325.58,4325.75,4324.45,4324.78,126,19,0
2026-09-14 07:42:00+00:00,4324.91,4325.24,4324.14,4325.04,126,19,0
2026-09-14 07:43:00+00:00,4325.04,4325.57,4324.19,4324.24,96,19,0
2026-09-14 07:44:00+00:00,4324.29,4324.49,4323.42,4323.47,100,19,0
2026-09-14 07:45:00+00:00,4323.39,4324.25,4323.06,4324.01,124,19,0
2026-09-14 07:46:00+00:00,4323.58,4323.6,4322.92,4323.11,101,19,0
2026-09-14 07:47:00+00:00,4323.1,4323.47,4322.24,4322.47,101,18,0
2026-09-14 07:48:00+00:00,4322.51,4324.64,4322.22,4324.54,119,19,0
2026-09-14 07:49:00+00:00,4324.67,4325.73,4324.35,4324.92,101,19,0
2026-09-14 07:50:00+00:00,4324.92,4325.47,4324.59,4325.0,97,19,0
2026-09-14 07:51:00+00:00,4324.97,4324.97,4323.07,4324.23,110,19,0
2026-09-14 07:52:00+00:00,4324.32,4325.8,4323.79,4324.64,117,19,0
2026-09-14 07:53:00+00:00,4324.69,4326.91,4324.37,4326.58,105,19,0
2026-09-14 07:54:00+00:00,4326.53,4328.24,4326.01,4328.11,105,19,0
2026-09-14 07:55:00+00:00,4328.15,4330.82,4328.15,4330.72,106,19,0
2026-09-14 07:56:00+00:00,4330.65,4331.56,4329.87,4329.97,92,18,0
2026-09-14 07:57:00+00:00,4329.63,4329.81,4328.65,4329.17,94,16,0
2026-09-14 07:58:00+00:00,4329.16,4329.57,4328.74,4329.53,96,13,0
2026-09-14 07:59:00+00:00,4329.58,4329.85,4329.41,4329.55,95,13,0
2026-09-14 08:00:00+00:00,4329.52,4330.14,4329.36,4329.96,83,13,0
2026-09-14 08:01:00+00:00,4329.95,4330.09,4328.78,4328.87,114,17,0
2026-09-14 08:02:00+00:00,4328.82,4328.9,4327.79,4328.08,103,19,0
2026-09-14 08:03:00+00:00,4328.06,4330.03,4327.07,4330.03,107,19,0
2026-09-14 08:04:00+00:00,4330.07,4332.57,4330.07,4332.05,114,19,0
2026-09-14 08:05:00+00:00,4332.02,4332.06,4330.73,4332.03,98,19,0
2026-09-14 08:06:00+00:00,4332.08,4332.18,4330.36,4330.57,118,18,0
2026-09-14 08:07:00+00:00,4330.6,4331.83,4330.01,4331.16,129,19,0
2026-09-14 08:08:00+00:00,4331.3,4332.29,4330.05,4330.5,114,19,0
2026-09-14 08:09:00+00:00,4330.55,4330.73,4328.83,4328.94,114,19,0
2026-09-14 08:10:00+00:00,4328.91,4328.95,4326.6,4326.66,138,17,0
2026-09-14 08:11:00+00:00,4326.68,4327.62,4326.61,4327.04,111,16,0
2026-09-14 08:12:00+00:00,4327.1,4328.5,4326.8,4328.05,100,13,0
2026-09-14 08:13:00+00:00,4328.04,4329.46,4327.82,4329.46,97,13,0
2026-09-14 08:14:00+00:00,4329.45,4330.73,4329.21,4330.73,78,13,0
2026-09-14 08:15:00+00:00,4330.96,4331.86,4330.59,4331.16,102,13,0
2026-09-14 08:16:00+00:00,4331.2,4332.13,4330.96,4331.21,95,13,0
2026-09-14 08:17:00+00:00,4331.09,4331.58,4330.7,4330.7,102,13,0
2026-09-14 08:18:00+00:00,4330.65,4330.82,4329.91,4329.97,94,13,0
2026-09-14 08:19:00+00:00,4329.89,4330.18,4329.6,4329.79,64,19,0
2026-09-14 08:20:00+00:00,4329.7,4330.28,4329.66,4329.73,78,13,0
2026-09-14 08:21:00+00:00,4329.75,4330.03,4329.42,4329.95,79,13,0
2026-09-14 08:22:00+00:00,4329.94,4330.19,4329.51,4329.52,68,13,0
2026-09-14 08:23:00+00:00,4329.53,4329.91,4328.23,4328.29,90,15,0
2026-09-14 08:24:00+00:00,4327.92,4327.93,4326.46,4327.29,104,19,0
2026-09-14 08:25:00+00:00,4327.29,4328.19,4327.06,4327.84,85,19,0
2026-09-14 08:26:00+00:00,4327.81,4328.91,4327.67,4328.69,76,15,0
2026-09-14 08:27:00+00:00,4328.63,4329.03,4327.77,4328.96,94,18,0
2026-09-14 08:28:00+00:00,4328.91,4328.91,4327.33,4327.54,76,18,0
2026-09-14 08:29:00+00:00,4327.46,4328.03,4326.88,4326.89,94,18,0
2026-09-14 08:30:00+00:00,4326.59,4333.64,4325.53,4332.36,200,19,0
2026-09-14 08:31:00+00:00,4332.37,4333.33,4331.95,4332.4,174,19,0
2026-09-14 08:32:00+00:00,4332.35,4334.94,4332.08,4334.44,167,19,0
2026-09-14 08:33:00+00:00,4334.73,4336.68,4334.73,4336.32,165,19,0
2026-09-14 08:34:00+00:00,4336.33,4336.33,4332.43,4332.43,156,19,0
2026-09-14 08:35:00+00:00,4332.4,4336.19,4332.31,4334.69,187,19,0
2026-09-14 08:36:00+00:00,4334.66,4334.91,4332.78,4333.99,173,19,0
2026-09-14 08:37:00+00:00,4333.96,4334.66,4333.58,4334.2,145,19,0
2026-09-14 08:38:00+00:00,4334.17,4336.33,4334.14,4335.3,140,19,0
2026-09-14 08:39:00+00:00,4335.27,4337.04,4335.14,4335.14,156,19,0
2026-09-14 08:40:00+00:00,4335.21,4335.29,4332.4,4333.35,177,19,0
2026-09-14 08:41:00+00:00,4333.28,4333.28,4330.35,4332.23,159,19,0
2026-09-14 08:42:00+00:00,4332.18,4332.48,4326.71,4327.1,185,19,0
2026-09-14 08:43:00+00:00,4327.14,4330.03,4326.44,4329.84,176,19,0
2026-09-14 08:44:00+00:00,4329.79,4331.81,4329.12,4330.97,167,19,0
2026-09-14 08:45:00+00:00,4331.01,4331.99,4329.62,4329.62,163,19,0
2026-09-14 08:46:00+00:00,4329.63,4333.9,4329.63,4330.53,170,19,0
2026-09-14 08:47:00+00:00,4330.56,4331.08,4329.23,4330.61,166,19,0
2026-09-14 08:48:00+00:00,4330.61,4331.32,4326.67,4327.37,165,19,0
2026-09-14 08:49:00+00:00,4327.23,4327.37,4325.29,4326.18,160,19,0
2026-09-14 08:50:00+00:00,4326.32,4327.17,4323.35,4326.97,186,19,0
2026-09-14 08:51:00+00:00,4327.07,4329.53,4327.07,4328.57,160,19,0
2026-09-14 08:52:00+00:00,4328.73,4329.42,4328.03,4329.06,162,19,0
2026-09-14 08:53:00+00:00,4329.09,4332.63,4328.93,4332.37,152,18,0
2026-09-14 08:54:00+00:00,4332.45,4334.66,4332.45,4334.63,158,18,0
2026-09-14 08:55:00+00:00,4334.59,4334.6,4332.88,4333.73,172,19,0
2026-09-14 08:56:00+00:00,4333.69,4336.34,4333.62,4335.32,147,19,0
2026-09-14 08:57:00+00:00,4335.31,4336.31,4334.61,4335.65,160,18,0
2026-09-14 08:58:00+00:00,4335.8,4336.73,4335.03,4336.51,134,18,0
2026-09-14 08:59:00+00:00,4336.41,4337.4,4335.88,4337.34,147,16,0
2026-09-14 09:00:00+00:00,4337.42,4338.63,4336.02,4336.21,194,11,0
2026-09-14 09:01:00+00:00,4336.27,4338.58,4335.39,4338.09,178,14,0
2026-09-14 09:02:00+00:00,4338.0,4338.61,4336.48,4336.82,184,15,0
2026-09-14 09:03:00+00:00,4336.78,4336.84,4335.77,4336.01,149,9,0
2026-09-14 09:04:00+00:00,4335.96,4336.43,4334.32,4334.47,157,8,0
2026-09-14 09:05:00+00:00,4334.36,4336.05,4333.11,4333.62,176,9,0
2026-09-14 09:06:00+00:00,4333.56,4334.42,4331.36,4331.63,173,13,0
2026-09-14 09:07:00+00:00,4331.66,4333.62,4331.05,4333.57,158,11,0
2026-09-14 09:08:00+00:00,4333.5,4334.34,4332.83,4332.91,145,11,0
2026-09-14 09:09:00+00:00,4332.79,4332.79,4331.08,4331.11,162,14,0
2026-09-14 09:10:00+00:00,4330.97,4331.84,4330.35,4331.56,167,11,0
2026-09-14 09:11:00+00:00,4331.57,4333.84,4331.2,4332.51,166,11,0
2026-09-14 09:12:00+00:00,4332.45,4332.75,4328.7,4329.07,157,13,0
2026-09-14 09:13:00+00:00,4329.12,4329.62,4327.16,4327.93,155,16,0
2026-09-14 09:14:00+00:00,4327.97,4330.03,4327.97,4329.97,137,13,0
2026-09-14 09:15:00+00:00,4329.98,4330.02,4328.28,4328.65,150,13,0
2026-09-14 09:16:00+00:00,4328.54,4330.02,4327.75,4329.42,161,13,0
2026-09-14 09:17:00+00:00,4329.35,4330.04,4328.87,4329.21,159,9,0
2026-09-14 09:18:00+00:00,4329.2,4329.36,4328.75,4329.24,148,8,0
2026-09-14 09:19:00+00:00,4329.31,4330.53,4328.46,4330.31,137,8,0
2026-09-14 09:20:00+00:00,4330.12,4331.42,4329.22,4329.25,150,14,0
2026-09-14 09:21:00+00:00,4329.15,4329.15,4327.8,4328.79,162,16,0
2026-09-14 09:22:00+00:00,4328.86,4329.11,4326.96,4327.66,140,16,0
2026-09-14 09:23:00+00:00,4327.75,4329.11,4327.61,4329.07,154,13,0
2026-09-14 09:24:00+00:00,4329.12,4329.88,4328.97,4329.48,146,9,0
2026-09-14 09:25:00+00:00,4329.54,4330.9,4328.9,4330.5,127,8,0
2026-09-14 09:26:00+00:00,4330.38,4331.62,4329.83,4331.55,158,13,0
2026-09-14 09:27:00+00:00,4331.54,4332.52,4330.96,4332.03,151,13,0
2026-09-14 09:28:00+00:00,4332.02,4332.02,4330.06,4330.34,149,13,0
2026-09-14 09:29:00+00:00,4330.43,4331.5,4330.1,4330.31,131,9,0
2026-09-14 09:30:00+00:00,4330.19,4331.01,4329.85,4330.91,148,8,0
2026-09-14 09:31:00+00:00,4330.83,4332.25,4330.76,4331.28,136,9,0
2026-09-14 09:32:00+00:00,4331.26,4331.78,4329.22,4330.26,150,15,0
2026-09-14 09:33:00+00:00,4330.28,4330.98,4329.86,4330.02,141,16,0
2026-09-14 09:34:00+00:00,4329.99,4330.17,4329.25,4330.17,125,9,0
2026-09-14 09:35:00+00:00,4330.21,4330.88,4328.81,4329.18,154,9,0
2026-09-14 09:36:00+00:00,4329.19,4331.39,4329.19,4331.35,121,13,0
2026-09-14 09:37:00+00:00,4331.34,4332.34,4330.71,4330.76,147,15,0
2026-09-14 09:38:00+00:00,4330.77,4331.66,4328.98,4328.98,143,11,0
2026-09-14 09:39:00+00:00,4329.0,4329.16,4327.7,4327.73,158,16,0
2026-09-14 09:40:00+00:00,4327.69,4328.12,4326.93,4327.35,146,9,0
2026-09-14 09:41:00+00:00,4327.31,4327.99,4326.93,4327.12,144,8,0
2026-09-14 09:42:00+00:00,4327.09,4327.12,4325.91,4326.36,156,9,0
2026-09-14 09:43:00+00:00,4326.29,4326.52,4325.25,4325.57,144,8,0
2026-09-14 09:44:00+00:00,4325.59,4327.61,4325.19,4327.27,154,11,0
2026-09-14 09:45:00+00:00,4327.31,4329.7,4327.31,4328.4,165,16,0
2026-09-14 09:46:00+00:00,4328.44,4329.21,4326.2,4328.55,179,16,0
2026-09-14 09:47:00+00:00,4328.44,4329.05,4327.41,4327.53,162,16,0
2026-09-14 09:48:00+00:00,4327.64,4328.49,4327.23,4327.75,153,14,0
2026-09-14 09:49:00+00:00,4327.74,4327.99,4323.99,4324.03,150,13,0
2026-09-14 09:50:00+00:00,4323.9,4325.0,4322.28,4322.64,169,14,0
2026-09-14 09:51:00+00:00,4322.64,4322.99,4322.24,4322.96,150,9,0
2026-09-14 09:52:00+00:00,4322.95,4324.74,4322.76,4324.1,150,8,0
2026-09-14 09:53:00+00:00,4324.05,4324.16,4322.43,4322.66,125,8,0
2026-09-14 09:54:00+00:00,4322.71,4323.52,4322.41,4323.17,124,9,0
2026-09-14 09:55:00+00:00,4323.18,4323.27,4322.24,4323.07,138,9,0
2026-09-14 09:56:00+00:00,4323.0,4323.18,4320.64,4320.77,146,8,0
2026-09-14 09:57:00+00:00,4321.22,4322.51,4320.99,4321.92,177,14,0
2026-09-14 09:58:00+00:00,4321.99,4322.32,4321.15,4321.54,155,15,0
2026-09-14 09:59:00+00:00,4321.57,4322.65,4321.53,4322.18,146,8,0
2026-09-14 10:00:00+00:00,4322.19,4322.29,4320.0,4320.74,193,9,0
2026-09-14 10:01:00+00:00,4320.68,4322.29,4319.86,4319.86,187,16,0
2026-09-14 10:02:00+00:00,4319.85,4321.27,4318.33,4318.39,173,16,0
2026-09-14 10:03:00+00:00,4318.44,4319.46,4317.62,4319.25,173,16,0
2026-09-14 10:04:00+00:00,4319.27,4321.62,4318.56,4321.54,169,16,0
2026-09-14 10:05:00+00:00,4321.48,4322.48,4319.69,4322.09,172,16,0
2026-09-14 10:06:00+00:00,4322.04,4323.11,4321.17,4321.27,146,16,0
2026-09-14 10:07:00+00:00,4321.35,4321.91,4319.79,4320.19,156,14,0
2026-09-14 10:08:00+00:00,4320.11,4320.98,4319.45,4320.82,146,11,0
2026-09-14 10:09:00+00:00,4320.86,4321.52,4318.85,4319.06,168,9,0
2026-09-14 10:10:00+00:00,4318.91,4321.85,4318.67,4321.06,168,14,0
2026-09-14 10:11:00+00:00,4321.03,4322.05,4319.93,4321.98,144,13,0
2026-09-14 10:12:00+00:00,4321.93,4323.37,4321.33,4321.99,143,13,0
2026-09-14 10:13:00+00:00,4322.02,4323.37,4321.17,4323.37,147,11,0
2026-09-14 10:14:00+00:00,4323.29,4324.19,4322.87,4323.89,129,8,0
2026-09-14 10:15:00+00:00,4323.95,4324.22,4321.54,4321.79,148,9,0
2026-09-14 10:16:00+00:00,4322.01,4323.95,4321.87,4322.97,133,8,0
2026-09-14 10:17:00+00:00,4322.87,4323.83,4321.9,4322.36,151,11,0
2026-09-14 10:18:00+00:00,4322.21,4323.06,4321.87,4323.06,132,11,0
2026-09-14 10:19:00+00:00,4322.84,4323.9,4322.48,4323.86,145,8,0
2026-09-14 10:20:00+00:00,4323.76,4323.76,4320.37,4320.76,148,8,0
2026-09-14 10:21:00+00:00,4320.67,4321.72,4319.88,4321.51,140,9,0
2026-09-14 10:22:00+00:00,4321.42,4321.89,4320.62,4321.49,148,9,0
2026-09-14 10:23:00+00:00,4321.36,4322.31,4321.19,4321.95,129,14,0
2026-09-14 10:24:00+00:00,4321.78,4321.78,4319.26,4319.76,134,8,0
2026-09-14 10:25:00+00:00,4319.79,4320.56,4318.67,4318.91,160,9,0
2026-09-14 10:26:00+00:00,4318.94,4321.27,4318.85,4321.1,153,13,0
2026-09-14 10:27:00+00:00,4321.09,4321.63,4318.9,4319.89,133,9,0
2026-09-14 10:28:00+00:00,4319.86,4319.92,4318.35,4318.39,141,16,0
2026-09-14 10:29:00+00:00,4318.32,4318.86,4316.34,4316.75,167,15,0
2026-09-14 10:30:00+00:00,4316.77,4318.19,4316.18,4318.05,159,16,0
2026-09-14 10:31:00+00:00,4318.09,4319.42,4317.67,4319.19,146,15,0
2026-09-14 10:32:00+00:00,4319.11,4319.15,4317.68,4318.04,162,14,0
2026-09-14 10:33:00+00:00,4318.05,4319.08,4316.83,4316.84,112,14,0
2026-09-14 10:34:00+00:00,4316.81,4317.4,4315.98,4317.39,123,8,0
2026-09-14 10:35:00+00:00,4317.47,4317.59,4316.35,4316.75,115,8,0
2026-09-14 10:36:00+00:00,4316.79,4317.92,4316.0,4316.74,133,8,0
2026-09-14 10:37:00+00:00,4316.72,4317.63,4316.5,4316.77,121,8,0
2026-09-14 10:38:00+00:00,4316.81,4318.02,4316.81,4317.41,117,8,0
2026-09-14 10:39:00+00:00,4317.37,4317.92,4315.6,4316.96,151,8,0
2026-09-14 10:40:00+00:00,4316.9,4318.71,4316.87,4317.88,151,16,0
2026-09-14 10:41:00+00:00,4317.87,4318.38,4316.7,4317.64,136,11,0
2026-09-14 10:42:00+00:00,4317.7,4319.09,4317.35,4319.02,132,8,0
2026-09-14 10:43:00+00:00,4319.1,4319.46,4318.21,4318.46,147,8,0
2026-09-14 10:44:00+00:00,4318.48,4319.23,4317.68,4319.19,128,8,0
2026-09-14 10:45:00+00:00,4319.31,4321.95,4318.93,4320.06,139,9,0
2026-09-14 10:46:00+00:00,4320.07,4321.2,4319.81,4319.99,124,15,0
2026-09-14 10:47:00+00:00,4319.97,4320.21,4318.28,4319.01,146,16,0
2026-09-14 10:48:00+00:00,4318.96,4320.93,4316.92,4316.95,157,16,0
2026-09-14 10:49:00+00:00,4316.8,4318.46,4315.96,4317.9,147,16,0
2026-09-14 10:50:00+00:00,4317.83,4319.6,4316.67,4316.67,134,16,0
2026-09-14 10:51:00+00:00,4316.68,4316.68,4311.6,4311.7,179,16,0
2026-09-14 10:52:00+00:00,4311.73,4312.21,4310.9,4311.66,171,16,0
2026-09-14 10:53:00+00:00,4311.61,4312.83,4311.1,4311.45,166,14,0
2026-09-14 10:54:00+00:00,4311.71,4312.56,4311.4,4311.4,125,8,0
2026-09-14 10:55:00+00:00,4311.35,4312.51,4310.01,4310.14,154,8,0
2026-09-14 10:56:00+00:00,4310.16,4310.77,4309.42,4309.55,149,13,0
2026-09-14 10:57:00+00:00,4309.56,4310.12,4308.73,4308.73,142,8,0
2026-09-14 10:58:00+00:00,4308.66,4310.99,4308.02,4310.7,165,8,0
2026-09-14 10:59:00+00:00,4310.67,4311.26,4309.98,4310.85,144,11,0
2026-09-14 11:00:00+00:00,4310.87,4312.44,4310.82,4311.18,194,11,0
2026-09-14 11:01:00+00:00,4311.12,4314.29,4310.94,4313.49,182,16,0
2026-09-14 11:02:00+00:00,4313.48,4314.35,4311.79,4313.22,187,16,0
2026-09-14 11:03:00+00:00,4313.26,4314.1,4311.55,4314.1,175,15,0
2026-09-14 11:04:00+00:00,4314.11,4316.81,4313.88,4314.64,185,8,0
2026-09-14 11:05:00+00:00,4314.75,4317.38,4313.57,4317.11,183,16,0
2026-09-14 11:06:00+00:00,4317.02,4318.2,4316.03,4317.85,162,13,0
2026-09-14 11:07:00+00:00,4317.83,4317.83,4314.43,4314.7,150,11,0
2026-09-14 11:08:00+00:00,4314.68,4315.75,4314.09,4314.76,160,9,0
2026-09-14 11:09:00+00:00,4314.73,4316.5,4314.73,4316.0,151,8,0
2026-09-14 11:10:00+00:00,4315.93,4316.31,4315.18,4315.76,161,8,0
2026-09-14 11:11:00+00:00,4315.73,4315.82,4314.65,4314.97,143,8,0
2026-09-14 11:12:00+00:00,4314.94,4315.03,4313.38,4314.03,144,8,0
2026-09-14 11:13:00+00:00,4314.04,4315.42,4313.32,4313.37,161,8,0
2026-09-14 11:14:00+00:00,4313.29,4313.91,4312.55,4313.38,146,9,0
2026-09-14 11:15:00+00:00,4313.3,4313.3,4311.03,4311.03,168,8,0
2026-09-14 11:16:00+00:00,4310.97,4311.94,4310.69,4311.51,168,11,0
2026-09-14 11:17:00+00:00,4311.48,4311.89,4311.08,4311.19,132,8,0
2026-09-14 11:18:00+00:00,4311.2,4311.69,4310.77,4310.93,131,8,0
2026-09-14 11:19:00+00:00,4310.98,4312.25,4310.27,4311.38,158,8,0
2026-09-14 11:20:00+00:00,4311.25,4313.04,4311.08,4312.25,141,13,0
2026-09-14 11:21:00+00:00,4312.31,4313.19,4312.1,4312.57,134,13,0
2026-09-14 11:22:00+00:00,4312.56,4313.14,4312.03,4312.38,138,9,0
2026-09-14 11:23:00+00:00,4312.33,4313.27,4311.6,4312.47,162,13,0
2026-09-14 11:24:00+00:00,4313.43,4314.38,4312.69,4313.27,146,16,0
2026-09-14 11:25:00+00:00,4313.26,4313.8,4312.27,4312.79,134,16,0
2026-09-14 11:26:00+00:00,4312.69,4313.39,4312.23,4313.21,144,9,0
2026-09-14 11:27:00+00:00,4313.17,4313.67,4312.44,4312.97,137,8,0
2026-09-14 11:28:00+00:00,4312.87,4313.47,4312.21,4312.59,158,8,0
2026-09-14 11:29:00+00:00,4312.55,4312.55,4310.63,4310.63,165,9,0
2026-09-14 11:30:00+00:00,4310.65,4310.65,4309.66,4310.32,186,13,0
2026-09-14 11:31:00+00:00,4310.28,4312.56,4310.08,4312.06,166,13,0
2026-09-14 11:32:00+00:00,4312.0,4313.99,4311.88,4313.91,147,16,0
2026-09-14 11:33:00+00:00,4313.89,4313.89,4310.99,4311.99,162,14,0
2026-09-14 11:34:00+00:00,4312.06,4312.64,4311.85,4312.51,146,9,0
2026-09-14 11:35:00+00:00,4312.61,4313.77,4312.6,4313.77,133,8,0
2026-09-14 11:36:00+00:00,4313.72,4314.06,4313.16,4313.6,109,8,0
2026-09-14 11:37:00+00:00,4313.68,4315.96,4313.45,4314.78,161,8,0
2026-09-14 11:38:00+00:00,4314.74,4314.75,4313.51,4314.01,136,13,0
2026-09-14 11:39:00+00:00,4314.05,4314.89,4311.81,4313.31,150,13,0
2026-09-14 11:40:00+00:00,4313.32,4313.97,4312.03,4313.0,151,16,0
2026-09-14 11:41:00+00:00,4313.02,4313.95,4312.55,4312.71,157,16,0
2026-09-14 11:42:00+00:00,4312.63,4313.34,4311.53,4312.14,144,13,0
2026-09-14 11:43:00+00:00,4312.24,4313.12,4309.71,4309.71,150,13,0
2026-09-14 11:44:00+00:00,4309.69,4312.16,4309.67,4311.8,132,8,0
2026-09-14 11:45:00+00:00,4311.74,4313.32,4311.43,4311.43,156,8,0
2026-09-14 11:46:00+00:00,4311.39,4311.66,4310.54,4310.57,135,8,0
2026-09-14 11:47:00+00:00,4310.55,4311.55,4310.12,4310.83,131,8,0
2026-09-14 11:48:00+00:00,4310.79,4310.79,4309.24,4309.24,133,8,0
2026-09-14 11:49:00+00:00,4309.23,4309.82,4307.18,4309.11,171,8,0
2026-09-14 11:50:00+00:00,4309.18,4309.18,4307.05,4308.09,142,11,0
2026-09-14 11:51:00+00:00,4308.11,4308.18,4306.95,4307.23,167,11,0
2026-09-14 11:52:00+00:00,4307.18,4307.64,4306.81,4307.45,158,8,0
2026-09-14 11:53:00+00:00,4307.4,4307.4,4305.89,4305.89,144,8,0
2026-09-14 11:54:00+00:00,4305.86,4306.55,4305.86,4306.32,121,8,0
2026-09-14 11:55:00+00:00,4306.41,4306.76,4305.67,4305.67,125,8,0
2026-09-14 11:56:00+00:00,4305.75,4305.85,4303.58,4303.94,154,8,0
2026-09-14 11:57:00+00:00,4303.83,4304.79,4303.29,4304.73,134,13,0
2026-09-14 11:58:00+00:00,4304.78,4306.3,4304.36,4305.93,155,16,0
2026-09-14 11:59:00+00:00,4305.86,4307.24,4305.74,4306.6,159,15,0
2026-09-14 12:00:00+00:00,4306.63,4309.59,4305.2,4309.54,190,16,0
2026-09-14 12:01:00+00:00,4309.55,4311.65,4309.25,4311.61,177,16,0
2026-09-14 12:02:00+00:00,4311.62,4311.62,4308.67,4308.76,183,16,0
2026-09-14 12:03:00+00:00,4308.63,4310.66,4307.79,4310.47,148,16,0
2026-09-14 12:04:00+00:00,4310.57,4311.22,4308.84,4309.11,125,16,0
2026-09-14 12:05:00+00:00,4309.1,4310.18,4308.82,4309.23,138,11,0
2026-09-14 12:06:00+00:00,4309.29,4309.59,4308.58,4308.63,129,9,0
2026-09-14 12:07:00+00:00,4308.56,4309.45,4308.2,4308.56,114,8,0
2026-09-14 12:08:00+00:00,4308.62,4309.54,4308.35,4309.32,112,8,0
2026-09-14 12:09:00+00:00,4309.31,4311.05,4308.14,4310.35,160,9,0
2026-09-14 12:10:00+00:00,4310.31,4310.35,4308.1,4309.07,163,16,0
2026-09-14 12:11:00+00:00,4309.08,4309.08,4306.33,4306.33,140,13,0
2026-09-14 12:12:00+00:00,4306.28,4306.8,4305.76,4306.49,142,8,0
2026-09-14 12:13:00+00:00,4306.47,4306.48,4305.5,4306.01,141,8,0
2026-09-14 12:14:00+00:00,4306.07,4306.34,4305.04,4305.87,116,8,0
2026-09-14 12:15:00+00:00,4305.78,4306.0,4303.1,4303.41,148,8,0
2026-09-14 12:16:00+00:00,4303.36,4303.88,4302.37,4302.37,164,9,0
2026-09-14 12:17:00+00:00,4302.33,4302.38,4299.53,4301.09,176,16,0
2026-09-14 12:18:00+00:00,4301.05,4301.23,4297.4,4297.47,162,16,0
2026-09-14 12:19:00+00:00,4297.43,4297.76,4287.09,4292.51,211,16,0
2026-09-14 12:20:00+00:00,4292.67,4292.96,4290.02,4292.62,199,16,0
2026-09-14 12:21:00+00:00,4292.54,4292.57,4289.37,4289.91,174,16,0
2026-09-14 12:22:00+00:00,4289.91,4290.79,4286.87,4287.28,175,16,0
2026-09-14 12:23:00+00:00,4287.3,4289.3,4287.02,4288.89,189,15,0
2026-09-14 12:24:00+00:00,4288.88,4288.88,4286.2,4287.73,190,14,0
2026-09-14 12:25:00+00:00,4287.67,4288.01,4285.21,4285.21,181,14,0
2026-09-14 12:26:00+00:00,4285.16,4285.16,4280.56,4283.03,200,14,0
2026-09-14 12:27:00+00:00,4283.04,4283.54,4282.16,4283.51,181,16,0
2026-09-14 12:28:00+00:00,4283.42,4284.94,4283.3,4284.73,193,14,0
2026-09-14 12:29:00+00:00,4284.7,4288.4,4284.07,4287.99,182,14,0
2026-09-14 12:30:00+00:00,4287.94,4288.54,4286.21,4288.51,193,15,0
2026-09-14 12:31:00+00:00,4288.48,4289.67,4284.51,4285.86,183,16,0
2026-09-14 12:32:00+00:00,4285.9,4286.94,4283.36,4283.65,171,14,0
2026-09-14 12:33:00+00:00,4283.66,4286.44,4283.64,4286.25,175,14,0
2026-09-14 12:34:00+00:00,4286.23,4288.06,4285.44,4287.72,161,13,0
2026-09-14 12:35:00+00:00,4287.7,4288.66,4286.0,4286.14,164,11,0
2026-09-14 12:36:00+00:00,4286.2,4287.54,4284.87,4287.26,159,13,0
2026-09-14 12:37:00+00:00,4287.33,4288.26,4285.29,4286.6,168,14,0
2026-09-14 12:38:00+00:00,4286.69,4287.62,4283.97,4284.29,172,13,0
2026-09-14 12:39:00+00:00,4284.32,4284.36,4279.38,4282.15,198,15,0
2026-09-14 12:40:00+00:00,4282.22,4287.21,4280.62,4280.88,202,16,0
2026-09-14 12:41:00+00:00,4280.83,4284.12,4280.56,4283.93,194,16,0
2026-09-14 12:42:00+00:00,4283.96,4286.64,4283.69,4285.82,172,13,0
2026-09-14 12:43:00+00:00,4285.79,4286.31,4284.18,4285.52,161,9,0
2026-09-14 12:44:00+00:00,4285.53,4285.62,4281.37,4281.45,158,9,0
2026-09-14 12:45:00+00:00,4281.44,4282.31,4279.28,4280.52,178,9,0
2026-09-14 12:46:00+00:00,4280.54,4282.05,4280.31,4281.54,176,13,0
2026-09-14 12:47:00+00:00,4281.55,4284.42,4280.67,4282.03,169,11,0
2026-09-14 12:48:00+00:00,4282.08,4282.13,4280.82,4280.9,159,11,0
2026-09-14 12:49:00+00:00,4281.11,4281.8,4279.58,4281.8,145,9,0
2026-09-14 12:50:00+00:00,4281.84,4283.79,4280.69,4280.7,150,8,0
2026-09-14 12:51:00+00:00,4280.85,4281.81,4278.76,4281.35,175,15,0
2026-09-14 12:52:00+00:00,4281.22,4283.62,4281.16,4283.13,158,11,0
2026-09-14 12:53:00+00:00,4283.16,4285.12,4283.02,4284.62,143,8,0
2026-09-14 12:54:00+00:00,4284.65,4287.74,4284.1,4287.47,155,8,0
2026-09-14 12:55:00+00:00,4287.52,4288.29,4286.72,4286.72,172,9,0
2026-09-14 12:56:00+00:00,4286.11,4287.35,4284.96,4287.13,155,11,0
2026-09-14 12:57:00+00:00,4287.06,4287.73,4286.1,4286.13,143,11,0
2026-09-14 12:58:00+00:00,4286.11,4287.35,4285.35,4285.37,164,11,0
2026-09-14 12:59:00+00:00,4285.35,4285.73,4284.51,4285.73,165,11,0
2026-09-14 13:00:00+00:00,4285.52,4285.97,4283.29,4283.82,176,13,0
2026-09-14 13:01:00+00:00,4283.53,4284.15,4281.41,4281.51,175,16,0
2026-09-14 13:02:00+00:00,4281.5,4282.4,4280.25,4281.16,180,16,0
2026-09-14 13:03:00+00:00,4281.17,4281.46,4278.38,4279.14,179,15,0
2026-09-14 13:04:00+00:00,4279.76,4282.22,4279.09,4281.58,183,16,0
2026-09-14 13:05:00+00:00,4281.58,4284.54,4281.58,4283.69,157,16,0
2026-09-14 13:06:00+00:00,4283.59,4283.97,4282.19,4282.36,154,13,0
2026-09-14 13:07:00+00:00,4282.38,4285.54,4282.38,4284.7,145,13,0
2026-09-14 13:08:00+00:00,4284.68,4285.09,4283.95,4284.81,140,11,0
2026-09-14 13:09:00+00:00,4284.82,4286.07,4284.11,4286.07,153,9,0
2026-09-14 13:10:00+00:00,4286.05,4286.66,4285.61,4286.46,128,9,0
2026-09-14 13:11:00+00:00,4286.34,4287.87,4285.99,4287.79,130,8,0
2026-09-14 13:12:00+00:00,4287.78,4288.49,4287.12,4287.54,136,9,0
2026-09-14 13:13:00+00:00,4287.49,4288.5,4287.44,4288.41,124,9,0
2026-09-14 13:14:00+00:00,4288.44,4289.29,4287.6,4288.53,141,9,0
2026-09-14 13:15:00+00:00,4288.43,4288.98,4287.55,4287.98,142,14,0
2026-09-14 13:16:00+00:00,4287.54,4287.59,4286.07,4287.12,136,13,0
2026-09-14 13:17:00+00:00,4287.14,4288.03,4286.65,4287.68,138,13,0
2026-09-14 13:18:00+00:00,4287.73,4290.16,4287.73,4289.91,124,14,0
2026-09-14 13:19:00+00:00,4289.92,4290.86,4288.04,4290.05,155,15,0
2026-09-14 13:20:00+00:00,4290.04,4290.07,4286.84,4287.0,117,15,0
2026-09-14 13:21:00+00:00,4286.88,4287.27,4285.88,4286.89,149,16,0
2026-09-14 13:22:00+00:00,4286.86,4288.25,4286.25,4287.14,139,13,0
2026-09-14 13:23:00+00:00,4286.91,4288.97,4286.48,4288.57,131,14,0
2026-09-14 13:24:00+00:00,4288.59,4289.32,4287.76,4289.05,133,13,0
2026-09-14 13:25:00+00:00,4289.15,4291.61,4289.0,4291.37,126,9,0
2026-09-14 13:26:00+00:00,4291.3,4292.58,4290.84,4292.23,131,11,0
2026-09-14 13:27:00+00:00,4292.28,4292.36,4290.48,4290.74,107,9,0
2026-09-14 13:28:00+00:00,4291.13,4291.7,4290.71,4291.15,104,11,0
2026-09-14 13:29:00+00:00,4291.2,4291.4,4290.44,4291.14,100,11,0
2026-09-14 13:30:00+00:00,4291.16,4291.58,4290.44,4290.98,125,13,0
2026-09-14 13:31:00+00:00,4290.97,4291.51,4289.31,4290.34,127,11,0
2026-09-14 13:32:00+00:00,4290.32,4291.86,4290.32,4291.18,124,14,0
2026-09-14 13:33:00+00:00,4291.21,4292.41,4291.21,4291.93,113,11,0
2026-09-14 13:34:00+00:00,4291.98,4292.71,4291.09,4291.13,109,9,0
2026-09-14 13:35:00+00:00,4291.12,4292.29,4291.01,4292.29,105,15,0
2026-09-14 13:36:00+00:00,4292.13,4292.64,4292.03,4292.41,97,9,0
2026-09-14 13:37:00+00:00,4292.45,4293.15,4291.25,4291.63,120,9,0
2026-09-14 13:38:00+00:00,4291.56,4293.32,4291.5,4293.2,118,13,0
2026-09-14 13:39:00+00:00,4293.22,4293.85,4293.14,4293.41,92,11,0
2026-09-14 13:40:00+00:00,4293.39,4293.77,4293.02,4293.19,119,11,0
2026-09-14 13:41:00+00:00,4293.13,4294.3,4293.13,4294.25,102,13,0
2026-09-14 13:42:00+00:00,4294.18,4294.93,4294.17,4294.38,99,13,0
2026-09-14 13:43:00+00:00,4294.34,4294.34,4293.28,4293.28,105,9,0
2026-09-14 13:44:00+00:00,4293.27,4294.35,4293.2,4293.92,131,13,0
2026-09-14 13:45:00+00:00,4293.88,4294.52,4293.64,4294.49,108,14,0
2026-09-14 13:46:00+00:00,4294.51,4294.63,4292.94,4293.36,112,15,0
2026-09-14 13:47:00+00:00,4293.59,4293.96,4292.12,4292.25,112,16,0
2026-09-14 13:48:00+00:00,4292.32,4292.94,4292.05,4292.76,101,16,0
2026-09-14 13:49:00+00:00,4292.7,4292.96,4292.0,4292.66,90,14,0
2026-09-14 13:50:00+00:00,4292.74,4292.81,4291.3,4291.9,120,13,0
2026-09-14 13:51:00+00:00,4291.95,4293.26,4291.85,4292.3,115,16,0
2026-09-14 13:52:00+00:00,4292.26,4292.26,4291.47,4291.76,103,16,0
2026-09-14 13:53:00+00:00,4291.87,4293.02,4291.87,4292.42,92,15,0
2026-09-14 13:54:00+00:00,4292.44,4292.68,4291.51,4291.72,98,11,0
2026-09-14 13:55:00+00:00,4291.71,4291.81,4290.17,4291.7,139,13,0
2026-09-14 13:56:00+00:00,4291.74,4293.96,4291.74,4293.7,119,16,0
2026-09-14 13:57:00+00:00,4293.83,4295.02,4293.83,4294.45,124,14,0
2026-09-14 13:58:00+00:00,4294.42,4296.34,4293.87,4296.09,138,13,0
2026-09-14 13:59:00+00:00,4295.92,4296.52,4294.59,4294.74,128,13,0
2026-09-14 14:00:00+00:00,4294.74,4295.0,4293.39,4294.45,177,14,0
2026-09-14 14:01:00+00:00,4294.52,4295.83,4294.34,4295.04,146,16,0
2026-09-14 14:02:00+00:00,4295.03,4296.27,4294.98,4295.64,145,15,0
2026-09-14 14:03:00+00:00,4295.63,4296.54,4294.13,4296.37,150,14,0
2026-09-14 14:04:00+00:00,4296.32,4296.77,4295.43,4296.77,151,14,0
2026-09-14 14:05:00+00:00,4296.81,4296.85,4295.24,4295.44,143,9,0
2026-09-14 14:06:00+00:00,4295.39,4296.74,4295.0,4295.34,133,8,0
2026-09-14 14:07:00+00:00,4295.49,4295.49,4293.39,4294.38,124,11,0
2026-09-14 14:08:00+00:00,4294.41,4295.54,4293.71,4295.05,146,16,0
2026-09-14 14:09:00+00:00,4295.06,4295.64,4294.37,4294.86,145,16,0
2026-09-14 14:10:00+00:00,4294.84,4294.85,4292.27,4292.27,146,14,0
2026-09-14 14:11:00+00:00,4292.31,4293.86,4291.84,4292.68,170,16,0
2026-09-14 14:12:00+00:00,4292.69,4293.55,4292.2,4292.21,101,16,0
2026-09-14 14:13:00+00:00,4292.2,4292.55,4291.33,4291.81,113,14,0
2026-09-14 14:14:00+00:00,4292.0,4292.35,4291.17,4292.22,117,8,0
2026-09-14 14:15:00+00:00,4292.24,4293.47,4291.17,4293.36,131,16,0
2026-09-14 14:16:00+00:00,4293.37,4294.04,4292.17,4292.68,123,16,0
2026-09-14 14:17:00+00:00,4292.64,4295.51,4292.61,4294.72,136,16,0
2026-09-14 14:18:00+00:00,4294.69,4295.15,4294.04,4294.62,110,8,0
2026-09-14 14:19:00+00:00,4294.68,4295.62,4294.67,4295.53,106,8,0
2026-09-14 14:20:00+00:00,4295.53,4296.38,4295.53,4296.2,108,8,0
2026-09-14 14:21:00+00:00,4296.12,4296.12,4294.12,4294.99,120,8,0
2026-09-14 14:22:00+00:00,4294.97,4296.42,4294.91,4296.31,116,8,0
2026-09-14 14:23:00+00:00,4296.23,4296.66,4296.1,4296.47,93,8,0
2026-09-14 14:24:00+00:00,4296.42,4296.86,4296.38,4296.74,88,8,0
2026-09-14 14:25:00+00:00,4296.72,4296.73,4295.96,4296.57,107,8,0
2026-09-14 14:26:00+00:00,4296.58,4296.79,4296.1,4296.1,82,8,0
2026-09-14 14:27:00+00:00,4296.17,4296.64,4296.12,4296.16,98,8,0
2026-09-14 14:28:00+00:00,4296.18,4296.62,4295.63,4296.35,102,9,0
2026-09-14 14:29:00+00:00,4296.17,4296.32,4295.91,4296.13,81,13,0
2026-09-14 14:30:00+00:00,4296.02,4296.45,4295.77,4296.1,119,13,0
2026-09-14 14:31:00+00:00,4296.08,4296.82,4295.94,4296.46,114,15,0
2026-09-14 14:32:00+00:00,4296.52,4296.8,4295.46,4295.67,114,14,0
2026-09-14 14:33:00+00:00,4295.66,4295.86,4294.03,4294.84,143,16,0
2026-09-14 14:34:00+00:00,4294.9,4295.46,4294.04,4294.81,128,16,0
2026-09-14 14:35:00+00:00,4294.82,4295.0,4293.74,4293.85,127,16,0
2026-09-14 14:36:00+00:00,4293.84,4294.19,4293.31,4293.5,121,15,0
2026-09-14 14:37:00+00:00,4293.48,4293.74,4292.21,4293.06,148,16,0
2026-09-14 14:38:00+00:00,4293.05,4293.72,4292.79,4293.3,113,13,0
2026-09-14 14:39:00+00:00,4293.34,4293.53,4292.97,4293.13,107,11,0
2026-09-14 14:40:00+00:00,4293.15,4293.86,4293.15,4293.75,128,8,0
2026-09-14 14:41:00+00:00,4293.76,4294.87,4292.16,4292.66,143,14,0
2026-09-14 14:42:00+00:00,4292.62,4293.86,4292.6,4293.62,116,16,0
2026-09-14 14:43:00+00:00,4293.61,4294.36,4293.2,4294.19,116,15,0
2026-09-14 14:44:00+00:00,4294.2,4294.2,4292.2,4292.38,124,13,0
2026-09-14 14:45:00+00:00,4292.39,4293.2,4292.31,4292.98,113,13,0
2026-09-14 14:46:00+00:00,4293.09,4293.15,4291.8,4291.95,110,8,0
2026-09-14 14:47:00+00:00,4291.95,4292.99,4291.79,4292.97,113,8,0
2026-09-14 14:48:00+00:00,4293.07,4293.18,4291.78,4292.64,131,8,0
2026-09-14 14:49:00+00:00,4292.49,4293.77,4292.46,4293.37,99,15,0
2026-09-14 14:50:00+00:00,4293.36,4293.36,4291.1,4291.43,141,16,0
2026-09-14 14:51:00+00:00,4291.42,4291.56,4289.42,4289.88,144,15,0
2026-09-14 14:52:00+00:00,4289.94,4290.16,4288.09,4288.29,136,16,0
2026-09-14 14:53:00+00:00,4288.26,4288.26,4286.75,4287.31,139,16,0
2026-09-14 14:54:00+00:00,4287.35,4288.35,4287.28,4287.52,136,16,0
2026-09-14 14:55:00+00:00,4287.55,4288.28,4286.29,4286.29,162,16,0
2026-09-14 14:56:00+00:00,4286.27,4286.63,4284.36,4284.78,155,16,0
2026-09-14 14:57:00+00:00,4284.74,4285.93,4284.71,4284.9,129,16,0
2026-09-14 14:58:00+00:00,4285.12,4285.48,4284.63,4284.92,114,8,0
2026-09-14 14:59:00+00:00,4284.95,4287.45,4284.91,4287.01,133,8,0
2026-09-14 15:00:00+00:00,4287.1,4289.36,4286.5,4289.36,158,16,0
2026-09-14 15:01:00+00:00,4289.41,4290.19,4289.18,4289.75,141,16,0
2026-09-14 15:02:00+00:00,4289.68,4289.84,4287.99,4288.18,128,15,0
2026-09-14 15:03:00+00:00,4288.23,4288.23,4285.23,4285.23,131,16,0
2026-09-14 15:04:00+00:00,4285.28,4287.18,4285.1,4287.18,146,15,0
2026-09-14 15:05:00+00:00,4287.17,4287.32,4286.18,4286.98,152,15,0
2026-09-14 15:06:00+00:00,4286.99,4287.75,4286.08,4287.47,154,16,0
2026-09-14 15:07:00+00:00,4287.48,4290.81,4287.48,4290.4,165,16,0
2026-09-14 15:08:00+00:00,4290.43,4292.8,4290.43,4291.96,151,16,0
2026-09-14 15:09:00+00:00,4291.94,4294.27,4291.94,4293.62,158,16,0
2026-09-14 15:10:00+00:00,4293.63,4296.14,4292.1,4295.79,153,16,0
2026-09-14 15:11:00+00:00,4295.79,4296.52,4295.79,4296.09,142,15,0
2026-09-14 15:12:00+00:00,4296.15,4296.71,4295.53,4295.76,131,14,0
2026-09-14 15:13:00+00:00,4295.78,4295.94,4293.58,4293.63,162,14,0
2026-09-14 15:14:00+00:00,4293.66,4294.66,4292.85,4294.64,155,15,0
2026-09-14 15:15:00+00:00,4294.71,4296.32,4294.57,4295.89,148,14,0
2026-09-14 15:16:00+00:00,4295.87,4297.51,4291.34,4294.08,163,14,0
2026-09-14 15:17:00+00:00,4293.7,4296.01,4293.24,4295.72,215,16,0
2026-09-14 15:18:00+00:00,4295.58,4295.83,4291.54,4291.54,170,16,0
2026-09-14 15:19:00+00:00,4291.58,4294.05,4289.98,4290.39,193,16,0
2026-09-14 15:20:00+00:00,4290.3,4290.56,4287.14,4287.75,198,16,0
2026-09-14 15:21:00+00:00,4287.78,4288.34,4286.2,4286.2,174,16,0
2026-09-14 15:22:00+00:00,4286.18,4287.85,4285.74,4286.89,183,15,0
2026-09-14 15:23:00+00:00,4287.02,4288.61,4286.12,4286.68,180,16,0
2026-09-14 15:24:00+00:00,4286.64,4287.05,4284.89,4285.92,166,16,0
2026-09-14 15:25:00+00:00,4285.9,4286.42,4283.7,4284.22,177,15,0
2026-09-14 15:26:00+00:00,4284.23,4286.35,4284.19,4285.87,183,15,0
2026-09-14 15:27:00+00:00,4285.82,4286.53,4285.38,4285.58,154,14,0
2026-09-14 15:28:00+00:00,4285.59,4287.28,4285.23,4286.3,163,13,0
2026-09-14 15:29:00+00:00,4286.29,4287.93,4285.62,4286.04,170,15,0
2026-09-14 15:30:00+00:00,4286.06,4287.56,4283.42,4285.2,196,15,0
2026-09-14 15:31:00+00:00,4285.15,4289.18,4284.04,4288.8,194,16,0
2026-09-14 15:32:00+00:00,4288.84,4289.08,4284.58,4285.88,169,16,0
2026-09-14 15:33:00+00:00,4285.96,4286.7,4285.33,4285.75,175,14,0
2026-09-14 15:34:00+00:00,4285.71,4288.28,4285.18,4288.02,181,13,0
2026-09-14 15:35:00+00:00,4288.02,4289.49,4280.73,4281.49,217,16,0
2026-09-14 15:36:00+00:00,4280.75,4280.96,4274.07,4278.56,225,16,0
2026-09-14 15:37:00+00:00,4278.54,4279.22,4273.65,4276.26,221,16,0
2026-09-14 15:38:00+00:00,4276.29,4277.19,4273.54,4276.42,216,16,0
2026-09-14 15:39:00+00:00,4276.54,4281.48,4276.54,4278.22,211,16,0
2026-09-14 15:40:00+00:00,4278.12,4282.78,4277.14,4282.49,206,15,0
2026-09-14 15:41:00+00:00,4282.43,4283.45,4276.54,4281.37,206,15,0
2026-09-14 15:42:00+00:00,4281.08,4284.08,4279.87,4282.31,196,16,0
2026-09-14 15:43:00+00:00,4282.37,4286.7,4282.36,4285.78,207,15,0
2026-09-14 15:44:00+00:00,4285.77,4286.52,4283.38,4283.75,183,13,0
2026-09-14 15:45:00+00:00,4283.3,4283.51,4281.17,4281.32,199,13,0
2026-09-14 15:46:00+00:00,4281.3,4281.67,4278.86,4279.73,197,13,0
2026-09-14 15:47:00+00:00,4279.77,4281.93,4279.71,4281.25,183,9,0
2026-09-14 15:48:00+00:00,4281.2,4281.2,4277.35,4277.39,159,9,0
2026-09-14 15:49:00+00:00,4277.43,4279.11,4276.44,4278.68,192,9,0
2026-09-14 15:50:00+00:00,4278.66,4279.11,4276.3,4277.71,178,13,0
2026-09-14 15:51:00+00:00,4277.72,4277.73,4273.86,4274.04,180,13,0
2026-09-14 15:52:00+00:00,4274.04,4275.36,4273.73,4274.3,181,11,0
2026-09-14 15:53:00+00:00,4274.37,4274.65,4269.18,4269.18,185,8,0
2026-09-14 15:54:00+00:00,4269.28,4269.95,4267.98,4269.77,196,15,0
2026-09-14 15:55:00+00:00,4269.85,4270.85,4266.54,4266.54,202,14,0
2026-09-14 15:56:00+00:00,4266.56,4268.18,4265.92,4266.37,197,14,0
2026-09-14 15:57:00+00:00,4266.38,4270.19,4266.19,4269.89,187,13,0
2026-09-14 15:58:00+00:00,4269.85,4271.94,4268.98,4271.24,172,13,0
2026-09-14 15:59:00+00:00,4270.88,4271.67,4268.49,4271.08,182,14,0
2026-09-14 16:00:00+00:00,4270.97,4272.64,4267.22,4270.49,212,16,0
2026-09-14 16:01:00+00:00,4270.32,4271.23,4266.81,4269.63,224,16,0
2026-09-14 16:02:00+00:00,4270.02,4272.17,4269.5,4269.72,211,16,0
2026-09-14 16:03:00+00:00,4269.93,4272.21,4266.87,4266.87,220,16,0
2026-09-14 16:04:00+00:00,4266.95,4268.92,4265.64,4267.82,221,16,0
2026-09-14 16:05:00+00:00,4267.8,4270.2,4266.91,4268.31,212,15,0
2026-09-14 16:06:00+00:00,4268.35,4270.31,4266.4,4266.48,212,13,0
2026-09-14 16:07:00+00:00,4266.17,4267.0,4262.52,4262.52,213,14,0
2026-09-14 16:08:00+00:00,4262.53,4262.98,4254.62,4254.62,213,11,0
2026-09-14 16:09:00+00:00,4254.73,4261.5,4253.63,4260.11,211,16,0
2026-09-14 16:10:00+00:00,4260.31,4262.19,4259.69,4261.96,208,16,0
2026-09-14 16:11:00+00:00,4262.02,4265.79,4261.95,4265.1,214,14,0
2026-09-14 16:12:00+00:00,4265.16,4265.4,4261.94,4263.75,206,14,0
2026-09-14 16:13:00+00:00,4263.72,4266.97,4263.56,4266.69,186,11,0
2026-09-14 16:14:00+00:00,4266.85,4268.49,4266.4,4266.42,169,8,0
2026-09-14 16:15:00+00:00,4266.4,4266.4,4263.9,4265.61,175,8,0
2026-09-14 16:16:00+00:00,4265.6,4267.98,4265.6,4267.61,183,8,0
2026-09-14 16:17:00+00:00,4267.64,4269.49,4267.64,4269.26,185,8,0
2026-09-14 16:18:00+00:00,4269.42,4272.01,4268.93,4271.63,165,8,0
2026-09-14 16:19:00+00:00,4271.64,4272.95,4269.46,4272.89,187,8,0
2026-09-14 16:20:00+00:00,4273.16,4274.75,4272.69,4273.56,187,8,0
2026-09-14 16:21:00+00:00,4273.68,4274.16,4272.22,4273.53,178,8,0
2026-09-14 16:22:00+00:00,4273.55,4275.83,4273.11,4275.4,177,9,0
2026-09-14 16:23:00+00:00,4275.41,4275.61,4274.56,4275.05,185,9,0
2026-09-14 16:24:00+00:00,4275.01,4277.21,4275.01,4276.04,163,8,0
2026-09-14 16:25:00+00:00,4276.03,4276.94,4275.74,4276.3,174,9,0
2026-09-14 16:26:00+00:00,4276.32,4277.68,4274.33,4275.49,190,13,0
2026-09-14 16:27:00+00:00,4275.48,4275.73,4271.62,4271.77,178,14,0
2026-09-14 16:28:00+00:00,4271.8,4273.15,4271.29,4273.11,187,14,0
2026-09-14 16:29:00+00:00,4273.08,4274.2,4272.01,4273.19,171,15,0
2026-09-14 16:30:00+00:00,4275.77,4276.16,4272.05,4275.94,227,16,0
2026-09-14 16:31:00+00:00,4275.97,4278.33,4275.03,4275.03,221,16,0
2026-09-14 16:32:00+00:00,4275.13,4277.72,4273.44,4277.72,218,16,0
2026-09-14 16:33:00+00:00,4277.71,4278.04,4274.39,4274.9,210,16,0
2026-09-14 16:34:00+00:00,4274.8,4274.88,4272.21,4272.26,211,16,0
2026-09-14 16:35:00+00:00,4272.25,4274.44,4271.24,4272.92,224,16,0
2026-09-14 16:36:00+00:00,4272.94,4273.03,4270.6,4271.67,218,16,0
2026-09-14 16:37:00+00:00,4271.64,4274.84,4271.63,4273.38,204,14,0
2026-09-14 16:38:00+00:00,4273.51,4273.71,4269.47,4270.96,208,16,0
2026-09-14 16:39:00+00:00,4271.09,4272.22,4268.64,4268.72,201,15,0
2026-09-14 16:40:00+00:00,4268.67,4270.44,4268.67,4269.99,200,9,0
2026-09-14 16:41:00+00:00,4269.88,4270.05,4267.11,4269.96,215,11,0
2026-09-14 16:42:00+00:00,4269.95,4270.34,4267.73,4269.7,211,13,0
2026-09-14 16:43:00+00:00,4269.62,4272.54,4268.59,4272.28,209,14,0
2026-09-14 16:44:00+00:00,4272.32,4275.02,4271.93,4274.8,202,15,0
2026-09-14 16:45:00+00:00,4275.01,4277.35,4274.53,4275.3,218,14,0
2026-09-14 16:46:00+00:00,4275.2,4275.97,4271.88,4275.53,199,16,0
2026-09-14 16:47:00+00:00,4275.68,4281.04,4275.46,4280.71,214,15,0
2026-09-14 16:48:00+00:00,4280.75,4281.13,4278.1,4278.31,214,14,0
2026-09-14 16:49:00+00:00,4278.1,4279.97,4276.38,4276.74,220,14,0
2026-09-14 16:50:00+00:00,4276.65,4279.3,4276.28,4277.13,218,14,0
2026-09-14 16:51:00+00:00,4277.12,4278.45,4274.92,4275.38,212,11,0
2026-09-14 16:52:00+00:00,4275.55,4281.04,4275.26,4278.62,217,14,0
2026-09-14 16:53:00+00:00,4278.49,4279.5,4276.1,4276.55,217,16,0
2026-09-14 16:54:00+00:00,4276.54,4276.54,4270.71,4273.13,216,14,0
2026-09-14 16:55:00+00:00,4273.14,4274.86,4272.08,4274.08,206,9,0
2026-09-14 16:56:00+00:00,4274.13,4275.74,4270.84,4271.5,197,9,0
2026-09-14 16:57:00+00:00,4271.43,4272.29,4270.64,4271.78,204,8,0
2026-09-14 16:58:00+00:00,4271.82,4273.5,4269.85,4271.27,199,8,0
2026-09-14 16:59:00+00:00,4271.36,4273.1,4271.33,4272.73,198,8,0
2026-09-14 17:00:00+00:00,4272.71,4275.89,4270.96,4271.31,215,8,0
2026-09-14 17:01:00+00:00,4271.32,4273.53,4269.91,4272.41,215,14,0
2026-09-14 17:02:00+00:00,4272.15,4272.54,4269.5,4269.5,217,13,0
2026-09-14 17:03:00+00:00,4269.46,4270.76,4266.12,4266.26,197,8,0
2026-09-14 17:04:00+00:00,4266.19,4267.86,4266.11,4267.74,200,8,0
2026-09-14 17:05:00+00:00,4267.66,4267.8,4265.1,4265.43,213,8,0
2026-09-14 17:06:00+00:00,4265.51,4269.76,4265.13,4269.16,203,8,0
2026-09-14 17:07:00+00:00,4268.7,4270.42,4267.43,4269.01,201,8,0
2026-09-14 17:08:00+00:00,4268.93,4271.44,4268.6,4269.32,207,8,0
2026-09-14 17:09:00+00:00,4269.51,4271.28,4268.78,4271.24,213,8,0
2026-09-14 17:10:00+00:00,4271.23,4275.25,4271.14,4274.21,206,8,0
2026-09-14 17:11:00+00:00,4274.26,4276.42,4273.38,4273.88,201,9,0
2026-09-14 17:12:00+00:00,4273.86,4274.02,4271.47,4273.26,200,14,0
2026-09-14 17:13:00+00:00,4273.42,4279.09,4272.95,4278.42,213,16,0
2026-09-14 17:14:00+00:00,4278.35,4282.03,4277.74,4281.94,204,16,0
2026-09-14 17:15:00+00:00,4281.82,4282.97,4280.33,4280.35,196,14,0
2026-09-14 17:16:00+00:00,4280.37,4280.58,4276.64,4277.42,202,8,0
2026-09-14 17:17:00+00:00,4277.44,4278.65,4274.92,4275.24,192,8,0
2026-09-14 17:18:00+00:00,4275.22,4275.22,4273.21,4273.3,200,8,0
2026-09-14 17:19:00+00:00,4273.45,4276.24,4273.02,4276.24,183,8,0
2026-09-14 17:20:00+00:00,4276.12,4276.12,4272.51,4272.51,198,8,0
2026-09-14 17:21:00+00:00,4272.5,4272.99,4268.59,4269.45,206,9,0
2026-09-14 17:22:00+00:00,4269.47,4270.5,4268.39,4268.68,199,8,0
2026-09-14 17:23:00+00:00,4268.65,4268.92,4265.76,4267.53,214,11,0
2026-09-14 17:24:00+00:00,4267.7,4267.77,4264.56,4264.91,202,15,0
2026-09-14 17:25:00+00:00,4264.88,4267.37,4264.79,4265.55,207,15,0
2026-09-14 17:26:00+00:00,4265.49,4265.75,4264.34,4264.95,200,13,0
2026-09-14 17:27:00+00:00,4264.97,4266.53,4264.16,4265.86,195,9,0
2026-09-14 17:28:00+00:00,4265.89,4269.29,4265.66,4268.25,206,13,0
2026-09-14 17:29:00+00:00,4268.28,4269.9,4267.74,4269.9,185,11,0
2026-09-14 17:30:00+00:00,4270.04,4271.17,4267.98,4268.17,199,11,0
2026-09-14 17:31:00+00:00,4267.92,4270.41,4267.92,4268.96,182,16,0
2026-09-14 17:32:00+00:00,4268.78,4269.52,4266.79,4269.52,198,16,0
2026-09-14 17:33:00+00:00,4269.49,4270.49,4269.32,4269.85,188,11,0
2026-09-14 17:34:00+00:00,4269.86,4271.48,4269.78,4271.42,185,8,0
2026-09-14 17:35:00+00:00,4271.43,4271.73,4269.86,4270.33,189,14,0
2026-09-14 17:36:00+00:00,4270.32,4270.68,4268.26,4269.07,205,14,0
2026-09-14 17:37:00+00:00,4269.22,4270.01,4267.94,4269.12,179,16,0
2026-09-14 17:38:00+00:00,4269.08,4272.23,4269.08,4271.91,180,15,0
2026-09-14 17:39:00+00:00,4271.88,4272.16,4269.96,4271.46,183,11,0
2026-09-14 17:40:00+00:00,4271.45,4271.45,4269.68,4270.83,193,8,0
2026-09-14 17:41:00+00:00,4270.85,4272.48,4269.15,4270.54,188,8,0
2026-09-14 17:42:00+00:00,4270.53,4271.79,4270.43,4271.28,182,8,0
2026-09-14 17:43:00+00:00,4271.3,4273.18,4271.11,4272.6,188,8,0
2026-09-14 17:44:00+00:00,4272.62,4277.09,4272.62,4276.85,184,8,0
2026-09-14 17:45:00+00:00,4276.82,4279.12,4276.82,4278.7,194,8,0
2026-09-14 17:46:00+00:00,4278.68,4279.02,4276.51,4277.07,211,8,0
2026-09-14 17:47:00+00:00,4277.29,4277.68,4276.48,4277.09,177,9,0
2026-09-14 17:48:00+00:00,4276.78,4279.44,4276.78,4277.96,182,13,0
2026-09-14 17:49:00+00:00,4277.92,4278.74,4277.24,4278.39,166,13,0
2026-09-14 17:50:00+00:00,4278.42,4279.18,4276.94,4277.37,187,11,0
2026-09-14 17:51:00+00:00,4277.52,4278.89,4275.9,4278.8,190,13,0
2026-09-14 17:52:00+00:00,4278.77,4279.09,4275.78,4275.78,197,15,0
2026-09-14 17:53:00+00:00,4275.75,4276.67,4274.2,4274.63,172,13,0
2026-09-14 17:54:00+00:00,4274.62,4276.79,4274.06,4276.35,190,14,0
2026-09-14 17:55:00+00:00,4276.36,4277.85,4274.88,4277.79,197,16,0
2026-09-14 17:56:00+00:00,4277.85,4278.04,4276.42,4276.85,184,13,0
2026-09-14 17:57:00+00:00,4277.11,4277.88,4275.11,4275.22,190,9,0
2026-09-14 17:58:00+00:00,4275.21,4277.17,4274.77,4276.53,192,13,0
2026-09-14 17:59:00+00:00,4276.51,4279.47,4275.92,4279.47,174,11,0
2026-09-14 18:00:00+00:00,4279.74,4279.74,4277.81,4278.62,200,15,0
2026-09-14 18:01:00+00:00,4278.66,4279.23,4276.88,4278.51,182,11,0
2026-09-14 18:02:00+00:00,4278.45,4279.97,4277.23,4277.6,196,16,0
2026-09-14 18:03:00+00:00,4277.62,4277.92,4276.1,4277.32,199,16,0
2026-09-14 18:04:00+00:00,4277.34,4277.34,4272.72,4273.03,186,16,0
2026-09-14 18:05:00+00:00,4273.01,4284.17,4272.75,4280.33,204,16,0
2026-09-14 18:06:00+00:00,4280.47,4286.51,4280.47,4285.46,231,16,0
2026-09-14 18:07:00+00:00,4285.15,4286.21,4283.11,4283.67,227,16,0
2026-09-14 18:08:00+00:00,4283.65,4283.88,4280.76,4282.18,213,15,0
2026-09-14 18:09:00+00:00,4282.23,4282.94,4279.91,4280.02,210,15,0
2026-09-14 18:10:00+00:00,4280.28,4282.94,4280.28,4282.37,216,14,0
2026-09-14 18:11:00+00:00,4282.34,4282.77,4280.03,4280.54,202,14,0
2026-09-14 18:12:00+00:00,4280.6,4281.01,4279.15,4279.39,198,13,0
2026-09-14 18:13:00+00:00,4279.47,4279.85,4278.74,4279.18,186,11,0
2026-09-14 18:14:00+00:00,4279.25,4280.85,4277.14,4277.14,187,13,0
2026-09-14 18:15:00+00:00,4277.11,4278.84,4274.86,4278.61,200,14,0
2026-09-14 18:16:00+00:00,4278.46,4278.57,4275.34,4277.11,202,14,0
2026-09-14 18:17:00+00:00,4277.25,4277.64,4274.74,4275.39,178,13,0
2026-09-14 18:18:00+00:00,4275.42,4276.16,4272.76,4273.77,186,13,0
2026-09-14 18:19:00+00:00,4273.73,4276.57,4273.68,4275.96,181,14,0
2026-09-14 18:20:00+00:00,4276.11,4276.29,4274.32,4275.44,177,13,0
2026-09-14 18:21:00+00:00,4275.49,4276.26,4274.57,4275.64,183,14,0
2026-09-14 18:22:00+00:00,4275.57,4276.2,4275.04,4275.7,180,14,0
2026-09-14 18:23:00+00:00,4275.71,4276.43,4274.43,4275.92,158,13,0
2026-09-14 18:24:00+00:00,4275.88,4279.48,4275.18,4279.37,171,15,0
2026-09-14 18:25:00+00:00,4279.4,4280.35,4278.35,4278.87,189,15,0
2026-09-14 18:26:00+00:00,4278.78,4280.0,4278.24,4279.76,168,14,0
2026-09-14 18:27:00+00:00,4279.8,4281.34,4279.67,4280.8,178,13,0
2026-09-14 18:28:00+00:00,4280.72,4284.39,4280.71,4283.92,175,14,0
2026-09-14 18:29:00+00:00,4283.95,4284.69,4283.17,4283.63,190,15,0
2026-09-14 18:30:00+00:00,4283.21,4286.59,4283.21,4286.14,204,15,0
2026-09-14 18:31:00+00:00,4286.28,4286.31,4283.88,4284.78,185,16,0
2026-09-14 18:32:00+00:00,4284.69,4289.96,4282.85,4287.56,207,16,0
2026-09-14 18:33:00+00:00,4287.86,4292.16,4287.0,4291.62,228,16,0
2026-09-14 18:34:00+00:00,4291.8,4294.36,4290.38,4293.92,227,16,0
2026-09-14 18:35:00+00:00,4293.94,4296.03,4293.4,4293.6,220,16,0
2026-09-14 18:36:00+00:00,4293.38,4294.15,4289.84,4290.12,219,14,0
2026-09-14 18:37:00+00:00,4289.88,4296.34,4289.88,4296.06,210,14,0
2026-09-14 18:38:00+00:00,4296.19,4297.35,4293.77,4296.68,212,15,0
2026-09-14 18:39:00+00:00,4296.87,4297.56,4296.45,4297.3,208,11,0
2026-09-14 18:40:00+00:00,4297.41,4297.53,4293.06,4294.81,212,11,0
2026-09-14 18:41:00+00:00,4294.86,4297.67,4294.32,4297.55,213,16,0
2026-09-14 18:42:00+00:00,4297.57,4297.86,4294.89,4294.89,198,13,0
2026-09-14 18:43:00+00:00,4294.88,4297.14,4293.4,4296.99,205,11,0
2026-09-14 18:44:00+00:00,4296.94,4298.08,4294.09,4294.33,220,13,0
2026-09-14 18:45:00+00:00,4294.27,4294.66,4291.49,4293.85,210,9,0
2026-09-14 18:46:00+00:00,4293.69,4295.02,4293.3,4293.58,188,9,0
2026-09-14 18:47:00+00:00,4293.52,4293.83,4290.75,4291.0,178,8,0
2026-09-14 18:48:00+00:00,4291.02,4292.88,4290.0,4290.18,190,8,0
2026-09-14 18:49:00+00:00,4290.08,4290.29,4287.99,4288.21,189,8,0
2026-09-14 18:50:00+00:00,4288.34,4288.69,4286.42,4287.47,180,8,0
2026-09-14 18:51:00+00:00,4287.46,4288.26,4287.02,4288.1,174,8,0
2026-09-14 18:52:00+00:00,4287.83,4289.55,4287.33,4288.82,187,9,0
2026-09-14 18:53:00+00:00,4288.84,4289.97,4288.34,4289.39,180,8,0
2026-09-14 18:54:00+00:00,4289.6,4290.54,4288.13,4289.38,172,9,0
2026-09-14 18:55:00+00:00,4289.4,4290.56,4288.14,4290.33,164,15,0
2026-09-14 18:56:00+00:00,4290.32,4290.79,4289.33,4290.49,155,14,0
2026-09-14 18:57:00+00:00,4290.55,4291.33,4290.01,4290.76,162,13,0
2026-09-14 18:58:00+00:00,4290.81,4291.26,4288.19,4288.9,157,13,0
2026-09-14 18:59:00+00:00,4288.88,4289.1,4288.04,4288.15,150,14,0
2026-09-14 19:00:00+00:00,4288.23,4290.24,4288.23,4288.57,180,11,0
2026-09-14 19:01:00+00:00,4288.56,4289.01,4286.85,4286.89,167,15,0
2026-09-14 19:02:00+00:00,4286.98,4288.35,4286.98,4288.24,145,15,0
2026-09-14 19:03:00+00:00,4288.18,4288.88,4287.41,4287.76,145,15,0
2026-09-14 19:04:00+00:00,4287.74,4287.85,4286.33,4286.5,161,15,0
2026-09-14 19:05:00+00:00,4286.47,4289.12,4286.45,4288.32,166,15,0
2026-09-14 19:06:00+00:00,4288.49,4290.23,4288.49,4290.06,156,15,0
2026-09-14 19:07:00+00:00,4290.03,4292.59,4289.27,4291.73,147,15,0
2026-09-14 19:08:00+00:00,4291.61,4292.41,4290.37,4292.12,178,15,0
2026-09-14 19:09:00+00:00,4292.07,4294.73,4291.43,4294.65,157,15,0
2026-09-14 19:10:00+00:00,4294.84,4297.58,4294.71,4296.08,168,15,0
2026-09-14 19:11:00+00:00,4295.99,4297.61,4295.94,4296.68,183,15,0
2026-09-14 19:12:00+00:00,4296.66,4297.63,4295.62,4296.28,161,15,0
2026-09-14 19:13:00+00:00,4296.25,4296.72,4295.27,4295.7,166,15,0
2026-09-14 19:14:00+00:00,4295.72,4296.18,4294.46,4294.46,160,14,0
2026-09-14 19:15:00+00:00,4294.41,4297.87,4294.39,4297.33,165,13,0
2026-09-14 19:16:00+00:00,4297.11,4298.23,4296.28,4296.28,179,13,0
2026-09-14 19:17:00+00:00,4296.27,4297.12,4295.47,4297.12,168,14,0
2026-09-14 19:18:00+00:00,4297.16,4298.59,4297.12,4298.59,164,13,0
2026-09-14 19:19:00+00:00,4298.68,4299.35,4297.86,4298.9,137,11,0
2026-09-14 19:20:00+00:00,4298.83,4299.23,4298.1,4298.62,174,9,0
2026-09-14 19:21:00+00:00,4298.52,4298.94,4297.51,4298.8,170,9,0
2026-09-14 19:22:00+00:00,4298.82,4301.71,4298.82,4300.87,157,9,0
2026-09-14 19:23:00+00:00,4300.89,4304.37,4300.81,4304.22,175,15,0
2026-09-14 19:24:00+00:00,4304.24,4305.21,4304.08,4304.6,172,15,0
2026-09-14 19:25:00+00:00,4304.58,4305.27,4303.47,4303.47,179,15,0
2026-09-14 19:26:00+00:00,4303.37,4303.43,4301.62,4302.64,185,15,0
2026-09-14 19:27:00+00:00,4302.65,4303.28,4301.33,4303.19,146,15,0
2026-09-14 19:28:00+00:00,4303.51,4303.84,4299.51,4299.55,172,15,0
2026-09-14 19:29:00+00:00,4299.56,4300.26,4299.1,4299.44,155,13,0
2026-09-14 19:30:00+00:00,4299.4,4300.8,4298.8,4298.86,159,9,0
2026-09-14 19:31:00+00:00,4299.01,4303.4,4299.01,4301.68,168,15,0
2026-09-14 19:32:00+00:00,4301.81,4303.08,4300.47,4300.99,189,15,0
2026-09-14 19:33:00+00:00,4301.06,4302.41,4300.72,4301.94,137,15,0
2026-09-14 19:34:00+00:00,4301.91,4302.55,4300.29,4300.37,157,14,0
2026-09-14 19:35:00+00:00,4300.31,4301.03,4299.28,4300.84,165,11,0
2026-09-14 19:36:00+00:00,4301.04,4301.74,4300.0,4300.18,176,9,0
2026-09-14 19:37:00+00:00,4300.22,4302.17,4300.18,4301.45,154,8,0
2026-09-14 19:38:00+00:00,4301.43,4302.53,4301.07,4301.8,162,8,0
2026-09-14 19:39:00+00:00,4301.81,4302.4,4300.44,4302.12,142,8,0
2026-09-14 19:40:00+00:00,4302.36,4304.04,4301.95,4304.04,158,8,0
2026-09-14 19:41:00+00:00,4304.02,4304.8,4303.49,4304.8,160,8,0
2026-09-14 19:42:00+00:00,4304.56,4304.92,4303.41,4304.88,146,8,0
2026-09-14 19:43:00+00:00,4304.86,4307.57,4304.71,4307.31,135,8,0
2026-09-14 19:44:00+00:00,4307.29,4307.62,4305.86,4306.11,166,15,0
2026-09-14 19:45:00+00:00,4306.1,4306.31,4304.82,4306.13,149,13,0
2026-09-14 19:46:00+00:00,4306.25,4308.01,4305.43,4305.81,161,11,0
2026-09-14 19:47:00+00:00,4305.8,4312.78,4305.75,4311.47,211,14,0
2026-09-14 19:48:00+00:00,4311.46,4315.36,4309.87,4313.18,224,15,0
2026-09-14 19:49:00+00:00,4313.28,4315.15,4311.62,4313.96,220,15,0
2026-09-14 19:50:00+00:00,4313.94,4314.79,4312.43,4313.75,202,15,0
2026-09-14 19:51:00+00:00,4313.64,4316.53,4312.87,4316.33,218,15,0
2026-09-14 19:52:00+00:00,4316.41,4317.74,4315.91,4316.48,205,15,0
2026-09-14 19:53:00+00:00,4316.36,4317.49,4315.91,4315.99,213,15,0
2026-09-14 19:54:00+00:00,4315.82,4317.12,4314.82,4316.71,192,15,0
2026-09-14 19:55:00+00:00,4316.82,4317.46,4316.01,4316.92,178,14,0
2026-09-14 19:56:00+00:00,4317.0,4317.49,4316.27,4316.39,176,11,0
2026-09-14 19:57:00+00:00,4316.4,4317.51,4314.97,4315.13,182,11,0
2026-09-14 19:58:00+00:00,4315.1,4315.94,4314.8,4315.09,168,9,0
2026-09-14 19:59:00+00:00,4315.1,4316.02,4315.03,4315.85,140,9,0
2026-09-14 20:00:00+00:00,4315.84,4316.54,4314.34,4316.33,175,9,0
2026-09-14 20:01:00+00:00,4316.3,4316.3,4312.77,4313.59,170,9,0
2026-09-14 20:02:00+00:00,4313.64,4315.2,4313.51,4313.51,144,9,0
2026-09-14 20:03:00+00:00,4313.57,4314.03,4312.44,4313.37,173,9,0
2026-09-14 20:04:00+00:00,4313.5,4314.86,4313.47,4314.68,156,8,0
2026-09-14 20:05:00+00:00,4314.66,4314.81,4312.69,4312.77,153,8,0
2026-09-14 20:06:00+00:00,4312.92,4314.16,4312.89,4312.89,150,8,0
2026-09-14 20:07:00+00:00,4312.95,4313.64,4312.19,4312.91,148,8,0
2026-09-14 20:08:00+00:00,4312.98,4313.65,4312.36,4313.65,140,8,0
2026-09-14 20:09:00+00:00,4313.63,4314.3,4312.52,4313.62,146,8,0
2026-09-14 20:10:00+00:00,4313.65,4314.98,4313.55,4314.0,154,8,0
2026-09-14 20:11:00+00:00,4314.01,4314.99,4312.78,4313.35,169,9,0
2026-09-14 20:12:00+00:00,4313.37,4315.82,4313.37,4315.66,170,11,0
2026-09-14 20:13:00+00:00,4315.63,4315.65,4313.11,4313.3,146,11,0
2026-09-14 20:14:00+00:00,4313.29,4313.7,4311.42,4311.55,146,9,0
2026-09-14 20:15:00+00:00,4311.24,4311.54,4310.36,4310.94,146,11,0
2026-09-14 20:16:00+00:00,4310.98,4311.42,4310.53,4310.85,143,9,0
2026-09-14 20:17:00+00:00,4310.95,4312.92,4310.91,4311.43,150,9,0
2026-09-14 20:18:00+00:00,4311.5,4311.61,4309.35,4310.13,149,11,0
2026-09-14 20:19:00+00:00,4310.16,4310.34,4309.85,4309.87,143,9,0
2026-09-14 20:20:00+00:00,4310.07,4311.02,4309.87,4309.92,169,9,0
2026-09-14 20:21:00+00:00,4309.95,4310.87,4309.92,4310.5,164,11,0
2026-09-14 20:22:00+00:00,4310.64,4311.38,4310.31,4311.38,149,9,0
2026-09-14 20:23:00+00:00,4311.33,4312.14,4311.12,4311.91,153,9,0
2026-09-14 20:24:00+00:00,4311.85,4312.09,4310.82,4311.41,192,11,0
2026-09-14 20:25:00+00:00,4311.39,4312.1,4311.0,4311.44,167,11,0
2026-09-14 20:26:00+00:00,4311.44,4313.19,4311.1,4312.88,159,11,0
2026-09-14 20:27:00+00:00,4312.91,4313.58,4312.73,4313.04,140,11,0
2026-09-14 20:28:00+00:00,4313.05,4314.12,4311.66,4312.12,160,11,0
2026-09-14 20:29:00+00:00,4311.87,4312.11,4310.04,4311.8,201,15,0
2026-09-14 20:30:00+00:00,4311.83,4313.36,4311.43,4313.36,174,15,0
2026-09-14 20:31:00+00:00,4313.39,4313.63,4310.69,4310.98,146,15,0
2026-09-14 20:32:00+00:00,4311.19,4311.92,4310.52,4311.23,166,15,0
2026-09-14 20:33:00+00:00,4311.22,4311.42,4309.6,4310.62,163,14,0
2026-09-14 20:34:00+00:00,4310.54,4310.54,4308.99,4309.07,126,15,0
2026-09-14 20:35:00+00:00,4309.03,4309.19,4307.81,4307.95,142,13,0
2026-09-14 20:36:00+00:00,4307.94,4310.17,4307.94,4309.84,157,13,0
2026-09-14 20:37:00+00:00,4309.81,4310.23,4309.32,4309.9,137,11,0
2026-09-14 20:38:00+00:00,4309.88,4311.48,4309.88,4311.08,143,11,0
2026-09-14 20:39:00+00:00,4311.13,4311.78,4311.11,4311.29,108,9,0
2026-09-14 20:40:00+00:00,4311.25,4312.06,4309.98,4310.27,163,9,0
2026-09-14 20:41:00+00:00,4310.29,4310.38,4309.28,4309.68,143,13,0
2026-09-14 20:42:00+00:00,4309.71,4310.8,4309.63,4310.13,147,11,0
2026-09-14 20:43:00+00:00,4310.12,4311.22,4310.12,4310.95,144,11,0
2026-09-14 20:44:00+00:00,4310.92,4311.21,4309.93,4309.93,132,9,0
2026-09-14 20:45:00+00:00,4309.95,4310.19,4309.5,4310.1,136,11,0
2026-09-14 20:46:00+00:00,4310.21,4311.4,4310.14,4310.21,143,11,0
2026-09-14 20:47:00+00:00,4310.19,4310.31,4308.97,4309.21,133,11,0
2026-09-14 20:48:00+00:00,4309.34,4310.43,4309.27,4310.37,125,9,0
2026-09-14 20:49:00+00:00,4310.36,4310.91,4309.03,4309.07,124,9,0
2026-09-14 20:50:00+00:00,4309.08,4309.46,4308.65,4308.83,128,11,0
2026-09-14 20:51:00+00:00,4308.91,4309.82,4308.69,4309.55,126,11,0
2026-09-14 20:52:00+00:00,4309.57,4311.55,4309.3,4311.34,138,11,0
2026-09-14 20:53:00+00:00,4311.38,4312.2,4310.69,4312.2,144,11,0
2026-09-14 20:54:00+00:00,4312.27,4313.6,4311.71,4312.38,152,13,0
2026-09-14 20:55:00+00:00,4312.17,4312.38,4311.71,4312.12,136,13,0
2026-09-14 20:56:00+00:00,4312.17,4313.87,4311.95,4313.48,128,11,0
2026-09-14 20:57:00+00:00,4313.49,4313.61,4311.98,4312.17,141,13,0
2026-09-14 20:58:00+00:00,4312.18,4313.0,4311.49,4311.76,127,11,0
2026-09-14 20:59:00+00:00,4311.71,4311.89,4310.55,4311.05,140,11,0
2026-09-14 21:00:00+00:00,4311.06,4315.46,4311.06,4313.08,170,11,0
2026-09-14 21:01:00+00:00,4313.11,4315.14,4312.86,4314.48,171,15,0
2026-09-14 21:02:00+00:00,4314.5,4314.71,4313.55,4313.63,145,15,0
2026-09-14 21:03:00+00:00,4313.64,4313.77,4311.49,4312.07,146,15,0
2026-09-14 21:04:00+00:00,4312.06,4312.26,4309.97,4310.16,138,15,0
2026-09-14 21:05:00+00:00,4310.33,4310.5,4308.33,4308.54,155,15,0
2026-09-14 21:06:00+00:00,4308.59,4310.35,4308.52,4309.61,136,15,0
2026-09-14 21:07:00+00:00,4309.52,4310.81,4309.22,4310.4,137,14,0
2026-09-14 21:08:00+00:00,4310.4,4311.47,4310.26,4311.38,135,11,0
2026-09-14 21:09:00+00:00,4311.39,4311.41,4310.11,4310.38,127,9,0
2026-09-14 21:10:00+00:00,4310.32,4312.26,4310.29,4312.2,128,8,0
2026-09-14 21:11:00+00:00,4312.25,4312.7,4311.28,4311.36,120,9,0
2026-09-14 21:12:00+00:00,4311.34,4311.39,4310.77,4311.11,110,8,0
2026-09-14 21:13:00+00:00,4311.33,4311.78,4310.94,4311.75,118,8,0
2026-09-14 21:14:00+00:00,4311.79,4312.86,4311.57,4312.71,125,8,0
2026-09-14 21:15:00+00:00,4312.69,4312.73,4311.63,4312.54,122,8,0
2026-09-14 21:16:00+00:00,4312.53,4312.54,4312.04,4312.28,104,8,0
2026-09-14 21:17:00+00:00,4312.33,4312.33,4311.45,4311.79,93,8,0
2026-09-14 21:18:00+00:00,4311.81,4312.36,4311.65,4311.72,124,8,0
2026-09-14 21:19:00+00:00,4311.7,4311.88,4311.37,4311.67,111,8,0
2026-09-14 21:20:00+00:00,4311.66,4312.0,4311.48,4311.48,121,8,0
2026-09-14 21:21:00+00:00,4311.47,4312.14,4310.73,4310.85,136,8,0
2026-09-14 21:22:00+00:00,4310.88,4310.9,4309.44,4309.5,121,8,0
2026-09-14 21:23:00+00:00,4309.51,4309.51,4308.23,4308.31,121,8,0
2026-09-14 21:24:00+00:00,4308.32,4308.89,4308.14,4308.16,115,8,0
2026-09-14 21:25:00+00:00,4308.2,4308.68,4307.96,4308.06,133,8,0
2026-09-14 21:26:00+00:00,4308.15,4308.26,4307.16,4307.34,123,9,0
2026-09-14 21:27:00+00:00,4307.29,4307.68,4306.58,4306.94,146,13,0
2026-09-14 21:28:00+00:00,4306.83,4307.8,4306.38,4307.8,151,13,0
2026-09-14 21:29:00+00:00,4307.87,4309.51,4307.67,4309.51,154,13,0
2026-09-14 21:30:00+00:00,4309.72,4309.87,4308.6,4309.26,148,13,0
2026-09-14 21:31:00+00:00,4309.24,4309.53,4308.73,4308.73,134,13,0
2026-09-14 21:32:00+00:00,4308.74,4310.19,4308.74,4310.11,123,13,0
2026-09-14 21:33:00+00:00,4310.12,4312.54,4310.02,4312.41,143,14,0
2026-09-14 21:34:00+00:00,4312.39,4313.24,4311.63,4311.63,145,15,0
2026-09-14 21:35:00+00:00,4311.56,4312.19,4311.35,4312.19,116,15,0
2026-09-14 21:36:00+00:00,4312.2,4313.02,4311.4,4312.23,135,15,0
2026-09-14 21:37:00+00:00,4312.26,4312.42,4311.68,4311.89,120,15,0
2026-09-14 21:38:00+00:00,4311.93,4312.83,4311.83,4312.64,104,14,0
2026-09-14 21:39:00+00:00,4312.68,4312.73,4311.06,4311.06,113,13,0
2026-09-14 21:40:00+00:00,4311.02,4311.02,4310.12,4310.34,107,11,0
2026-09-14 21:41:00+00:00,4310.36,4310.89,4309.77,4309.87,112,11,0
2026-09-14 21:42:00+00:00,4309.88,4310.26,4309.27,4309.75,112,9,0
2026-09-14 21:43:00+00:00,4309.76,4310.01,4309.21,4309.38,110,9,0
2026-09-14 21:44:00+00:00,4309.41,4309.62,4309.24,4309.5,79,9,0
2026-09-14 21:45:00+00:00,4309.44,4309.54,4309.04,4309.05,111,9,0
2026-09-14 21:46:00+00:00,4309.06,4309.77,4307.64,4307.64,151,9,0
2026-09-14 21:47:00+00:00,4307.75,4307.99,4307.26,4307.67,131,15,0
2026-09-14 21:48:00+00:00,4307.66,4308.12,4307.32,4307.96,103,14,0
2026-09-14 21:49:00+00:00,4307.95,4308.64,4307.51,4308.03,90,13,0
2026-09-14 21:50:00+00:00,4308.01,4308.01,4305.05,4305.44,122,15,0
2026-09-14 21:51:00+00:00,4305.49,4305.74,4304.97,4305.11,89,15,0
2026-09-14 21:52:00+00:00,4305.19,4305.89,4305.1,4305.64,98,15,0
2026-09-14 21:53:00+00:00,4305.69,4306.05,4305.23,4305.67,73,14,0
2026-09-14 21:54:00+00:00,4305.65,4307.18,4305.59,4306.59,80,13,0
2026-09-14 21:55:00+00:00,4306.51,4306.67,4305.39,4306.67,138,15,0
2026-09-14 21:56:00+00:00,4306.78,4307.46,4305.86,4306.14,115,15,0
2026-09-14 21:57:00+00:00,4306.16,4306.64,4306.0,4306.27,115,13,0
2026-09-14 21:58:00+00:00,4306.22,4307.17,4305.96,4307.01,126,9,0
2026-09-14 21:59:00+00:00,4306.75,4307.88,4306.61,4307.42,123,9,0
2026-09-14 22:00:00+00:00,4307.41,4307.9,4306.78,4307.33,145,11,0
2026-09-14 22:01:00+00:00,4307.34,4307.35,4305.56,4305.76,120,13,0
2026-09-14 22:02:00+00:00,4305.9,4306.08,4305.35,4305.97,116,11,0
2026-09-14 22:03:00+00:00,4305.95,4306.0,4305.49,4305.59,99,9,0
2026-09-14 22:04:00+00:00,4305.57,4306.49,4304.73,4306.43,143,9,0
2026-09-14 22:05:00+00:00,4306.39,4306.53,4305.98,4306.48,124,15,0
2026-09-14 22:06:00+00:00,4306.49,4306.51,4304.72,4304.84,129,15,0
2026-09-14 22:07:00+00:00,4304.77,4305.24,4303.81,4303.85,128,14,0
2026-09-14 22:08:00+00:00,4303.78,4304.5,4302.88,4304.5,119,13,0
2026-09-14 22:09:00+00:00,4304.46,4304.77,4303.83,4303.83,92,9,0
2026-09-14 22:10:00+00:00,4303.84,4304.41,4303.6,4304.12,112,8,0
2026-09-14 22:11:00+00:00,4304.14,4305.49,4304.14,4305.24,104,8,0
2026-09-14 22:12:00+00:00,4305.26,4305.73,4304.95,4305.51,94,8,0
2026-09-14 22:13:00+00:00,4305.58,4306.72,4305.58,4306.05,91,8,0
2026-09-14 22:14:00+00:00,4306.04,4306.66,4305.99,4306.06,97,8,0
2026-09-14 22:15:00+00:00,4306.0,4306.01,4303.9,4304.19,96,8,0
2026-09-14 22:16:00+00:00,4304.14,4304.28,4303.02,4303.17,120,15,0
2026-09-14 22:17:00+00:00,4303.2,4303.44,4302.28,4302.86,116,15,0
2026-09-14 22:18:00+00:00,4302.85,4303.33,4302.51,4302.65,93,15,0
2026-09-14 22:19:00+00:00,4302.7,4302.7,4300.31,4301.77,138,15,0
2026-09-14 22:20:00+00:00,4301.78,4302.27,4301.29,4301.76,135,15,0
2026-09-14 22:21:00+00:00,4301.77,4302.28,4300.67,4300.79,121,15,0
2026-09-14 22:22:00+00:00,4300.78,4300.82,4297.53,4297.54,109,15,0
2026-09-14 22:23:00+00:00,4297.42,4298.13,4297.28,4297.58,123,15,0
2026-09-14 22:24:00+00:00,4297.56,4297.7,4295.95,4297.37,105,15,0
2026-09-14 22:25:00+00:00,4297.26,4297.85,4296.99,4297.26,130,15,0
2026-09-14 22:26:00+00:00,4297.29,4298.06,4297.26,4297.33,122,15,0
2026-09-14 22:27:00+00:00,4297.25,4298.52,4296.81,4297.3,128,15,0
2026-09-14 22:28:00+00:00,4297.27,4297.7,4297.01,4297.09,104,14,0
2026-09-14 22:29:00+00:00,4297.1,4297.38,4296.43,4296.46,115,8,0
2026-09-14 22:30:00+00:00,4296.45,4296.98,4296.03,4296.15,153,8,0
2026-09-14 22:31:00+00:00,4296.16,4297.38,4296.0,4296.55,151,13,0
2026-09-14 22:32:00+00:00,4296.5,4296.84,4295.56,4295.62,137,11,0
2026-09-14 22:33:00+00:00,4295.64,4296.06,4294.69,4294.84,135,8,0
2026-09-14 22:34:00+00:00,4294.83,4295.06,4292.9,4293.15,109,8,0
2026-09-14 22:35:00+00:00,4293.25,4293.76,4292.08,4293.24,146,15,0
2026-09-14 22:36:00+00:00,4293.4,4294.63,4293.09,4293.8,129,15,0
2026-09-14 22:37:00+00:00,4293.82,4294.34,4293.1,4293.5,123,15,0
2026-09-14 22:38:00+00:00,4293.49,4294.38,4292.99,4293.15,122,15,0
2026-09-14 22:39:00+00:00,4293.13,4293.14,4291.93,4292.04,120,15,0
2026-09-14 22:40:00+00:00,4292.07,4292.31,4291.11,4291.25,125,15,0
2026-09-14 22:41:00+00:00,4291.26,4291.57,4290.59,4291.18,129,9,0
2026-09-14 22:42:00+00:00,4291.15,4292.31,4291.15,4291.53,138,9,0
2026-09-14 22:43:00+00:00,4291.48,4291.85,4290.91,4291.13,126,8,0
2026-09-14 22:44:00+00:00,4291.14,4291.98,4290.9,4291.96,130,8,0
2026-09-14 22:45:00+00:00,4291.91,4291.92,4290.89,4291.5,117,9,0
2026-09-14 22:46:00+00:00,4291.35,4291.52,4290.13,4290.37,132,8,0
2026-09-14 22:47:00+00:00,4290.38,4290.57,4289.64,4289.76,134,11,0
2026-09-14 22:48:00+00:00,4289.72,4289.72,4287.86,4288.9,157,14,0
2026-09-14 22:49:00+00:00,4288.91,4288.94,4287.86,4287.88,133,13,0
2026-09-14 22:50:00+00:00,4287.87,4288.02,4285.54,4286.76,171,13,0
2026-09-14 22:51:00+00:00,4286.72,4287.24,4285.78,4287.24,145,15,0
2026-09-14 22:52:00+00:00,4287.25,4287.88,4286.28,4286.51,161,15,0
2026-09-14 22:53:00+00:00,4286.45,4286.73,4285.44,4286.57,128,15,0
2026-09-14 22:54:00+00:00,4286.58,4287.43,4284.88,4286.46,168,15,0
2026-09-14 22:55:00+00:00,4286.51,4286.76,4285.01,4285.62,173,15,0
2026-09-14 22:56:00+00:00,4285.61,4285.62,4283.23,4283.51,159,15,0
2026-09-14 22:57:00+00:00,4283.51,4285.43,4283.38,4285.3,144,15,0
2026-09-14 22:58:00+00:00,4285.09,4285.8,4283.75,4283.95,145,15,0
2026-09-14 22:59:00+00:00,4284.0,4284.41,4282.98,4284.41,168,15,0
2026-09-14 23:00:00+00:00,4284.03,4285.06,4283.13,4283.58,166,15,0
2026-09-14 23:01:00+00:00,4283.57,4284.21,4282.38,4282.5,128,15,0
2026-09-14 23:02:00+00:00,4282.48,4283.17,4282.44,4282.98,96,14,0
2026-09-14 23:03:00+00:00,4282.95,4283.91,4282.56,4283.91,98,9,0
2026-09-14 23:04:00+00:00,4284.0,4284.66,4283.93,4284.66,78,8,0
2026-09-14 23:05:00+00:00,4284.65,4286.22,4284.61,4285.9,104,8,0
2026-09-14 23:06:00+00:00,4286.03,4286.22,4285.34,4285.66,97,14,0
2026-09-14 23:07:00+00:00,4285.67,4286.62,4285.44,4285.82,109,11,0
2026-09-14 23:08:00+00:00,4285.71,4285.87,4284.94,4285.87,82,9,0
2026-09-14 23:09:00+00:00,4285.84,4286.12,4285.48,4285.79,56,8,0
2026-09-14 23:10:00+00:00,4285.88,4286.74,4285.64,4286.74,72,8,0
2026-09-14 23:11:00+00:00,4286.76,4288.2,4286.57,4287.95,114,8,0
2026-09-14 23:12:00+00:00,4287.96,4288.47,4287.42,4288.45,74,8,0
2026-09-14 23:13:00+00:00,4288.46,4288.51,4287.74,4288.08,57,8,0
2026-09-14 23:14:00+00:00,4288.0,4288.42,4287.63,4287.81,73,8,0
2026-09-14 23:15:00+00:00,4288.0,4290.26,4287.99,4289.93,89,8,0
2026-09-14 23:16:00+00:00,4289.92,4290.22,4289.53,4290.08,79,8,0
2026-09-14 23:17:00+00:00,4290.03,4290.64,4289.97,4290.54,86,8,0
2026-09-14 23:18:00+00:00,4290.53,4291.36,4290.3,4291.26,83,8,0
2026-09-14 23:19:00+00:00,4291.22,4293.34,4290.81,4293.27,78,8,0
2026-09-14 23:20:00+00:00,4293.58,4295.52,4293.45,4294.63,125,11,0
2026-09-14 23:21:00+00:00,4294.67,4295.99,4294.07,4294.4,88,15,0
2026-09-14 23:22:00+00:00,4294.33,4295.7,4294.31,4294.95,79,15,0
2026-09-14 23:23:00+00:00,4295.04,4295.5,4293.9,4295.5,66,15,0
2026-09-14 23:24:00+00:00,4295.55,4295.99,4295.34,4295.83,74,14,0
2026-09-14 23:25:00+00:00,4295.88,4297.28,4295.85,4297.08,75,11,0
2026-09-14 23:26:00+00:00,4297.09,4297.64,4296.33,4297.55,94,9,0
2026-09-14 23:27:00+00:00,4297.45,4297.61,4296.83,4297.54,69,8,0
2026-09-14 23:28:00+00:00,4297.76,4298.31,4297.54,4297.83,71,8,0
2026-09-14 23:29:00+00:00,4297.18,4297.79,4296.7,4296.71,86,8,0
2026-09-14 23:30:00+00:00,4296.79,4298.23,4296.77,4298.19,79,9,0
2026-09-14 23:31:00+00:00,4298.18,4298.57,4297.6,4297.61,65,8,0
2026-09-14 23:32:00+00:00,4297.95,4299.47,4297.95,4299.32,62,8,0
2026-09-14 23:33:00+00:00,4299.43,4299.6,4299.3,4299.43,59,8,0
2026-09-14 23:34:00+00:00,4299.42,4299.56,4298.99,4299.41,49,8,0
2026-09-14 23:35:00+00:00,4299.34,4299.34,4297.27,4297.38,70,8,0
2026-09-14 23:36:00+00:00,4297.41,4297.41,4296.12,4296.57,78,8,0
2026-09-14 23:37:00+00:00,4296.46,4296.85,4295.67,4295.86,61,8,0
2026-09-14 23:38:00+00:00,4295.89,4296.08,4294.89,4295.56,77,9,0
2026-09-14 23:39:00+00:00,4295.69,4296.27,4295.51,4296.23,62,14,0
2026-09-14 23:40:00+00:00,4296.21,4296.69,4295.65,4296.15,79,19,0
2026-09-14 23:41:00+00:00,4296.2,4296.23,4294.84,4295.45,71,19,0
2026-09-14 23:42:00+00:00,4295.51,4296.09,4295.48,4295.48,36,19,0
2026-09-14 23:43:00+00:00,4295.47,4295.64,4295.1,4295.39,72,19,0
2026-09-14 23:44:00+00:00,4295.44,4295.44,4294.62,4294.86,67,19,0
2026-09-14 23:45:00+00:00,4294.93,4295.84,4294.89,4295.79,67,19,0
2026-09-14 23:46:00+00:00,4295.73,4295.73,4295.02,4295.25,65,19,0
2026-09-14 23:47:00+00:00,4295.31,4296.02,4295.21,4296.02,57,19,0
2026-09-14 23:48:00+00:00,4296.02,4297.07,4295.65,4296.57,67,19,0
2026-09-14 23:49:00+00:00,4296.33,4296.7,4296.24,4296.7,53,19,0
2026-09-14 23:50:00+00:00,4297.0,4297.19,4296.62,4297.14,68,19,0
2026-09-14 23:51:00+00:00,4297.19,4297.26,4296.61,4296.68,44,19,0
2026-09-14 23:52:00+00:00,4296.74,4297.31,4296.74,4297.26,60,19,0
2026-09-14 23:53:00+00:00,4297.22,4297.6,4297.2,4297.35,44,19,0
2026-09-14 23:54:00+00:00,4297.43,4297.69,4297.2,4297.59,46,19,0
2026-09-14 23:55:00+00:00,4297.53,4299.43,4297.51,4298.79,61,19,0
2026-09-14 23:56:00+00:00,4298.79,4298.92,4297.72,4297.99,60,19,0
2026-09-14 23:57:00+00:00,4297.95,4298.8,4297.95,4298.63,56,19,0
2026-09-14 23:58:00+00:00,4298.68,4298.71,4297.93,4298.71,51,19,0
2026-09-14 23:59:00+00:00,4298.95,4299.31,4298.57,4298.68,66,47,0
2026-09-15 01:00:00+00:00,4298.47,4302.39,4298.47,4300.76,74,8,0
2026-09-15 01:01:00+00:00,4300.15,4300.43,4299.85,4300.18,59,19,0
2026-09-15 01:02:00+00:00,4300.14,4300.46,4299.3,4299.44,73,19,0
2026-09-15 01:03:00+00:00,4299.63,4299.68,4298.69,4299.46,103,19,0
2026-09-15 01:04:00+00:00,4299.47,4299.55,4299.07,4299.52,80,19,0
2026-09-15 01:05:00+00:00,4299.55,4300.04,4298.75,4299.18,106,19,0
2026-09-15 01:06:00+00:00,4299.24,4299.24,4297.86,4298.09,90,19,0
2026-09-15 01:07:00+00:00,4298.14,4298.28,4297.53,4297.75,119,19,0
2026-09-15 01:08:00+00:00,4297.72,4297.75,4297.08,4297.2,89,19,0
2026-09-15 01:09:00+00:00,4297.16,4297.82,4297.02,4297.8,68,19,0
2026-09-15 01:10:00+00:00,4297.64,4297.64,4296.56,4297.02,95,19,0
2026-09-15 01:11:00+00:00,4297.23,4297.48,4296.82,4297.26,78,19,0
2026-09-15 01:12:00+00:00,4297.28,4297.52,4297.14,4297.4,62,19,0
2026-09-15 01:13:00+00:00,4297.42,4297.68,4296.97,4297.04,80,19,0
2026-09-15 01:14:00+00:00,4297.02,4297.13,4296.79,4296.92,45,19,0
2026-09-15 01:15:00+00:00,4297.0,4297.57,4296.58,4296.59,72,18,0
2026-09-15 01:16:00+00:00,4296.72,4297.33,4296.52,4297.01,62,19,0
2026-09-15 01:17:00+00:00,4297.06,4297.59,4296.81,4297.21,67,19,0
2026-09-15 01:18:00+00:00,4297.28,4297.6,4296.73,4297.13,93,19,0
2026-09-15 01:19:00+00:00,4297.19,4297.21,4296.08,4296.33,80,19,0
2026-09-15 01:20:00+00:00,4296.34,4297.11,4295.81,4295.86,62,19,0
2026-09-15 01:21:00+00:00,4295.85,4297.2,4295.84,4296.47,104,19,0
2026-09-15 01:22:00+00:00,4296.51,4298.23,4296.51,4297.56,97,19,0
2026-09-15 01:23:00+00:00,4297.58,4297.88,4297.07,4297.16,94,19,0
2026-09-15 01:24:00+00:00,4297.17,4297.17,4295.85,4296.05,50,19,0
2026-09-15 01:25:00+00:00,4296.08,4296.22,4292.87,4294.32,99,19,0
2026-09-15 01:26:00+00:00,4294.39,4294.77,4293.6,4294.48,66,19,0
2026-09-15 01:27:00+00:00,4294.52,4294.95,4294.47,4294.87,60,18,0
2026-09-15 01:28:00+00:00,4294.9,4295.89,4294.88,4295.8,62,15,0
2026-09-15 01:29:00+00:00,4295.81,4295.88,4295.26,4295.72,55,13,0
2026-09-15 01:30:00+00:00,4295.74,4295.83,4295.43,4295.7,36,14,0
2026-09-15 01:31:00+00:00,4295.59,4296.1,4295.54,4295.91,68,14,0
2026-09-15 01:32:00+00:00,4296.14,4297.7,4296.14,4297.59,82,17,0
2026-09-15 01:33:00+00:00,4297.58,4297.58,4296.79,4296.91,39,18,0
2026-09-15 01:34:00+00:00,4296.88,4297.14,4296.67,4296.96,43,15,0
2026-09-15 01:35:00+00:00,4296.85,4297.23,4296.6,4297.08,43,17,0
2026-09-15 01:36:00+00:00,4297.09,4298.09,4297.09,4297.97,48,16,0
2026-09-15 01:37:00+00:00,4298.05,4298.57,4295.87,4296.04,86,19,0
2026-09-15 01:38:00+00:00,4295.93,4295.99,4293.69,4295.9,79,19,0
2026-09-15 01:39:00+00:00,4295.91,4296.53,4295.77,4295.77,62,19,0
2026-09-15 01:40:00+00:00,4295.78,4297.06,4294.7,4295.76,97,19,0
2026-09-15 01:41:00+00:00,4295.78,4296.94,4295.78,4296.27,72,19,0
2026-09-15 01:42:00+00:00,4296.31,4297.63,4295.82,4295.93,98,19,0
2026-09-15 01:43:00+00:00,4295.9,4296.9,4294.65,4295.16,109,19,0
2026-09-15 01:44:00+00:00,4295.13,4295.84,4293.67,4295.61,106,19,0
2026-09-15 01:45:00+00:00,4295.63,4295.98,4295.48,4295.94,48,19,0
2026-09-15 01:46:00+00:00,4295.96,4295.96,4295.27,4295.63,54,18,0
2026-09-15 01:47:00+00:00,4295.66,4296.01,4295.08,4295.09,59,16,0
2026-09-15 01:48:00+00:00,4295.14,4295.18,4294.63,4294.8,40,15,0
2026-09-15 01:49:00+00:00,4294.76,4295.43,4294.4,4295.31,60,14,0
2026-09-15 01:50:00+00:00,4295.43,4296.25,4295.43,4296.2,55,16,0
2026-09-15 01:51:00+00:00,4296.14,4298.22,4295.59,4296.33,81,17,0
2026-09-15 01:52:00+00:00,4296.34,4296.7,4295.87,4295.87,47,19,0
2026-09-15 01:53:00+00:00,4295.88,4295.93,4294.1,4295.93,74,19,0
2026-09-15 01:54:00+00:00,4295.9,4296.37,4295.44,4296.12,63,19,0
2026-09-15 01:55:00+00:00,4296.17,4296.99,4296.17,4296.84,47,19,0
2026-09-15 01:56:00+00:00,4296.96,4297.21,4295.24,4296.23,99,19,0
2026-09-15 01:57:00+00:00,4296.25,4296.64,4295.36,4295.93,78,19,0
2026-09-15 01:58:00+00:00,4295.83,4296.2,4293.2,4295.29,110,19,0
2026-09-15 01:59:00+00:00,4295.54,4296.21,4295.33,4295.35,68,19,0
2026-09-15 02:00:00+00:00,4295.21,4295.53,4294.85,4295.43,76,15,0
2026-09-15 02:01:00+00:00,4296.52,4297.34,4295.2,4295.25,98,19,0
2026-09-15 02:02:00+00:00,4295.22,4296.17,4294.56,4294.97,115,19,0
2026-09-15 02:03:00+00:00,4295.17,4295.39,4294.83,4294.93,44,16,0
2026-09-15 02:04:00+00:00,4294.9,4295.01,4293.15,4293.99,97,13,0
2026-09-15 02:05:00+00:00,4294.02,4294.89,4293.69,4294.63,84,18,0
2026-09-15 02:06:00+00:00,4294.66,4294.72,4292.66,4293.2,81,18,0
2026-09-15 02:07:00+00:00,4292.94,4294.1,4292.29,4293.58,68,18,0
2026-09-15 02:08:00+00:00,4293.83,4294.96,4293.05,4293.4,108,18,0
2026-09-15 02:09:00+00:00,4293.41,4293.83,4292.66,4293.35,66,17,0
2026-09-15 02:10:00+00:00,4293.42,4293.47,4291.21,4292.44,118,19,0
2026-09-15 02:11:00+00:00,4292.38,4292.75,4292.02,4292.02,76,16,0
2026-09-15 02:12:00+00:00,4292.1,4293.33,4291.84,4292.9,86,13,0
2026-09-15 02:13:00+00:00,4292.87,4294.06,4292.0,4292.48,106,17,0
2026-09-15 02:14:00+00:00,4292.45,4292.63,4292.07,4292.19,60,14,0
2026-09-15 02:15:00+00:00,4292.25,4292.46,4291.35,4291.51,60,13,0
2026-09-15 02:16:00+00:00,4291.55,4291.74,4290.58,4290.85,97,13,0
2026-09-15 02:17:00+00:00,4290.82,4291.44,4290.77,4291.04,67,14,0
2026-09-15 02:18:00+00:00,4290.93,4291.47,4290.68,4290.88,75,13,0
2026-09-15 02:19:00+00:00,4290.89,4290.89,4289.13,4289.53,81,13,0
2026-09-15 02:20:00+00:00,4289.5,4289.7,4288.09,4288.33,109,13,0
2026-09-15 02:21:00+00:00,4288.37,4288.67,4287.35,4287.51,69,13,0
2026-09-15 02:22:00+00:00,4287.51,4289.59,4287.5,4289.52,108,19,0
2026-09-15 02:23:00+00:00,4289.49,4290.6,4288.97,4290.42,86,19,0
2026-09-15 02:24:00+00:00,4290.39,4290.87,4289.13,4290.38,84,19,0
2026-09-15 02:25:00+00:00,4290.73,4290.85,4290.01,4290.35,64,19,0
2026-09-15 02:26:00+00:00,4290.47,4290.72,4288.95,4289.81,106,18,0
2026-09-15 02:27:00+00:00,4289.83,4289.83,4287.24,4288.5,108,19,0
2026-09-15 02:28:00+00:00,4289.11,4289.82,4288.87,4289.82,88,19,0
2026-09-15 02:29:00+00:00,4289.83,4290.0,4289.25,4289.9,69,15,0
2026-09-15 02:30:00+00:00,4289.89,4290.57,4289.17,4290.57,85,13,0
2026-09-15 02:31:00+00:00,4290.59,4291.69,4290.57,4291.69,93,14,0
2026-09-15 02:32:00+00:00,4291.3,4291.3,4288.62,4288.78,99,14,0
2026-09-15 02:33:00+00:00,4288.81,4289.53,4287.98,4289.53,87,18,0
2026-09-15 02:34:00+00:00,4289.45,4291.0,4288.95,4290.8,77,19,0
2026-09-15 02:35:00+00:00,4290.72,4291.27,4290.3,4290.53,71,15,0
2026-09-15 02:36:00+00:00,4290.54,4290.74,4290.2,4290.25,59,13,0
2026-09-15 02:37:00+00:00,4290.23,4290.23,4288.33,4289.1,103,13,0
2026-09-15 02:38:00+00:00,4289.06,4290.11,4288.75,4290.11,68,19,0
2026-09-15 02:39:00+00:00,4289.89,4289.9,4289.22,4289.26,62,13,0
2026-09-15 02:40:00+00:00,4289.24,4291.69,4289.21,4290.39,84,13,0
2026-09-15 02:41:00+00:00,4290.4,4290.52,4288.76,4289.14,75,19,0
2026-09-15 02:42:00+00:00,4289.11,4289.34,4288.97,4289.14,51,13,0
2026-09-15 02:43:00+00:00,4289.1,4289.58,4288.87,4289.47,53,13,0
2026-09-15 02:44:00+00:00,4289.5,4289.8,4289.5,4289.55,56,13,0
2026-09-15 02:45:00+00:00,4289.6,4289.6,4288.04,4288.16,100,13,0
2026-09-15 02:46:00+00:00,4288.17,4288.42,4287.95,4288.21,92,13,0
2026-09-15 02:47:00+00:00,4288.31,4288.44,4287.32,4288.37,85,13,0
2026-09-15 02:48:00+00:00,4288.36,4288.36,4287.95,4288.07,63,13,0
2026-09-15 02:49:00+00:00,4288.15,4288.97,4288.15,4288.9,72,13,0
2026-09-15 02:50:00+00:00,4288.95,4289.21,4288.76,4288.76,46,13,0
2026-09-15 02:51:00+00:00,4288.72,4288.75,4288.46,4288.57,42,13,0
2026-09-15 02:52:00+00:00,4288.56,4288.76,4287.95,4288.02,66,16,0
2026-09-15 02:53:00+00:00,4288.0,4288.15,4287.31,4287.71,69,17,0
2026-09-15 02:54:00+00:00,4287.74,4288.26,4287.29,4287.71,84,17,0
2026-09-15 02:55:00+00:00,4287.73,4288.16,4287.54,4288.16,59,18,0
2026-09-15 02:56:00+00:00,4288.17,4288.56,4287.71,4287.71,84,19,0
2026-09-15 02:57:00+00:00,4287.64,4288.78,4287.54,4288.16,89,19,0
2026-09-15 02:58:00+00:00,4288.12,4288.51,4287.87,4288.07,66,19,0
2026-09-15 02:59:00+00:00,4288.1,4288.34,4287.96,4288.0,93,19,0
2026-09-15 03:00:00+00:00,4287.91,4288.57,4287.13,4288.48,168,19,0
2026-09-15 03:01:00+00:00,4288.54,4288.7,4287.06,4287.55,153,19,0
2026-09-15 03:02:00+00:00,4287.45,4288.84,4286.74,4286.88,151,19,0
2026-09-15 03:03:00+00:00,4286.87,4287.31,4286.62,4286.97,137,19,0
2026-09-15 03:04:00+00:00,4286.94,4287.13,4286.07,4286.19,113,19,0
2026-09-15 03:05:00+00:00,4286.18,4286.19,4283.43,4284.79,151,19,0
2026-09-15 03:06:00+00:00,4284.98,4286.06,4284.89,4285.43,153,19,0
2026-09-15 03:07:00+00:00,4285.46,4287.05,4285.16,4286.84,115,19,0
2026-09-15 03:08:00+00:00,4286.75,4288.15,4286.06,4286.08,133,19,0
2026-09-15 03:09:00+00:00,4286.1,4287.17,4285.86,4286.36,136,19,0
2026-09-15 03:10:00+00:00,4286.35,4286.5,4285.26,4285.39,141,19,0
2026-09-15 03:11:00+00:00,4285.38,4285.38,4283.83,4284.1,137,19,0
2026-09-15 03:12:00+00:00,4284.11,4284.36,4283.79,4284.09,118,16,0
2026-09-15 03:13:00+00:00,4284.12,4285.64,4284.1,4285.6,124,16,0
2026-09-15 03:14:00+00:00,4285.59,4286.96,4285.56,4286.6,128,19,0
2026-09-15 03:15:00+00:00,4286.57,4287.02,4285.88,4286.89,116,19,0
2026-09-15 03:16:00+00:00,4286.88,4287.51,4286.42,4287.28,110,19,0
2026-09-15 03:17:00+00:00,4287.27,4289.06,4287.23,4287.91,118,19,0
2026-09-15 03:18:00+00:00,4287.92,4288.03,4286.32,4286.73,114,19,0
2026-09-15 03:19:00+00:00,4286.85,4286.86,4284.31,4284.9,143,19,0
2026-09-15 03:20:00+00:00,4284.91,4285.29,4283.42,4284.94,142,19,0
2026-09-15 03:21:00+00:00,4284.92,4285.82,4284.61,4285.33,101,19,0
2026-09-15 03:22:00+00:00,4285.28,4285.28,4284.01,4284.38,93,19,0
2026-09-15 03:23:00+00:00,4284.37,4285.39,4284.3,4284.99,84,18,0
2026-09-15 03:24:00+00:00,4284.96,4287.27,4284.96,4287.24,121,19,0
2026-09-15 03:25:00+00:00,4287.23,4287.57,4285.52,4287.56,132,19,0
2026-09-15 03:26:00+00:00,4287.55,4289.43,4287.55,4287.99,140,19,0
2026-09-15 03:27:00+00:00,4287.9,4289.33,4285.96,4286.43,142,19,0
2026-09-15 03:28:00+00:00,4286.41,4288.33,4286.39,4287.81,123,19,0
2026-09-15 03:29:00+00:00,4287.84,4288.11,4287.41,4287.95,124,19,0
2026-09-15 03:30:00+00:00,4287.89,4288.8,4286.15,4286.3,140,19,0
2026-09-15 03:31:00+00:00,4286.37,4287.5,4286.1,4286.4,131,19,0
2026-09-15 03:32:00+00:00,4286.41,4286.45,4285.57,4285.57,92,17,0
2026-09-15 03:33:00+00:00,4285.26,4285.57,4284.27,4284.32,91,16,0
2026-09-15 03:34:00+00:00,4284.35,4284.73,4283.13,4284.19,126,15,0
2026-09-15 03:35:00+00:00,4284.18,4284.61,4283.8,4284.23,105,17,0
2026-09-15 03:36:00+00:00,4284.6,4287.61,4284.6,4287.49,123,18,0
2026-09-15 03:37:00+00:00,4287.57,4287.83,4286.79,4287.02,118,19,0
2026-09-15 03:38:00+00:00,4287.11,4287.59,4286.63,4287.0,109,15,0
2026-09-15 03:39:00+00:00,4286.91,4290.38,4286.9,4289.9,137,13,0
2026-09-15 03:40:00+00:00,4289.91,4290.16,4289.41,4289.9,122,19,0
2026-09-15 03:41:00+00:00,4289.98,4292.59,4289.83,4291.15,127,17,0
2026-09-15 03:42:00+00:00,4291.14,4292.15,4290.85,4292.13,128,19,0
2026-09-15 03:43:00+00:00,4292.2,4292.83,4292.06,4292.77,98,13,0
2026-09-15 03:44:00+00:00,4292.75,4292.75,4291.68,4292.42,102,13,0
2026-09-15 03:45:00+00:00,4292.48,4293.91,4292.46,4292.9,133,13,0
2026-09-15 03:46:00+00:00,4292.78,4292.84,4291.63,4292.11,129,13,0
2026-09-15 03:47:00+00:00,4292.17,4292.37,4291.71,4292.35,98,13,0
2026-09-15 03:48:00+00:00,4292.34,4292.93,4292.06,4292.75,88,13,0
2026-09-15 03:49:00+00:00,4292.63,4294.25,4292.57,4294.07,99,13,0
2026-09-15 03:50:00+00:00,4294.03,4294.84,4293.87,4294.78,116,13,0
2026-09-15 03:51:00+00:00,4294.78,4294.78,4293.38,4293.55,117,15,0
2026-09-15 03:52:00+00:00,4293.65,4296.17,4293.65,4296.17,96,16,0
2026-09-15 03:53:00+00:00,4296.21,4296.34,4295.23,4295.58,95,18,0
2026-09-15 03:54:00+00:00,4295.55,4295.55,4294.05,4294.14,118,16,0
2026-09-15 03:55:00+00:00,4294.12,4294.22,4293.19,4293.77,124,18,0
2026-09-15 03:56:00+00:00,4293.69,4293.84,4293.44,4293.78,97,17,0
2026-09-15 03:57:00+00:00,4293.77,4294.07,4293.44,4293.62,102,18,0
2026-09-15 03:58:00+00:00,4293.58,4293.74,4292.38,4292.42,111,18,0
2026-09-15 03:59:00+00:00,4292.41,4293.88,4292.41,4292.79,125,19,0
2026-09-15 04:00:00+00:00,4292.95,4294.55,4290.55,4291.87,219,19,0
2026-09-15 04:01:00+00:00,4291.84,4292.42,4290.21,4290.58,206,19,0
2026-09-15 04:02:00+00:00,4290.56,4291.03,4287.72,4290.19,200,19,0
2026-09-15 04:03:00+00:00,4290.15,4293.48,4288.98,4293.17,202,19,0
2026-09-15 04:04:00+00:00,4293.18,4298.06,4292.28,4295.83,205,19,0
2026-09-15 04:05:00+00:00,4295.77,4297.4,4295.23,4296.5,184,19,0
2026-09-15 04:06:00+00:00,4296.51,4296.54,4292.95,4294.7,187,19,0
2026-09-15 04:07:00+00:00,4295.05,4297.5,4295.05,4296.86,191,19,0
2026-09-15 04:08:00+00:00,4296.8,4298.3,4296.77,4297.38,171,19,0
2026-09-15 04:09:00+00:00,4297.42,4297.68,4293.51,4293.65,159,19,0
2026-09-15 04:10:00+00:00,4293.64,4296.35,4293.6,4296.35,166,19,0
2026-09-15 04:11:00+00:00,4296.19,4297.86,4296.17,4297.39,159,19,0
2026-09-15 04:12:00+00:00,4297.36,4298.32,4296.09,4296.1,157,19,0
2026-09-15 04:13:00+00:00,4296.18,4298.38,4296.14,4298.34,142,19,0
2026-09-15 04:14:00+00:00,4298.33,4299.67,4297.93,4299.56,141,19,0
2026-09-15 04:15:00+00:00,4299.52,4300.14,4298.81,4300.04,166,19,0
2026-09-15 04:16:00+00:00,4300.04,4302.29,4299.84,4301.62,156,19,0
2026-09-15 04:17:00+00:00,4301.61,4301.82,4300.01,4301.39,138,19,0
2026-09-15 04:18:00+00:00,4301.37,4302.51,4300.96,4301.89,147,19,0
2026-09-15 04:19:00+00:00,4301.92,4305.53,4301.91,4303.89,176,19,0
2026-09-15 04:20:00+00:00,4303.95,4304.06,4302.44,4302.47,161,19,0
2026-09-15 04:21:00+00:00,4302.55,4304.2,4302.53,4304.05,133,18,0
2026-09-15 04:22:00+00:00,4304.04,4304.27,4302.59,4303.18,149,18,0
2026-09-15 04:23:00+00:00,4303.23,4303.24,4301.77,4301.98,146,19,0
2026-09-15 04:24:00+00:00,4302.0,4303.23,4301.66,4301.91,149,19,0
2026-09-15 04:25:00+00:00,4301.98,4302.72,4300.88,4301.57,157,19,0
2026-09-15 04:26:00+00:00,4301.58,4302.01,4301.03,4301.04,131,17,0
2026-09-15 04:27:00+00:00,4301.3,4301.53,4300.38,4300.85,151,17,0
2026-09-15 04:28:00+00:00,4300.86,4301.15,4300.17,4300.87,143,17,0
2026-09-15 04:29:00+00:00,4300.77,4302.06,4300.56,4301.53,143,18,0
2026-09-15 04:30:00+00:00,4301.67,4303.29,4301.48,4302.73,193,19,0
2026-09-15 04:31:00+00:00,4302.71,4304.33,4301.77,4303.91,171,19,0
2026-09-15 04:32:00+00:00,4303.93,4304.74,4303.29,4304.66,142,19,0
2026-09-15 04:33:00+00:00,4304.65,4305.92,4304.44,4304.83,168,19,0
2026-09-15 04:34:00+00:00,4304.7,4305.41,4302.24,4302.49,148,19,0
2026-09-15 04:35:00+00:00,4302.36,4302.54,4300.42,4300.54,179,19,0
2026-09-15 04:36:00+00:00,4300.51,4301.72,4299.26,4299.41,173,19,0
2026-09-15 04:37:00+00:00,4299.36,4299.48,4297.68,4297.8,186,19,0
2026-09-15 04:38:00+00:00,4297.68,4297.95,4295.86,4296.75,171,19,0
2026-09-15 04:39:00+00:00,4296.8,4298.27,4296.39,4297.24,181,19,0
2026-09-15 04:40:00+00:00,4297.43,4298.64,4295.8,4296.82,184,19,0
2026-09-15 04:41:00+00:00,4296.84,4297.45,4296.27,4296.28,154,19,0
2026-09-15 04:42:00+00:00,4296.26,4296.51,4295.19,4295.92,150,17,0
2026-09-15 04:43:00+00:00,4295.84,4299.28,4295.53,4298.62,179,16,0
2026-09-15 04:44:00+00:00,4298.57,4299.73,4298.11,4298.62,155,16,0
2026-09-15 04:45:00+00:00,4298.61,4298.8,4296.58,4298.3,172,14,0
2026-09-15 04:46:00+00:00,4298.38,4300.69,4298.38,4299.63,151,18,0
2026-09-15 04:47:00+00:00,4299.67,4301.01,4299.61,4300.07,149,13,0
2026-09-15 04:48:00+00:00,4300.11,4300.92,4299.76,4300.29,135,13,0
2026-09-15 04:49:00+00:00,4300.25,4301.77,4299.29,4300.22,142,14,0
2026-09-15 04:50:00+00:00,4300.21,4300.38,4297.71,4297.82,165,19,0
2026-09-15 04:51:00+00:00,4297.7,4297.7,4295.52,4295.91,171,13,0
2026-09-15 04:52:00+00:00,4295.85,4296.6,4294.24,4296.55,177,13,0
2026-09-15 04:53:00+00:00,4296.48,4298.62,4296.32,4298.32,152,13,0
2026-09-15 04:54:00+00:00,4298.31,4299.8,4298.2,4299.45,161,13,0
2026-09-15 04:55:00+00:00,4299.39,4302.41,4299.36,4302.27,164,13,0
2026-09-15 04:56:00+00:00,4302.26,4303.27,4302.02,4302.51,161,13,0
2026-09-15 04:57:00+00:00,4302.49,4302.57,4301.05,4301.18,129,13,0
2026-09-15 04:58:00+00:00,4301.19,4303.83,4301.19,4303.54,136,13,0
2026-09-15 04:59:00+00:00,4303.56,4304.93,4303.22,4304.42,138,13,0
2026-09-15 05:00:00+00:00,4304.81,4306.55,4304.68,4305.68,175,13,0
2026-09-15 05:01:00+00:00,4305.62,4310.74,4305.5,4310.59,171,19,0
2026-09-15 05:02:00+00:00,4310.6,4311.66,4308.52,4308.57,182,19,0
2026-09-15 05:03:00+00:00,4308.5,4308.6,4306.84,4307.04,163,19,0
2026-09-15 05:04:00+00:00,4307.05,4307.29,4305.84,4306.87,164,15,0
2026-09-15 05:05:00+00:00,4306.86,4308.35,4306.16,4306.28,143,16,0
2026-09-15 05:06:00+00:00,4306.29,4307.39,4306.08,4306.46,162,15,0
2026-09-15 05:07:00+00:00,4306.48,4308.71,4306.41,4308.71,156,15,0
2026-09-15 05:08:00+00:00,4308.75,4308.9,4306.73,4307.85,153,19,0
2026-09-15 05:09:00+00:00,4307.97,4308.55,4306.82,4307.61,138,19,0
2026-09-15 05:10:00+00:00,4307.62,4308.22,4306.52,4306.99,134,18,0
2026-09-15 05:11:00+00:00,4307.03,4307.03,4305.21,4305.21,99,13,0
2026-09-15 05:12:00+00:00,4305.26,4306.97,4305.17,4306.46,126,13,0
2026-09-15 05:13:00+00:00,4306.49,4306.98,4306.22,4306.8,129,13,0
2026-09-15 05:14:00+00:00,4306.81,4307.3,4306.67,4307.29,117,13,0
2026-09-15 05:15:00+00:00,4307.26,4307.7,4305.83,4306.99,116,13,0
2026-09-15 05:16:00+00:00,4306.98,4307.61,4306.66,4307.26,129,13,0
2026-09-15 05:17:00+00:00,4307.25,4307.26,4305.68,4305.84,107,13,0
2026-09-15 05:18:00+00:00,4305.8,4306.95,4305.66,4306.94,81,14,0
2026-09-15 05:19:00+00:00,4306.82,4306.86,4305.37,4306.28,137,15,0
2026-09-15 05:20:00+00:00,4306.88,4307.41,4306.4,4307.02,118,19,0
2026-09-15 05:21:00+00:00,4306.78,4307.15,4306.19,4306.19,85,17,0
2026-09-15 05:22:00+00:00,4306.12,4307.73,4305.95,4307.39,88,17,0
2026-09-15 05:23:00+00:00,4307.41,4308.55,4307.41,4307.99,110,19,0
2026-09-15 05:24:00+00:00,4308.01,4308.77,4307.91,4308.2,106,19,0
2026-09-15 05:25:00+00:00,4308.11,4309.0,4307.95,4308.98,98,19,0
2026-09-15 05:26:00+00:00,4308.92,4309.16,4308.69,4308.7,98,19,0
2026-09-15 05:27:00+00:00,4308.72,4309.75,4308.68,4308.98,79,17,0
2026-09-15 05:28:00+00:00,4309.0,4309.34,4308.22,4308.89,107,19,0
2026-09-15 05:29:00+00:00,4308.87,4309.95,4308.85,4309.95,83,19,0
2026-09-15 05:30:00+00:00,4310.02,4310.42,4307.27,4308.07,180,19,0
2026-09-15 05:31:00+00:00,4308.06,4310.58,4307.85,4310.5,173,19,0
2026-09-15 05:32:00+00:00,4310.52,4310.79,4309.14,4309.85,178,19,0
2026-09-15 05:33:00+00:00,4309.84,4310.81,4309.82,4310.81,133,19,0
2026-09-15 05:34:00+00:00,4310.77,4312.3,4310.16,4311.65,161,19,0
2026-09-15 05:35:00+00:00,4311.74,4311.83,4310.88,4311.34,141,19,0
2026-09-15 05:36:00+00:00,4311.35,4311.46,4309.1,4310.77,159,19,0
2026-09-15 05:37:00+00:00,4310.86,4312.62,4310.86,4312.58,147,19,0
2026-09-15 05:38:00+00:00,4312.56,4314.36,4312.54,4314.16,133,19,0
2026-09-15 05:39:00+00:00,4314.15,4315.12,4313.68,4315.02,128,14,0
2026-09-15 05:40:00+00:00,4314.98,4317.15,4314.66,4316.65,136,19,0
2026-09-15 05:41:00+00:00,4316.66,4316.68,4314.15,4314.29,153,17,0
2026-09-15 05:42:00+00:00,4314.28,4315.42,4313.12,4313.57,140,19,0
2026-09-15 05:43:00+00:00,4313.56,4313.68,4312.11,4312.77,172,19,0
2026-09-15 05:44:00+00:00,4312.8,4313.27,4311.4,4311.44,123,19,0
2026-09-15 05:45:00+00:00,4311.31,4312.36,4311.13,4312.2,118,19,0
2026-09-15 05:46:00+00:00,4312.21,4314.91,4312.01,4314.21,138,19,0
2026-09-15 05:47:00+00:00,4314.23,4314.23,4312.39,4313.38,124,19,0
2026-09-15 05:48:00+00:00,4313.5,4315.62,4312.54,4315.06,144,19,0
2026-09-15 05:49:00+00:00,4315.17,4317.37,4315.17,4316.72,146,19,0
2026-09-15 05:50:00+00:00,4316.7,4317.21,4315.21,4315.21,149,19,0
2026-09-15 05:51:00+00:00,4315.22,4315.72,4313.68,4313.71,164,19,0
2026-09-15 05:52:00+00:00,4313.83,4315.82,4313.83,4314.64,139,19,0
2026-09-15 05:53:00+00:00,4314.68,4315.02,4313.2,4313.3,120,18,0
2026-09-15 05:54:00+00:00,4313.31,4313.32,4311.64,4312.2,133,17,0
2026-09-15 05:55:00+00:00,4312.18,4312.89,4311.89,4312.57,110,17,0
2026-09-15 05:56:00+00:00,4312.6,4313.39,4312.31,4313.12,114,17,0
2026-09-15 05:57:00+00:00,4313.22,4313.48,4312.07,4313.38,107,17,0
2026-09-15 05:58:00+00:00,4313.46,4313.67,4312.5,4312.8,127,19,0
2026-09-15 05:59:00+00:00,4312.91,4314.61,4312.74,4314.07,128,19,0
2026-09-15 06:00:00+00:00,4314.13,4314.43,4311.98,4312.28,152,19,0
2026-09-15 06:01:00+00:00,4312.27,4312.27,4309.92,4310.55,139,19,0
2026-09-15 06:02:00+00:00,4310.6,4311.65,4310.3,4311.61,121,19,0
2026-09-15 06:03:00+00:00,4311.59,4311.97,4311.09,4311.88,116,19,0
2026-09-15 06:04:00+00:00,4311.71,4313.21,4311.71,4312.34,118,17,0
2026-09-15 06:05:00+00:00,4312.38,4313.1,4311.86,4312.47,138,19,0
2026-09-15 06:06:00+00:00,4312.48,4312.76,4311.25,4312.61,139,19,0
2026-09-15 06:07:00+00:00,4312.54,4313.97,4312.54,4312.91,147,19,0
2026-09-15 06:08:00+00:00,4312.92,4313.56,4312.12,4313.56,125,13,0
2026-09-15 06:09:00+00:00,4313.55,4314.01,4313.15,4313.69,109,13,0
2026-09-15 06:10:00+00:00,4313.75,4314.03,4312.27,4312.41,149,13,0
2026-09-15 06:11:00+00:00,4312.39,4312.42,4311.31,4311.56,135,14,0
2026-09-15 06:12:00+00:00,4311.57,4312.13,4311.29,4311.53,120,15,0
2026-09-15 06:13:00+00:00,4311.63,4311.71,4311.03,4311.2,112,17,0
2026-09-15 06:14:00+00:00,4311.21,4311.64,4310.53,4310.81,125,15,0
2026-09-15 06:15:00+00:00,4310.84,4312.37,4310.5,4312.13,119,16,0
2026-09-15 06:16:00+00:00,4312.14,4312.14,4311.07,4311.07,140,19,0
2026-09-15 06:17:00+00:00,4310.98,4311.99,4309.87,4310.96,128,19,0
2026-09-15 06:18:00+00:00,4311.08,4312.26,4311.04,4311.58,102,19,0
2026-09-15 06:19:00+00:00,4312.06,4313.1,4311.73,4311.74,126,19,0
2026-09-15 06:20:00+00:00,4311.75,4312.65,4311.62,4311.77,104,17,0
2026-09-15 06:21:00+00:00,4311.65,4313.03,4311.65,4312.26,124,18,0
2026-09-15 06:22:00+00:00,4312.25,4313.71,4311.83,4313.71,93,14,0
2026-09-15 06:23:00+00:00,4313.64,4314.27,4312.46,4313.04,111,19,0
2026-09-15 06:24:00+00:00,4313.03,4313.71,4310.41,4310.77,98,19,0
2026-09-15 06:25:00+00:00,4310.83,4311.36,4310.26,4310.39,91,18,0
2026-09-15 06:26:00+00:00,4310.42,4310.49,4309.96,4310.45,81,13,0
2026-09-15 06:27:00+00:00,4310.46,4311.54,4310.43,4311.43,97,13,0
2026-09-15 06:28:00+00:00,4311.44,4311.69,4310.92,4311.09,91,13,0
2026-09-15 06:29:00+00:00,4311.11,4312.08,4310.66,4310.79,113,13,0
2026-09-15 06:30:00+00:00,4310.81,4312.6,4310.7,4312.57,120,15,0
2026-09-15 06:31:00+00:00,4312.64,4312.82,4311.19,4311.19,97,19,0
2026-09-15 06:32:00+00:00,4310.96,4311.58,4310.87,4311.36,103,16,0
2026-09-15 06:33:00+00:00,4311.37,4312.53,4311.37,4311.77,92,14,0
2026-09-15 06:34:00+00:00,4311.8,4312.84,4311.47,4312.78,111,16,0
2026-09-15 06:35:00+00:00,4312.87,4313.52,4312.62,4312.81,101,15,0
2026-09-15 06:36:00+00:00,4312.82,4313.2,4311.61,4311.92,95,18,0
2026-09-15 06:37:00+00:00,4311.93,4311.93,4310.72,4310.73,92,13,0
2026-09-15 06:38:00+00:00,4310.94,4311.26,4310.01,4310.07,111,19,0
2026-09-15 06:39:00+00:00,4310.03,4310.03,4309.05,4309.12,114,19,0
2026-09-15 06:40:00+00:00,4309.13,4310.16,4308.77,4309.74,117,19,0
2026-09-15 06:41:00+00:00,4309.73,4309.79,4308.84,4309.1,102,13,0
2026-09-15 06:42:00+00:00,4309.18,4309.44,4308.26,4308.9,97,14,0
2026-09-15 06:43:00+00:00,4308.91,4309.0,4308.14,4308.19,101,15,0
2026-09-15 06:44:00+00:00,4308.34,4309.2,4308.3,4308.68,94,16,0
2026-09-15 06:45:00+00:00,4308.66,4308.82,4308.12,4308.75,107,18,0
2026-09-15 06:46:00+00:00,4308.74,4309.84,4308.12,4309.59,111,13,0
2026-09-15 06:47:00+00:00,4309.58,4310.04,4308.95,4309.06,90,18,0
2026-09-15 06:48:00+00:00,4308.81,4308.83,4306.23,4306.43,122,16,0
2026-09-15 06:49:00+00:00,4306.45,4306.53,4305.6,4305.65,105,19,0
2026-09-15 06:50:00+00:00,4305.66,4306.06,4304.98,4305.23,110,14,0
2026-09-15 06:51:00+00:00,4305.24,4305.25,4304.42,4304.71,85,13,0
2026-09-15 06:52:00+00:00,4304.72,4304.72,4304.05,4304.05,96,13,0
2026-09-15 06:53:00+00:00,4304.08,4304.65,4303.94,4304.2,116,13,0
2026-09-15 06:54:00+00:00,4304.05,4304.73,4303.98,4304.21,102,18,0
2026-09-15 06:55:00+00:00,4304.19,4304.92,4303.72,4304.0,112,18,0
2026-09-15 06:56:00+00:00,4304.05,4304.49,4303.36,4303.89,121,19,0
2026-09-15 06:57:00+00:00,4303.86,4303.95,4303.53,4303.79,53,13,0
2026-09-15 06:58:00+00:00,4303.84,4304.62,4303.84,4304.53,73,13,0
2026-09-15 06:59:00+00:00,4304.55,4304.59,4303.48,4303.59,75,13,0
2026-09-15 07:00:00+00:00,4303.4,4304.29,4302.99,4302.99,97,15,0
2026-09-15 07:01:00+00:00,4303.05,4303.16,4302.63,4302.86,84,17,0
2026-09-15 07:02:00+00:00,4302.87,4303.23,4302.59,4302.6,99,16,0
2026-09-15 07:03:00+00:00,4302.6,4302.83,4302.55,4302.64,51,13,0
2026-09-15 07:04:00+00:00,4302.65,4303.24,4302.54,4303.16,90,15,0
2026-09-15 07:05:00+00:00,4303.14,4304.32,4303.1,4304.07,108,19,0
2026-09-15 07:06:00+00:00,4304.06,4304.07,4303.33,4303.33,87,19,0
2026-09-15 07:07:00+00:00,4303.29,4303.74,4302.69,4303.55,75,19,0
2026-09-15 07:08:00+00:00,4303.57,4305.47,4303.28,4305.46,112,19,0
2026-09-15 07:09:00+00:00,4305.77,4306.0,4305.11,4305.64,115,19,0
2026-09-15 07:10:00+00:00,4305.66,4306.72,4305.54,4306.44,118,19,0
2026-09-15 07:11:00+00:00,4306.42,4306.42,4304.35,4304.7,113,19,0
2026-09-15 07:12:00+00:00,4304.64,4307.01,4304.53,4307.01,102,19,0
2026-09-15 07:13:00+00:00,4307.01,4309.0,4306.81,4308.97,109,19,0
2026-09-15 07:14:00+00:00,4308.95,4309.58,4307.23,4307.32,126,19,0
2026-09-15 07:15:00+00:00,4307.37,4308.56,4306.93,4308.0,110,19,0
2026-09-15 07:16:00+00:00,4308.01,4308.05,4306.28,4306.43,113,19,0
2026-09-15 07:17:00+00:00,4306.38,4306.38,4305.22,4305.93,131,19,0
2026-09-15 07:18:00+00:00,4305.91,4305.91,4304.48,4304.61,115,18,0
2026-09-15 07:19:00+00:00,4304.6,4304.73,4303.47,4304.18,108,18,0
2026-09-15 07:20:00+00:00,4304.14,4304.71,4304.01,4304.71,97,17,0
2026-09-15 07:21:00+00:00,4304.72,4304.95,4303.89,4303.94,104,14,0
2026-09-15 07:22:00+00:00,4303.93,4303.94,4302.74,4303.37,100,16,0
2026-09-15 07:23:00+00:00,4303.42,4304.06,4302.88,4303.16,95,19,0
2026-09-15 07:24:00+00:00,4303.15,4303.53,4302.96,4303.08,81,15,0
2026-09-15 07:25:00+00:00,4303.07,4303.7,4302.93,4303.08,100,13,0
2026-09-15 07:26:00+00:00,4303.06,4303.25,4302.78,4303.13,99,14,0
2026-09-15 07:27:00+00:00,4303.02,4303.75,4302.94,4303.36,79,15,0
2026-09-15 07:28:00+00:00,4303.37,4304.13,4303.37,4303.52,85,15,0
2026-09-15 07:29:00+00:00,4303.51,4303.59,4302.72,4303.59,86,19,0
2026-09-15 07:30:00+00:00,4303.6,4303.63,4303.32,4303.51,60,18,0
2026-09-15 07:31:00+00:00,4303.5,4303.73,4303.02,4303.14,67,18,0
2026-09-15 07:32:00+00:00,4303.18,4303.92,4303.11,4303.33,70,18,0
2026-09-15 07:33:00+00:00,4303.31,4303.47,4302.72,4303.1,69,19,0
2026-09-15 07:34:00+00:00,4303.09,4304.22,4302.65,4302.79,95,19,0
2026-09-15 07:35:00+00:00,4302.8,4303.06,4302.35,4302.87,104,19,0
2026-09-15 07:36:00+00:00,4302.81,4303.04,4301.17,4301.47,76,19,0
2026-09-15 07:37:00+00:00,4301.52,4302.28,4300.72,4301.04,100,19,0
2026-09-15 07:38:00+00:00,4301.05,4302.42,4301.01,4302.37,87,19,0
2026-09-15 07:39:00+00:00,4302.81,4305.06,4302.73,4304.68,132,19,0
2026-09-15 07:40:00+00:00,4304.74,4304.87,4303.58,4304.66,109,19,0
2026-09-15 07:41:00+00:00,4305.4,4306.15,4305.28,4306.09,100,19,0
2026-09-15 07:42:00+00:00,4305.94,4306.13,4305.58,4305.63,107,19,0
2026-09-15 07:43:00+00:00,4305.63,4305.96,4305.15,4305.2,94,18,0
2026-09-15 07:44:00+00:00,4305.11,4305.5,4304.67,4305.0,108,17,0
2026-09-15 07:45:00+00:00,4304.98,4305.03,4304.15,4304.73,118,19,0
2026-09-15 07:46:00+00:00,4304.71,4305.46,4304.61,4304.95,92,19,0
2026-09-15 07:47:00+00:00,4304.96,4306.27,4304.58,4306.0,91,19,0
2026-09-15 07:48:00+00:00,4305.99,4306.94,4305.61,4306.03,104,19,0
2026-09-15 07:49:00+00:00,4306.04,4306.94,4305.5,4305.5,109,19,0
2026-09-15 07:50:00+00:00,4305.49,4305.98,4305.04,4305.89,116,19,0
2026-09-15 07:51:00+00:00,4305.9,4306.17,4304.63,4305.2,103,16,0
2026-09-15 07:52:00+00:00,4305.18,4305.67,4304.79,4304.97,99,19,0
2026-09-15 07:53:00+00:00,4304.92,4305.96,4304.46,4304.78,118,19,0
2026-09-15 07:54:00+00:00,4304.84,4306.13,4304.35,4305.67,95,19,0
2026-09-15 07:55:00+00:00,4305.81,4307.29,4305.1,4306.3,119,19,0
2026-09-15 07:56:00+00:00,4306.28,4306.85,4305.65,4306.14,106,19,0
2026-09-15 07:57:00+00:00,4306.34,4307.88,4306.31,4306.82,110,19,0
2026-09-15 07:58:00+00:00,4306.89,4306.93,4305.91,4306.06,84,13,0
2026-09-15 07:59:00+00:00,4306.2,4306.22,4304.54,4304.77,103,13,0
2026-09-15 08:00:00+00:00,4304.81,4306.46,4304.4,4306.19,126,16,0
2026-09-15 08:01:00+00:00,4306.18,4306.65,4305.49,4306.21,77,16,0
2026-09-15 08:02:00+00:00,4306.17,4307.53,4306.15,4307.19,94,19,0
2026-09-15 08:03:00+00:00,4307.16,4307.16,4304.11,4304.22,127,19,0
2026-09-15 08:04:00+00:00,4304.19,4304.21,4302.69,4302.89,129,15,0
2026-09-15 08:05:00+00:00,4302.75,4303.67,4302.63,4302.96,124,13,0
2026-09-15 08:06:00+00:00,4302.95,4303.01,4302.09,4302.46,134,13,0
2026-09-15 08:07:00+00:00,4302.45,4302.49,4301.3,4301.65,89,13,0
2026-09-15 08:08:00+00:00,4301.77,4302.17,4301.66,4301.97,93,13,0
2026-09-15 08:09:00+00:00,4301.95,4302.86,4301.68,4302.08,111,13,0
2026-09-15 08:10:00+00:00,4302.05,4302.46,4301.69,4302.09,96,19,0
2026-09-15 08:11:00+00:00,4302.2,4302.2,4300.83,4300.92,104,18,0
2026-09-15 08:12:00+00:00,4300.84,4301.17,4300.55,4300.55,98,17,0
2026-09-15 08:13:00+00:00,4300.7,4300.91,4300.44,4300.75,90,13,0
2026-09-15 08:14:00+00:00,4300.69,4302.12,4300.53,4301.54,104,16,0
2026-09-15 08:15:00+00:00,4301.55,4301.79,4299.35,4299.58,157,19,0
2026-09-15 08:16:00+00:00,4299.59,4299.87,4299.09,4299.09,118,19,0
2026-09-15 08:17:00+00:00,4299.15,4299.74,4298.82,4298.82,112,19,0
2026-09-15 08:18:00+00:00,4298.92,4299.88,4298.62,4299.83,112,19,0
2026-09-15 08:19:00+00:00,4299.84,4300.69,4299.74,4300.1,128,19,0
2026-09-15 08:20:00+00:00,4300.12,4301.28,4299.58,4299.87,145,13,0
2026-09-15 08:21:00+00:00,4299.86,4300.11,4297.8,4297.8,142,19,0
2026-09-15 08:22:00+00:00,4297.79,4298.42,4297.2,4297.93,134,19,0
2026-09-15 08:23:00+00:00,4297.94,4297.94,4297.28,4297.93,84,14,0
2026-09-15 08:24:00+00:00,4297.92,4297.92,4297.3,4297.71,79,13,0
2026-09-15 08:25:00+00:00,4297.72,4298.25,4296.42,4297.02,115,13,0
2026-09-15 08:26:00+00:00,4297.0,4297.26,4296.71,4296.9,104,13,0
2026-09-15 08:27:00+00:00,4296.87,4297.52,4296.53,4297.14,113,13,0
2026-09-15 08:28:00+00:00,4297.29,4298.11,4297.29,4298.11,112,13,0
2026-09-15 08:29:00+00:00,4298.33,4298.42,4297.41,4297.41,113,13,0
2026-09-15 08:30:00+00:00,4297.41,4300.12,4296.07,4296.49,220,13,0
2026-09-15 08:31:00+00:00,4296.44,4296.62,4294.84,4296.29,192,19,0
2026-09-15 08:32:00+00:00,4296.32,4296.32,4293.91,4294.69,180,19,0
2026-09-15 08:33:00+00:00,4294.66,4295.02,4293.39,4294.46,180,19,0
2026-09-15 08:34:00+00:00,4294.51,4294.51,4289.22,4292.76,205,19,0
2026-09-15 08:35:00+00:00,4292.78,4294.19,4291.74,4293.23,190,19,0
2026-09-15 08:36:00+00:00,4293.14,4294.83,4293.14,4293.98,163,19,0
2026-09-15 08:37:00+00:00,4293.99,4294.33,4291.88,4292.35,152,19,0
2026-09-15 08:38:00+00:00,4292.33,4293.33,4292.1,4292.71,149,19,0
2026-09-15 08:39:00+00:00,4292.68,4294.54,4292.59,4294.14,160,19,0
2026-09-15 08:40:00+00:00,4294.12,4295.96,4293.66,4295.96,165,19,0
2026-09-15 08:41:00+00:00,4296.0,4296.79,4295.71,4295.86,162,19,0
2026-09-15 08:42:00+00:00,4295.8,4296.19,4295.22,4296.05,158,18,0
2026-09-15 08:43:00+00:00,4296.04,4296.54,4294.23,4295.09,157,18,0
2026-09-15 08:44:00+00:00,4295.19,4297.11,4294.99,4296.24,157,19,0
2026-09-15 08:45:00+00:00,4296.22,4299.9,4296.08,4298.89,183,19,0
2026-09-15 08:46:00+00:00,4298.86,4299.33,4297.26,4297.79,170,19,0
2026-09-15 08:47:00+00:00,4297.65,4297.77,4296.62,4296.87,139,16,0
2026-09-15 08:48:00+00:00,4296.89,4297.74,4296.78,4297.29,135,16,0
2026-09-15 08:49:00+00:00,4297.3,4297.92,4294.48,4294.75,168,17,0
2026-09-15 08:50:00+00:00,4294.75,4296.07,4294.19,4295.98,137,19,0
2026-09-15 08:51:00+00:00,4295.94,4298.12,4295.77,4296.7,149,19,0
2026-09-15 08:52:00+00:00,4296.78,4298.8,4296.57,4298.11,153,19,0
2026-09-15 08:53:00+00:00,4298.19,4298.19,4295.6,4295.95,150,19,0
2026-09-15 08:54:00+00:00,4295.88,4296.23,4294.91,4295.0,129,19,0
2026-09-15 08:55:00+00:00,4294.95,4294.95,4293.51,4293.51,147,19,0
2026-09-15 08:56:00+00:00,4293.51,4293.52,4292.09,4292.22,141,19,0
2026-09-15 08:57:00+00:00,4292.26,4293.15,4291.79,4292.23,136,19,0
2026-09-15 08:58:00+00:00,4292.18,4292.18,4291.28,4291.28,111,16,0
2026-09-15 08:59:00+00:00,4291.25,4291.53,4290.73,4291.01,137,17,0
2026-09-15 09:00:00+00:00,4290.87,4294.32,4290.87,4292.18,181,13,0
2026-09-15 09:01:00+00:00,4292.16,4293.66,4291.77,4292.73,163,16,0
2026-09-15 09:02:00+00:00,4292.69,4292.89,4292.03,4292.16,153,16,0
2026-09-15 09:03:00+00:00,4292.24,4293.43,4290.55,4291.84,172,16,0
2026-09-15 09:04:00+00:00,4291.87,4292.0,4291.03,4291.74,159,16,0
2026-09-15 09:05:00+00:00,4291.76,4291.76,4288.43,4288.43,161,16,0
2026-09-15 09:06:00+00:00,4288.36,4288.54,4287.06,4287.65,189,16,0
2026-09-15 09:07:00+00:00,4287.59,4287.65,4286.1,4287.23,170,16,0
2026-09-15 09:08:00+00:00,4287.24,4289.64,4287.24,4288.77,195,16,0
2026-09-15 09:09:00+00:00,4288.74,4291.22,4288.61,4288.61,190,16,0
2026-09-15 09:10:00+00:00,4288.71,4289.37,4287.89,4287.93,144,16,0
2026-09-15 09:11:00+00:00,4287.94,4288.5,4286.02,4286.27,170,15,0
2026-09-15 09:12:00+00:00,4286.18,4287.61,4286.18,4287.16,160,16,0
2026-09-15 09:13:00+00:00,4287.15,4290.47,4286.99,4290.02,162,16,0
2026-09-15 09:14:00+00:00,4289.98,4290.32,4289.38,4289.74,132,16,0
2026-09-15 09:15:00+00:00,4289.75,4289.98,4288.96,4289.85,162,15,0
2026-09-15 09:16:00+00:00,4289.8,4291.29,4289.4,4290.49,166,15,0
2026-09-15 09:17:00+00:00,4290.4,4292.26,4290.29,4291.91,167,16,0
2026-09-15 09:18:00+00:00,4291.87,4292.2,4289.95,4290.65,173,16,0
2026-09-15 09:19:00+00:00,4290.53,4290.54,4289.44,4289.98,145,15,0
2026-09-15 09:20:00+00:00,4289.97,4289.97,4288.73,4288.83,153,15,0
2026-09-15 09:21:00+00:00,4288.84,4290.12,4288.56,4289.56,160,14,0
2026-09-15 09:22:00+00:00,4289.54,4291.55,4289.5,4290.13,148,16,0
2026-09-15 09:23:00+00:00,4290.14,4291.52,4289.85,4289.85,146,15,0
2026-09-15 09:24:00+00:00,4289.87,4290.72,4289.71,4289.83,136,14,0
2026-09-15 09:25:00+00:00,4289.84,4290.1,4287.72,4287.98,177,14,0
2026-09-15 09:26:00+00:00,4287.96,4289.19,4287.57,4288.36,148,16,0
2026-09-15 09:27:00+00:00,4288.34,4288.35,4287.21,4287.77,148,16,0
2026-09-15 09:28:00+00:00,4287.78,4289.34,4287.68,4289.34,135,14,0
2026-09-15 09:29:00+00:00,4289.33,4290.28,4289.12,4289.49,130,13,0
2026-09-15 09:30:00+00:00,4289.45,4289.62,4287.92,4287.99,162,14,0
2026-09-15 09:31:00+00:00,4287.97,4288.11,4286.84,4287.59,148,15,0
2026-09-15 09:32:00+00:00,4287.58,4288.01,4286.23,4286.91,160,15,0
2026-09-15 09:33:00+00:00,4286.92,4287.03,4285.99,4287.0,148,16,0
2026-09-15 09:34:00+00:00,4286.97,4287.8,4286.68,4287.12,148,14,0
2026-09-15 09:35:00+00:00,4287.09,4288.99,4287.08,4288.0,149,14,0
2026-09-15 09:36:00+00:00,4288.01,4288.23,4287.71,4288.02,122,11,0
2026-09-15 09:37:00+00:00,4288.04,4288.64,4287.65,4288.64,102,9,0
2026-09-15 09:38:00+00:00,4288.63,4289.65,4288.11,4289.64,126,11,0
2026-09-15 09:39:00+00:00,4289.65,4291.19,4289.21,4291.07,156,14,0
2026-09-15 09:40:00+00:00,4291.1,4291.1,4289.9,4289.99,140,15,0
2026-09-15 09:41:00+00:00,4289.79,4291.1,4289.71,4290.22,144,16,0
2026-09-15 09:42:00+00:00,4290.09,4290.71,4288.67,4289.05,139,16,0
2026-09-15 09:43:00+00:00,4289.01,4290.32,4288.91,4290.25,151,15,0
2026-09-15 09:44:00+00:00,4290.22,4290.89,4290.11,4290.69,133,15,0
2026-09-15 09:45:00+00:00,4290.8,4294.37,4290.52,4292.13,177,15,0
2026-09-15 09:46:00+00:00,4292.12,4292.31,4290.78,4291.25,137,16,0
2026-09-15 09:47:00+00:00,4291.26,4292.27,4290.86,4291.64,132,16,0
2026-09-15 09:48:00+00:00,4291.61,4292.44,4291.26,4292.35,131,14,0
2026-09-15 09:49:00+00:00,4292.36,4292.96,4291.87,4292.42,133,8,0
2026-09-15 09:50:00+00:00,4292.36,4293.33,4292.12,4292.95,121,9,0
2026-09-15 09:51:00+00:00,4292.9,4293.59,4292.57,4293.29,128,8,0
2026-09-15 09:52:00+00:00,4293.22,4293.86,4292.31,4292.81,138,14,0
2026-09-15 09:53:00+00:00,4292.78,4293.28,4292.62,4292.82,150,9,0
2026-09-15 09:54:00+00:00,4292.83,4293.59,4292.8,4292.91,109,8,0
2026-09-15 09:55:00+00:00,4292.9,4293.14,4292.59,4292.97,148,8,0
2026-09-15 09:56:00+00:00,4292.95,4294.55,4292.8,4294.15,141,8,0
2026-09-15 09:57:00+00:00,4294.22,4295.26,4293.92,4295.2,133,9,0
2026-09-15 09:58:00+00:00,4295.18,4295.24,4293.36,4293.78,123,9,0
2026-09-15 09:59:00+00:00,4293.75,4294.33,4293.46,4293.48,137,11,0
2026-09-15 10:00:00+00:00,4293.45,4295.31,4292.15,4294.51,194,13,0
2026-09-15 10:01:00+00:00,4294.37,4294.5,4292.08,4292.13,151,16,0
2026-09-15 10:02:00+00:00,4292.18,4292.18,4289.95,4290.83,159,16,0
2026-09-15 10:03:00+00:00,4290.81,4292.26,4289.6,4291.66,180,16,0
2026-09-15 10:04:00+00:00,4291.73,4292.49,4291.33,4291.44,139,16,0
2026-09-15 10:05:00+00:00,4291.53,4292.28,4289.56,4289.64,164,11,0
2026-09-15 10:06:00+00:00,4289.47,4290.88,4288.72,4290.67,164,11,0
2026-09-15 10:07:00+00:00,4290.64,4290.83,4289.87,4290.27,148,9,0
2026-09-15 10:08:00+00:00,4290.26,4291.18,4290.26,4290.36,151,8,0
2026-09-15 10:09:00+00:00,4290.35,4291.26,4289.77,4290.84,152,11,0
2026-09-15 10:10:00+00:00,4290.85,4291.68,4289.47,4289.47,166,14,0
2026-09-15 10:11:00+00:00,4289.42,4289.53,4287.41,4287.83,178,13,0
2026-09-15 10:12:00+00:00,4287.81,4288.14,4287.07,4287.07,163,13,0
2026-09-15 10:13:00+00:00,4287.08,4288.65,4287.08,4287.35,167,13,0
2026-09-15 10:14:00+00:00,4287.32,4288.44,4286.6,4288.09,166,15,0
2026-09-15 10:15:00+00:00,4288.1,4288.7,4288.04,4288.7,138,9,0
2026-09-15 10:16:00+00:00,4288.68,4291.49,4288.66,4291.43,157,9,0
2026-09-15 10:17:00+00:00,4291.39,4291.4,4289.78,4290.68,146,11,0
2026-09-15 10:18:00+00:00,4290.61,4291.3,4289.36,4290.37,134,13,0
2026-09-15 10:19:00+00:00,4290.34,4292.03,4289.55,4291.71,136,9,0
2026-09-15 10:20:00+00:00,4291.66,4291.81,4289.14,4289.77,161,9,0
2026-09-15 10:21:00+00:00,4289.67,4290.27,4289.42,4289.46,145,14,0
2026-09-15 10:22:00+00:00,4289.39,4289.71,4288.4,4288.82,139,8,0
2026-09-15 10:23:00+00:00,4288.8,4289.01,4287.87,4288.52,147,8,0
2026-09-15 10:24:00+00:00,4288.48,4289.1,4287.55,4288.83,165,8,0
2026-09-15 10:25:00+00:00,4288.83,4289.25,4287.73,4287.86,149,16,0
2026-09-15 10:26:00+00:00,4288.03,4288.72,4287.69,4287.99,156,11,0
2026-09-15 10:27:00+00:00,4288.21,4290.19,4287.82,4290.04,145,13,0
2026-09-15 10:28:00+00:00,4290.0,4290.73,4289.85,4290.36,135,8,0
2026-09-15 10:29:00+00:00,4290.39,4292.23,4289.99,4291.93,127,8,0
2026-09-15 10:30:00+00:00,4291.95,4292.18,4291.05,4291.16,153,8,0
2026-09-15 10:31:00+00:00,4291.17,4292.82,4290.16,4292.25,167,8,0
2026-09-15 10:32:00+00:00,4292.26,4292.41,4290.48,4290.7,161,8,0
2026-09-15 10:33:00+00:00,4290.73,4291.55,4290.45,4291.03,135,8,0
2026-09-15 10:34:00+00:00,4291.04,4291.35,4290.09,4290.43,129,8,0
2026-09-15 10:35:00+00:00,4290.39,4290.39,4287.26,4288.89,173,9,0
2026-09-15 10:36:00+00:00,4288.97,4288.97,4286.67,4287.06,161,15,0
2026-09-15 10:37:00+00:00,4287.06,4287.11,4285.35,4285.57,149,11,0
2026-09-15 10:38:00+00:00,4285.53,4285.95,4285.0,4285.54,138,8,0
2026-09-15 10:39:00+00:00,4285.57,4286.36,4285.55,4285.72,116,8,0
2026-09-15 10:40:00+00:00,4285.67,4286.64,4284.29,4284.42,139,8,0
2026-09-15 10:41:00+00:00,4284.43,4284.68,4282.56,4282.69,179,14,0
2026-09-15 10:42:00+00:00,4282.68,4282.95,4280.91,4281.78,171,16,0
2026-09-15 10:43:00+00:00,4281.73,4284.42,4281.08,4282.59,180,16,0
2026-09-15 10:44:00+00:00,4282.64,4284.78,4282.14,4283.86,169,16,0
2026-09-15 10:45:00+00:00,4283.8,4287.82,4283.63,4286.74,186,16,0
2026-09-15 10:46:00+00:00,4286.85,4287.79,4285.92,4287.11,157,16,0
2026-09-15 10:47:00+00:00,4287.08,4289.76,4286.19,4286.31,197,16,0
2026-09-15 10:48:00+00:00,4286.38,4286.38,4284.96,4286.03,171,16,0
2026-09-15 10:49:00+00:00,4285.98,4286.19,4284.72,4284.83,171,14,0
2026-09-15 10:50:00+00:00,4284.8,4284.99,4281.94,4282.25,169,11,0
2026-09-15 10:51:00+00:00,4282.24,4282.4,4279.95,4279.95,181,13,0
2026-09-15 10:52:00+00:00,4279.93,4280.27,4277.61,4277.61,188,14,0
2026-09-15 10:53:00+00:00,4277.62,4278.53,4276.33,4277.24,182,13,0
2026-09-15 10:54:00+00:00,4277.12,4277.81,4276.24,4277.63,178,14,0
2026-09-15 10:55:00+00:00,4277.62,4278.8,4276.24,4278.34,200,14,0
2026-09-15 10:56:00+00:00,4278.19,4278.66,4277.06,4278.37,170,16,0
2026-09-15 10:57:00+00:00,4278.35,4278.71,4277.69,4278.46,145,13,0
2026-09-15 10:58:00+00:00,4278.45,4280.05,4278.11,4280.01,172,11,0
2026-09-15 10:59:00+00:00,4279.93,4280.73,4279.5,4280.5,163,11,0
2026-09-15 11:00:00+00:00,4280.57,4280.57,4274.75,4275.09,220,11,0
2026-09-15 11:01:00+00:00,4275.02,4275.62,4272.62,4273.5,203,16,0
2026-09-15 11:02:00+00:00,4273.46,4274.01,4270.98,4271.12,193,16,0
2026-09-15 11:03:00+00:00,4271.05,4271.05,4269.17,4269.48,178,14,0
2026-09-15 11:04:00+00:00,4269.49,4269.94,4266.8,4266.84,198,13,0
2026-09-15 11:05:00+00:00,4266.85,4268.69,4266.24,4268.37,186,16,0
2026-09-15 11:06:00+00:00,4268.23,4268.32,4266.1,4267.7,191,16,0
2026-09-15 11:07:00+00:00,4267.6,4268.12,4266.73,4267.35,182,15,0
2026-09-15 11:08:00+00:00,4267.18,4267.18,4264.35,4264.44,164,11,0
2026-09-15 11:09:00+00:00,4264.43,4265.33,4264.27,4265.12,181,9,0
2026-09-15 11:10:00+00:00,4265.14,4265.38,4263.86,4264.17,170,8,0
2026-09-15 11:11:00+00:00,4264.1,4265.96,4263.71,4264.47,193,9,0
2026-09-15 11:12:00+00:00,4264.48,4266.48,4264.23,4265.32,173,16,0
2026-09-15 11:13:00+00:00,4265.15,4267.84,4263.78,4267.15,177,16,0
2026-09-15 11:14:00+00:00,4267.13,4267.91,4265.54,4267.88,191,15,0
2026-09-15 11:15:00+00:00,4267.79,4269.79,4266.88,4269.76,190,16,0
2026-09-15 11:16:00+00:00,4269.77,4271.38,4268.66,4270.91,182,14,0
2026-09-15 11:17:00+00:00,4270.95,4272.91,4270.48,4270.75,175,14,0
2026-09-15 11:18:00+00:00,4270.76,4273.04,4270.76,4273.04,158,8,0
2026-09-15 11:19:00+00:00,4273.21,4273.93,4271.88,4273.71,179,8,0
2026-09-15 11:20:00+00:00,4273.68,4274.22,4272.44,4273.05,152,8,0
2026-09-15 11:21:00+00:00,4273.06,4273.82,4271.79,4273.24,168,8,0
2026-09-15 11:22:00+00:00,4273.16,4274.84,4273.0,4274.25,153,8,0
2026-09-15 11:23:00+00:00,4274.26,4274.55,4272.83,4272.93,157,8,0
2026-09-15 11:24:00+00:00,4272.42,4272.42,4271.45,4271.55,171,8,0
2026-09-15 11:25:00+00:00,4271.57,4272.08,4271.39,4271.49,147,8,0
2026-09-15 11:26:00+00:00,4271.48,4272.24,4271.02,4271.88,172,8,0
2026-09-15 11:27:00+00:00,4271.87,4273.42,4271.74,4272.28,161,14,0
2026-09-15 11:28:00+00:00,4272.26,4274.51,4271.5,4273.17,167,9,0
2026-09-15 11:29:00+00:00,4273.19,4273.69,4271.2,4273.2,191,16,0
2026-09-15 11:30:00+00:00,4273.23,4274.0,4271.66,4273.97,190,16,0
2026-09-15 11:31:00+00:00,4274.0,4274.56,4273.03,4273.46,166,11,0
2026-09-15 11:32:00+00:00,4273.47,4274.49,4273.08,4273.63,136,8,0
2026-09-15 11:33:00+00:00,4273.64,4274.82,4273.07,4274.42,158,8,0
2026-09-15 11:34:00+00:00,4274.43,4274.43,4272.96,4273.14,158,8,0
2026-09-15 11:35:00+00:00,4273.05,4274.74,4272.86,4274.28,145,8,0
2026-09-15 11:36:00+00:00,4274.27,4274.76,4272.43,4272.51,160,8,0
2026-09-15 11:37:00+00:00,4272.57,4272.99,4271.58,4271.88,144,13,0
2026-09-15 11:38:00+00:00,4271.87,4273.7,4270.79,4270.82,165,14,0
2026-09-15 11:39:00+00:00,4270.8,4271.01,4270.07,4270.85,140,15,0
2026-09-15 11:40:00+00:00,4270.88,4270.9,4269.26,4270.08,154,8,0
2026-09-15 11:41:00+00:00,4270.26,4270.74,4269.37,4269.45,157,8,0
2026-09-15 11:42:00+00:00,4269.48,4270.15,4268.9,4269.94,163,11,0
2026-09-15 11:43:00+00:00,4269.85,4269.85,4268.05,4268.69,154,9,0
2026-09-15 11:44:00+00:00,4268.13,4268.16,4267.16,4267.59,131,8,0
2026-09-15 11:45:00+00:00,4267.6,4268.71,4267.36,4268.6,136,8,0
2026-09-15 11:46:00+00:00,4268.66,4269.64,4268.51,4268.6,140,8,0
2026-09-15 11:47:00+00:00,4268.61,4269.2,4268.27,4268.61,122,9,0
2026-09-15 11:48:00+00:00,4268.58,4268.58,4266.5,4266.75,145,8,0
2026-09-15 11:49:00+00:00,4266.76,4267.02,4265.9,4266.45,148,8,0
2026-09-15 11:50:00+00:00,4266.46,4268.12,4266.46,4266.78,149,13,0
2026-09-15 11:51:00+00:00,4266.83,4266.9,4265.98,4266.5,133,13,0
2026-09-15 11:52:00+00:00,4266.51,4267.92,4266.51,4266.71,132,14,0
2026-09-15 11:53:00+00:00,4266.66,4267.06,4266.45,4266.65,145,13,0
2026-09-15 11:54:00+00:00,4266.57,4267.39,4266.52,4267.11,121,11,0
2026-09-15 11:55:00+00:00,4267.1,4268.43,4265.62,4266.49,172,11,0
2026-09-15 11:56:00+00:00,4266.5,4267.46,4266.35,4267.18,139,15,0
2026-09-15 11:57:00+00:00,4267.1,4268.41,4266.88,4267.03,156,13,0
2026-09-15 11:58:00+00:00,4267.01,4267.28,4261.99,4262.06,117,13,0
2026-09-15 11:59:00+00:00,4262.07,4262.69,4261.37,4262.38,143,16,0
2026-09-15 12:00:00+00:00,4262.35,4263.13,4262.23,4262.33,167,16,0
2026-09-15 12:01:00+00:00,4262.3,4263.79,4262.25,4263.1,112,14,0
2026-09-15 12:02:00+00:00,4263.04,4263.22,4261.53,4262.25,158,13,0
2026-09-15 12:03:00+00:00,4262.31,4265.15,4262.31,4263.55,159,13,0
2026-09-15 12:04:00+00:00,4263.54,4266.22,4262.79,4266.02,156,14,0
2026-09-15 12:05:00+00:00,4265.91,4267.0,4265.04,4266.43,159,16,0
2026-09-15 12:06:00+00:00,4266.5,4266.67,4265.21,4265.83,153,13,0
2026-09-15 12:07:00+00:00,4265.82,4266.35,4264.36,4264.95,155,15,0
2026-09-15 12:08:00+00:00,4264.92,4266.19,4264.91,4265.38,141,15,0
2026-09-15 12:09:00+00:00,4265.39,4266.23,4264.6,4265.69,123,11,0
2026-09-15 12:10:00+00:00,4265.56,4266.16,4263.53,4263.53,144,13,0
2026-09-15 12:11:00+00:00,4263.52,4265.98,4263.52,4265.67,149,13,0
2026-09-15 12:12:00+00:00,4265.59,4266.47,4265.01,4265.47,152,9,0
2026-09-15 12:13:00+00:00,4265.34,4265.41,4264.16,4264.25,139,8,0
2026-09-15 12:14:00+00:00,4264.24,4266.52,4264.16,4265.64,123,8,0
2026-09-15 12:15:00+00:00,4265.62,4267.17,4263.84,4266.42,148,16,0
2026-09-15 12:16:00+00:00,4266.4,4268.08,4265.43,4266.37,162,16,0
2026-09-15 12:17:00+00:00,4266.43,4266.43,4263.69,4263.93,169,14,0
2026-09-15 12:18:00+00:00,4263.88,4263.93,4261.74,4262.44,152,11,0
2026-09-15 12:19:00+00:00,4262.42,4263.71,4262.3,4262.64,155,11,0
2026-09-15 12:20:00+00:00,4262.62,4263.59,4262.52,4262.91,164,11,0
2026-09-15 12:21:00+00:00,4263.06,4263.96,4262.27,4262.84,119,9,0
2026-09-15 12:22:00+00:00,4262.8,4264.7,4262.37,4264.31,142,9,0
2026-09-15 12:23:00+00:00,4264.25,4266.42,4263.12,4264.71,180,11,0
2026-09-15 12:24:00+00:00,4264.68,4265.19,4263.64,4264.94,174,16,0
2026-09-15 12:25:00+00:00,4264.92,4266.12,4263.81,4264.24,172,15,0
2026-09-15 12:26:00+00:00,4264.24,4264.46,4262.91,4263.38,156,13,0
2026-09-15 12:27:00+00:00,4263.39,4267.77,4262.85,4267.71,185,13,0
2026-09-15 12:28:00+00:00,4267.7,4269.45,4266.18,4267.0,166,14,0
2026-09-15 12:29:00+00:00,4267.04,4268.05,4266.41,4266.93,151,16,0
2026-09-15 12:30:00+00:00,4266.96,4267.83,4265.43,4266.67,172,16,0
2026-09-15 12:31:00+00:00,4266.7,4267.57,4266.21,4266.91,161,15,0
2026-09-15 12:32:00+00:00,4266.99,4267.09,4264.94,4266.25,159,14,0
2026-09-15 12:33:00+00:00,4266.23,4266.23,4265.02,4265.2,131,8,0
2026-09-15 12:34:00+00:00,4265.18,4267.59,4265.01,4266.74,129,8,0
2026-09-15 12:35:00+00:00,4266.7,4267.49,4266.24,4267.47,135,8,0
2026-09-15 12:36:00+00:00,4267.44,4267.44,4265.27,4265.42,104,8,0
2026-09-15 12:37:00+00:00,4265.87,4269.07,4265.87,4269.07,147,8,0
2026-09-15 12:38:00+00:00,4269.09,4269.26,4267.88,4268.54,138,8,0
2026-09-15 12:39:00+00:00,4268.58,4269.23,4268.01,4268.92,112,8,0
2026-09-15 12:40:00+00:00,4268.93,4269.3,4268.05,4268.32,132,8,0
2026-09-15 12:41:00+00:00,4268.34,4270.91,4268.26,4270.65,143,8,0
2026-09-15 12:42:00+00:00,4270.62,4271.67,4269.55,4271.62,137,13,0
2026-09-15 12:43:00+00:00,4271.89,4272.16,4270.67,4270.67,107,9,0
2026-09-15 12:44:00+00:00,4270.65,4270.65,4269.4,4269.58,122,9,0
2026-09-15 12:45:00+00:00,4269.6,4269.84,4268.32,4269.45,137,11,0
2026-09-15 12:46:00+00:00,4269.55,4270.13,4268.85,4269.39,120,11,0
2026-09-15 12:47:00+00:00,4269.36,4271.2,4269.16,4270.11,140,14,0
2026-09-15 12:48:00+00:00,4270.13,4271.88,4270.13,4271.74,111,11,0
2026-09-15 12:49:00+00:00,4271.79,4272.09,4270.42,4270.58,128,11,0
2026-09-15 12:50:00+00:00,4270.52,4271.37,4269.7,4270.63,128,11,0
2026-09-15 12:51:00+00:00,4270.56,4270.84,4269.18,4269.93,134,15,0
2026-09-15 12:52:00+00:00,4269.94,4270.73,4269.46,4270.69,141,11,0
2026-09-15 12:53:00+00:00,4270.65,4271.15,4268.76,4268.9,140,14,0
2026-09-15 12:54:00+00:00,4268.84,4270.62,4268.64,4270.6,111,11,0
2026-09-15 12:55:00+00:00,4270.56,4270.92,4269.78,4270.09,129,13,0
2026-09-15 12:56:00+00:00,4270.2,4270.2,4268.97,4269.59,145,13,0
2026-09-15 12:57:00+00:00,4269.64,4269.95,4268.28,4268.44,136,11,0
2026-09-15 12:58:00+00:00,4268.46,4268.99,4267.91,4268.25,121,11,0
2026-09-15 12:59:00+00:00,4268.21,4269.18,4268.05,4268.29,139,13,0
2026-09-15 13:00:00+00:00,4268.33,4270.83,4268.33,4269.72,188,16,0
2026-09-15 13:01:00+00:00,4269.74,4271.28,4269.53,4270.13,155,16,0
2026-09-15 13:02:00+00:00,4270.01,4271.83,4270.01,4271.3,165,16,0
2026-09-15 13:03:00+00:00,4271.36,4273.27,4271.23,4273.25,116,9,0
2026-09-15 13:04:00+00:00,4273.3,4273.3,4271.41,4271.41,152,13,0
2026-09-15 13:05:00+00:00,4271.8,4273.38,4271.77,4272.83,126,11,0
2026-09-15 13:06:00+00:00,4272.82,4274.84,4272.78,4274.36,130,9,0
2026-09-15 13:07:00+00:00,4274.39,4274.39,4273.55,4273.83,126,9,0
2026-09-15 13:08:00+00:00,4273.85,4274.64,4273.85,4274.37,129,8,0
2026-09-15 13:09:00+00:00,4274.29,4275.59,4273.69,4273.99,145,8,0
2026-09-15 13:10:00+00:00,4274.0,4275.21,4273.88,4274.44,115,14,0
2026-09-15 13:11:00+00:00,4274.44,4277.27,4273.84,4273.84,142,9,0
2026-09-15 13:12:00+00:00,4273.81,4274.03,4272.86,4273.54,156,16,0
2026-09-15 13:13:00+00:00,4273.56,4274.02,4272.25,4272.76,128,11,0
2026-09-15 13:14:00+00:00,4272.78,4273.89,4272.75,4273.18,114,13,0
2026-09-15 13:15:00+00:00,4273.15,4273.18,4271.87,4272.66,115,13,0
2026-09-15 13:16:00+00:00,4272.72,4272.82,4270.93,4271.29,131,8,0
2026-09-15 13:17:00+00:00,4271.31,4271.31,4270.0,4270.4,139,8,0
2026-09-15 13:18:00+00:00,4270.33,4271.46,4270.29,4271.1,117,8,0
2026-09-15 13:19:00+00:00,4271.17,4272.22,4271.17,4271.55,137,8,0
2026-09-15 13:20:00+00:00,4271.65,4272.59,4271.22,4272.5,153,8,0
2026-09-15 13:21:00+00:00,4272.51,4272.51,4271.48,4271.72,116,8,0
2026-09-15 13:22:00+00:00,4271.74,4272.41,4270.41,4272.33,115,8,0
2026-09-15 13:23:00+00:00,4272.5,4274.37,4272.5,4274.28,108,16,0
2026-09-15 13:24:00+00:00,4274.28,4274.61,4274.16,4274.54,93,8,0
2026-09-15 13:25:00+00:00,4274.56,4274.67,4273.75,4274.09,112,8,0
2026-09-15 13:26:00+00:00,4274.1,4274.3,4273.6,4273.6,112,8,0
2026-09-15 13:27:00+00:00,4273.61,4273.8,4273.22,4273.28,114,8,0
2026-09-15 13:28:00+00:00,4273.32,4273.85,4273.22,4273.49,116,8,0
2026-09-15 13:29:00+00:00,4273.49,4274.52,4273.18,4274.49,107,9,0
2026-09-15 13:30:00+00:00,4274.51,4274.69,4273.79,4274.46,131,9,0
2026-09-15 13:31:00+00:00,4274.39,4274.74,4274.19,4274.27,89,9,0
2026-09-15 13:32:00+00:00,4274.26,4274.77,4273.96,4274.7,99,11,0
2026-09-15 13:33:00+00:00,4274.74,4275.51,4274.63,4275.46,102,11,0
2026-09-15 13:34:00+00:00,4275.38,4275.41,4274.51,4275.11,92,13,0
2026-09-15 13:35:00+00:00,4275.13,4275.53,4274.51,4274.82,88,13,0
2026-09-15 13:36:00+00:00,4274.86,4276.36,4274.67,4275.54,94,15,0
2026-09-15 13:37:00+00:00,4275.55,4275.61,4274.3,4274.43,90,15,0
2026-09-15 13:38:00+00:00,4274.39,4275.33,4274.21,4274.35,114,14,0
2026-09-15 13:39:00+00:00,4274.32,4274.65,4273.71,4274.07,104,14,0
2026-09-15 13:40:00+00:00,4274.03,4274.72,4273.81,4273.83,93,15,0
2026-09-15 13:41:00+00:00,4273.76,4275.08,4273.69,4274.98,123,16,0
2026-09-15 13:42:00+00:00,4275.12,4277.36,4275.12,4277.21,134,16,0
2026-09-15 13:43:00+00:00,4277.19,4277.34,4275.0,4275.19,112,16,0
2026-09-15 13:44:00+00:00,4275.08,4275.6,4274.93,4274.96,73,13,0
2026-09-15 13:45:00+00:00,4274.95,4277.07,4274.95,4276.8,118,14,0
2026-09-15 13:46:00+00:00,4276.71,4276.95,4276.31,4276.43,117,14,0
2026-09-15 13:47:00+00:00,4276.41,4276.42,4275.23,4275.64,108,11,0
2026-09-15 13:48:00+00:00,4275.29,4276.19,4275.03,4275.62,106,13,0
2026-09-15 13:49:00+00:00,4275.42,4277.66,4274.72,4277.5,113,11,0
2026-09-15 13:50:00+00:00,4277.36,4278.74,4277.2,4278.74,95,14,0
2026-09-15 13:51:00+00:00,4278.76,4280.11,4278.55,4279.71,121,13,0
2026-09-15 13:52:00+00:00,4279.73,4281.73,4279.73,4281.61,108,16,0
2026-09-15 13:53:00+00:00,4281.69,4281.89,4281.22,4281.88,121,11,0
2026-09-15 13:54:00+00:00,4281.87,4282.64,4281.4,4282.07,120,8,0
2026-09-15 13:55:00+00:00,4282.03,4283.43,4281.75,4283.42,115,15,0
2026-09-15 13:56:00+00:00,4283.42,4283.86,4282.49,4282.69,153,13,0
2026-09-15 13:57:00+00:00,4282.67,4282.76,4281.48,4282.57,140,9,0
2026-09-15 13:58:00+00:00,4282.61,4283.43,4281.79,4281.88,113,13,0
2026-09-15 13:59:00+00:00,4281.95,4282.32,4281.17,4281.76,119,9,0
2026-09-15 14:00:00+00:00,4281.64,4281.97,4280.9,4281.35,140,9,0
2026-09-15 14:01:00+00:00,4281.33,4282.15,4281.19,4281.37,123,8,0
2026-09-15 14:02:00+00:00,4281.4,4281.56,4280.81,4281.23,128,8,0
2026-09-15 14:03:00+00:00,4281.27,4281.73,4280.27,4280.59,117,14,0
2026-09-15 14:04:00+00:00,4280.65,4280.8,4279.88,4280.41,128,9,0
2026-09-15 14:05:00+00:00,4280.44,4280.64,4279.0,4279.58,123,8,0
2026-09-15 14:06:00+00:00,4279.57,4280.54,4278.71,4278.8,106,8,0
2026-09-15 14:07:00+00:00,4278.78,4280.09,4278.78,4279.76,113,16,0
2026-09-15 14:08:00+00:00,4279.82,4280.51,4279.1,4280.26,123,15,0
2026-09-15 14:09:00+00:00,4280.22,4282.63,4280.18,4282.27,137,8,0
2026-09-15 14:10:00+00:00,4282.26,4283.34,4281.99,4282.94,159,16,0
2026-09-15 14:11:00+00:00,4282.92,4283.03,4282.21,4282.21,129,16,0
2026-09-15 14:12:00+00:00,4282.24,4283.44,4281.67,4282.58,144,11,0
2026-09-15 14:13:00+00:00,4282.75,4283.49,4282.61,4283.46,109,8,0
2026-09-15 14:14:00+00:00,4283.45,4283.89,4283.3,4283.67,101,8,0
2026-09-15 14:15:00+00:00,4283.71,4284.03,4283.15,4283.87,102,8,0
2026-09-15 14:16:00+00:00,4283.89,4285.09,4283.88,4284.52,87,8,0
2026-09-15 14:17:00+00:00,4284.59,4285.59,4284.28,4285.59,113,8,0
2026-09-15 14:18:00+00:00,4285.44,4285.44,4284.17,4285.14,137,8,0
2026-09-15 14:19:00+00:00,4285.11,4285.21,4283.57,4283.57,129,16,0
2026-09-15 14:20:00+00:00,4283.55,4284.1,4282.8,4283.95,135,16,0
2026-09-15 14:21:00+00:00,4284.0,4284.48,4283.45,4284.1,112,16,0
2026-09-15 14:22:00+00:00,4284.08,4285.05,4283.3,4284.85,120,16,0
2026-09-15 14:23:00+00:00,4284.86,4284.96,4283.87,4284.19,133,9,0
2026-09-15 14:24:00+00:00,4284.17,4284.42,4282.96,4283.93,128,8,0
2026-09-15 14:25:00+00:00,4283.92,4284.42,4283.58,4283.98,133,8,0
2026-09-15 14:26:00+00:00,4283.95,4284.41,4283.57,4284.02,102,8,0
2026-09-15 14:27:00+00:00,4284.03,4284.03,4283.1,4283.62,103,8,0
2026-09-15 14:28:00+00:00,4283.65,4284.29,4283.63,4284.09,118,8,0
2026-09-15 14:29:00+00:00,4283.87,4283.87,4282.56,4283.42,109,8,0
2026-09-15 14:30:00+00:00,4283.43,4283.43,4282.36,4282.54,122,8,0
2026-09-15 14:31:00+00:00,4282.46,4282.85,4282.26,4282.68,108,8,0
2026-09-15 14:32:00+00:00,4282.66,4282.67,4281.49,4281.75,110,8,0
2026-09-15 14:33:00+00:00,4281.93,4283.49,4281.84,4283.49,119,15,0
2026-09-15 14:34:00+00:00,4283.46,4284.18,4282.14,4284.18,130,16,0
2026-09-15 14:35:00+00:00,4284.31,4285.0,4284.16,4284.59,143,16,0
2026-09-15 14:36:00+00:00,4284.6,4284.62,4282.49,4283.12,113,15,0
2026-09-15 14:37:00+00:00,4283.14,4283.3,4282.35,4282.36,116,8,0
2026-09-15 14:38:00+00:00,4282.37,4282.51,4281.05,4281.16,121,8,0
2026-09-15 14:39:00+00:00,4281.15,4281.64,4280.67,4281.17,145,13,0
2026-09-15 14:40:00+00:00,4281.18,4281.77,4280.38,4281.04,147,8,0
2026-09-15 14:41:00+00:00,4281.11,4281.74,4280.89,4280.91,145,8,0
2026-09-15 14:42:00+00:00,4281.07,4282.7,4281.07,4282.55,94,8,0
2026-09-15 14:43:00+00:00,4282.52,4283.22,4282.5,4283.22,109,8,0
2026-09-15 14:44:00+00:00,4283.21,4284.06,4282.19,4282.85,124,13,0
2026-09-15 14:45:00+00:00,4282.86,4285.12,4282.68,4284.96,144,16,0
2026-09-15 14:46:00+00:00,4284.87,4285.1,4284.09,4284.09,132,8,0
2026-09-15 14:47:00+00:00,4284.04,4285.44,4284.04,4284.53,138,8,0
2026-09-15 14:48:00+00:00,4284.41,4284.98,4284.18,4284.73,122,8,0
2026-09-15 14:49:00+00:00,4284.71,4284.71,4283.6,4283.78,123,8,0
2026-09-15 14:50:00+00:00,4283.74,4284.58,4283.54,4284.11,129,8,0
2026-09-15 14:51:00+00:00,4284.15,4285.09,4284.15,4284.96,123,8,0
2026-09-15 14:52:00+00:00,4284.76,4284.76,4283.46,4283.53,123,8,0
2026-09-15 14:53:00+00:00,4283.55,4283.86,4283.0,4283.11,114,8,0
2026-09-15 14:54:00+00:00,4283.14,4283.43,4282.62,4283.1,127,8,0
2026-09-15 14:55:00+00:00,4283.04,4283.71,4282.51,4283.49,137,8,0
2026-09-15 14:56:00+00:00,4283.69,4285.85,4283.69,4284.63,132,11,0
2026-09-15 14:57:00+00:00,4284.64,4285.39,4283.97,4285.37,113,14,0
2026-09-15 14:58:00+00:00,4285.35,4286.77,4284.76,4284.76,131,8,0
2026-09-15 14:59:00+00:00,4284.69,4284.92,4284.43,4284.69,96,8,0
2026-09-15 15:00:00+00:00,4284.46,4284.99,4284.14,4284.79,136,8,0
2026-09-15 15:01:00+00:00,4284.8,4284.85,4282.13,4282.89,162,8,0
2026-09-15 15:02:00+00:00,4282.9,4282.9,4281.36,4281.94,159,16,0
2026-09-15 15:03:00+00:00,4281.98,4282.22,4281.72,4282.15,132,9,0
2026-09-15 15:04:00+00:00,4282.16,4284.63,4282.03,4284.63,154,8,0
2026-09-15 15:05:00+00:00,4284.65,4284.65,4282.99,4283.14,133,15,0
2026-09-15 15:06:00+00:00,4283.12,4283.44,4281.52,4281.61,169,16,0
2026-09-15 15:07:00+00:00,4281.63,4281.7,4280.07,4280.07,141,16,0
2026-09-15 15:08:00+00:00,4280.05,4281.23,4279.1,4279.1,161,16,0
2026-09-15 15:09:00+00:00,4279.08,4279.08,4277.41,4277.9,159,16,0
2026-09-15 15:10:00+00:00,4277.89,4278.01,4276.28,4277.74,166,15,0
2026-09-15 15:11:00+00:00,4277.79,4278.17,4275.98,4277.82,160,16,0
2026-09-15 15:12:00+00:00,4277.89,4278.34,4277.21,4277.52,141,16,0
2026-09-15 15:13:00+00:00,4277.59,4278.37,4277.02,4278.11,139,14,0
2026-09-15 15:14:00+00:00,4278.51,4279.11,4277.76,4278.58,147,16,0
2026-09-15 15:15:00+00:00,4278.56,4279.22,4277.4,4277.76,151,15,0
2026-09-15 15:16:00+00:00,4277.68,4277.77,4276.22,4277.17,150,15,0
2026-09-15 15:17:00+00:00,4277.12,4277.32,4273.99,4274.18,165,16,0
2026-09-15 15:18:00+00:00,4274.2,4275.31,4274.2,4274.42,151,8,0
2026-09-15 15:19:00+00:00,4274.41,4274.78,4273.84,4274.16,146,8,0
2026-09-15 15:20:00+00:00,4274.38,4274.38,4271.49,4272.11,197,14,0
2026-09-15 15:21:00+00:00,4272.17,4274.63,4272.16,4272.38,169,16,0
2026-09-15 15:22:00+00:00,4272.6,4273.27,4271.65,4272.97,169,16,0
2026-09-15 15:23:00+00:00,4273.08,4273.37,4271.39,4272.16,166,16,0
2026-09-15 15:24:00+00:00,4272.26,4273.67,4272.11,4273.34,135,16,0
2026-09-15 15:25:00+00:00,4273.37,4274.91,4272.86,4274.55,168,15,0
2026-09-15 15:26:00+00:00,4274.53,4276.06,4273.72,4274.55,134,14,0
2026-09-15 15:27:00+00:00,4274.72,4276.65,4274.71,4275.58,144,16,0
2026-09-15 15:28:00+00:00,4275.44,4276.41,4275.44,4275.79,128,13,0
2026-09-15 15:29:00+00:00,4275.81,4278.13,4275.81,4277.79,110,8,0
2026-09-15 15:30:00+00:00,4277.78,4278.12,4276.13,4276.66,142,8,0
2026-09-15 15:31:00+00:00,4276.7,4278.46,4276.69,4278.3,172,14,0
2026-09-15 15:32:00+00:00,4278.26,4278.42,4275.5,4276.11,168,16,0
2026-09-15 15:33:00+00:00,4276.09,4277.63,4274.72,4277.54,160,15,0
2026-09-15 15:34:00+00:00,4277.65,4283.04,4277.65,4282.83,186,15,0
2026-09-15 15:35:00+00:00,4282.93,4286.12,4282.93,4284.65,189,16,0
2026-09-15 15:36:00+00:00,4284.65,4285.03,4280.83,4281.41,189,16,0
2026-09-15 15:37:00+00:00,4281.41,4282.65,4280.52,4280.52,175,16,0
2026-09-15 15:38:00+00:00,4280.24,4282.04,4279.46,4280.88,155,14,0
2026-09-15 15:39:00+00:00,4280.83,4281.73,4279.05,4279.32,154,14,0
2026-09-15 15:40:00+00:00,4279.37,4279.73,4277.95,4279.19,171,14,0
2026-09-15 15:41:00+00:00,4279.23,4280.35,4278.63,4279.8,156,14,0
2026-09-15 15:42:00+00:00,4279.79,4280.41,4279.17,4279.65,164,13,0
2026-09-15 15:43:00+00:00,4279.49,4281.12,4279.49,4280.25,145,11,0
2026-09-15 15:44:00+00:00,4280.15,4281.49,4279.61,4281.19,145,9,0
2026-09-15 15:45:00+00:00,4281.27,4284.42,4281.13,4282.86,185,8,0
2026-09-15 15:46:00+00:00,4282.76,4283.58,4281.46,4283.01,177,16,0
2026-09-15 15:47:00+00:00,4282.92,4284.13,4281.19,4283.21,209,16,0
2026-09-15 15:48:00+00:00,4283.36,4288.58,4282.44,4288.36,222,16,0
2026-09-15 15:49:00+00:00,4288.34,4291.04,4286.7,4290.54,224,16,0
2026-09-15 15:50:00+00:00,4290.45,4291.45,4289.64,4290.07,215,16,0
2026-09-15 15:51:00+00:00,4290.06,4290.18,4287.45,4290.13,207,16,0
2026-09-15 15:52:00+00:00,4290.1,4291.2,4288.89,4289.3,195,16,0
2026-09-15 15:53:00+00:00,4289.44,4291.6,4289.35,4291.59,201,15,0
2026-09-15 15:54:00+00:00,4291.75,4294.03,4291.5,4293.51,190,14,0
2026-09-15 15:55:00+00:00,4293.58,4295.8,4289.69,4292.43,209,14,0
2026-09-15 15:56:00+00:00,4292.28,4292.71,4287.75,4287.78,205,16,0
2026-09-15 15:57:00+00:00,4287.72,4287.74,4285.41,4287.21,210,16,0
2026-09-15 15:58:00+00:00,4287.19,4289.97,4287.19,4288.05,197,15,0
2026-09-15 15:59:00+00:00,4288.04,4291.51,4288.04,4290.65,195,16,0
2026-09-15 16:00:00+00:00,4290.28,4293.79,4289.54,4292.08,221,16,0
2026-09-15 16:01:00+00:00,4292.05,4294.45,4292.05,4292.81,218,16,0
2026-09-15 16:02:00+00:00,4292.99,4293.3,4290.87,4291.17,204,15,0
2026-09-15 16:03:00+00:00,4291.05,4292.31,4289.26,4290.32,201,14,0
2026-09-15 16:04:00+00:00,4290.35,4293.74,4290.35,4292.89,202,15,0
2026-09-15 16:05:00+00:00,4292.81,4293.01,4288.56,4288.56,200,14,0
2026-09-15 16:06:00+00:00,4288.64,4288.88,4285.77,4286.55,203,13,0
2026-09-15 16:07:00+00:00,4286.47,4286.55,4283.98,4284.17,188,11,0
2026-09-15 16:08:00+00:00,4284.15,4285.36,4283.95,4284.86,176,8,0
2026-09-15 16:09:00+00:00,4284.81,4285.67,4284.3,4285.16,172,8,0
2026-09-15 16:10:00+00:00,4285.32,4287.27,4285.17,4286.74,179,8,0
2026-09-15 16:11:00+00:00,4286.78,4288.62,4286.46,4286.71,175,11,0
2026-09-15 16:12:00+00:00,4286.68,4287.52,4285.72,4287.09,163,9,0
2026-09-15 16:13:00+00:00,4287.08,4287.77,4286.12,4286.79,172,8,0
2026-09-15 16:14:00+00:00,4286.86,4286.96,4285.61,4286.06,161,8,0
2026-09-15 16:15:00+00:00,4286.07,4288.26,4285.54,4285.88,178,9,0
2026-09-15 16:16:00+00:00,4285.84,4289.19,4285.77,4288.06,185,15,0
2026-09-15 16:17:00+00:00,4288.29,4289.12,4287.53,4289.12,135,13,0
2026-09-15 16:18:00+00:00,4289.08,4289.53,4286.0,4286.17,173,13,0
2026-09-15 16:19:00+00:00,4286.08,4287.64,4285.37,4287.37,175,14,0
2026-09-15 16:20:00+00:00,4287.35,4288.47,4287.03,4288.4,153,13,0
2026-09-15 16:21:00+00:00,4288.39,4288.92,4285.37,4288.21,153,13,0
2026-09-15 16:22:00+00:00,4288.19,4288.19,4283.77,4285.09,215,16,0
2026-09-15 16:23:00+00:00,4285.22,4289.14,4285.22,4288.99,186,16,0
2026-09-15 16:24:00+00:00,4289.11,4292.3,4287.68,4292.06,179,15,0
2026-09-15 16:25:00+00:00,4292.12,4292.49,4291.22,4292.05,180,14,0
2026-09-15 16:26:00+00:00,4292.06,4293.12,4291.48,4291.86,172,14,0
2026-09-15 16:27:00+00:00,4291.79,4291.83,4288.8,4290.03,193,14,0
2026-09-15 16:28:00+00:00,4290.0,4290.0,4286.74,4287.73,188,15,0
2026-09-15 16:29:00+00:00,4287.77,4288.28,4287.3,4287.31,153,14,0
2026-09-15 16:30:00+00:00,4287.33,4291.73,4286.95,4287.98,225,14,0
2026-09-15 16:31:00+00:00,4287.95,4291.47,4287.95,4289.2,222,16,0
2026-09-15 16:32:00+00:00,4289.24,4289.41,4284.75,4285.08,220,16,0
2026-09-15 16:33:00+00:00,4285.16,4288.14,4284.25,4284.3,210,16,0
2026-09-15 16:34:00+00:00,4284.19,4286.74,4284.13,4286.54,213,14,0
2026-09-15 16:35:00+00:00,4286.68,4290.51,4286.39,4289.86,210,13,0
2026-09-15 16:36:00+00:00,4289.94,4293.28,4288.95,4293.26,211,15,0
2026-09-15 16:37:00+00:00,4293.38,4294.1,4291.27,4292.39,205,15,0
2026-09-15 16:38:00+00:00,4292.38,4292.38,4289.9,4290.18,192,11,0
2026-09-15 16:39:00+00:00,4290.21,4291.16,4286.36,4286.42,204,9,0
2026-09-15 16:40:00+00:00,4286.52,4289.26,4286.08,4289.26,200,13,0
2026-09-15 16:41:00+00:00,4289.26,4289.83,4287.23,4288.87,190,9,0
2026-09-15 16:42:00+00:00,4288.88,4290.75,4288.3,4288.3,196,9,0
2026-09-15 16:43:00+00:00,4288.15,4288.15,4285.3,4287.93,195,13,0
2026-09-15 16:44:00+00:00,4287.86,4289.88,4287.59,4289.72,190,11,0
2026-09-15 16:45:00+00:00,4289.57,4292.05,4288.35,4291.29,195,11,0
2026-09-15 16:46:00+00:00,4291.36,4294.19,4291.16,4294.18,187,8,0
2026-09-15 16:47:00+00:00,4294.15,4294.94,4291.97,4292.5,187,11,0
2026-09-15 16:48:00+00:00,4292.55,4294.32,4291.73,4291.73,185,13,0
2026-09-15 16:49:00+00:00,4291.72,4295.62,4291.24,4294.76,209,15,0
2026-09-15 16:50:00+00:00,4294.9,4295.27,4292.1,4293.53,202,16,0
2026-09-15 16:51:00+00:00,4293.48,4295.49,4293.02,4294.72,192,16,0
2026-09-15 16:52:00+00:00,4294.77,4297.08,4293.26,4295.03,209,16,0
2026-09-15 16:53:00+00:00,4294.89,4296.04,4293.96,4296.04,176,15,0
2026-09-15 16:54:00+00:00,4296.01,4297.04,4294.47,4295.6,204,13,0
2026-09-15 16:55:00+00:00,4295.57,4296.49,4294.96,4294.96,186,8,0
2026-09-15 16:56:00+00:00,4294.89,4296.22,4294.65,4295.15,190,8,0
2026-09-15 16:57:00+00:00,4295.17,4296.11,4294.74,4295.08,187,8,0
2026-09-15 16:58:00+00:00,4295.07,4297.79,4295.07,4297.64,179,8,0
2026-09-15 16:59:00+00:00,4297.71,4298.42,4294.84,4294.84,176,8,0
2026-09-15 17:00:00+00:00,4294.88,4298.84,4294.31,4298.76,209,9,0
2026-09-15 17:01:00+00:00,4298.76,4298.82,4295.84,4296.93,194,16,0
2026-09-15 17:02:00+00:00,4297.01,4297.92,4295.13,4296.82,194,16,0
2026-09-15 17:03:00+00:00,4296.88,4298.16,4295.85,4296.14,189,16,0
2026-09-15 17:04:00+00:00,4296.03,4296.68,4293.45,4294.03,201,14,0
2026-09-15 17:05:00+00:00,4294.05,4295.84,4293.57,4295.63,207,15,0
2026-09-15 17:06:00+00:00,4295.68,4298.01,4295.42,4296.26,181,14,0
2026-09-15 17:07:00+00:00,4296.24,4299.68,4295.25,4297.76,212,16,0
2026-09-15 17:08:00+00:00,4297.81,4298.97,4296.73,4298.97,188,12,0
2026-09-15 17:09:00+00:00,4298.98,4299.64,4297.1,4297.14,193,12,0
2026-09-15 17:10:00+00:00,4297.05,4298.09,4295.44,4298.02,188,10,0
2026-09-15 17:11:00+00:00,4298.04,4298.04,4295.24,4295.95,200,10,0
2026-09-15 17:12:00+00:00,4295.96,4296.06,4294.28,4294.71,183,10,0
2026-09-15 17:13:00+00:00,4294.78,4296.23,4294.71,4295.2,173,10,0
2026-09-15 17:14:00+00:00,4295.1,4295.1,4293.57,4294.55,164,10,0
2026-09-15 17:15:00+00:00,4294.66,4295.62,4293.77,4295.49,186,10,0
2026-09-15 17:16:00+00:00,4295.47,4295.63,4290.84,4291.4,193,15,0
2026-09-15 17:17:00+00:00,4291.35,4292.21,4290.56,4291.45,173,10,0
2026-09-15 17:18:00+00:00,4291.34,4292.14,4289.6,4290.02,194,10,0
2026-09-15 17:19:00+00:00,4290.01,4293.96,4289.79,4293.94,174,15,0
2026-09-15 17:20:00+00:00,4293.97,4295.17,4290.99,4291.49,181,14,0
2026-09-15 17:21:00+00:00,4291.47,4292.08,4287.52,4287.66,192,10,0
2026-09-15 17:22:00+00:00,4287.82,4288.54,4286.29,4287.94,179,12,0
2026-09-15 17:23:00+00:00,4287.93,4287.93,4286.23,4286.9,185,10,0
2026-09-15 17:24:00+00:00,4286.85,4289.63,4286.11,4288.56,202,10,0
2026-09-15 17:25:00+00:00,4288.63,4289.51,4288.22,4288.91,195,12,0
2026-09-15 17:26:00+00:00,4288.88,4289.49,4287.11,4287.24,179,10,0
2026-09-15 17:27:00+00:00,4287.27,4287.27,4284.11,4284.22,207,15,0
2026-09-15 17:28:00+00:00,4284.23,4284.51,4283.13,4283.77,182,10,0
2026-09-15 17:29:00+00:00,4283.8,4285.15,4283.25,4284.13,200,13,0
2026-09-15 17:30:00+00:00,4284.04,4284.81,4282.61,4282.72,211,16,0
2026-09-15 17:31:00+00:00,4282.69,4283.5,4281.35,4283.12,205,16,0
2026-09-15 17:32:00+00:00,4283.11,4283.11,4279.6,4280.2,194,16,0
2026-09-15 17:33:00+00:00,4280.21,4284.62,4280.21,4284.33,211,16,0
2026-09-15 17:34:00+00:00,4284.2,4284.94,4281.8,4282.89,209,16,0
2026-09-15 17:35:00+00:00,4283.22,4285.98,4283.15,4284.01,208,16,0
2026-09-15 17:36:00+00:00,4283.97,4283.97,4282.01,4283.56,199,16,0
2026-09-15 17:37:00+00:00,4283.58,4283.58,4279.71,4280.22,203,13,0
2026-09-15 17:38:00+00:00,4280.44,4280.44,4276.45,4276.95,206,13,0
2026-09-15 17:39:00+00:00,4276.99,4278.74,4275.67,4277.67,196,11,0
2026-09-15 17:40:00+00:00,4277.91,4277.99,4276.24,4276.93,199,13,0
2026-09-15 17:41:00+00:00,4276.96,4278.1,4276.92,4277.24,188,8,0
2026-09-15 17:42:00+00:00,4277.26,4278.9,4277.05,4278.39,198,11,0
2026-09-15 17:43:00+00:00,4278.52,4278.87,4277.3,4278.35,188,8,0
2026-09-15 17:44:00+00:00,4278.39,4279.24,4277.36,4278.22,170,8,0
2026-09-15 17:45:00+00:00,4278.19,4282.06,4278.19,4281.71,192,9,0
2026-09-15 17:46:00+00:00,4281.73,4282.66,4281.32,4282.61,186,8,0
2026-09-15 17:47:00+00:00,4282.59,4282.95,4280.43,4280.98,185,8,0
2026-09-15 17:48:00+00:00,4281.39,4281.39,4279.01,4279.09,178,8,0
2026-09-15 17:49:00+00:00,4279.07,4279.19,4277.02,4278.36,182,8,0
2026-09-15 17:50:00+00:00,4278.38,4279.13,4277.3,4278.74,191,8,0
2026-09-15 17:51:00+00:00,4278.69,4278.92,4274.6,4275.09,219,14,0
2026-09-15 17:52:00+00:00,4275.31,4279.38,4275.31,4279.35,198,16,0
2026-09-15 17:53:00+00:00,4279.29,4279.29,4275.53,4277.01,209,15,0
2026-09-15 17:54:00+00:00,4276.74,4280.11,4276.74,4280.04,191,8,0
2026-09-15 17:55:00+00:00,4280.06,4280.1,4277.93,4279.06,171,8,0
2026-09-15 17:56:00+00:00,4279.01,4279.52,4277.37,4278.16,185,8,0
2026-09-15 17:57:00+00:00,4278.23,4279.71,4278.16,4279.12,195,8,0
2026-09-15 17:58:00+00:00,4279.14,4279.31,4274.99,4276.79,202,8,0
2026-09-15 17:59:00+00:00,4276.78,4278.01,4276.45,4277.2,183,8,0
2026-09-15 18:00:00+00:00,4277.18,4279.83,4276.97,4278.74,210,9,0
2026-09-15 18:01:00+00:00,4278.78,4280.54,4276.62,4279.43,199,8,0
2026-09-15 18:02:00+00:00,4279.45,4279.54,4277.32,4278.55,192,16,0
2026-09-15 18:03:00+00:00,4278.58,4282.15,4278.13,4282.12,181,14,0
2026-09-15 18:04:00+00:00,4282.18,4283.0,4281.42,4283.0,183,8,0
2026-09-15 18:05:00+00:00,4282.95,4283.79,4281.47,4282.1,178,8,0
2026-09-15 18:06:00+00:00,4282.07,4284.23,4281.96,4283.68,176,8,0
2026-09-15 18:07:00+00:00,4283.72,4284.21,4281.2,4282.9,183,8,0
2026-09-15 18:08:00+00:00,4282.93,4283.23,4281.37,4281.63,169,8,0
2026-09-15 18:09:00+00:00,4281.64,4283.51,4281.52,4283.35,178,8,0
2026-09-15 18:10:00+00:00,4283.29,4284.45,4282.49,4283.33,152,8,0
2026-09-15 18:11:00+00:00,4283.41,4286.91,4283.05,4286.32,185,8,0
2026-09-15 18:12:00+00:00,4286.39,4286.74,4283.51,4283.82,185,11,0
2026-09-15 18:13:00+00:00,4283.68,4284.4,4283.02,4284.06,177,11,0
2026-09-15 18:14:00+00:00,4283.92,4286.15,4283.05,4286.15,173,14,0
2026-09-15 18:15:00+00:00,4286.13,4286.99,4285.63,4285.65,171,11,0
2026-09-15 18:16:00+00:00,4285.63,4287.55,4284.27,4287.25,177,16,0
2026-09-15 18:17:00+00:00,4287.28,4288.37,4286.59,4287.26,156,13,0
2026-09-15 18:18:00+00:00,4287.15,4287.75,4286.36,4287.49,139,13,0
2026-09-15 18:19:00+00:00,4287.51,4288.0,4286.6,4287.09,164,9,0
2026-09-15 18:20:00+00:00,4287.29,4288.06,4286.52,4286.57,173,13,0
2026-09-15 18:21:00+00:00,4286.85,4287.36,4285.79,4286.29,167,14,0
2026-09-15 18:22:00+00:00,4286.24,4286.54,4283.51,4283.61,165,15,0
2026-09-15 18:23:00+00:00,4283.77,4284.19,4283.14,4283.69,160,14,0
2026-09-15 18:24:00+00:00,4283.68,4286.57,4283.68,4286.12,170,14,0
2026-09-15 18:25:00+00:00,4286.19,4286.95,4285.82,4286.36,150,16,0
2026-09-15 18:26:00+00:00,4286.29,4286.49,4284.07,4286.0,160,15,0
2026-09-15 18:27:00+00:00,4286.04,4286.57,4285.6,4286.53,155,13,0
2026-09-15 18:28:00+00:00,4286.57,4286.57,4285.8,4286.32,156,11,0
2026-09-15 18:29:00+00:00,4286.59,4286.71,4284.18,4284.62,171,9,0
2026-09-15 18:30:00+00:00,4284.8,4285.91,4284.31,4285.1,181,13,0
2026-09-15 18:31:00+00:00,4285.08,4286.2,4284.94,4285.22,191,16,0
2026-09-15 18:32:00+00:00,4285.25,4286.42,4285.11,4285.97,179,16,0
2026-09-15 18:33:00+00:00,4285.98,4285.98,4284.08,4284.08,165,16,0
2026-09-15 18:34:00+00:00,4284.18,4285.79,4282.34,4285.78,199,16,0
2026-09-15 18:35:00+00:00,4286.24,4286.53,4284.79,4285.68,175,16,0
2026-09-15 18:36:00+00:00,4285.65,4288.66,4285.61,4287.46,173,16,0
2026-09-15 18:37:00+00:00,4287.47,4287.59,4286.34,4286.83,168,15,0
2026-09-15 18:38:00+00:00,4286.82,4288.53,4286.72,4287.38,174,14,0
2026-09-15 18:39:00+00:00,4287.37,4288.75,4286.91,4288.48,151,11,0
2026-09-15 18:40:00+00:00,4288.47,4290.91,4288.36,4290.91,149,8,0
2026-09-15 18:41:00+00:00,4290.92,4291.16,4289.52,4289.52,168,9,0
2026-09-15 18:42:00+00:00,4289.5,4289.79,4289.17,4289.22,147,8,0
2026-09-15 18:43:00+00:00,4289.21,4289.31,4288.04,4288.45,146,8,0
2026-09-15 18:44:00+00:00,4288.44,4288.84,4288.2,4288.57,136,8,0
2026-09-15 18:45:00+00:00,4288.58,4289.23,4286.7,4286.7,156,8,0
2026-09-15 18:46:00+00:00,4286.68,4288.26,4286.3,4287.95,165,9,0
2026-09-15 18:47:00+00:00,4287.97,4288.19,4285.41,4285.56,139,8,0
2026-09-15 18:48:00+00:00,4285.58,4288.14,4285.58,4287.4,159,13,0
2026-09-15 18:49:00+00:00,4287.67,4287.67,4285.03,4286.68,167,16,0
2026-09-15 18:50:00+00:00,4286.7,4291.57,4286.56,4291.22,210,16,0
2026-09-15 18:51:00+00:00,4291.23,4291.31,4289.58,4290.55,178,16,0
2026-09-15 18:52:00+00:00,4290.67,4291.19,4289.59,4290.27,175,14,0
2026-09-15 18:53:00+00:00,4290.3,4291.63,4289.63,4291.17,147,9,0
2026-09-15 18:54:00+00:00,4291.2,4292.11,4290.0,4290.07,151,11,0
2026-09-15 18:55:00+00:00,4290.05,4294.76,4288.04,4294.03,186,8,0
2026-09-15 18:56:00+00:00,4294.13,4294.34,4291.2,4291.28,190,16,0
2026-09-15 18:57:00+00:00,4291.35,4291.79,4289.94,4289.94,159,15,0
2026-09-15 18:58:00+00:00,4289.92,4291.01,4289.92,4290.25,159,11,0
2026-09-15 18:59:00+00:00,4290.3,4290.84,4289.34,4289.37,154,8,0
2026-09-15 19:00:00+00:00,4289.37,4290.22,4288.18,4290.22,165,8,0
2026-09-15 19:01:00+00:00,4290.24,4291.05,4289.06,4290.7,167,15,0
2026-09-15 19:02:00+00:00,4290.68,4291.02,4289.84,4290.25,163,15,0
2026-09-15 19:03:00+00:00,4290.42,4290.85,4289.53,4289.95,141,14,0
2026-09-15 19:04:00+00:00,4289.93,4291.34,4289.53,4291.19,142,14,0
2026-09-15 19:05:00+00:00,4291.27,4291.67,4289.45,4290.12,162,14,0
2026-09-15 19:06:00+00:00,4290.06,4290.61,4289.34,4290.01,129,13,0
2026-09-15 19:07:00+00:00,4289.99,4290.49,4289.14,4290.49,146,13,0
2026-09-15 19:08:00+00:00,4290.41,4291.07,4289.99,4290.06,132,11,0
2026-09-15 19:09:00+00:00,4290.04,4291.06,4289.42,4290.71,153,11,0
2026-09-15 19:10:00+00:00,4290.72,4291.1,4289.69,4289.96,148,11,0
2026-09-15 19:11:00+00:00,4289.99,4290.97,4289.26,4289.45,154,11,0
2026-09-15 19:12:00+00:00,4289.3,4289.54,4287.69,4287.99,153,11,0
2026-09-15 19:13:00+00:00,4288.01,4288.08,4286.74,4287.31,148,11,0
2026-09-15 19:14:00+00:00,4287.23,4287.6,4286.3,4286.34,156,11,0
2026-09-15 19:15:00+00:00,4286.33,4287.05,4285.62,4286.96,189,11,0
2026-09-15 19:16:00+00:00,4286.89,4287.94,4286.59,4287.62,135,13,0
2026-09-15 19:17:00+00:00,4287.59,4288.7,4287.11,4287.88,141,13,0
2026-09-15 19:18:00+00:00,4287.83,4288.13,4287.19,4287.97,129,11,0
2026-09-15 19:19:00+00:00,4287.9,4288.56,4287.75,4288.55,136,11,0
2026-09-15 19:20:00+00:00,4288.61,4290.24,4288.0,4290.18,156,11,0
2026-09-15 19:21:00+00:00,4290.19,4293.94,4290.17,4293.94,172,15,0
2026-09-15 19:22:00+00:00,4293.87,4295.04,4293.59,4293.84,174,15,0
2026-09-15 19:23:00+00:00,4293.93,4295.59,4293.39,4294.79,185,15,0
2026-09-15 19:24:00+00:00,4294.77,4296.82,4294.7,4296.45,177,15,0
2026-09-15 19:25:00+00:00,4296.47,4297.08,4296.08,4296.61,149,15,0
2026-09-15 19:26:00+00:00,4296.71,4297.1,4296.09,4296.83,154,14,0
2026-09-15 19:27:00+00:00,4296.8,4297.07,4294.65,4294.95,153,14,0
2026-09-15 19:28:00+00:00,4294.97,4296.04,4294.84,4295.85,151,15,0
2026-09-15 19:29:00+00:00,4295.81,4295.98,4295.15,4295.71,142,13,0
2026-09-15 19:30:00+00:00,4295.72,4296.17,4295.33,4295.84,147,9,0
2026-09-15 19:31:00+00:00,4295.83,4295.92,4294.62,4295.32,137,9,0
2026-09-15 19:32:00+00:00,4295.37,4297.19,4295.06,4297.19,165,11,0
2026-09-15 19:33:00+00:00,4297.18,4297.85,4294.76,4294.8,130,13,0
2026-09-15 19:34:00+00:00,4294.83,4295.3,4292.96,4293.02,149,11,0
2026-09-15 19:35:00+00:00,4293.03,4293.09,4291.61,4291.86,149,11,0
2026-09-15 19:36:00+00:00,4291.85,4295.34,4291.85,4295.08,145,9,0
2026-09-15 19:37:00+00:00,4295.1,4295.88,4294.7,4295.67,107,15,0
2026-09-15 19:38:00+00:00,4295.69,4295.81,4294.11,4294.22,136,15,0
2026-09-15 19:39:00+00:00,4294.22,4295.38,4292.83,4295.05,123,15,0
2026-09-15 19:40:00+00:00,4294.88,4294.97,4293.73,4293.73,138,15,0
2026-09-15 19:41:00+00:00,4293.68,4294.45,4293.03,4294.17,145,13,0
2026-09-15 19:42:00+00:00,4294.15,4294.26,4293.61,4293.61,105,8,0
2026-09-15 19:43:00+00:00,4293.57,4296.34,4293.46,4296.34,127,8,0
2026-09-15 19:44:00+00:00,4296.37,4296.87,4295.87,4296.6,151,8,0
2026-09-15 19:45:00+00:00,4296.62,4297.58,4296.06,4296.26,149,8,0
2026-09-15 19:46:00+00:00,4296.21,4297.04,4295.74,4296.28,137,8,0
2026-09-15 19:47:00+00:00,4296.23,4296.55,4295.89,4295.89,114,8,0
2026-09-15 19:48:00+00:00,4295.93,4296.33,4295.75,4295.82,118,8,0
2026-09-15 19:49:00+00:00,4295.85,4295.88,4294.93,4295.43,116,8,0
2026-09-15 19:50:00+00:00,4295.34,4297.31,4295.12,4296.88,128,8,0
2026-09-15 19:51:00+00:00,4296.85,4297.83,4296.82,4297.06,123,8,0
2026-09-15 19:52:00+00:00,4297.24,4297.73,4297.0,4297.31,112,8,0
2026-09-15 19:53:00+00:00,4297.34,4298.02,4296.53,4297.78,108,8,0
2026-09-15 19:54:00+00:00,4297.77,4298.32,4297.55,4297.63,138,8,0
2026-09-15 19:55:00+00:00,4297.71,4297.77,4296.61,4296.67,126,8,0
2026-09-15 19:56:00+00:00,4296.54,4296.65,4295.35,4295.49,141,8,0
2026-09-15 19:57:00+00:00,4295.48,4296.53,4295.48,4296.03,92,8,0
2026-09-15 19:58:00+00:00,4296.2,4297.11,4296.2,4297.06,111,8,0
2026-09-15 19:59:00+00:00,4297.08,4297.08,4295.28,4295.53,126,8,0
2026-09-15 20:00:00+00:00,4295.57,4296.69,4295.57,4296.15,136,11,0
2026-09-15 20:01:00+00:00,4296.11,4296.61,4295.4,4296.45,108,11,0
2026-09-15 20:02:00+00:00,4296.5,4296.5,4292.74,4293.48,167,13,0
2026-09-15 20:03:00+00:00,4293.47,4293.85,4291.77,4291.77,160,15,0
2026-09-15 20:04:00+00:00,4291.86,4292.47,4291.1,4291.38,168,15,0
2026-09-15 20:05:00+00:00,4291.39,4291.62,4290.33,4291.09,141,15,0
2026-09-15 20:06:00+00:00,4291.4,4292.48,4290.86,4291.58,152,15,0
2026-09-15 20:07:00+00:00,4291.63,4293.49,4291.6,4292.72,160,15,0
2026-09-15 20:08:00+00:00,4292.74,4293.64,4292.49,4293.2,135,15,0
2026-09-15 20:09:00+00:00,4293.15,4293.86,4292.65,4292.69,110,13,0
2026-09-15 20:10:00+00:00,4292.68,4295.8,4292.68,4294.65,142,11,0
2026-09-15 20:11:00+00:00,4294.65,4294.65,4293.89,4294.29,130,14,0
2026-09-15 20:12:00+00:00,4294.34,4295.74,4294.16,4295.59,108,13,0
2026-09-15 20:13:00+00:00,4295.58,4297.61,4295.51,4297.58,141,8,0
2026-09-15 20:14:00+00:00,4297.52,4299.1,4295.34,4295.34,145,9,0
2026-09-15 20:15:00+00:00,4295.17,4296.0,4294.07,4294.09,137,15,0
2026-09-15 20:16:00+00:00,4294.14,4295.97,4294.13,4295.95,117,15,0
2026-09-15 20:17:00+00:00,4296.01,4296.64,4295.87,4295.96,121,11,0
2026-09-15 20:18:00+00:00,4295.82,4295.92,4294.3,4294.3,133,11,0
2026-09-15 20:19:00+00:00,4294.28,4296.25,4294.21,4296.17,141,15,0
2026-09-15 20:20:00+00:00,4296.18,4296.62,4295.21,4295.62,127,15,0
2026-09-15 20:21:00+00:00,4295.74,4295.9,4294.63,4294.67,137,15,0
2026-09-15 20:22:00+00:00,4294.76,4294.76,4292.27,4293.24,134,15,0
2026-09-15 20:23:00+00:00,4293.4,4294.01,4293.06,4294.01,115,9,0
2026-09-15 20:24:00+00:00,4294.05,4294.22,4292.68,4293.28,145,9,0
2026-09-15 20:25:00+00:00,4293.27,4293.85,4292.48,4293.52,146,15,0
2026-09-15 20:26:00+00:00,4293.55,4294.83,4293.42,4294.05,141,15,0
2026-09-15 20:27:00+00:00,4293.96,4295.08,4293.9,4294.92,124,9,0
2026-09-15 20:28:00+00:00,4294.88,4295.29,4293.19,4293.19,138,13,0
2026-09-15 20:29:00+00:00,4293.16,4293.35,4291.67,4293.28,176,15,0
2026-09-15 20:30:00+00:00,4293.4,4294.45,4293.31,4294.22,129,15,0
2026-09-15 20:31:00+00:00,4294.3,4297.87,4294.3,4297.4,159,15,0
2026-09-15 20:32:00+00:00,4297.45,4298.27,4297.27,4297.56,120,15,0
2026-09-15 20:33:00+00:00,4297.58,4297.62,4296.44,4297.07,146,13,0
2026-09-15 20:34:00+00:00,4297.11,4298.18,4297.11,4297.48,118,8,0
2026-09-15 20:35:00+00:00,4297.53,4298.66,4296.74,4297.79,127,8,0
2026-09-15 20:36:00+00:00,4297.74,4298.37,4297.07,4297.78,133,14,0
2026-09-15 20:37:00+00:00,4297.79,4299.03,4297.45,4297.99,131,14,0
2026-09-15 20:38:00+00:00,4297.95,4298.2,4297.26,4297.26,102,8,0
2026-09-15 20:39:00+00:00,4297.27,4297.27,4295.66,4295.7,99,8,0
2026-09-15 20:40:00+00:00,4295.72,4295.77,4294.73,4295.18,106,8,0
2026-09-15 20:41:00+00:00,4295.15,4295.16,4292.73,4293.09,120,8,0
2026-09-15 20:42:00+00:00,4293.02,4293.1,4292.44,4292.45,116,8,0
2026-09-15 20:43:00+00:00,4292.53,4293.38,4292.39,4293.28,102,8,0
2026-09-15 20:44:00+00:00,4293.28,4293.93,4293.22,4293.32,89,8,0
2026-09-15 20:45:00+00:00,4293.3,4294.26,4293.23,4294.11,115,8,0
2026-09-15 20:46:00+00:00,4294.1,4294.86,4294.04,4294.5,113,8,0
2026-09-15 20:47:00+00:00,4294.45,4295.38,4294.29,4295.33,107,8,0
2026-09-15 20:48:00+00:00,4295.35,4295.89,4294.7,4295.3,99,11,0
2026-09-15 20:49:00+00:00,4295.31,4295.61,4294.52,4295.06,107,11,0
2026-09-15 20:50:00+00:00,4295.0,4295.49,4294.8,4295.49,98,15,0
2026-09-15 20:51:00+00:00,4295.47,4295.92,4295.26,4295.89,99,9,0
2026-09-15 20:52:00+00:00,4295.9,4296.24,4295.08,4295.33,123,8,0
2026-09-15 20:53:00+00:00,4295.28,4295.28,4294.66,4294.7,97,8,0
2026-09-15 20:54:00+00:00,4294.9,4295.26,4294.08,4295.22,124,8,0
2026-09-15 20:55:00+00:00,4295.23,4295.52,4294.64,4295.22,119,8,0
2026-09-15 20:56:00+00:00,4295.18,4295.68,4295.11,4295.68,131,8,0
2026-09-15 20:57:00+00:00,4295.66,4295.85,4295.17,4295.34,91,8,0
2026-09-15 20:58:00+00:00,4295.4,4295.6,4294.74,4295.28,105,8,0
2026-09-15 20:59:00+00:00,4295.35,4295.41,4294.38,4294.84,109,8,0
2026-09-15 21:00:00+00:00,4294.95,4296.06,4294.71,4294.79,141,8,0
2026-09-15 21:01:00+00:00,4294.81,4295.25,4293.27,4293.27,151,9,0
2026-09-15 21:02:00+00:00,4293.26,4294.79,4292.98,4294.02,131,15,0
2026-09-15 21:03:00+00:00,4293.98,4293.98,4293.0,4293.13,124,15,0
2026-09-15 21:04:00+00:00,4293.12,4295.23,4292.99,4295.23,122,15,0
2026-09-15 21:05:00+00:00,4295.16,4296.38,4294.84,4296.24,124,15,0
2026-09-15 21:06:00+00:00,4296.23,4298.58,4296.22,4298.41,143,15,0
2026-09-15 21:07:00+00:00,4298.44,4299.02,4298.0,4298.73,126,15,0
2026-09-15 21:08:00+00:00,4298.72,4298.72,4297.08,4297.68,120,15,0
2026-09-15 21:09:00+00:00,4297.71,4298.54,4296.85,4297.01,137,15,0
2026-09-15 21:10:00+00:00,4297.0,4298.13,4296.56,4297.99,120,13,0
2026-09-15 21:11:00+00:00,4298.0,4299.89,4298.0,4299.49,127,15,0
2026-09-15 21:12:00+00:00,4299.51,4302.94,4299.51,4302.79,146,15,0
2026-09-15 21:13:00+00:00,4302.78,4304.55,4302.75,4303.55,178,15,0
2026-09-15 21:14:00+00:00,4303.56,4303.91,4302.23,4302.55,160,15,0
2026-09-15 21:15:00+00:00,4302.73,4305.04,4302.41,4304.93,153,15,0
2026-09-15 21:16:00+00:00,4304.95,4305.82,4303.88,4304.98,154,15,0
2026-09-15 21:17:00+00:00,4304.97,4307.09,4304.83,4306.31,125,15,0
2026-09-15 21:18:00+00:00,4306.29,4306.75,4303.82,4304.0,167,15,0
2026-09-15 21:19:00+00:00,4304.07,4305.67,4303.67,4305.67,150,15,0
2026-09-15 21:20:00+00:00,4305.7,4305.83,4304.66,4305.42,173,15,0
2026-09-15 21:21:00+00:00,4305.5,4305.83,4303.92,4304.64,148,15,0
2026-09-15 21:22:00+00:00,4304.65,4305.66,4304.21,4305.17,142,15,0
2026-09-15 21:23:00+00:00,4305.16,4305.56,4304.47,4305.48,145,15,0
2026-09-15 21:24:00+00:00,4305.5,4305.5,4304.61,4305.23,146,13,0
2026-09-15 21:25:00+00:00,4305.21,4306.22,4304.8,4306.22,146,11,0
2026-09-15 21:26:00+00:00,4306.25,4306.86,4304.92,4305.26,145,13,0
2026-09-15 21:27:00+00:00,4305.27,4305.64,4303.83,4303.83,155,11,0
2026-09-15 21:28:00+00:00,4303.85,4305.39,4303.85,4305.13,179,14,0
2026-09-15 21:29:00+00:00,4305.16,4305.62,4304.5,4305.22,139,14,0
2026-09-15 21:30:00+00:00,4305.2,4305.2,4302.77,4302.99,159,14,0
2026-09-15 21:31:00+00:00,4303.07,4303.63,4302.42,4303.5,136,15,0
2026-09-15 21:32:00+00:00,4303.48,4303.89,4302.55,4302.68,119,11,0
2026-09-15 21:33:00+00:00,4302.59,4303.31,4302.26,4303.18,148,9,0
2026-09-15 21:34:00+00:00,4303.19,4303.94,4302.88,4303.36,136,9,0
2026-09-15 21:35:00+00:00,4303.35,4303.87,4302.73,4303.75,132,8,0
2026-09-15 21:36:00+00:00,4303.79,4304.09,4303.03,4303.56,127,8,0
2026-09-15 21:37:00+00:00,4303.58,4303.58,4302.47,4302.54,135,8,0
2026-09-15 21:38:00+00:00,4302.47,4303.15,4302.13,4303.04,106,8,0
2026-09-15 21:39:00+00:00,4303.04,4304.1,4302.96,4303.58,105,8,0
2026-09-15 21:40:00+00:00,4303.57,4303.84,4303.31,4303.71,88,8,0
2026-09-15 21:41:00+00:00,4303.77,4308.14,4303.66,4308.14,146,8,0
2026-09-15 21:42:00+00:00,4308.26,4308.36,4304.87,4305.81,177,15,0
2026-09-15 21:43:00+00:00,4305.8,4306.58,4305.19,4305.22,140,15,0
2026-09-15 21:44:00+00:00,4305.19,4305.61,4304.47,4304.82,128,15,0
2026-09-15 21:45:00+00:00,4304.86,4305.43,4304.52,4305.38,117,15,0
2026-09-15 21:46:00+00:00,4305.36,4306.6,4305.19,4305.72,143,14,0
2026-09-15 21:47:00+00:00,4305.7,4308.02,4305.54,4307.88,150,14,0
2026-09-15 21:48:00+00:00,4307.88,4308.13,4306.3,4306.68,110,11,0
2026-09-15 21:49:00+00:00,4306.7,4307.07,4305.87,4307.03,138,9,0
2026-09-15 21:50:00+00:00,4307.04,4309.64,4307.04,4309.15,151,8,0
2026-09-15 21:51:00+00:00,4309.14,4310.4,4309.09,4309.68,138,9,0
2026-09-15 21:52:00+00:00,4309.66,4309.83,4309.1,4309.19,129,8,0
2026-09-15 21:53:00+00:00,4309.23,4309.33,4308.47,4308.53,114,8,0
2026-09-15 21:54:00+00:00,4308.52,4308.81,4307.97,4308.81,110,8,0
2026-09-15 21:55:00+00:00,4308.83,4308.83,4307.59,4307.83,120,8,0
2026-09-15 21:56:00+00:00,4307.79,4308.86,4307.75,4308.37,129,8,0
2026-09-15 21:57:00+00:00,4308.36,4308.48,4307.56,4307.63,121,8,0
2026-09-15 21:58:00+00:00,4307.61,4308.19,4306.63,4307.23,126,8,0
2026-09-15 21:59:00+00:00,4307.19,4308.77,4307.16,4308.66,149,11,0
2026-09-15 22:00:00+00:00,4308.72,4310.42,4308.17,4309.93,137,9,0
2026-09-15 22:01:00+00:00,4309.97,4310.68,4308.8,4308.86,165,15,0
2026-09-15 22:02:00+00:00,4308.88,4309.18,4306.12,4306.21,155,15,0
2026-09-15 22:03:00+00:00,4306.38,4306.84,4305.42,4305.67,119,15,0
2026-09-15 22:04:00+00:00,4305.75,4306.76,4305.01,4305.01,126,15,0
2026-09-15 22:05:00+00:00,4305.04,4305.48,4303.42,4303.42,142,15,0
2026-09-15 22:06:00+00:00,4303.41,4303.54,4302.61,4303.54,119,15,0
2026-09-15 22:07:00+00:00,4303.5,4304.94,4302.87,4304.89,125,14,0
2026-09-15 22:08:00+00:00,4304.9,4305.38,4304.49,4305.26,122,11,0
2026-09-15 22:09:00+00:00,4305.23,4305.3,4304.17,4304.27,116,8,0
2026-09-15 22:10:00+00:00,4304.26,4304.52,4303.6,4303.65,110,8,0
2026-09-15 22:11:00+00:00,4303.75,4304.39,4302.77,4304.09,123,8,0
2026-09-15 22:12:00+00:00,4303.87,4303.9,4302.7,4303.47,127,8,0
2026-09-15 22:13:00+00:00,4303.5,4303.56,4301.75,4301.77,145,8,0
2026-09-15 22:14:00+00:00,4301.72,4301.92,4300.31,4300.31,127,8,0
2026-09-15 22:15:00+00:00,4300.29,4300.96,4299.55,4300.96,120,8,0
2026-09-15 22:16:00+00:00,4300.9,4302.25,4300.64,4301.86,130,9,0
2026-09-15 22:17:00+00:00,4301.78,4302.07,4301.27,4301.68,130,11,0
2026-09-15 22:18:00+00:00,4301.61,4302.15,4301.37,4301.61,108,9,0
2026-09-15 22:19:00+00:00,4301.52,4301.62,4300.24,4300.26,107,8,0
2026-09-15 22:20:00+00:00,4300.23,4300.31,4298.3,4298.62,137,8,0
2026-09-15 22:21:00+00:00,4298.66,4299.98,4298.66,4299.43,119,9,0
2026-09-15 22:22:00+00:00,4299.36,4300.51,4299.2,4300.15,111,8,0
2026-09-15 22:23:00+00:00,4300.12,4301.37,4299.96,4301.15,117,8,0
2026-09-15 22:24:00+00:00,4301.12,4301.62,4300.32,4301.32,125,8,0
2026-09-15 22:25:00+00:00,4301.2,4301.2,4300.23,4300.37,108,9,0
2026-09-15 22:26:00+00:00,4300.4,4301.71,4300.4,4301.49,110,8,0
2026-09-15 22:27:00+00:00,4301.48,4301.63,4301.14,4301.33,98,8,0
2026-09-15 22:28:00+00:00,4301.32,4301.62,4300.99,4301.47,81,8,0
2026-09-15 22:29:00+00:00,4301.45,4301.5,4301.14,4301.27,82,8,0
2026-09-15 22:30:00+00:00,4301.16,4301.16,4298.81,4299.11,130,8,0
2026-09-15 22:31:00+00:00,4299.04,4300.53,4299.04,4300.5,102,13,0
2026-09-15 22:32:00+00:00,4300.44,4302.44,4300.44,4302.26,138,11,0
2026-09-15 22:33:00+00:00,4302.3,4302.46,4300.72,4300.72,132,14,0
2026-09-15 22:34:00+00:00,4300.69,4300.7,4299.58,4299.58,104,13,0
2026-09-15 22:35:00+00:00,4299.51,4299.91,4299.26,4299.54,124,11,0
2026-09-15 22:36:00+00:00,4299.51,4299.95,4299.06,4299.08,98,9,0
2026-09-15 22:37:00+00:00,4299.12,4299.56,4298.9,4299.36,80,9,0
2026-09-15 22:38:00+00:00,4299.37,4299.42,4298.78,4299.2,98,9,0
2026-09-15 22:39:00+00:00,4299.16,4299.38,4298.48,4299.04,100,9,0
2026-09-15 22:40:00+00:00,4299.03,4299.04,4298.01,4298.7,106,11,0
2026-09-15 22:41:00+00:00,4298.69,4298.81,4297.82,4298.16,111,15,0
2026-09-15 22:42:00+00:00,4298.25,4298.54,4297.59,4297.59,102,15,0
2026-09-15 22:43:00+00:00,4297.57,4298.11,4297.19,4297.53,98,13,0
2026-09-15 22:44:00+00:00,4297.59,4297.75,4296.91,4296.91,89,9,0
2026-09-15 22:45:00+00:00,4296.88,4297.16,4296.26,4296.68,106,9,0
2026-09-15 22:46:00+00:00,4296.69,4297.92,4296.69,4297.8,102,11,0
2026-09-15 22:47:00+00:00,4297.68,4298.72,4297.55,4298.16,121,14,0
2026-09-15 22:48:00+00:00,4298.14,4299.74,4298.06,4298.95,137,14,0
2026-09-15 22:49:00+00:00,4298.94,4299.34,4298.87,4298.93,101,15,0
2026-09-15 22:50:00+00:00,4298.81,4299.81,4298.62,4298.65,143,15,0
2026-09-15 22:51:00+00:00,4298.68,4298.82,4297.63,4297.65,92,14,0
2026-09-15 22:52:00+00:00,4297.64,4297.69,4296.5,4296.5,112,14,0
2026-09-15 22:53:00+00:00,4296.49,4296.65,4295.87,4296.3,100,13,0
2026-09-15 22:54:00+00:00,4296.32,4296.9,4296.02,4296.73,98,9,0
2026-09-15 22:55:00+00:00,4296.43,4296.61,4295.11,4295.11,141,9,0
2026-09-15 22:56:00+00:00,4295.24,4296.01,4295.08,4295.26,131,14,0
2026-09-15 22:57:00+00:00,4295.37,4295.37,4294.75,4294.87,102,11,0
2026-09-15 22:58:00+00:00,4294.78,4297.15,4294.32,4296.79,161,11,0
2026-09-15 22:59:00+00:00,4296.85,4298.06,4296.85,4297.8,144,15,0
2026-09-15 23:00:00+00:00,4297.81,4299.02,4297.56,4299.01,128,15,0
2026-09-15 23:01:00+00:00,4299.0,4299.05,4298.21,4298.9,99,15,0
2026-09-15 23:02:00+00:00,4298.89,4298.89,4296.8,4296.86,82,14,0
2026-09-15 23:03:00+00:00,4296.97,4297.7,4296.89,4297.54,87,13,0
2026-09-15 23:04:00+00:00,4297.53,4297.69,4296.42,4296.52,64,9,0
2026-09-15 23:05:00+00:00,4296.61,4297.31,4295.92,4297.01,90,11,0
2026-09-15 23:06:00+00:00,4297.0,4297.92,4296.7,4297.6,74,11,0
2026-09-15 23:07:00+00:00,4297.62,4298.27,4297.06,4297.32,83,13,0
2026-09-15 23:08:00+00:00,4297.41,4297.57,4296.78,4297.56,62,15,0
2026-09-15 23:09:00+00:00,4297.55,4297.86,4297.55,4297.86,56,9,0
2026-09-15 23:10:00+00:00,4297.82,4298.62,4297.25,4297.25,80,8,0
2026-09-15 23:11:00+00:00,4297.24,4297.49,4297.18,4297.34,63,9,0
2026-09-15 23:12:00+00:00,4297.36,4297.36,4295.72,4296.06,76,9,0
2026-09-15 23:13:00+00:00,4296.04,4296.38,4296.03,4296.38,56,8,0
2026-09-15 23:14:00+00:00,4296.37,4296.44,4296.08,4296.39,61,8,0
2026-09-15 23:15:00+00:00,4296.35,4296.41,4295.95,4296.21,65,8,0
2026-09-15 23:16:00+00:00,4296.18,4296.18,4295.39,4295.78,43,8,0
2026-09-15 23:17:00+00:00,4295.75,4295.89,4295.58,4295.89,34,8,0
2026-09-15 23:18:00+00:00,4295.85,4296.66,4295.84,4296.23,59,8,0
2026-09-15 23:19:00+00:00,4296.26,4296.37,4296.05,4296.12,42,8,0
2026-09-15 23:20:00+00:00,4296.13,4296.74,4295.55,4296.47,64,8,0
2026-09-15 23:21:00+00:00,4296.48,4296.92,4296.41,4296.48,54,8,0
2026-09-15 23:22:00+00:00,4296.5,4296.5,4295.43,4295.7,52,8,0
2026-09-15 23:23:00+00:00,4295.73,4295.75,4294.82,4295.52,54,8,0
2026-09-15 23:24:00+00:00,4295.49,4295.5,4294.64,4295.06,81,9,0
2026-09-15 23:25:00+00:00,4295.11,4295.31,4294.39,4295.03,68,13,0
2026-09-15 23:26:00+00:00,4294.98,4295.18,4294.57,4295.03,59,13,0
2026-09-15 23:27:00+00:00,4294.98,4295.13,4294.16,4294.56,61,13,0
2026-09-15 23:28:00+00:00,4294.61,4295.45,4294.61,4295.33,46,11,0
2026-09-15 23:29:00+00:00,4295.28,4295.34,4294.9,4295.22,54,9,0
2026-09-15 23:30:00+00:00,4295.3,4295.94,4295.3,4295.79,54,9,0
2026-09-15 23:31:00+00:00,4295.74,4296.59,4295.74,4295.97,61,9,0
2026-09-15 23:32:00+00:00,4295.98,4296.18,4295.1,4295.1,50,11,0
2026-09-15 23:33:00+00:00,4295.13,4295.16,4293.37,4294.02,83,11,0
2026-09-15 23:34:00+00:00,4293.99,4294.0,4292.62,4292.62,81,15,0
2026-09-15 23:35:00+00:00,4292.81,4293.21,4292.2,4292.29,59,15,0
2026-09-15 23:36:00+00:00,4292.3,4292.59,4291.93,4292.59,38,15,0
2026-09-15 23:37:00+00:00,4292.65,4292.92,4292.56,4292.81,45,13,0
2026-09-15 23:38:00+00:00,4292.8,4293.16,4292.59,4292.78,48,11,0
2026-09-15 23:39:00+00:00,4292.74,4292.89,4292.67,4292.82,48,9,0
2026-09-15 23:40:00+00:00,4292.77,4292.78,4292.21,4292.64,46,19,0
2026-09-15 23:41:00+00:00,4292.62,4293.06,4292.62,4292.82,37,19,0
2026-09-15 23:42:00+00:00,4292.86,4292.94,4292.56,4292.81,42,19,0
2026-09-15 23:43:00+00:00,4292.8,4292.99,4292.65,4292.98,32,19,0
2026-09-15 23:44:00+00:00,4292.99,4293.28,4292.98,4293.01,45,19,0
2026-09-15 23:45:00+00:00,4293.04,4293.16,4292.6,4292.67,48,19,0
2026-09-15 23:46:00+00:00,4292.77,4292.92,4292.57,4292.79,51,19,0
2026-09-15 23:47:00+00:00,4292.79,4293.0,4292.48,4292.92,37,19,0
2026-09-15 23:48:00+00:00,4292.88,4293.24,4292.5,4292.5,27,19,0
2026-09-15 23:49:00+00:00,4292.58,4292.95,4292.58,4292.67,28,19,0
2026-09-15 23:50:00+00:00,4292.47,4293.56,4291.94,4293.01,81,19,0
2026-09-15 23:51:00+00:00,4293.12,4294.39,4293.1,4293.53,91,19,0
2026-09-15 23:52:00+00:00,4293.58,4293.86,4293.38,4293.4,50,19,0
2026-09-15 23:53:00+00:00,4293.35,4293.51,4292.67,4292.89,31,19,0
2026-09-15 23:54:00+00:00,4292.86,4292.92,4292.2,4292.9,52,19,0
2026-09-15 23:55:00+00:00,4292.8,4293.35,4292.78,4293.19,70,19,0
2026-09-15 23:56:00+00:00,4293.2,4293.32,4292.97,4293.12,42,19,0
2026-09-15 23:57:00+00:00,4293.15,4293.55,4293.15,4293.32,51,19,0
2026-09-15 23:58:00+00:00,4293.3,4293.95,4293.06,4293.9,58,19,0
2026-09-15 23:59:00+00:00,4293.68,4294.07,4291.62,4291.62,23,66,0
2026-09-16 01:00:00+00:00,4293.17,4295.6,4292.58,4294.78,46,8,0
2026-09-16 01:01:00+00:00,4295.26,4295.66,4294.04,4294.19,76,19,0
2026-09-16 01:02:00+00:00,4294.17,4294.84,4294.05,4294.72,42,19,0
2026-09-16 01:03:00+00:00,4294.65,4295.5,4294.14,4294.98,62,19,0
2026-09-16 01:04:00+00:00,4294.97,4295.46,4294.69,4295.32,41,19,0
2026-09-16 01:05:00+00:00,4295.13,4295.56,4294.72,4295.37,56,19,0
2026-09-16 01:06:00+00:00,4295.38,4295.68,4295.14,4295.59,20,19,0
2026-09-16 01:07:00+00:00,4295.61,4295.61,4295.08,4295.33,48,19,0
2026-09-16 01:08:00+00:00,4295.21,4295.24,4294.78,4295.04,34,19,0
2026-09-16 01:09:00+00:00,4295.02,4295.59,4294.96,4295.53,36,17,0
2026-09-16 01:10:00+00:00,4295.4,4295.65,4294.88,4295.65,62,17,0
2026-09-16 01:11:00+00:00,4295.6,4295.78,4295.09,4295.38,36,17,0
2026-09-16 01:12:00+00:00,4295.51,4295.58,4294.69,4294.69,44,17,0
2026-09-16 01:13:00+00:00,4294.67,4294.67,4293.59,4293.65,48,17,0
2026-09-16 01:14:00+00:00,4293.67,4293.91,4292.87,4292.93,70,17,0
2026-09-16 01:15:00+00:00,4293.08,4293.68,4292.95,4293.15,80,17,0
2026-09-16 01:16:00+00:00,4293.21,4293.59,4292.62,4293.59,69,17,0
2026-09-16 01:17:00+00:00,4293.6,4294.04,4292.42,4292.58,60,17,0
2026-09-16 01:18:00+00:00,4292.57,4293.07,4292.57,4292.6,47,17,0
2026-09-16 01:19:00+00:00,4292.58,4292.6,4292.13,4292.25,48,16,0
2026-09-16 01:20:00+00:00,4292.31,4292.79,4292.06,4292.62,37,16,0
2026-09-16 01:21:00+00:00,4292.55,4293.02,4292.33,4292.4,63,17,0
2026-09-16 01:22:00+00:00,4292.41,4292.69,4291.72,4292.69,73,17,0
2026-09-16 01:23:00+00:00,4292.68,4294.37,4292.68,4294.21,46,17,0
2026-09-16 01:24:00+00:00,4294.18,4294.72,4293.52,4294.62,115,17,0
2026-09-16 01:25:00+00:00,4294.41,4296.97,4294.17,4296.95,117,17,0
2026-09-16 01:26:00+00:00,4296.77,4298.2,4296.16,4298.2,112,17,0
2026-09-16 01:27:00+00:00,4298.21,4298.93,4297.54,4298.49,100,17,0
2026-09-16 01:28:00+00:00,4298.5,4298.5,4297.66,4298.18,107,17,0
2026-09-16 01:29:00+00:00,4298.19,4298.79,4297.63,4298.79,92,17,0
2026-09-16 01:30:00+00:00,4298.83,4298.94,4297.27,4297.57,116,17,0
2026-09-16 01:31:00+00:00,4297.63,4298.03,4296.02,4296.02,92,17,0
2026-09-16 01:32:00+00:00,4295.97,4297.6,4295.18,4297.32,82,16,0
2026-09-16 01:33:00+00:00,4297.26,4297.33,4296.25,4297.05,78,17,0
2026-09-16 01:34:00+00:00,4297.12,4297.77,4297.03,4297.5,71,17,0
2026-09-16 01:35:00+00:00,4297.51,4297.54,4297.21,4297.45,42,11,0
2026-09-16 01:36:00+00:00,4297.5,4297.89,4297.26,4297.67,48,11,0
2026-09-16 01:37:00+00:00,4297.78,4298.11,4297.53,4297.54,51,15,0
2026-09-16 01:38:00+00:00,4297.63,4298.18,4297.63,4298.18,60,16,0
2026-09-16 01:39:00+00:00,4298.15,4298.2,4297.24,4297.77,67,17,0
2026-09-16 01:40:00+00:00,4297.76,4297.78,4296.75,4296.78,43,16,0
2026-09-16 01:41:00+00:00,4296.78,4296.79,4295.7,4296.36,70,16,0
2026-09-16 01:42:00+00:00,4296.05,4296.07,4295.63,4295.96,49,16,0
2026-09-16 01:43:00+00:00,4295.97,4295.97,4294.99,4294.99,33,14,0
2026-09-16 01:44:00+00:00,4295.05,4295.2,4294.47,4294.75,51,15,0
2026-09-16 01:45:00+00:00,4294.69,4295.42,4294.65,4295.26,58,16,0
2026-09-16 01:46:00+00:00,4295.28,4295.3,4294.7,4295.0,60,17,0
2026-09-16 01:47:00+00:00,4294.92,4295.04,4294.57,4294.58,49,16,0
2026-09-16 01:48:00+00:00,4294.59,4294.88,4294.3,4294.42,58,17,0
2026-09-16 01:49:00+00:00,4294.52,4294.61,4294.08,4294.18,44,17,0
2026-09-16 01:50:00+00:00,4294.15,4294.26,4293.76,4293.85,47,17,0
2026-09-16 01:51:00+00:00,4293.84,4294.34,4293.09,4294.14,39,17,0
2026-09-16 01:52:00+00:00,4294.1,4294.47,4293.7,4293.77,47,17,0
2026-09-16 01:53:00+00:00,4293.73,4293.94,4293.57,4293.78,39,17,0
2026-09-16 01:54:00+00:00,4293.75,4294.08,4293.14,4293.14,43,17,0
2026-09-16 01:55:00+00:00,4293.17,4293.22,4292.37,4292.67,65,17,0
2026-09-16 01:56:00+00:00,4292.64,4292.7,4291.6,4292.07,82,17,0
2026-09-16 01:57:00+00:00,4292.05,4292.43,4290.97,4290.97,87,17,0
2026-09-16 01:58:00+00:00,4290.98,4291.25,4289.63,4290.25,109,17,0
2026-09-16 01:59:00+00:00,4290.28,4290.35,4288.89,4288.95,95,17,0
2026-09-16 02:00:00+00:00,4288.87,4289.49,4288.34,4288.62,116,17,0
2026-09-16 02:01:00+00:00,4288.57,4289.15,4287.45,4287.86,93,17,0
2026-09-16 02:02:00+00:00,4287.87,4288.06,4286.14,4286.32,75,17,0
2026-09-16 02:03:00+00:00,4286.36,4287.34,4286.19,4286.47,77,17,0
2026-09-16 02:04:00+00:00,4285.81,4286.72,4284.97,4285.12,111,17,0
2026-09-16 02:05:00+00:00,4285.17,4287.19,4285.17,4286.91,76,17,0
2026-09-16 02:06:00+00:00,4286.93,4286.95,4286.35,4286.84,70,15,0
2026-09-16 02:07:00+00:00,4286.86,4287.34,4286.67,4287.31,72,13,0
2026-09-16 02:08:00+00:00,4287.23,4287.31,4286.4,4286.56,70,12,0
2026-09-16 02:09:00+00:00,4286.69,4286.86,4285.87,4285.91,49,14,0
2026-09-16 02:10:00+00:00,4285.89,4286.35,4285.38,4286.26,58,16,0
2026-09-16 02:11:00+00:00,4286.33,4288.22,4285.76,4287.63,81,17,0
2026-09-16 02:12:00+00:00,4287.67,4288.62,4287.54,4288.13,104,17,0
2026-09-16 02:13:00+00:00,4288.16,4288.21,4286.13,4286.72,61,17,0
2026-09-16 02:14:00+00:00,4286.78,4286.86,4286.17,4286.23,52,16,0
2026-09-16 02:15:00+00:00,4286.13,4287.14,4285.86,4286.99,61,14,0
2026-09-16 02:16:00+00:00,4287.08,4287.14,4285.48,4286.33,65,16,0
2026-09-16 02:17:00+00:00,4286.35,4286.69,4285.8,4286.53,53,17,0
2026-09-16 02:18:00+00:00,4286.62,4286.82,4286.48,4286.8,46,11,0
2026-09-16 02:19:00+00:00,4286.79,4287.15,4286.62,4286.99,43,11,0
2026-09-16 02:20:00+00:00,4286.94,4287.25,4286.93,4287.11,37,11,0
2026-09-16 02:21:00+00:00,4287.13,4287.13,4286.51,4286.65,51,11,0
2026-09-16 02:22:00+00:00,4286.64,4286.82,4286.48,4286.51,30,12,0
2026-09-16 02:23:00+00:00,4286.49,4286.94,4286.46,4286.75,41,13,0
2026-09-16 02:24:00+00:00,4286.78,4287.02,4284.54,4284.93,67,15,0
2026-09-16 02:25:00+00:00,4284.94,4285.89,4284.34,4284.34,104,17,0
2026-09-16 02:26:00+00:00,4284.35,4285.23,4284.24,4284.74,105,17,0
2026-09-16 02:27:00+00:00,4284.61,4284.61,4283.21,4283.36,82,17,0
2026-09-16 02:28:00+00:00,4283.25,4283.71,4282.11,4283.71,82,17,0
2026-09-16 02:29:00+00:00,4283.72,4284.43,4282.55,4284.41,78,17,0
2026-09-16 02:30:00+00:00,4284.43,4284.43,4283.15,4283.85,81,17,0
2026-09-16 02:31:00+00:00,4283.85,4284.22,4283.2,4283.8,63,16,0
2026-09-16 02:32:00+00:00,4283.85,4286.26,4283.59,4286.04,82,17,0
2026-09-16 02:33:00+00:00,4286.16,4287.25,4286.16,4287.2,71,15,0
2026-09-16 02:34:00+00:00,4287.2,4287.7,4286.41,4287.03,101,14,0
2026-09-16 02:35:00+00:00,4287.08,4287.36,4285.62,4287.36,100,17,0
2026-09-16 02:36:00+00:00,4287.39,4287.4,4286.41,4287.19,97,17,0
2026-09-16 02:37:00+00:00,4287.05,4287.05,4285.71,4286.72,111,17,0
2026-09-16 02:38:00+00:00,4286.74,4286.74,4284.89,4284.95,76,15,0
2026-09-16 02:39:00+00:00,4284.96,4285.3,4282.76,4285.05,106,11,0
2026-09-16 02:40:00+00:00,4285.06,4285.72,4284.58,4284.76,100,17,0
2026-09-16 02:41:00+00:00,4284.75,4284.75,4283.81,4284.41,65,14,0
2026-09-16 02:42:00+00:00,4284.3,4284.51,4283.71,4284.21,47,11,0
2026-09-16 02:43:00+00:00,4284.37,4285.59,4284.37,4284.62,69,11,0
2026-09-16 02:44:00+00:00,4284.64,4284.99,4284.39,4284.69,61,11,0
2026-09-16 02:45:00+00:00,4284.71,4285.93,4284.13,4285.21,97,11,0
2026-09-16 02:46:00+00:00,4285.2,4286.07,4285.15,4285.68,62,17,0
2026-09-16 02:47:00+00:00,4285.67,4286.25,4285.67,4286.15,56,11,0
2026-09-16 02:48:00+00:00,4286.18,4286.28,4285.65,4285.65,58,11,0
2026-09-16 02:49:00+00:00,4285.57,4285.62,4283.93,4283.93,43,14,0
2026-09-16 02:50:00+00:00,4283.49,4284.69,4283.41,4284.65,85,17,0
2026-09-16 02:51:00+00:00,4284.63,4284.68,4283.4,4283.98,78,17,0
2026-09-16 02:52:00+00:00,4283.99,4284.0,4283.2,4283.5,76,17,0
2026-09-16 02:53:00+00:00,4283.67,4284.1,4283.28,4283.41,86,17,0
2026-09-16 02:54:00+00:00,4283.64,4283.96,4283.25,4283.6,37,16,0
2026-09-16 02:55:00+00:00,4283.62,4283.62,4281.43,4282.18,93,17,0
2026-09-16 02:56:00+00:00,4282.18,4282.18,4281.17,4281.75,99,17,0
2026-09-16 02:57:00+00:00,4281.74,4282.0,4281.26,4281.82,89,17,0
2026-09-16 02:58:00+00:00,4281.78,4282.16,4281.47,4281.66,96,17,0
2026-09-16 02:59:00+00:00,4281.66,4283.48,4281.43,4283.48,88,12,0
2026-09-16 03:00:00+00:00,4283.49,4283.95,4281.7,4281.95,163,17,0
2026-09-16 03:01:00+00:00,4282.0,4282.46,4281.45,4281.54,129,16,0
2026-09-16 03:02:00+00:00,4281.55,4281.65,4281.12,4281.6,92,11,0
2026-09-16 03:03:00+00:00,4281.59,4282.07,4280.9,4281.05,95,11,0
2026-09-16 03:04:00+00:00,4281.08,4281.73,4280.69,4280.85,92,11,0
2026-09-16 03:05:00+00:00,4280.69,4282.26,4280.69,4281.92,114,11,0
2026-09-16 03:06:00+00:00,4281.95,4282.71,4281.95,4282.2,108,13,0
2026-09-16 03:07:00+00:00,4282.24,4284.65,4282.12,4283.72,123,14,0
2026-09-16 03:08:00+00:00,4283.75,4284.45,4282.09,4282.22,109,17,0
2026-09-16 03:09:00+00:00,4282.15,4282.36,4281.58,4281.66,74,11,0
2026-09-16 03:10:00+00:00,4281.6,4281.74,4280.64,4281.25,105,12,0
2026-09-16 03:11:00+00:00,4281.28,4282.4,4280.92,4281.86,108,11,0
2026-09-16 03:12:00+00:00,4281.78,4282.82,4281.71,4282.69,99,11,0
2026-09-16 03:13:00+00:00,4282.7,4282.7,4282.25,4282.47,69,11,0
2026-09-16 03:14:00+00:00,4282.46,4282.93,4282.42,4282.62,74,11,0
2026-09-16 03:15:00+00:00,4282.61,4282.76,4281.76,4282.43,109,11,0
2026-09-16 03:16:00+00:00,4282.39,4284.18,4282.16,4283.38,115,17,0
2026-09-16 03:17:00+00:00,4283.31,4283.94,4283.1,4283.51,100,17,0
2026-09-16 03:18:00+00:00,4283.51,4285.17,4282.81,4285.17,109,17,0
2026-09-16 03:19:00+00:00,4285.33,4285.83,4285.08,4285.57,92,17,0
2026-09-16 03:20:00+00:00,4285.54,4285.57,4284.27,4284.93,90,17,0
2026-09-16 03:21:00+00:00,4284.94,4286.31,4284.27,4284.41,112,17,0
2026-09-16 03:22:00+00:00,4284.65,4284.77,4283.4,4284.39,84,17,0
2026-09-16 03:23:00+00:00,4284.48,4285.32,4284.09,4285.02,75,16,0
2026-09-16 03:24:00+00:00,4285.0,4285.29,4284.8,4285.29,85,11,0
2026-09-16 03:25:00+00:00,4285.21,4285.21,4284.13,4284.24,78,11,0
2026-09-16 03:26:00+00:00,4284.22,4285.11,4283.65,4285.04,81,11,0
2026-09-16 03:27:00+00:00,4285.04,4285.04,4283.36,4283.74,81,12,0
2026-09-16 03:28:00+00:00,4283.9,4284.1,4283.24,4283.79,84,14,0
2026-09-16 03:29:00+00:00,4283.78,4284.18,4283.57,4284.12,81,15,0
2026-09-16 03:30:00+00:00,4284.08,4284.75,4284.07,4284.32,83,13,0
2026-09-16 03:31:00+00:00,4284.41,4284.56,4283.1,4283.45,89,16,0
2026-09-16 03:32:00+00:00,4283.42,4283.42,4281.86,4281.86,90,17,0
2026-09-16 03:33:00+00:00,4281.87,4282.21,4280.3,4280.77,119,17,0
2026-09-16 03:34:00+00:00,4280.78,4281.58,4279.97,4281.55,105,17,0
2026-09-16 03:35:00+00:00,4281.55,4281.71,4279.84,4280.14,102,17,0
2026-09-16 03:36:00+00:00,4280.14,4280.86,4280.05,4280.38,74,17,0
2026-09-16 03:37:00+00:00,4280.39,4280.5,4279.74,4280.4,64,13,0
2026-09-16 03:38:00+00:00,4280.63,4281.27,4280.46,4280.82,88,13,0
2026-09-16 03:39:00+00:00,4280.89,4281.49,4280.88,4281.24,77,11,0
2026-09-16 03:40:00+00:00,4281.24,4284.12,4280.81,4283.84,106,11,0
2026-09-16 03:41:00+00:00,4283.9,4285.11,4283.58,4285.1,94,17,0
2026-09-16 03:42:00+00:00,4285.08,4285.7,4284.18,4284.22,103,16,0
2026-09-16 03:43:00+00:00,4284.13,4284.91,4283.74,4284.61,77,17,0
2026-09-16 03:44:00+00:00,4284.64,4284.79,4283.26,4283.73,82,17,0
2026-09-16 03:45:00+00:00,4283.68,4285.14,4283.32,4283.92,118,17,0
2026-09-16 03:46:00+00:00,4283.7,4284.28,4283.12,4284.14,78,17,0
2026-09-16 03:47:00+00:00,4284.17,4284.25,4282.44,4282.71,98,17,0
2026-09-16 03:48:00+00:00,4282.62,4284.44,4282.61,4283.57,105,15,0
2026-09-16 03:49:00+00:00,4283.55,4284.0,4282.93,4282.93,98,17,0
2026-09-16 03:50:00+00:00,4282.71,4282.72,4281.15,4281.18,95,14,0
2026-09-16 03:51:00+00:00,4281.17,4282.21,4280.66,4280.66,108,12,0
2026-09-16 03:52:00+00:00,4280.72,4281.3,4280.4,4280.68,105,17,0
2026-09-16 03:53:00+00:00,4281.0,4281.03,4279.53,4279.53,115,17,0
2026-09-16 03:54:00+00:00,4279.42,4279.6,4278.08,4278.08,135,17,0
2026-09-16 03:55:00+00:00,4278.04,4278.47,4275.72,4275.97,154,17,0
2026-09-16 03:56:00+00:00,4275.98,4277.78,4275.53,4277.33,136,17,0
2026-09-16 03:57:00+00:00,4277.32,4278.26,4276.45,4277.87,143,17,0
2026-09-16 03:58:00+00:00,4277.83,4277.97,4276.42,4276.46,111,16,0
2026-09-16 03:59:00+00:00,4276.47,4277.66,4275.63,4277.46,140,16,0
2026-09-16 04:00:00+00:00,4277.44,4283.85,4276.84,4283.14,219,17,0
2026-09-16 04:01:00+00:00,4283.14,4284.43,4281.87,4283.14,196,17,0
2026-09-16 04:02:00+00:00,4283.15,4284.3,4281.57,4283.25,193,17,0
2026-09-16 04:03:00+00:00,4283.11,4284.82,4281.15,4281.37,184,17,0
2026-09-16 04:04:00+00:00,4281.38,4281.85,4279.77,4279.93,180,17,0
2026-09-16 04:05:00+00:00,4279.88,4280.32,4278.58,4279.71,174,17,0
2026-09-16 04:06:00+00:00,4279.73,4282.51,4279.68,4281.21,156,17,0
2026-09-16 04:07:00+00:00,4281.09,4281.23,4279.24,4279.28,155,17,0
2026-09-16 04:08:00+00:00,4279.23,4280.68,4278.27,4280.68,142,16,0
2026-09-16 04:09:00+00:00,4280.68,4282.28,4280.51,4281.42,151,15,0
2026-09-16 04:10:00+00:00,4281.26,4281.43,4279.19,4281.18,169,15,0
2026-09-16 04:11:00+00:00,4281.17,4282.87,4281.17,4282.65,157,16,0
2026-09-16 04:12:00+00:00,4282.68,4284.77,4282.23,4284.74,170,16,0
2026-09-16 04:13:00+00:00,4284.69,4286.42,4284.41,4285.77,158,16,0
2026-09-16 04:14:00+00:00,4285.75,4287.78,4285.55,4287.19,140,17,0
2026-09-16 04:15:00+00:00,4287.21,4290.01,4287.11,4287.89,179,17,0
2026-09-16 04:16:00+00:00,4287.87,4289.98,4287.87,4288.47,149,17,0
2026-09-16 04:17:00+00:00,4288.46,4288.5,4285.35,4285.94,136,17,0
2026-09-16 04:18:00+00:00,4286.0,4286.7,4284.58,4285.74,122,15,0
2026-09-16 04:19:00+00:00,4285.85,4287.56,4285.76,4287.34,144,16,0
2026-09-16 04:20:00+00:00,4287.37,4290.49,4287.34,4289.84,149,17,0
2026-09-16 04:21:00+00:00,4289.82,4290.26,4288.05,4288.69,136,17,0
2026-09-16 04:22:00+00:00,4288.63,4289.5,4288.31,4288.74,127,17,0
2026-09-16 04:23:00+00:00,4288.73,4290.23,4288.73,4289.78,152,16,0
2026-09-16 04:24:00+00:00,4289.79,4290.58,4289.35,4290.33,143,17,0
2026-09-16 04:25:00+00:00,4290.34,4291.88,4288.91,4291.88,160,17,0
2026-09-16 04:26:00+00:00,4291.85,4292.53,4290.66,4291.99,150,17,0
2026-09-16 04:27:00+00:00,4291.92,4293.56,4291.77,4292.41,149,17,0
2026-09-16 04:28:00+00:00,4292.39,4292.53,4291.36,4292.36,125,14,0
2026-09-16 04:29:00+00:00,4292.36,4292.43,4290.37,4290.55,138,12,0
2026-09-16 04:30:00+00:00,4290.46,4291.32,4289.83,4290.0,141,11,0
2026-09-16 04:31:00+00:00,4289.99,4290.59,4287.77,4288.56,168,13,0
2026-09-16 04:32:00+00:00,4288.55,4289.26,4288.55,4289.07,121,11,0
2026-09-16 04:33:00+00:00,4289.04,4289.04,4288.31,4288.81,135,11,0
2026-09-16 04:34:00+00:00,4288.81,4289.31,4288.14,4289.21,141,11,0
2026-09-16 04:35:00+00:00,4289.31,4289.8,4287.52,4287.64,154,17,0
2026-09-16 04:36:00+00:00,4287.66,4288.81,4287.48,4288.81,115,15,0
2026-09-16 04:37:00+00:00,4288.86,4289.41,4288.21,4288.99,134,17,0
2026-09-16 04:38:00+00:00,4288.97,4288.97,4287.83,4288.2,115,16,0
2026-09-16 04:39:00+00:00,4288.16,4288.52,4286.16,4286.16,125,16,0
2026-09-16 04:40:00+00:00,4286.17,4288.34,4285.81,4288.34,136,17,0
2026-09-16 04:41:00+00:00,4288.39,4290.53,4288.02,4290.36,155,17,0
2026-09-16 04:42:00+00:00,4290.47,4290.47,4288.89,4289.41,123,17,0
2026-09-16 04:43:00+00:00,4289.46,4289.96,4288.47,4288.49,137,16,0
2026-09-16 04:44:00+00:00,4288.28,4288.77,4288.06,4288.5,114,11,0
2026-09-16 04:45:00+00:00,4288.52,4289.04,4287.74,4288.13,122,11,0
2026-09-16 04:46:00+00:00,4288.38,4288.38,4286.09,4286.1,136,12,0
2026-09-16 04:47:00+00:00,4286.09,4287.92,4285.93,4287.18,140,14,0
2026-09-16 04:48:00+00:00,4287.19,4287.24,4285.22,4285.85,138,16,0
2026-09-16 04:49:00+00:00,4285.81,4287.95,4285.29,4287.9,137,16,0
2026-09-16 04:50:00+00:00,4287.89,4288.92,4285.5,4285.53,146,17,0
2026-09-16 04:51:00+00:00,4285.48,4286.28,4283.95,4286.27,170,17,0
2026-09-16 04:52:00+00:00,4286.28,4286.91,4285.81,4286.83,125,14,0
2026-09-16 04:53:00+00:00,4286.84,4288.09,4286.7,4287.43,124,14,0
2026-09-16 04:54:00+00:00,4287.34,4287.34,4285.28,4285.34,104,12,0
2026-09-16 04:55:00+00:00,4285.33,4286.88,4285.21,4285.49,128,11,0
2026-09-16 04:56:00+00:00,4285.46,4286.14,4283.47,4283.47,129,11,0
2026-09-16 04:57:00+00:00,4283.42,4283.7,4280.02,4280.28,179,15,0
2026-09-16 04:58:00+00:00,4280.18,4282.5,4280.11,4281.98,152,17,0
2026-09-16 04:59:00+00:00,4281.95,4282.49,4281.71,4282.48,111,11,0
2026-09-16 05:00:00+00:00,4282.46,4284.16,4281.89,4283.63,154,11,0
2026-09-16 05:01:00+00:00,4283.62,4285.26,4283.35,4285.24,123,11,0
2026-09-16 05:02:00+00:00,4285.22,4286.88,4284.28,4286.62,145,17,0
2026-09-16 05:03:00+00:00,4286.58,4287.19,4286.44,4286.92,136,11,0
2026-09-16 05:04:00+00:00,4286.94,4287.6,4286.36,4287.55,130,11,0
2026-09-16 05:05:00+00:00,4287.56,4288.01,4285.39,4286.06,151,14,0
2026-09-16 05:06:00+00:00,4286.02,4286.42,4285.11,4285.3,123,15,0
2026-09-16 05:07:00+00:00,4285.38,4287.38,4284.62,4286.66,143,15,0
2026-09-16 05:08:00+00:00,4286.6,4287.68,4286.29,4287.48,132,17,0
2026-09-16 05:09:00+00:00,4287.5,4289.47,4286.57,4289.12,157,17,0
2026-09-16 05:10:00+00:00,4289.17,4292.05,4289.17,4290.76,174,16,0
2026-09-16 05:11:00+00:00,4290.7,4293.68,4290.7,4293.68,156,17,0
2026-09-16 05:12:00+00:00,4293.63,4294.88,4293.45,4294.03,181,17,0
2026-09-16 05:13:00+00:00,4294.04,4294.47,4292.58,4292.8,146,17,0
2026-09-16 05:14:00+00:00,4292.79,4293.5,4291.38,4292.5,153,17,0
2026-09-16 05:15:00+00:00,4292.36,4293.97,4290.91,4290.91,145,16,0
2026-09-16 05:16:00+00:00,4290.9,4291.61,4289.98,4291.2,150,17,0
2026-09-16 05:17:00+00:00,4291.16,4291.7,4290.89,4291.68,121,15,0
2026-09-16 05:18:00+00:00,4291.57,4292.39,4290.5,4292.33,126,13,0
2026-09-16 05:19:00+00:00,4292.4,4294.89,4291.64,4291.75,157,17,0
2026-09-16 05:20:00+00:00,4291.67,4292.25,4291.35,4291.76,116,17,0
2026-09-16 05:21:00+00:00,4291.72,4293.68,4290.97,4293.67,107,13,0
2026-09-16 05:22:00+00:00,4293.66,4294.74,4293.24,4293.96,126,17,0
2026-09-16 05:23:00+00:00,4293.9,4294.34,4293.6,4293.9,94,11,0
2026-09-16 05:24:00+00:00,4293.9,4295.73,4293.9,4295.7,104,11,0
2026-09-16 05:25:00+00:00,4295.68,4296.16,4295.42,4296.0,110,11,0
2026-09-16 05:26:00+00:00,4296.06,4297.91,4295.94,4297.91,147,11,0
2026-09-16 05:27:00+00:00,4297.94,4300.67,4297.94,4300.23,136,15,0
2026-09-16 05:28:00+00:00,4300.24,4300.44,4297.84,4298.12,155,17,0
2026-09-16 05:29:00+00:00,4298.11,4298.93,4298.05,4298.93,121,14,0
2026-09-16 05:30:00+00:00,4298.96,4304.61,4298.69,4304.01,215,14,0
2026-09-16 05:31:00+00:00,4304.0,4309.72,4303.32,4309.72,210,17,0
2026-09-16 05:32:00+00:00,4310.02,4311.42,4305.58,4305.58,208,17,0
2026-09-16 05:33:00+00:00,4305.73,4306.96,4304.97,4305.52,200,17,0
2026-09-16 05:34:00+00:00,4305.47,4310.76,4305.34,4310.15,206,17,0
2026-09-16 05:35:00+00:00,4310.1,4313.14,4309.26,4313.02,204,17,0
2026-09-16 05:36:00+00:00,4313.0,4316.01,4312.39,4313.16,195,17,0
2026-09-16 05:37:00+00:00,4313.06,4313.07,4309.7,4310.52,178,17,0
2026-09-16 05:38:00+00:00,4310.57,4311.75,4309.37,4309.9,173,17,0
2026-09-16 05:39:00+00:00,4309.83,4312.38,4309.83,4311.1,186,16,0
2026-09-16 05:40:00+00:00,4311.12,4313.46,4310.85,4310.85,184,17,0
2026-09-16 05:41:00+00:00,4310.64,4312.76,4310.64,4312.21,184,17,0
2026-09-16 05:42:00+00:00,4312.2,4313.3,4311.42,4311.43,150,16,0
2026-09-16 05:43:00+00:00,4311.46,4313.96,4311.46,4312.71,174,17,0
2026-09-16 05:44:00+00:00,4312.63,4312.68,4310.94,4311.03,176,17,0
2026-09-16 05:45:00+00:00,4311.01,4312.09,4310.93,4311.63,170,17,0
2026-09-16 05:46:00+00:00,4311.53,4314.58,4311.18,4313.9,166,17,0
2026-09-16 05:47:00+00:00,4313.92,4315.75,4313.43,4313.58,194,17,0
2026-09-16 05:48:00+00:00,4313.55,4315.84,4313.55,4314.33,160,17,0
2026-09-16 05:49:00+00:00,4314.31,4315.63,4313.9,4315.36,151,17,0
2026-09-16 05:50:00+00:00,4315.44,4316.29,4315.09,4315.74,166,16,0
2026-09-16 05:51:00+00:00,4315.78,4316.52,4314.6,4316.52,155,16,0
2026-09-16 05:52:00+00:00,4316.57,4316.87,4314.2,4314.7,163,17,0
2026-09-16 05:53:00+00:00,4314.64,4315.32,4313.84,4314.77,173,16,0
2026-09-16 05:54:00+00:00,4314.84,4316.7,4313.78,4316.51,154,16,0
2026-09-16 05:55:00+00:00,4316.65,4317.1,4315.98,4316.9,156,17,0
2026-09-16 05:56:00+00:00,4316.88,4322.52,4316.66,4321.25,195,17,0
2026-09-16 05:57:00+00:00,4321.28,4323.48,4320.48,4321.26,181,17,0
2026-09-16 05:58:00+00:00,4321.32,4321.57,4319.37,4320.08,156,17,0
2026-09-16 05:59:00+00:00,4320.15,4322.55,4319.65,4321.74,176,16,0
2026-09-16 06:00:00+00:00,4321.73,4324.32,4321.55,4324.22,176,17,0
2026-09-16 06:01:00+00:00,4324.14,4326.73,4323.04,4326.41,170,16,0
2026-09-16 06:02:00+00:00,4326.42,4328.01,4325.66,4327.62,182,16,0
2026-09-16 06:03:00+00:00,4327.77,4328.3,4326.07,4327.98,181,17,0
2026-09-16 06:04:00+00:00,4327.99,4328.63,4327.29,4328.31,153,16,0
2026-09-16 06:05:00+00:00,4328.3,4330.3,4327.75,4328.67,170,13,0
2026-09-16 06:06:00+00:00,4328.7,4330.5,4328.36,4328.73,162,15,0
2026-09-16 06:07:00+00:00,4328.82,4330.66,4328.01,4329.82,166,17,0
2026-09-16 06:08:00+00:00,4329.81,4329.87,4326.2,4326.8,173,16,0
2026-09-16 06:09:00+00:00,4326.86,4327.68,4325.72,4327.11,168,17,0
2026-09-16 06:10:00+00:00,4327.14,4330.24,4327.14,4327.33,175,17,0
2026-09-16 06:11:00+00:00,4327.27,4331.23,4326.62,4330.1,176,17,0
2026-09-16 06:12:00+00:00,4330.12,4336.01,4330.09,4333.68,200,17,0
2026-09-16 06:13:00+00:00,4333.64,4337.01,4333.51,4337.01,186,17,0
2026-09-16 06:14:00+00:00,4337.2,4338.67,4336.68,4336.92,198,17,0
2026-09-16 06:15:00+00:00,4337.38,4338.32,4336.41,4338.13,180,17,0
2026-09-16 06:16:00+00:00,4338.12,4339.61,4337.95,4338.25,181,15,0
2026-09-16 06:17:00+00:00,4338.23,4338.67,4337.62,4338.58,136,11,0
2026-09-16 06:18:00+00:00,4338.51,4338.65,4336.9,4337.25,160,11,0
2026-09-16 06:19:00+00:00,4337.31,4338.01,4335.7,4336.05,156,11,0
2026-09-16 06:20:00+00:00,4335.95,4338.27,4335.79,4338.27,174,11,0
2026-09-16 06:21:00+00:00,4338.26,4339.9,4337.18,4339.9,173,17,0
2026-09-16 06:22:00+00:00,4339.91,4340.97,4337.81,4337.81,178,17,0
2026-09-16 06:23:00+00:00,4337.8,4340.31,4337.8,4338.11,157,16,0
2026-09-16 06:24:00+00:00,4338.17,4338.52,4335.5,4336.64,168,15,0
2026-09-16 06:25:00+00:00,4336.65,4338.01,4335.11,4335.11,154,11,0
2026-09-16 06:26:00+00:00,4335.15,4336.01,4334.54,4335.67,150,11,0
2026-09-16 06:27:00+00:00,4335.64,4335.8,4334.09,4334.99,156,11,0
2026-09-16 06:28:00+00:00,4334.97,4335.52,4333.43,4333.54,145,11,0
2026-09-16 06:29:00+00:00,4333.24,4333.52,4331.93,4332.0,161,11,0
2026-09-16 06:30:00+00:00,4331.77,4332.56,4330.51,4330.67,169,11,0
2026-09-16 06:31:00+00:00,4330.66,4332.08,4329.83,4329.93,147,16,0
2026-09-16 06:32:00+00:00,4329.95,4330.39,4328.89,4329.49,157,14,0
2026-09-16 06:33:00+00:00,4329.52,4330.81,4329.26,4329.68,154,14,0
2026-09-16 06:34:00+00:00,4329.69,4330.31,4329.15,4329.61,130,15,0
2026-09-16 06:35:00+00:00,4329.63,4329.72,4328.5,4328.62,135,15,0
2026-09-16 06:36:00+00:00,4328.6,4328.62,4327.31,4327.63,141,16,0
2026-09-16 06:37:00+00:00,4327.55,4327.57,4326.55,4327.03,128,17,0
2026-09-16 06:38:00+00:00,4327.08,4327.51,4326.36,4327.51,133,17,0
2026-09-16 06:39:00+00:00,4327.52,4328.22,4327.13,4327.55,146,17,0
2026-09-16 06:40:00+00:00,4327.57,4329.28,4327.55,4328.75,124,17,0
2026-09-16 06:41:00+00:00,4328.8,4328.87,4327.22,4327.58,120,17,0
2026-09-16 06:42:00+00:00,4327.57,4327.97,4326.85,4327.32,121,17,0
2026-09-16 06:43:00+00:00,4327.42,4327.53,4326.04,4326.63,109,17,0
2026-09-16 06:44:00+00:00,4326.62,4327.53,4326.04,4327.11,129,17,0
2026-09-16 06:45:00+00:00,4327.12,4327.75,4326.13,4327.46,131,17,0
2026-09-16 06:46:00+00:00,4327.4,4327.48,4327.13,4327.45,94,17,0
2026-09-16 06:47:00+00:00,4327.46,4327.88,4326.06,4327.03,116,16,0
2026-09-16 06:48:00+00:00,4327.02,4327.28,4324.85,4325.04,136,17,0
2026-09-16 06:49:00+00:00,4325.05,4325.19,4323.56,4323.71,129,17,0
2026-09-16 06:50:00+00:00,4323.66,4324.21,4322.79,4323.52,126,17,0
2026-09-16 06:51:00+00:00,4323.51,4323.58,4322.99,4323.49,72,16,0
2026-09-16 06:52:00+00:00,4323.48,4326.56,4323.48,4326.19,121,16,0
2026-09-16 06:53:00+00:00,4326.29,4326.66,4325.75,4326.0,112,17,0
2026-09-16 06:54:00+00:00,4325.95,4326.88,4325.95,4326.8,104,17,0
2026-09-16 06:55:00+00:00,4326.71,4326.97,4325.44,4326.68,108,17,0
2026-09-16 06:56:00+00:00,4326.34,4327.24,4326.08,4327.02,97,17,0
2026-09-16 06:57:00+00:00,4327.0,4327.59,4326.21,4326.66,119,17,0
2026-09-16 06:58:00+00:00,4326.69,4327.05,4326.09,4326.37,94,17,0
2026-09-16 06:59:00+00:00,4326.38,4327.35,4326.27,4327.13,97,17,0
2026-09-16 07:00:00+00:00,4327.14,4327.92,4326.94,4327.38,121,17,0
2026-09-16 07:01:00+00:00,4327.35,4327.83,4326.94,4327.16,103,17,0
2026-09-16 07:02:00+00:00,4327.09,4328.51,4326.91,4327.08,110,17,0
2026-09-16 07:03:00+00:00,4327.05,4327.53,4326.69,4327.25,84,17,0
2026-09-16 07:04:00+00:00,4327.28,4328.35,4327.28,4327.82,107,17,0
2026-09-16 07:05:00+00:00,4327.79,4327.89,4325.88,4326.71,126,17,0
2026-09-16 07:06:00+00:00,4326.73,4327.05,4326.3,4326.96,81,17,0
2026-09-16 07:07:00+00:00,4326.97,4327.12,4326.46,4326.9,98,15,0
2026-09-16 07:08:00+00:00,4327.08,4327.24,4326.47,4326.59,95,15,0
2026-09-16 07:09:00+00:00,4326.57,4327.04,4325.78,4326.48,82,14,0
2026-09-16 07:10:00+00:00,4326.52,4327.42,4326.17,4327.13,111,17,0
2026-09-16 07:11:00+00:00,4327.14,4327.65,4326.76,4327.64,99,14,0
2026-09-16 07:12:00+00:00,4327.65,4327.88,4326.88,4327.15,78,14,0
2026-09-16 07:13:00+00:00,4327.16,4327.37,4326.93,4327.04,90,14,0
2026-09-16 07:14:00+00:00,4327.05,4327.06,4325.56,4326.97,117,14,0
2026-09-16 07:15:00+00:00,4326.93,4327.46,4326.5,4326.73,101,17,0
2026-09-16 07:16:00+00:00,4326.74,4326.95,4325.55,4326.3,90,14,0
2026-09-16 07:17:00+00:00,4326.33,4326.44,4325.61,4325.66,86,17,0
2026-09-16 07:18:00+00:00,4325.56,4325.56,4323.4,4324.22,126,17,0
2026-09-16 07:19:00+00:00,4324.22,4324.36,4323.39,4323.82,94,17,0
2026-09-16 07:20:00+00:00,4323.83,4326.7,4323.83,4326.62,113,17,0
2026-09-16 07:21:00+00:00,4326.61,4326.78,4325.59,4326.75,112,17,0
2026-09-16 07:22:00+00:00,4326.7,4328.25,4326.68,4328.19,112,16,0
2026-09-16 07:23:00+00:00,4328.23,4328.5,4327.59,4327.67,85,11,0
2026-09-16 07:24:00+00:00,4327.7,4328.02,4326.74,4326.82,70,11,0
2026-09-16 07:25:00+00:00,4326.81,4327.09,4326.56,4326.92,84,11,0
2026-09-16 07:26:00+00:00,4326.87,4327.16,4326.66,4327.11,60,11,0
2026-09-16 07:27:00+00:00,4327.14,4327.15,4326.14,4326.42,74,11,0
2026-09-16 07:28:00+00:00,4326.46,4326.46,4325.94,4325.96,75,11,0
2026-09-16 07:29:00+00:00,4325.9,4326.5,4325.42,4325.77,87,11,0
2026-09-16 07:30:00+00:00,4325.75,4327.46,4325.42,4327.46,83,17,0
2026-09-16 07:31:00+00:00,4327.37,4327.7,4327.23,4327.7,73,16,0
2026-09-16 07:32:00+00:00,4327.68,4328.3,4327.13,4327.13,87,15,0
2026-09-16 07:33:00+00:00,4327.12,4327.2,4325.4,4325.53,92,17,0
2026-09-16 07:34:00+00:00,4325.54,4326.55,4325.02,4325.32,103,17,0
2026-09-16 07:35:00+00:00,4325.32,4325.72,4325.12,4325.42,89,17,0
2026-09-16 07:36:00+00:00,4325.45,4325.61,4324.84,4325.36,92,17,0
2026-09-16 07:37:00+00:00,4325.47,4326.06,4325.0,4325.93,79,14,0
2026-09-16 07:38:00+00:00,4325.88,4325.88,4325.25,4325.45,77,16,0
2026-09-16 07:39:00+00:00,4325.47,4326.01,4325.47,4326.01,65,12,0
2026-09-16 07:40:00+00:00,4326.0,4326.12,4325.7,4325.82,72,11,0
2026-09-16 07:41:00+00:00,4325.81,4325.97,4325.1,4325.34,88,12,0
2026-09-16 07:42:00+00:00,4325.36,4325.46,4325.05,4325.17,48,16,0
2026-09-16 07:43:00+00:00,4325.22,4325.3,4323.32,4323.46,85,16,0
2026-09-16 07:44:00+00:00,4323.29,4323.66,4322.97,4322.98,103,17,0
2026-09-16 07:45:00+00:00,4322.99,4323.11,4322.58,4323.05,95,17,0
2026-09-16 07:46:00+00:00,4323.04,4323.27,4322.93,4323.09,79,14,0
2026-09-16 07:47:00+00:00,4323.09,4323.49,4322.45,4322.88,80,12,0
2026-09-16 07:48:00+00:00,4322.9,4323.01,4321.28,4321.28,81,17,0
2026-09-16 07:49:00+00:00,4321.29,4322.04,4320.88,4321.2,91,17,0
2026-09-16 07:50:00+00:00,4321.26,4322.06,4321.22,4321.77,80,17,0
2026-09-16 07:51:00+00:00,4321.8,4322.0,4320.97,4321.25,87,17,0
2026-09-16 07:52:00+00:00,4321.24,4322.07,4320.67,4321.82,104,17,0
2026-09-16 07:53:00+00:00,4321.85,4322.02,4321.28,4321.77,70,17,0
2026-09-16 07:54:00+00:00,4321.72,4321.82,4321.01,4321.54,61,16,0
2026-09-16 07:55:00+00:00,4321.54,4321.83,4320.8,4321.79,93,16,0
2026-09-16 07:56:00+00:00,4321.82,4322.1,4321.22,4321.24,85,14,0
2026-09-16 07:57:00+00:00,4321.21,4321.94,4321.19,4321.94,68,17,0
2026-09-16 07:58:00+00:00,4322.06,4322.46,4322.02,4322.23,85,15,0
2026-09-16 07:59:00+00:00,4322.23,4322.23,4321.8,4321.95,83,11,0
2026-09-16 08:00:00+00:00,4321.95,4322.63,4320.83,4322.57,114,11,0
2026-09-16 08:01:00+00:00,4322.58,4322.78,4321.69,4321.69,107,17,0
2026-09-16 08:02:00+00:00,4321.77,4322.09,4321.38,4322.03,125,17,0
2026-09-16 08:03:00+00:00,4321.97,4322.16,4321.38,4322.06,90,17,0
2026-09-16 08:04:00+00:00,4322.1,4322.95,4321.88,4322.95,80,11,0
2026-09-16 08:05:00+00:00,4323.04,4323.41,4322.61,4323.32,112,17,0
2026-09-16 08:06:00+00:00,4323.24,4324.43,4322.72,4322.72,113,17,0
2026-09-16 08:07:00+00:00,4322.78,4323.89,4322.46,4323.83,108,17,0
2026-09-16 08:08:00+00:00,4323.84,4323.98,4322.44,4323.22,109,17,0
2026-09-16 08:09:00+00:00,4323.24,4324.29,4322.78,4323.6,116,17,0
2026-09-16 08:10:00+00:00,4323.58,4324.33,4321.29,4321.69,120,17,0
2026-09-16 08:11:00+00:00,4321.63,4322.39,4321.2,4321.72,96,17,0
2026-09-16 08:12:00+00:00,4321.73,4322.79,4321.67,4322.6,83,17,0
2026-09-16 08:13:00+00:00,4322.59,4324.49,4322.45,4324.27,92,17,0
2026-09-16 08:14:00+00:00,4324.16,4324.47,4321.33,4321.67,107,17,0
2026-09-16 08:15:00+00:00,4321.66,4323.57,4321.6,4323.53,84,17,0
2026-09-16 08:16:00+00:00,4323.63,4323.64,4323.04,4323.29,65,16,0
2026-09-16 08:17:00+00:00,4323.22,4324.3,4323.22,4323.68,90,16,0
2026-09-16 08:18:00+00:00,4323.69,4325.08,4323.68,4324.6,116,17,0
2026-09-16 08:19:00+00:00,4324.55,4325.85,4324.55,4325.85,95,17,0
2026-09-16 08:20:00+00:00,4325.86,4326.28,4324.65,4324.7,103,17,0
2026-09-16 08:21:00+00:00,4324.74,4325.42,4324.25,4324.77,95,17,0
2026-09-16 08:22:00+00:00,4324.83,4324.95,4323.9,4323.96,95,17,0
2026-09-16 08:23:00+00:00,4323.95,4324.67,4323.88,4324.22,94,15,0
2026-09-16 08:24:00+00:00,4324.21,4324.91,4323.3,4323.67,94,15,0
2026-09-16 08:25:00+00:00,4323.69,4326.68,4323.54,4325.88,108,16,0
2026-09-16 08:26:00+00:00,4325.73,4326.85,4324.88,4325.57,100,17,0
2026-09-16 08:27:00+00:00,4325.54,4326.92,4325.4,4326.52,111,17,0
2026-09-16 08:28:00+00:00,4326.53,4326.53,4324.26,4324.45,112,17,0
2026-09-16 08:29:00+00:00,4324.44,4325.45,4324.31,4324.97,105,15,0
2026-09-16 08:30:00+00:00,4325.16,4327.7,4324.42,4325.7,217,15,0
2026-09-16 08:31:00+00:00,4325.69,4327.24,4324.95,4326.31,156,17,0
2026-09-16 08:32:00+00:00,4326.36,4327.42,4325.78,4327.15,166,17,0
2026-09-16 08:33:00+00:00,4327.31,4329.21,4327.09,4328.34,168,17,0
2026-09-16 08:34:00+00:00,4328.24,4328.71,4326.76,4328.54,152,17,0
2026-09-16 08:35:00+00:00,4328.45,4329.15,4327.57,4329.03,141,17,0
2026-09-16 08:36:00+00:00,4329.06,4329.07,4327.18,4327.18,134,17,0
2026-09-16 08:37:00+00:00,4327.16,4328.91,4326.78,4328.82,145,17,0
2026-09-16 08:38:00+00:00,4328.81,4330.81,4328.65,4329.9,159,17,0
2026-09-16 08:39:00+00:00,4329.91,4330.66,4328.53,4328.79,151,17,0
2026-09-16 08:40:00+00:00,4328.82,4330.35,4328.26,4329.93,149,17,0
2026-09-16 08:41:00+00:00,4329.92,4330.06,4328.55,4329.08,148,17,0
2026-09-16 08:42:00+00:00,4329.09,4331.19,4328.29,4331.1,136,17,0
2026-09-16 08:43:00+00:00,4331.09,4331.09,4329.42,4330.12,146,17,0
2026-09-16 08:44:00+00:00,4330.13,4332.92,4329.87,4332.82,154,17,0
2026-09-16 08:45:00+00:00,4332.84,4333.68,4331.98,4332.69,170,17,0
2026-09-16 08:46:00+00:00,4332.66,4333.06,4332.12,4332.73,148,15,0
2026-09-16 08:47:00+00:00,4332.72,4332.8,4330.41,4330.52,150,14,0
2026-09-16 08:48:00+00:00,4330.54,4330.58,4328.86,4328.87,143,15,0
2026-09-16 08:49:00+00:00,4328.91,4329.76,4328.0,4329.07,145,17,0
2026-09-16 08:50:00+00:00,4329.17,4329.77,4329.1,4329.43,132,16,0
2026-09-16 08:51:00+00:00,4329.52,4331.6,4329.52,4330.76,136,15,0
2026-09-16 08:52:00+00:00,4330.76,4332.23,4330.48,4331.52,130,15,0
2026-09-16 08:53:00+00:00,4331.53,4331.89,4329.82,4329.82,135,16,0
2026-09-16 08:54:00+00:00,4329.77,4331.05,4329.64,4329.78,136,17,0
2026-09-16 08:55:00+00:00,4329.75,4330.45,4328.81,4330.44,169,17,0
2026-09-16 08:56:00+00:00,4330.45,4331.13,4329.86,4330.63,144,17,0
2026-09-16 08:57:00+00:00,4330.58,4330.74,4329.43,4329.55,126,17,0
2026-09-16 08:58:00+00:00,4329.62,4329.81,4327.99,4328.31,132,16,0
2026-09-16 08:59:00+00:00,4328.15,4328.15,4326.51,4326.51,129,13,0
2026-09-16 09:00:00+00:00,4326.51,4332.07,4326.51,4330.2,188,9,0
2026-09-16 09:01:00+00:00,4330.19,4330.63,4327.76,4328.64,177,14,0
2026-09-16 09:02:00+00:00,4328.67,4328.69,4326.07,4326.19,177,14,0
2026-09-16 09:03:00+00:00,4326.33,4326.33,4323.98,4324.4,173,11,0
2026-09-16 09:04:00+00:00,4324.38,4324.38,4322.19,4322.55,170,12,0
2026-09-16 09:05:00+00:00,4322.56,4323.61,4322.39,4323.07,171,13,0
2026-09-16 09:06:00+00:00,4323.06,4323.28,4321.6,4322.62,156,10,0
2026-09-16 09:07:00+00:00,4322.63,4322.99,4321.78,4322.32,166,9,0
2026-09-16 09:08:00+00:00,4322.76,4325.1,4322.76,4323.94,166,11,0
2026-09-16 09:09:00+00:00,4324.14,4324.5,4323.44,4324.43,145,8,0
2026-09-16 09:10:00+00:00,4324.44,4326.16,4324.17,4326.04,152,9,0
2026-09-16 09:11:00+00:00,4326.02,4326.02,4324.28,4325.69,155,9,0
2026-09-16 09:12:00+00:00,4325.85,4327.47,4325.8,4327.43,141,8,0
2026-09-16 09:13:00+00:00,4327.41,4327.42,4325.82,4327.12,144,8,0
2026-09-16 09:14:00+00:00,4327.14,4327.45,4325.7,4325.86,145,8,0
2026-09-16 09:15:00+00:00,4325.83,4326.03,4325.17,4325.17,143,10,0
2026-09-16 09:16:00+00:00,4325.15,4326.56,4325.13,4326.38,145,11,0
2026-09-16 09:17:00+00:00,4326.29,4326.96,4324.96,4325.44,150,10,0
2026-09-16 09:18:00+00:00,4325.42,4326.62,4325.09,4326.46,137,9,0
2026-09-16 09:19:00+00:00,4326.4,4327.28,4325.33,4327.19,148,11,0
2026-09-16 09:20:00+00:00,4327.24,4327.91,4327.03,4327.4,120,11,0
2026-09-16 09:21:00+00:00,4327.55,4328.76,4326.72,4327.63,155,9,0
2026-09-16 09:22:00+00:00,4327.63,4330.2,4327.63,4329.26,168,14,0
2026-09-16 09:23:00+00:00,4329.28,4330.21,4327.28,4328.45,152,14,0
2026-09-16 09:24:00+00:00,4328.41,4328.57,4327.79,4328.12,125,9,0
2026-09-16 09:25:00+00:00,4328.05,4328.06,4326.54,4326.9,144,8,0
2026-09-16 09:26:00+00:00,4326.87,4327.82,4326.86,4327.2,106,8,0
2026-09-16 09:27:00+00:00,4327.21,4327.23,4325.85,4326.06,136,8,0
2026-09-16 09:28:00+00:00,4326.05,4326.32,4325.61,4326.07,107,8,0
2026-09-16 09:29:00+00:00,4326.06,4327.1,4325.89,4327.01,123,8,0
2026-09-16 09:30:00+00:00,4326.92,4327.37,4325.99,4326.33,167,10,0
2026-09-16 09:31:00+00:00,4326.31,4327.35,4325.16,4325.39,139,12,0
2026-09-16 09:32:00+00:00,4325.37,4326.12,4324.7,4325.98,126,11,0
2026-09-16 09:33:00+00:00,4326.15,4326.19,4325.31,4325.75,126,9,0
2026-09-16 09:34:00+00:00,4325.74,4326.07,4324.84,4324.92,130,8,0
2026-09-16 09:35:00+00:00,4324.89,4325.94,4323.8,4325.18,151,13,0
2026-09-16 09:36:00+00:00,4325.17,4325.82,4324.48,4324.66,138,14,0
2026-09-16 09:37:00+00:00,4324.69,4326.16,4324.23,4325.7,131,14,0
2026-09-16 09:38:00+00:00,4325.69,4326.92,4325.32,4326.46,127,9,0
2026-09-16 09:39:00+00:00,4326.42,4326.42,4325.05,4325.73,121,8,0
2026-09-16 09:40:00+00:00,4325.71,4326.17,4325.1,4325.97,125,10,0
2026-09-16 09:41:00+00:00,4325.98,4326.5,4325.44,4325.84,124,8,0
2026-09-16 09:42:00+00:00,4325.84,4325.84,4324.59,4325.2,112,10,0
2026-09-16 09:43:00+00:00,4325.13,4327.15,4324.7,4326.71,123,8,0
2026-09-16 09:44:00+00:00,4326.83,4328.29,4326.83,4328.07,111,8,0
2026-09-16 09:45:00+00:00,4327.97,4328.31,4327.45,4327.74,126,8,0
2026-09-16 09:46:00+00:00,4327.67,4327.86,4326.35,4327.31,116,8,0
2026-09-16 09:47:00+00:00,4327.29,4327.56,4326.21,4326.26,117,8,0
2026-09-16 09:48:00+00:00,4326.24,4327.8,4325.38,4327.7,148,14,0
2026-09-16 09:49:00+00:00,4327.66,4328.11,4327.36,4327.91,125,13,0
2026-09-16 09:50:00+00:00,4328.01,4328.01,4326.79,4326.79,131,8,0
2026-09-16 09:51:00+00:00,4326.89,4329.68,4326.89,4329.68,141,8,0
2026-09-16 09:52:00+00:00,4329.72,4330.76,4328.77,4328.77,148,11,0
2026-09-16 09:53:00+00:00,4328.72,4329.72,4328.25,4328.25,146,8,0
2026-09-16 09:54:00+00:00,4328.23,4328.63,4327.29,4328.2,141,8,0
2026-09-16 09:55:00+00:00,4328.18,4329.85,4328.18,4329.7,132,10,0
2026-09-16 09:56:00+00:00,4329.66,4330.84,4329.58,4329.86,149,8,0
2026-09-16 09:57:00+00:00,4329.84,4330.92,4329.69,4330.73,138,8,0
2026-09-16 09:58:00+00:00,4330.86,4331.93,4330.86,4331.54,158,8,0
2026-09-16 09:59:00+00:00,4331.63,4333.12,4331.52,4332.95,160,8,0
2026-09-16 10:00:00+00:00,4332.96,4334.91,4332.1,4333.86,202,8,0
2026-09-16 10:01:00+00:00,4333.83,4334.26,4332.87,4333.32,171,14,0
2026-09-16 10:02:00+00:00,4333.34,4333.73,4332.78,4333.7,154,11,0
2026-09-16 10:03:00+00:00,4333.71,4335.85,4333.7,4335.66,167,11,0
2026-09-16 10:04:00+00:00,4335.6,4335.66,4334.57,4334.72,131,8,0
2026-09-16 10:05:00+00:00,4334.63,4334.63,4332.4,4332.82,131,8,0
2026-09-16 10:06:00+00:00,4332.75,4332.89,4330.12,4332.21,190,10,0
2026-09-16 10:07:00+00:00,4332.28,4334.2,4332.28,4333.42,151,14,0
2026-09-16 10:08:00+00:00,4333.6,4334.21,4332.79,4333.52,175,10,0
2026-09-16 10:09:00+00:00,4333.51,4334.25,4333.02,4333.4,144,10,0
2026-09-16 10:10:00+00:00,4333.32,4333.66,4331.93,4332.57,146,9,0
2026-09-16 10:11:00+00:00,4332.56,4333.13,4331.65,4332.08,159,12,0
2026-09-16 10:12:00+00:00,4332.09,4332.92,4332.09,4332.25,147,9,0
2026-09-16 10:13:00+00:00,4332.18,4332.79,4331.57,4332.26,143,9,0
2026-09-16 10:14:00+00:00,4332.24,4335.53,4331.59,4335.46,156,14,0
2026-09-16 10:15:00+00:00,4335.43,4336.16,4334.71,4334.73,141,14,0
2026-09-16 10:16:00+00:00,4334.74,4335.68,4333.91,4335.1,144,14,0
2026-09-16 10:17:00+00:00,4335.05,4337.26,4335.05,4337.09,134,10,0
2026-09-16 10:18:00+00:00,4337.0,4337.59,4333.92,4334.07,164,8,0
2026-09-16 10:19:00+00:00,4334.03,4334.98,4333.12,4333.14,132,14,0
2026-09-16 10:20:00+00:00,4333.11,4333.61,4332.32,4333.55,130,12,0
2026-09-16 10:21:00+00:00,4333.56,4333.66,4332.46,4332.67,118,9,0
2026-09-16 10:22:00+00:00,4332.64,4334.2,4332.19,4333.93,114,8,0
2026-09-16 10:23:00+00:00,4333.88,4336.35,4333.87,4335.38,139,8,0
2026-09-16 10:24:00+00:00,4335.35,4335.35,4334.34,4334.6,130,8,0
2026-09-16 10:25:00+00:00,4334.29,4334.65,4333.63,4334.49,121,8,0
2026-09-16 10:26:00+00:00,4334.52,4334.65,4332.81,4333.27,129,8,0
2026-09-16 10:27:00+00:00,4333.24,4334.47,4333.19,4333.67,120,8,0
2026-09-16 10:28:00+00:00,4333.77,4335.65,4333.7,4335.64,109,8,0
2026-09-16 10:29:00+00:00,4335.61,4336.07,4334.96,4335.65,127,8,0
2026-09-16 10:30:00+00:00,4335.74,4337.14,4334.91,4336.25,168,9,0
2026-09-16 10:31:00+00:00,4336.21,4336.29,4335.12,4335.59,147,14,0
2026-09-16 10:32:00+00:00,4335.57,4336.14,4334.26,4334.26,130,10,0
2026-09-16 10:33:00+00:00,4334.19,4335.06,4333.69,4335.06,138,9,0
2026-09-16 10:34:00+00:00,4334.96,4335.77,4334.95,4335.65,135,9,0
2026-09-16 10:35:00+00:00,4335.61,4337.6,4335.61,4337.57,133,10,0
2026-09-16 10:36:00+00:00,4337.56,4338.67,4337.05,4338.57,126,10,0
2026-09-16 10:37:00+00:00,4338.73,4338.78,4337.41,4337.76,117,8,0
2026-09-16 10:38:00+00:00,4337.78,4338.33,4337.16,4337.93,127,8,0
2026-09-16 10:39:00+00:00,4337.95,4338.47,4337.53,4338.19,119,8,0
2026-09-16 10:40:00+00:00,4338.33,4339.1,4337.49,4337.7,101,8,0
2026-09-16 10:41:00+00:00,4337.69,4337.69,4336.36,4336.61,132,13,0
2026-09-16 10:42:00+00:00,4336.61,4336.79,4334.62,4336.2,120,12,0
2026-09-16 10:43:00+00:00,4336.21,4337.08,4335.29,4336.8,130,14,0
2026-09-16 10:44:00+00:00,4336.77,4337.26,4336.2,4336.23,127,11,0
2026-09-16 10:45:00+00:00,4336.73,4337.15,4336.08,4336.13,123,11,0
2026-09-16 10:46:00+00:00,4336.11,4336.79,4335.85,4336.64,126,8,0
2026-09-16 10:47:00+00:00,4336.69,4338.11,4336.48,4336.48,140,9,0
2026-09-16 10:48:00+00:00,4336.03,4336.03,4334.12,4335.04,131,14,0
2026-09-16 10:49:00+00:00,4335.06,4335.17,4334.03,4334.05,122,9,0
2026-09-16 10:50:00+00:00,4334.07,4334.47,4332.68,4332.76,146,8,0
2026-09-16 10:51:00+00:00,4332.77,4332.86,4331.57,4331.91,132,8,0
2026-09-16 10:52:00+00:00,4331.93,4332.9,4331.09,4331.09,134,8,0
2026-09-16 10:53:00+00:00,4331.07,4331.27,4330.02,4330.22,130,14,0
2026-09-16 10:54:00+00:00,4330.24,4330.34,4329.26,4329.29,134,8,0
2026-09-16 10:55:00+00:00,4329.3,4330.46,4329.3,4330.08,109,8,0
2026-09-16 10:56:00+00:00,4330.13,4330.67,4330.0,4330.5,111,8,0
2026-09-16 10:57:00+00:00,4330.38,4330.41,4329.56,4330.07,99,8,0
2026-09-16 10:58:00+00:00,4330.06,4330.06,4328.73,4328.8,148,8,0
2026-09-16 10:59:00+00:00,4328.79,4329.84,4328.52,4329.35,132,8,0
2026-09-16 11:00:00+00:00,4329.28,4329.61,4327.06,4327.06,183,9,0
2026-09-16 11:01:00+00:00,4326.74,4328.13,4325.44,4328.06,182,14,0
2026-09-16 11:02:00+00:00,4328.03,4328.77,4327.11,4327.24,155,14,0
2026-09-16 11:03:00+00:00,4327.25,4327.47,4325.0,4327.18,159,14,0
2026-09-16 11:04:00+00:00,4327.21,4327.51,4325.95,4326.03,148,9,0
2026-09-16 11:05:00+00:00,4326.15,4326.44,4325.48,4325.97,139,8,0
2026-09-16 11:06:00+00:00,4326.04,4326.04,4324.13,4325.01,153,9,0
2026-09-16 11:07:00+00:00,4325.02,4326.01,4324.75,4325.07,122,8,0
2026-09-16 11:08:00+00:00,4325.1,4325.75,4324.42,4324.77,150,8,0
2026-09-16 11:09:00+00:00,4324.8,4325.27,4323.95,4325.09,126,8,0
2026-09-16 11:10:00+00:00,4325.06,4325.64,4324.09,4325.03,129,8,0
2026-09-16 11:11:00+00:00,4325.04,4325.73,4323.08,4325.73,136,9,0
2026-09-16 11:12:00+00:00,4325.7,4326.34,4324.94,4325.07,130,14,0
2026-09-16 11:13:00+00:00,4325.08,4327.64,4324.83,4327.54,120,11,0
2026-09-16 11:14:00+00:00,4327.52,4327.96,4326.85,4327.51,124,8,0
2026-09-16 11:15:00+00:00,4327.51,4328.18,4326.7,4327.29,133,10,0
2026-09-16 11:16:00+00:00,4327.37,4330.48,4327.22,4330.27,137,11,0
2026-09-16 11:17:00+00:00,4330.28,4331.79,4330.28,4331.71,143,11,0
2026-09-16 11:18:00+00:00,4331.72,4333.73,4331.7,4332.47,155,10,0
2026-09-16 11:19:00+00:00,4332.52,4334.68,4329.81,4332.49,191,14,0
2026-09-16 11:20:00+00:00,4332.43,4334.92,4331.17,4332.85,168,14,0
2026-09-16 11:21:00+00:00,4332.98,4336.76,4332.63,4334.6,197,14,0
2026-09-16 11:22:00+00:00,4334.58,4337.7,4334.25,4336.62,184,14,0
2026-09-16 11:23:00+00:00,4336.7,4336.7,4334.54,4334.56,158,13,0
2026-09-16 11:24:00+00:00,4334.89,4335.63,4334.67,4334.83,133,10,0
2026-09-16 11:25:00+00:00,4334.82,4335.17,4333.94,4334.11,140,10,0
2026-09-16 11:26:00+00:00,4334.5,4334.57,4333.29,4333.96,122,10,0
2026-09-16 11:27:00+00:00,4333.95,4334.51,4333.55,4333.77,143,10,0
2026-09-16 11:28:00+00:00,4333.75,4333.84,4333.15,4333.48,128,9,0
2026-09-16 11:29:00+00:00,4333.44,4334.47,4333.16,4334.12,174,9,0
2026-09-16 11:30:00+00:00,4334.11,4334.31,4329.79,4330.28,171,10,0
2026-09-16 11:31:00+00:00,4330.32,4330.32,4329.09,4330.03,162,12,0
2026-09-16 11:32:00+00:00,4329.99,4330.52,4329.55,4329.87,131,11,0
2026-09-16 11:33:00+00:00,4329.79,4329.87,4328.3,4328.32,107,10,0
2026-09-16 11:34:00+00:00,4328.48,4328.69,4326.48,4328.53,154,10,0
2026-09-16 11:35:00+00:00,4328.58,4329.54,4327.57,4327.82,135,12,0
2026-09-16 11:36:00+00:00,4327.86,4328.06,4326.69,4326.95,155,13,0
2026-09-16 11:37:00+00:00,4326.89,4327.32,4325.78,4326.03,134,11,0
2026-09-16 11:38:00+00:00,4326.1,4326.22,4324.66,4324.66,114,10,0
2026-09-16 11:39:00+00:00,4324.67,4325.35,4324.39,4324.89,128,10,0
2026-09-16 11:40:00+00:00,4324.94,4325.09,4323.84,4323.98,134,11,0
2026-09-16 11:41:00+00:00,4324.06,4325.21,4324.06,4324.85,133,11,0
2026-09-16 11:42:00+00:00,4324.86,4325.24,4324.43,4325.18,120,11,0
2026-09-16 11:43:00+00:00,4325.15,4328.86,4325.15,4327.68,155,13,0
2026-09-16 11:44:00+00:00,4327.68,4328.56,4327.41,4328.35,116,12,0
2026-09-16 11:45:00+00:00,4328.36,4328.93,4328.06,4328.16,128,12,0
2026-09-16 11:46:00+00:00,4328.17,4328.55,4327.48,4328.12,131,12,0
2026-09-16 11:47:00+00:00,4328.09,4328.55,4327.11,4327.17,137,12,0
2026-09-16 11:48:00+00:00,4327.49,4328.69,4327.45,4328.24,133,13,0
2026-09-16 11:49:00+00:00,4328.12,4328.99,4327.1,4327.1,116,14,0
2026-09-16 11:50:00+00:00,4327.04,4327.04,4325.42,4326.54,142,14,0
2026-09-16 11:51:00+00:00,4326.49,4326.75,4324.92,4326.74,142,14,0
2026-09-16 11:52:00+00:00,4326.76,4328.96,4326.72,4328.74,123,14,0
2026-09-16 11:53:00+00:00,4328.7,4329.24,4328.07,4329.04,138,14,0
2026-09-16 11:54:00+00:00,4329.08,4330.12,4329.06,4329.06,111,13,0
2026-09-16 11:55:00+00:00,4328.98,4329.5,4328.8,4329.4,122,11,0
2026-09-16 11:56:00+00:00,4329.41,4330.19,4329.35,4329.51,128,10,0
2026-09-16 11:57:00+00:00,4329.5,4331.3,4329.5,4330.57,107,12,0
2026-09-16 11:58:00+00:00,4330.45,4330.53,4329.08,4330.2,128,12,0
2026-09-16 11:59:00+00:00,4330.1,4330.45,4329.7,4330.4,86,11,0
2026-09-16 12:00:00+00:00,4330.28,4331.07,4329.84,4330.81,131,11,0
2026-09-16 12:01:00+00:00,4330.8,4332.21,4330.23,4332.07,119,9,0
2026-09-16 12:02:00+00:00,4332.04,4332.37,4330.13,4330.96,148,11,0
2026-09-16 12:03:00+00:00,4331.05,4331.18,4330.73,4331.01,105,9,0
2026-09-16 12:04:00+00:00,4331.0,4331.0,4329.72,4330.55,131,9,0
2026-09-16 12:05:00+00:00,4330.72,4331.39,4330.39,4330.42,115,11,0
2026-09-16 12:06:00+00:00,4330.41,4332.47,4330.41,4331.86,140,11,0
2026-09-16 12:07:00+00:00,4331.9,4331.92,4330.43,4330.95,123,13,0
2026-09-16 12:08:00+00:00,4331.03,4331.03,4329.87,4330.79,117,12,0
2026-09-16 12:09:00+00:00,4330.8,4331.64,4330.56,4331.45,122,12,0
2026-09-16 12:10:00+00:00,4331.48,4331.98,4330.77,4331.64,127,10,0
2026-09-16 12:11:00+00:00,4331.61,4332.56,4331.19,4331.97,119,12,0
2026-09-16 12:12:00+00:00,4331.96,4332.31,4331.61,4331.71,101,9,0
2026-09-16 12:13:00+00:00,4331.66,4332.15,4331.54,4331.64,111,8,0
2026-09-16 12:14:00+00:00,4331.66,4332.23,4331.64,4332.12,135,8,0
2026-09-16 12:15:00+00:00,4332.14,4332.63,4332.14,4332.61,120,8,0
2026-09-16 12:16:00+00:00,4332.69,4333.98,4332.18,4332.31,126,8,0
2026-09-16 12:17:00+00:00,4332.3,4332.4,4331.15,4331.6,116,14,0
2026-09-16 12:18:00+00:00,4331.54,4331.55,4329.92,4330.26,115,14,0
2026-09-16 12:19:00+00:00,4330.26,4330.71,4329.33,4330.41,116,9,0
2026-09-16 12:20:00+00:00,4330.3,4330.57,4329.34,4329.94,126,14,0
2026-09-16 12:21:00+00:00,4329.87,4330.9,4329.83,4330.04,115,10,0
2026-09-16 12:22:00+00:00,4330.3,4330.33,4328.37,4329.03,129,11,0
2026-09-16 12:23:00+00:00,4329.06,4330.09,4328.02,4328.21,134,11,0
2026-09-16 12:24:00+00:00,4328.19,4328.89,4327.6,4327.87,104,8,0
2026-09-16 12:25:00+00:00,4327.86,4331.28,4327.78,4331.0,176,8,0
2026-09-16 12:26:00+00:00,4331.06,4333.69,4331.03,4331.63,206,14,0
2026-09-16 12:27:00+00:00,4331.62,4333.63,4330.89,4331.43,193,14,0
2026-09-16 12:28:00+00:00,4331.5,4331.53,4329.67,4331.24,170,14,0
2026-09-16 12:29:00+00:00,4331.25,4331.3,4329.2,4329.75,115,12,0
2026-09-16 12:30:00+00:00,4329.73,4333.13,4329.66,4332.95,144,13,0
2026-09-16 12:31:00+00:00,4332.96,4334.04,4332.11,4333.84,144,14,0
2026-09-16 12:32:00+00:00,4333.58,4334.8,4332.94,4334.8,171,11,0
2026-09-16 12:33:00+00:00,4334.58,4335.3,4332.93,4334.15,154,12,0
2026-09-16 12:34:00+00:00,4334.15,4334.58,4333.61,4333.91,133,12,0
2026-09-16 12:35:00+00:00,4333.97,4335.47,4333.79,4335.44,148,11,0
2026-09-16 12:36:00+00:00,4335.42,4336.03,4333.65,4333.94,143,11,0
2026-09-16 12:37:00+00:00,4333.97,4334.67,4333.74,4334.45,136,10,0
2026-09-16 12:38:00+00:00,4334.33,4335.53,4333.51,4333.51,134,10,0
2026-09-16 12:39:00+00:00,4333.12,4335.19,4332.86,4334.85,146,12,0
2026-09-16 12:40:00+00:00,4334.89,4336.15,4334.13,4334.51,155,11,0
2026-09-16 12:41:00+00:00,4334.5,4335.4,4334.41,4334.41,140,11,0
2026-09-16 12:42:00+00:00,4334.45,4336.3,4334.44,4335.55,136,11,0
2026-09-16 12:43:00+00:00,4335.54,4336.94,4335.54,4336.93,125,11,0
2026-09-16 12:44:00+00:00,4336.88,4337.47,4334.98,4335.09,144,11,0
2026-09-16 12:45:00+00:00,4335.18,4335.66,4333.8,4334.16,144,10,0
2026-09-16 12:46:00+00:00,4334.17,4334.19,4332.62,4332.65,127,11,0
2026-09-16 12:47:00+00:00,4332.6,4332.72,4331.43,4332.22,131,9,0
2026-09-16 12:48:00+00:00,4332.37,4333.52,4331.77,4333.48,133,12,0
2026-09-16 12:49:00+00:00,4333.47,4335.23,4333.4,4334.65,123,11,0
2026-09-16 12:50:00+00:00,4334.91,4335.2,4334.4,4334.75,110,11,0
2026-09-16 12:51:00+00:00,4334.78,4335.34,4334.58,4334.75,94,8,0
2026-09-16 12:52:00+00:00,4334.76,4335.25,4334.73,4335.2,85,8,0
2026-09-16 12:53:00+00:00,4335.15,4335.9,4334.9,4335.46,113,8,0
2026-09-16 12:54:00+00:00,4335.49,4335.92,4334.91,4335.62,109,11,0
2026-09-16 12:55:00+00:00,4335.61,4336.38,4335.38,4336.1,106,10,0
2026-09-16 12:56:00+00:00,4336.03,4337.55,4335.1,4337.55,126,11,0
2026-09-16 12:57:00+00:00,4337.53,4339.3,4337.51,4338.88,125,14,0
2026-09-16 12:58:00+00:00,4338.95,4339.1,4338.41,4339.02,124,14,0
2026-09-16 12:59:00+00:00,4338.78,4339.31,4337.65,4338.23,136,13,0
2026-09-16 13:00:00+00:00,4338.24,4339.51,4338.23,4338.98,145,14,0
2026-09-16 13:01:00+00:00,4338.98,4340.42,4338.11,4340.24,138,12,0
2026-09-16 13:02:00+00:00,4340.11,4341.04,4338.64,4340.79,134,14,0
2026-09-16 13:03:00+00:00,4340.7,4341.83,4340.64,4341.72,128,14,0
2026-09-16 13:04:00+00:00,4341.67,4341.86,4338.89,4338.89,143,12,0
2026-09-16 13:05:00+00:00,4338.98,4340.98,4338.91,4339.16,166,13,0
2026-09-16 13:06:00+00:00,4339.09,4339.84,4337.7,4339.45,146,14,0
2026-09-16 13:07:00+00:00,4339.48,4340.06,4338.83,4339.81,152,14,0
2026-09-16 13:08:00+00:00,4339.83,4342.86,4339.44,4342.82,150,11,0
2026-09-16 13:09:00+00:00,4342.72,4345.69,4342.68,4345.13,176,12,0
2026-09-16 13:10:00+00:00,4345.18,4348.48,4345.18,4346.92,174,14,0
2026-09-16 13:11:00+00:00,4346.93,4349.06,4346.02,4347.33,183,14,0
2026-09-16 13:12:00+00:00,4347.44,4348.79,4345.08,4345.14,171,14,0
2026-09-16 13:13:00+00:00,4345.17,4345.21,4341.69,4342.75,151,13,0
2026-09-16 13:14:00+00:00,4342.74,4343.36,4342.27,4342.9,144,10,0
2026-09-16 13:15:00+00:00,4342.85,4344.3,4342.85,4343.59,145,9,0
2026-09-16 13:16:00+00:00,4343.5,4343.5,4342.21,4342.59,128,9,0
2026-09-16 13:17:00+00:00,4342.68,4343.06,4341.86,4341.96,126,10,0
2026-09-16 13:18:00+00:00,4341.9,4344.26,4341.9,4344.16,129,10,0
2026-09-16 13:19:00+00:00,4344.14,4344.32,4342.29,4343.06,132,13,0
2026-09-16 13:20:00+00:00,4342.95,4346.19,4342.79,4346.0,147,13,0
2026-09-16 13:21:00+00:00,4346.05,4346.05,4344.53,4344.87,105,9,0
2026-09-16 13:22:00+00:00,4344.88,4345.54,4343.92,4343.99,122,8,0
2026-09-16 13:23:00+00:00,4343.99,4344.16,4342.54,4342.58,126,8,0
2026-09-16 13:24:00+00:00,4342.55,4342.93,4341.88,4342.28,111,8,0
2026-09-16 13:25:00+00:00,4342.25,4342.68,4340.98,4342.32,122,8,0
2026-09-16 13:26:00+00:00,4342.37,4346.17,4342.37,4346.17,130,14,0
2026-09-16 13:27:00+00:00,4346.27,4348.77,4346.27,4348.25,157,14,0
2026-09-16 13:28:00+00:00,4348.35,4348.41,4346.5,4347.02,124,14,0
2026-09-16 13:29:00+00:00,4347.08,4348.3,4346.03,4348.05,133,14,0
2026-09-16 13:30:00+00:00,4348.24,4348.69,4345.9,4346.66,157,14,0
2026-09-16 13:31:00+00:00,4346.51,4348.01,4346.5,4347.97,134,10,0
2026-09-16 13:32:00+00:00,4347.96,4348.27,4347.15,4348.2,111,8,0
2026-09-16 13:33:00+00:00,4348.23,4348.36,4347.22,4347.69,123,8,0
2026-09-16 13:34:00+00:00,4347.67,4347.79,4346.37,4346.64,101,8,0
2026-09-16 13:35:00+00:00,4347.91,4348.05,4347.17,4347.29,90,8,0
2026-09-16 13:36:00+00:00,4347.3,4347.78,4346.76,4347.49,121,8,0
2026-09-16 13:37:00+00:00,4347.47,4349.47,4347.23,4348.55,132,9,0
2026-09-16 13:38:00+00:00,4348.54,4348.89,4347.58,4347.58,119,8,0
2026-09-16 13:39:00+00:00,4347.56,4347.91,4347.46,4347.79,94,8,0
2026-09-16 13:40:00+00:00,4347.81,4349.01,4347.79,4348.64,97,8,0
2026-09-16 13:41:00+00:00,4348.63,4348.63,4347.54,4348.1,113,8,0
2026-09-16 13:42:00+00:00,4348.08,4349.41,4347.88,4348.61,111,8,0
2026-09-16 13:43:00+00:00,4348.64,4348.99,4347.73,4348.6,124,12,0
2026-09-16 13:44:00+00:00,4348.58,4349.31,4348.56,4349.16,113,11,0
2026-09-16 13:45:00+00:00,4349.12,4349.52,4348.22,4349.29,114,10,0
2026-09-16 13:46:00+00:00,4349.22,4349.48,4347.97,4348.04,120,11,0
2026-09-16 13:47:00+00:00,4348.01,4349.07,4347.97,4348.9,87,9,0
2026-09-16 13:48:00+00:00,4348.92,4349.07,4348.4,4348.54,82,8,0
2026-09-16 13:49:00+00:00,4348.6,4348.96,4348.07,4348.85,107,10,0
2026-09-16 13:50:00+00:00,4348.92,4348.98,4347.61,4347.73,127,10,0
2026-09-16 13:51:00+00:00,4347.75,4347.78,4346.99,4347.49,107,11,0
2026-09-16 13:52:00+00:00,4347.53,4347.53,4346.64,4347.49,110,11,0
2026-09-16 13:53:00+00:00,4347.55,4347.55,4346.52,4346.52,102,10,0
2026-09-16 13:54:00+00:00,4346.6,4346.64,4345.59,4346.09,102,11,0
2026-09-16 13:55:00+00:00,4346.04,4346.38,4345.93,4346.17,94,11,0
2026-09-16 13:56:00+00:00,4346.21,4347.4,4346.21,4347.08,98,11,0
2026-09-16 13:57:00+00:00,4347.06,4348.23,4346.92,4348.06,106,11,0
2026-09-16 13:58:00+00:00,4348.15,4349.67,4348.1,4348.57,121,12,0
2026-09-16 13:59:00+00:00,4348.56,4349.15,4348.14,4348.3,125,13,0
2026-09-16 14:00:00+00:00,4350.83,4353.32,4349.37,4350.49,223,14,0
2026-09-16 14:01:00+00:00,4350.48,4351.04,4348.63,4349.25,200,14,0
2026-09-16 14:02:00+00:00,4349.3,4351.1,4349.03,4350.55,161,14,0
2026-09-16 14:03:00+00:00,4350.69,4350.76,4348.74,4349.63,175,14,0
2026-09-16 14:04:00+00:00,4349.69,4350.74,4348.76,4350.31,151,13,0
2026-09-16 14:05:00+00:00,4350.25,4351.08,4349.64,4349.94,152,12,0
2026-09-16 14:06:00+00:00,4349.94,4350.44,4349.05,4350.37,121,12,0
2026-09-16 14:07:00+00:00,4350.45,4351.25,4349.77,4350.88,140,12,0
2026-09-16 14:08:00+00:00,4351.03,4351.3,4348.95,4349.17,137,12,0
2026-09-16 14:09:00+00:00,4349.16,4350.85,4348.66,4349.9,150,12,0
2026-09-16 14:10:00+00:00,4349.74,4350.79,4349.39,4350.79,173,14,0
2026-09-16 14:11:00+00:00,4350.82,4350.9,4349.79,4350.38,148,13,0
2026-09-16 14:12:00+00:00,4350.32,4350.61,4349.07,4349.35,130,12,0
2026-09-16 14:13:00+00:00,4349.32,4349.33,4348.01,4348.45,133,12,0
2026-09-16 14:14:00+00:00,4348.51,4348.59,4347.01,4347.19,137,12,0
2026-09-16 14:15:00+00:00,4347.0,4348.14,4347.0,4347.65,138,11,0
2026-09-16 14:16:00+00:00,4347.61,4348.07,4347.34,4347.74,101,8,0
2026-09-16 14:17:00+00:00,4347.76,4348.18,4346.82,4347.92,120,8,0
2026-09-16 14:18:00+00:00,4347.99,4348.28,4346.69,4346.7,120,8,0
2026-09-16 14:19:00+00:00,4346.73,4348.34,4346.73,4347.84,110,9,0
2026-09-16 14:20:00+00:00,4347.81,4348.51,4347.46,4347.52,115,9,0
2026-09-16 14:21:00+00:00,4347.54,4347.78,4346.62,4347.02,128,11,0
2026-09-16 14:22:00+00:00,4346.97,4347.6,4346.73,4347.6,126,11,0
2026-09-16 14:23:00+00:00,4347.61,4348.4,4347.39,4348.37,126,12,0
2026-09-16 14:24:00+00:00,4348.44,4349.25,4348.37,4348.84,106,12,0
2026-09-16 14:25:00+00:00,4348.86,4349.78,4348.18,4349.73,132,12,0
2026-09-16 14:26:00+00:00,4349.67,4349.7,4348.99,4349.1,109,13,0
2026-09-16 14:27:00+00:00,4349.17,4349.73,4348.8,4349.7,129,12,0
2026-09-16 14:28:00+00:00,4349.67,4353.27,4348.89,4353.25,138,13,0
2026-09-16 14:29:00+00:00,4353.28,4353.44,4350.91,4350.91,137,14,0
2026-09-16 14:30:00+00:00,4350.83,4351.4,4349.87,4350.21,143,14,0
2026-09-16 14:31:00+00:00,4350.18,4350.18,4349.06,4349.65,138,12,0
2026-09-16 14:32:00+00:00,4349.68,4349.83,4348.99,4349.19,127,11,0
2026-09-16 14:33:00+00:00,4349.27,4351.68,4349.27,4351.05,148,11,0
2026-09-16 14:34:00+00:00,4351.08,4351.52,4350.93,4351.04,96,10,0
2026-09-16 14:35:00+00:00,4350.97,4351.03,4350.1,4350.14,133,10,0
2026-09-16 14:36:00+00:00,4350.17,4351.68,4350.17,4351.68,119,12,0
2026-09-16 14:37:00+00:00,4351.71,4353.27,4349.81,4349.83,147,14,0
2026-09-16 14:38:00+00:00,4349.85,4350.74,4348.77,4350.73,126,14,0
2026-09-16 14:39:00+00:00,4350.71,4351.59,4350.21,4350.83,132,14,0
2026-09-16 14:40:00+00:00,4350.84,4350.93,4347.3,4348.93,209,14,0
2026-09-16 14:41:00+00:00,4349.0,4350.18,4348.8,4348.94,163,14,0
2026-09-16 14:42:00+00:00,4349.04,4350.03,4348.28,4349.8,156,13,0
2026-09-16 14:43:00+00:00,4349.79,4350.96,4349.79,4350.96,116,8,0
2026-09-16 14:44:00+00:00,4350.97,4350.97,4349.62,4349.75,119,8,0
2026-09-16 14:45:00+00:00,4350.01,4350.84,4349.95,4350.17,119,8,0
2026-09-16 14:46:00+00:00,4350.15,4350.19,4349.48,4349.82,127,8,0
2026-09-16 14:47:00+00:00,4349.76,4349.92,4349.2,4349.3,99,8,0
2026-09-16 14:48:00+00:00,4349.29,4350.11,4347.58,4347.65,121,8,0
2026-09-16 14:49:00+00:00,4347.68,4347.82,4346.87,4347.4,117,13,0
2026-09-16 14:50:00+00:00,4347.34,4347.51,4345.66,4346.78,127,8,0
2026-09-16 14:51:00+00:00,4346.85,4347.68,4346.56,4347.59,131,8,0
2026-09-16 14:52:00+00:00,4347.56,4347.56,4346.8,4347.2,129,8,0
2026-09-16 14:53:00+00:00,4347.19,4347.19,4346.05,4346.62,108,8,0
2026-09-16 14:54:00+00:00,4346.63,4348.18,4346.62,4347.38,118,8,0
2026-09-16 14:55:00+00:00,4347.36,4348.4,4344.88,4344.88,155,10,0
2026-09-16 14:56:00+00:00,4344.82,4344.86,4343.61,4344.05,161,14,0
2026-09-16 14:57:00+00:00,4343.67,4344.17,4343.06,4343.06,129,13,0
2026-09-16 14:58:00+00:00,4343.12,4343.4,4342.5,4342.71,135,12,0
2026-09-16 14:59:00+00:00,4342.68,4342.69,4341.75,4341.86,115,9,0
2026-09-16 15:00:00+00:00,4341.84,4342.44,4341.33,4341.33,155,9,0
2026-09-16 15:01:00+00:00,4341.34,4342.43,4340.81,4341.35,160,9,0
2026-09-16 15:02:00+00:00,4341.54,4342.68,4340.67,4342.52,162,14,0
2026-09-16 15:03:00+00:00,4342.54,4342.74,4341.75,4342.41,124,11,0
2026-09-16 15:04:00+00:00,4342.4,4343.8,4342.14,4343.15,156,8,0
2026-09-16 15:05:00+00:00,4343.18,4344.04,4342.31,4343.48,153,13,0
2026-09-16 15:06:00+00:00,4343.45,4347.49,4343.45,4347.07,165,14,0
2026-09-16 15:07:00+00:00,4347.14,4348.04,4346.48,4347.78,160,14,0
2026-09-16 15:08:00+00:00,4347.81,4348.27,4346.77,4347.32,162,8,0
2026-09-16 15:09:00+00:00,4347.09,4347.99,4346.52,4347.99,143,8,0
2026-09-16 15:10:00+00:00,4347.98,4347.98,4344.56,4345.33,140,10,0
2026-09-16 15:11:00+00:00,4345.25,4345.77,4344.25,4345.69,147,14,0
2026-09-16 15:12:00+00:00,4345.76,4346.65,4343.2,4344.07,150,14,0
2026-09-16 15:13:00+00:00,4344.08,4344.63,4343.31,4344.37,150,12,0
2026-09-16 15:14:00+00:00,4344.41,4344.78,4343.45,4343.45,126,8,0
2026-09-16 15:15:00+00:00,4343.46,4345.53,4343.33,4345.16,148,11,0
2026-09-16 15:16:00+00:00,4345.12,4345.78,4344.55,4345.32,123,8,0
2026-09-16 15:17:00+00:00,4345.34,4345.61,4342.43,4343.49,174,8,0
2026-09-16 15:18:00+00:00,4343.52,4343.52,4340.57,4340.78,179,14,0
2026-09-16 15:19:00+00:00,4340.75,4342.43,4340.75,4342.39,158,14,0
2026-09-16 15:20:00+00:00,4342.42,4342.42,4338.61,4340.14,184,14,0
2026-09-16 15:21:00+00:00,4340.19,4341.09,4339.15,4339.23,177,14,0
2026-09-16 15:22:00+00:00,4339.21,4340.08,4338.76,4339.84,152,11,0
2026-09-16 15:23:00+00:00,4339.92,4340.29,4338.85,4339.64,147,9,0
2026-09-16 15:24:00+00:00,4339.68,4339.68,4337.98,4338.83,139,8,0
2026-09-16 15:25:00+00:00,4338.85,4340.47,4338.85,4340.32,136,8,0
2026-09-16 15:26:00+00:00,4340.46,4340.71,4339.7,4340.31,108,8,0
2026-09-16 15:27:00+00:00,4340.3,4341.3,4339.65,4339.72,131,8,0
2026-09-16 15:28:00+00:00,4339.62,4339.64,4338.67,4339.18,86,8,0
2026-09-16 15:29:00+00:00,4339.15,4339.76,4339.1,4339.54,111,8,0
2026-09-16 15:30:00+00:00,4339.67,4341.72,4335.67,4341.71,203,8,0
2026-09-16 15:31:00+00:00,4341.61,4342.29,4340.12,4341.84,174,12,0
2026-09-16 15:32:00+00:00,4341.86,4342.17,4340.23,4340.5,149,14,0
2026-09-16 15:33:00+00:00,4340.52,4341.35,4340.52,4341.15,136,8,0
2026-09-16 15:34:00+00:00,4341.14,4341.62,4340.4,4341.46,130,8,0
2026-09-16 15:35:00+00:00,4341.74,4343.26,4341.71,4342.33,147,8,0
2026-09-16 15:36:00+00:00,4342.35,4342.45,4340.45,4340.54,129,8,0
2026-09-16 15:37:00+00:00,4340.55,4341.15,4340.24,4340.8,133,8,0
2026-09-16 15:38:00+00:00,4340.78,4340.94,4338.82,4340.81,149,8,0
2026-09-16 15:39:00+00:00,4341.01,4344.47,4341.01,4343.75,159,12,0
2026-09-16 15:40:00+00:00,4343.66,4343.74,4342.75,4342.82,117,8,0
2026-09-16 15:41:00+00:00,4342.66,4343.35,4341.85,4343.33,119,8,0
2026-09-16 15:42:00+00:00,4343.14,4345.15,4343.14,4344.55,143,8,0
2026-09-16 15:43:00+00:00,4344.52,4344.76,4342.65,4344.07,153,8,0
2026-09-16 15:44:00+00:00,4344.09,4344.52,4343.14,4343.9,127,10,0
2026-09-16 15:45:00+00:00,4343.91,4343.91,4343.14,4343.81,117,8,0
2026-09-16 15:46:00+00:00,4343.79,4344.55,4342.97,4342.97,124,8,0
2026-09-16 15:47:00+00:00,4342.98,4343.88,4342.65,4343.45,119,9,0
2026-09-16 15:48:00+00:00,4343.46,4346.92,4343.4,4346.7,144,9,0
2026-09-16 15:49:00+00:00,4346.68,4346.74,4345.44,4346.22,138,13,0
2026-09-16 15:50:00+00:00,4346.12,4347.53,4346.01,4347.34,136,12,0
2026-09-16 15:51:00+00:00,4347.29,4347.77,4345.8,4345.8,129,13,0
2026-09-16 15:52:00+00:00,4345.83,4346.16,4342.68,4344.01,143,13,0
2026-09-16 15:53:00+00:00,4344.06,4346.25,4344.04,4346.02,145,13,0
2026-09-16 15:54:00+00:00,4346.07,4346.42,4345.17,4345.17,129,14,0
2026-09-16 15:55:00+00:00,4345.08,4347.35,4344.39,4347.31,142,12,0
2026-09-16 15:56:00+00:00,4347.32,4347.81,4345.69,4345.69,139,14,0
2026-09-16 15:57:00+00:00,4345.7,4346.47,4345.4,4346.04,138,10,0
2026-09-16 15:58:00+00:00,4346.03,4346.32,4344.91,4345.97,123,10,0
2026-09-16 15:59:00+00:00,4345.98,4348.94,4345.2,4347.66,174,11,0
2026-09-16 16:00:00+00:00,4347.62,4350.06,4346.53,4348.57,208,14,0
2026-09-16 16:01:00+00:00,4348.77,4348.89,4346.9,4347.1,211,14,0
2026-09-16 16:02:00+00:00,4347.11,4347.76,4345.76,4347.14,185,14,0
2026-09-16 16:03:00+00:00,4347.17,4348.6,4346.29,4346.39,181,14,0
2026-09-16 16:04:00+00:00,4346.41,4347.83,4345.96,4346.59,191,14,0
2026-09-16 16:05:00+00:00,4346.63,4348.37,4344.54,4345.35,183,14,0
2026-09-16 16:06:00+00:00,4345.05,4345.42,4343.84,4345.13,177,13,0
2026-09-16 16:07:00+00:00,4345.17,4347.95,4345.17,4347.17,181,12,0
2026-09-16 16:08:00+00:00,4347.24,4349.36,4345.54,4349.36,181,14,0
2026-09-16 16:09:00+00:00,4349.45,4350.4,4347.9,4348.51,177,13,0
2026-09-16 16:10:00+00:00,4348.44,4350.61,4347.95,4350.33,171,12,0
2026-09-16 16:11:00+00:00,4350.34,4351.33,4349.98,4350.16,154,11,0
2026-09-16 16:12:00+00:00,4350.19,4352.53,4350.19,4352.52,156,10,0
2026-09-16 16:13:00+00:00,4352.53,4355.95,4352.53,4354.91,172,10,0
2026-09-16 16:14:00+00:00,4355.08,4357.22,4354.99,4356.57,187,13,0
2026-09-16 16:15:00+00:00,4356.6,4360.5,4356.55,4360.24,190,13,0
2026-09-16 16:16:00+00:00,4360.18,4360.49,4356.26,4356.9,194,14,0
2026-09-16 16:17:00+00:00,4356.83,4358.18,4354.23,4354.55,188,14,0
2026-09-16 16:18:00+00:00,4354.57,4355.34,4353.19,4354.52,161,13,0
2026-09-16 16:19:00+00:00,4354.54,4355.31,4353.38,4353.63,166,11,0
2026-09-16 16:20:00+00:00,4353.57,4353.57,4349.56,4349.63,179,10,0
2026-09-16 16:21:00+00:00,4349.67,4352.35,4349.67,4352.35,187,12,0
2026-09-16 16:22:00+00:00,4352.36,4355.93,4352.1,4353.92,177,12,0
2026-09-16 16:23:00+00:00,4353.88,4354.46,4352.77,4353.21,166,11,0
2026-09-16 16:24:00+00:00,4353.22,4354.86,4352.47,4353.56,173,11,0
2026-09-16 16:25:00+00:00,4353.96,4354.02,4352.7,4353.45,159,10,0
2026-09-16 16:26:00+00:00,4353.42,4354.87,4353.27,4354.56,168,9,0
2026-09-16 16:27:00+00:00,4354.54,4354.9,4353.36,4354.57,153,8,0
2026-09-16 16:28:00+00:00,4354.64,4355.35,4353.4,4355.12,156,8,0
2026-09-16 16:29:00+00:00,4355.09,4355.38,4351.69,4352.15,176,8,0
2026-09-16 16:30:00+00:00,4352.1,4353.06,4350.53,4351.98,217,13,0
2026-09-16 16:31:00+00:00,4352.15,4354.16,4351.2,4351.58,218,14,0
2026-09-16 16:32:00+00:00,4351.5,4352.59,4350.16,4351.68,212,14,0
2026-09-16 16:33:00+00:00,4351.86,4354.25,4350.76,4351.22,209,14,0
2026-09-16 16:34:00+00:00,4351.46,4352.21,4348.36,4348.65,210,14,0
2026-09-16 16:35:00+00:00,4348.89,4350.68,4348.04,4349.37,216,14,0
2026-09-16 16:36:00+00:00,4349.4,4350.26,4346.89,4347.67,214,14,0
2026-09-16 16:37:00+00:00,4347.73,4348.82,4346.85,4347.65,210,13,0
2026-09-16 16:38:00+00:00,4347.72,4347.84,4345.26,4347.21,213,9,0
2026-09-16 16:39:00+00:00,4347.37,4347.62,4345.44,4345.49,209,13,0
2026-09-16 16:40:00+00:00,4345.8,4345.83,4343.92,4344.93,207,13,0
2026-09-16 16:41:00+00:00,4344.91,4347.17,4344.63,4345.13,210,10,0
2026-09-16 16:42:00+00:00,4345.33,4345.33,4342.83,4343.25,199,8,0
2026-09-16 16:43:00+00:00,4343.26,4344.57,4342.82,4344.43,195,8,0
2026-09-16 16:44:00+00:00,4344.45,4345.56,4340.42,4340.56,193,8,0
2026-09-16 16:45:00+00:00,4340.55,4344.31,4340.55,4343.86,206,8,0
2026-09-16 16:46:00+00:00,4343.72,4346.13,4343.51,4345.71,207,8,0
2026-09-16 16:47:00+00:00,4345.58,4346.6,4344.01,4344.74,188,10,0
2026-09-16 16:48:00+00:00,4344.78,4344.79,4341.39,4343.36,192,13,0
2026-09-16 16:49:00+00:00,4343.28,4343.61,4342.16,4342.77,175,8,0
2026-09-16 16:50:00+00:00,4342.76,4345.08,4342.2,4343.69,202,8,0
2026-09-16 16:51:00+00:00,4343.76,4344.0,4340.48,4340.78,182,8,0
2026-09-16 16:52:00+00:00,4340.79,4340.79,4337.76,4337.96,190,10,0
2026-09-16 16:53:00+00:00,4337.95,4338.98,4337.76,4338.96,183,8,0
2026-09-16 16:54:00+00:00,4338.92,4339.09,4337.97,4338.6,183,8,0
2026-09-16 16:55:00+00:00,4338.61,4339.18,4337.35,4337.53,185,8,0
2026-09-16 16:56:00+00:00,4337.52,4337.52,4335.19,4336.62,193,8,0
2026-09-16 16:57:00+00:00,4336.66,4339.28,4335.85,4337.4,187,8,0
2026-09-16 16:58:00+00:00,4337.42,4337.91,4336.94,4337.02,165,9,0
2026-09-16 16:59:00+00:00,4337.03,4339.05,4336.6,4338.71,142,8,0
2026-09-16 17:00:00+00:00,4338.72,4339.18,4336.88,4337.08,190,14,0
2026-09-16 17:01:00+00:00,4336.93,4337.35,4335.46,4336.26,192,14,0
2026-09-16 17:02:00+00:00,4336.33,4336.61,4331.95,4332.18,204,14,0
2026-09-16 17:03:00+00:00,4332.26,4332.4,4330.29,4330.68,201,14,0
2026-09-16 17:04:00+00:00,4330.55,4331.36,4328.73,4328.73,206,14,0
2026-09-16 17:05:00+00:00,4328.72,4330.72,4326.39,4326.39,206,14,0
2026-09-16 17:06:00+00:00,4326.43,4326.76,4324.27,4325.61,203,14,0
2026-09-16 17:07:00+00:00,4325.6,4326.71,4325.03,4326.04,197,13,0
2026-09-16 17:08:00+00:00,4326.13,4329.66,4325.45,4329.66,197,8,0
2026-09-16 17:09:00+00:00,4329.65,4330.26,4328.49,4329.65,209,8,0
2026-09-16 17:10:00+00:00,4329.73,4335.32,4329.72,4335.07,203,8,0
2026-09-16 17:11:00+00:00,4334.92,4336.02,4334.38,4335.03,192,8,0
2026-09-16 17:12:00+00:00,4335.2,4338.04,4335.2,4338.04,183,8,0
2026-09-16 17:13:00+00:00,4338.01,4338.94,4336.77,4337.11,202,8,0
2026-09-16 17:14:00+00:00,4337.09,4340.12,4336.83,4340.07,202,14,0
2026-09-16 17:15:00+00:00,4340.11,4341.12,4338.18,4339.39,195,12,0
2026-09-16 17:16:00+00:00,4339.41,4339.53,4336.84,4336.84,202,8,0
2026-09-16 17:17:00+00:00,4337.05,4337.35,4335.16,4336.13,193,8,0
2026-09-16 17:18:00+00:00,4336.14,4336.53,4333.8,4333.85,181,8,0
2026-09-16 17:19:00+00:00,4333.86,4333.95,4332.17,4332.79,173,8,0
2026-09-16 17:20:00+00:00,4332.67,4333.29,4330.89,4333.29,184,8,0
2026-09-16 17:21:00+00:00,4333.12,4335.52,4332.29,4335.14,182,8,0
2026-09-16 17:22:00+00:00,4334.95,4336.64,4334.9,4335.32,172,8,0
2026-09-16 17:23:00+00:00,4335.33,4335.33,4333.4,4334.08,163,8,0
2026-09-16 17:24:00+00:00,4334.07,4335.26,4333.66,4333.79,143,8,0
2026-09-16 17:25:00+00:00,4333.85,4334.04,4332.9,4333.36,160,8,0
2026-09-16 17:26:00+00:00,4333.35,4335.94,4333.35,4335.43,173,8,0
2026-09-16 17:27:00+00:00,4335.4,4336.69,4334.41,4336.52,161,8,0
2026-09-16 17:28:00+00:00,4336.75,4337.79,4336.04,4336.77,174,14,0
2026-09-16 17:29:00+00:00,4336.76,4339.0,4336.76,4338.92,177,13,0
2026-09-16 17:30:00+00:00,4338.91,4339.31,4337.31,4337.39,179,14,0
2026-09-16 17:31:00+00:00,4337.38,4337.41,4335.35,4335.72,179,9,0
2026-09-16 17:32:00+00:00,4335.71,4337.68,4335.32,4337.25,163,9,0
2026-09-16 17:33:00+00:00,4337.2,4337.4,4335.74,4335.75,163,13,0
2026-09-16 17:34:00+00:00,4335.74,4337.72,4335.59,4337.53,158,11,0
2026-09-16 17:35:00+00:00,4337.49,4339.99,4337.43,4338.57,193,15,0
2026-09-16 17:36:00+00:00,4338.58,4339.52,4338.3,4338.3,151,14,0
2026-09-16 17:37:00+00:00,4338.24,4341.2,4338.24,4340.24,177,14,0
2026-09-16 17:38:00+00:00,4340.23,4342.21,4339.87,4342.17,170,15,0
2026-09-16 17:39:00+00:00,4342.12,4342.54,4340.85,4341.09,168,14,0
2026-09-16 17:40:00+00:00,4341.07,4342.45,4340.37,4341.97,168,15,0
2026-09-16 17:41:00+00:00,4341.98,4343.85,4341.41,4341.48,173,16,0
2026-09-16 17:42:00+00:00,4341.46,4342.39,4340.49,4341.69,183,15,0
2026-09-16 17:43:00+00:00,4341.59,4343.04,4341.5,4342.49,171,13,0
2026-09-16 17:44:00+00:00,4342.52,4345.96,4341.88,4345.75,191,15,0
2026-09-16 17:45:00+00:00,4345.65,4347.27,4345.1,4347.27,198,16,0
2026-09-16 17:46:00+00:00,4347.26,4348.47,4345.42,4347.96,185,16,0
2026-09-16 17:47:00+00:00,4347.95,4348.1,4346.12,4347.31,167,16,0
2026-09-16 17:48:00+00:00,4347.56,4349.23,4347.56,4348.69,181,16,0
2026-09-16 17:49:00+00:00,4348.57,4350.49,4348.34,4350.35,173,14,0
2026-09-16 17:50:00+00:00,4350.37,4354.51,4350.01,4353.26,193,16,0
2026-09-16 17:51:00+00:00,4353.09,4353.65,4352.27,4352.83,188,16,0
2026-09-16 17:52:00+00:00,4352.79,4353.57,4351.8,4352.54,188,14,0
2026-09-16 17:53:00+00:00,4352.58,4352.58,4351.28,4351.69,172,8,0
2026-09-16 17:54:00+00:00,4351.37,4351.37,4348.28,4348.42,178,8,0
2026-09-16 17:55:00+00:00,4348.4,4350.07,4347.6,4347.81,176,14,0
2026-09-16 17:56:00+00:00,4347.87,4349.63,4347.79,4349.01,177,8,0
2026-09-16 17:57:00+00:00,4349.17,4351.42,4348.98,4351.13,185,8,0
2026-09-16 17:58:00+00:00,4351.17,4353.99,4351.16,4353.81,191,16,0
2026-09-16 17:59:00+00:00,4353.87,4356.06,4353.87,4355.14,195,16,0
2026-09-16 18:00:00+00:00,4355.15,4357.07,4353.78,4357.07,209,16,0
2026-09-16 18:01:00+00:00,4357.05,4357.61,4353.74,4353.74,206,16,0
2026-09-16 18:02:00+00:00,4353.76,4353.87,4351.32,4351.49,195,14,0
2026-09-16 18:03:00+00:00,4351.43,4353.33,4351.43,4353.29,186,9,0
2026-09-16 18:04:00+00:00,4353.32,4353.54,4350.66,4350.8,194,9,0
2026-09-16 18:05:00+00:00,4350.78,4351.57,4350.73,4351.5,182,11,0
2026-09-16 18:06:00+00:00,4351.56,4352.17,4350.09,4351.52,171,8,0
2026-09-16 18:07:00+00:00,4351.39,4357.48,4350.75,4354.79,162,8,0
2026-09-16 18:08:00+00:00,4354.07,4355.53,4352.53,4354.57,210,16,0
2026-09-16 18:09:00+00:00,4354.59,4357.87,4354.16,4357.38,210,16,0
2026-09-16 18:10:00+00:00,4357.27,4358.0,4355.56,4356.08,203,16,0
2026-09-16 18:11:00+00:00,4356.07,4356.83,4354.18,4354.25,202,14,0
2026-09-16 18:12:00+00:00,4354.22,4354.44,4353.18,4353.21,200,15,0
2026-09-16 18:13:00+00:00,4353.25,4355.14,4353.21,4355.01,181,11,0
2026-09-16 18:14:00+00:00,4355.0,4356.02,4353.25,4353.26,186,8,0
2026-09-16 18:15:00+00:00,4353.3,4354.03,4351.54,4353.25,196,13,0
2026-09-16 18:16:00+00:00,4353.27,4355.18,4352.75,4353.83,189,13,0
2026-09-16 18:17:00+00:00,4353.88,4354.7,4351.89,4352.21,178,11,0
2026-09-16 18:18:00+00:00,4352.22,4354.04,4352.22,4353.82,172,8,0
2026-09-16 18:19:00+00:00,4353.71,4354.78,4353.24,4353.69,165,8,0
2026-09-16 18:20:00+00:00,4353.77,4353.88,4350.77,4350.82,191,13,0
2026-09-16 18:21:00+00:00,4350.83,4351.61,4350.83,4351.56,151,8,0
2026-09-16 18:22:00+00:00,4351.52,4352.14,4351.25,4351.67,157,8,0
2026-09-16 18:23:00+00:00,4351.69,4351.69,4350.16,4351.15,165,8,0
2026-09-16 18:24:00+00:00,4351.16,4351.86,4349.77,4350.12,167,8,0
2026-09-16 18:25:00+00:00,4350.14,4350.23,4347.78,4347.86,164,13,0
2026-09-16 18:26:00+00:00,4347.9,4348.1,4345.89,4346.32,184,13,0
2026-09-16 18:27:00+00:00,4346.1,4347.51,4345.8,4347.42,160,11,0
2026-09-16 18:28:00+00:00,4347.38,4347.65,4345.71,4345.87,133,8,0
2026-09-16 18:29:00+00:00,4345.8,4346.31,4344.15,4344.21,163,9,0
2026-09-16 18:30:00+00:00,4344.65,4345.29,4343.07,4344.92,205,15,0
2026-09-16 18:31:00+00:00,4344.93,4346.25,4344.84,4345.73,183,16,0
2026-09-16 18:32:00+00:00,4345.67,4345.89,4344.52,4344.53,169,13,0
2026-09-16 18:33:00+00:00,4344.69,4346.72,4344.51,4346.65,189,15,0
2026-09-16 18:34:00+00:00,4346.67,4348.58,4346.65,4347.78,159,14,0
2026-09-16 18:35:00+00:00,4347.86,4348.77,4347.29,4348.77,166,13,0
2026-09-16 18:36:00+00:00,4348.79,4352.2,4348.79,4351.52,183,14,0
2026-09-16 18:37:00+00:00,4351.58,4352.55,4350.82,4351.49,152,15,0
2026-09-16 18:38:00+00:00,4351.5,4352.03,4350.57,4351.77,136,15,0
2026-09-16 18:39:00+00:00,4351.71,4351.75,4349.9,4350.01,156,15,0
2026-09-16 18:40:00+00:00,4350.13,4350.82,4349.62,4350.26,148,13,0
2026-09-16 18:41:00+00:00,4350.28,4350.95,4350.23,4350.46,145,11,0
2026-09-16 18:42:00+00:00,4350.49,4351.2,4350.06,4350.15,143,8,0
2026-09-16 18:43:00+00:00,4350.21,4350.39,4349.54,4349.81,134,11,0
2026-09-16 18:44:00+00:00,4349.84,4350.98,4349.84,4350.64,121,11,0
2026-09-16 18:45:00+00:00,4350.65,4352.18,4350.19,4350.46,141,11,0
2026-09-16 18:46:00+00:00,4350.46,4351.9,4350.3,4351.18,136,14,0
2026-09-16 18:47:00+00:00,4351.11,4361.11,4351.02,4355.48,201,15,0
2026-09-16 18:48:00+00:00,4355.05,4356.66,4353.36,4354.21,214,16,0
2026-09-16 18:49:00+00:00,4354.23,4354.82,4351.54,4353.1,203,16,0
2026-09-16 18:50:00+00:00,4353.11,4353.67,4350.47,4351.59,182,15,0
2026-09-16 18:51:00+00:00,4351.57,4353.14,4351.45,4352.87,180,15,0
2026-09-16 18:52:00+00:00,4352.74,4354.81,4351.82,4354.71,186,14,0
2026-09-16 18:53:00+00:00,4354.68,4355.12,4351.55,4351.55,157,14,0
2026-09-16 18:54:00+00:00,4351.56,4352.0,4351.17,4351.72,150,14,0
2026-09-16 18:55:00+00:00,4351.68,4352.41,4351.53,4352.04,149,13,0
2026-09-16 18:56:00+00:00,4352.05,4352.09,4350.03,4350.64,159,13,0
2026-09-16 18:57:00+00:00,4350.65,4351.94,4350.65,4351.94,153,14,0
2026-09-16 18:58:00+00:00,4351.92,4353.52,4351.7,4352.63,141,14,0
2026-09-16 18:59:00+00:00,4352.58,4353.24,4352.33,4352.64,136,13,0
2026-09-16 19:00:00+00:00,4352.7,4352.96,4351.25,4351.55,153,9,0
2026-09-16 19:01:00+00:00,4351.56,4352.51,4350.77,4351.92,163,15,0
2026-09-16 19:02:00+00:00,4351.94,4351.94,4350.34,4350.75,151,14,0
2026-09-16 19:03:00+00:00,4350.84,4350.89,4348.61,4349.15,172,14,0
2026-09-16 19:04:00+00:00,4349.16,4349.52,4348.12,4348.12,150,14,0
2026-09-16 19:05:00+00:00,4348.02,4348.57,4347.52,4347.52,133,13,0
2026-09-16 19:06:00+00:00,4347.53,4348.16,4346.85,4347.05,135,13,0
2026-09-16 19:07:00+00:00,4347.02,4348.8,4346.74,4348.41,127,14,0
2026-09-16 19:08:00+00:00,4348.09,4349.37,4348.09,4349.16,125,14,0
2026-09-16 19:09:00+00:00,4349.08,4349.73,4349.04,4349.72,123,13,0
2026-09-16 19:10:00+00:00,4349.74,4350.28,4349.47,4349.6,155,13,0
2026-09-16 19:11:00+00:00,4349.59,4350.82,4349.19,4350.17,133,13,0
2026-09-16 19:12:00+00:00,4350.4,4350.62,4348.56,4349.89,136,13,0
2026-09-16 19:13:00+00:00,4349.91,4351.2,4349.61,4351.08,120,14,0
2026-09-16 19:14:00+00:00,4351.01,4351.05,4349.54,4350.08,109,14,0
2026-09-16 19:15:00+00:00,4351.06,4352.18,4351.06,4351.73,138,15,0
2026-09-16 19:16:00+00:00,4351.74,4352.01,4351.37,4351.78,112,15,0
2026-09-16 19:17:00+00:00,4351.67,4351.79,4350.27,4350.53,137,14,0
2026-09-16 19:18:00+00:00,4350.54,4350.76,4349.86,4350.06,114,11,0
2026-09-16 19:19:00+00:00,4350.1,4350.1,4349.16,4349.73,118,9,0
2026-09-16 19:20:00+00:00,4349.72,4350.12,4349.5,4349.58,109,8,0
2026-09-16 19:21:00+00:00,4349.67,4349.71,4347.29,4347.3,141,9,0
2026-09-16 19:22:00+00:00,4347.35,4347.6,4347.03,4347.37,128,9,0
2026-09-16 19:23:00+00:00,4347.39,4348.15,4346.81,4347.57,117,9,0
2026-09-16 19:24:00+00:00,4347.44,4347.81,4347.05,4347.72,117,11,0
2026-09-16 19:25:00+00:00,4347.73,4348.23,4347.09,4347.91,134,11,0
2026-09-16 19:26:00+00:00,4347.92,4348.24,4346.34,4346.74,130,13,0
2026-09-16 19:27:00+00:00,4346.75,4346.84,4345.34,4345.35,137,15,0
2026-09-16 19:28:00+00:00,4345.24,4345.45,4344.41,4344.84,135,15,0
2026-09-16 19:29:00+00:00,4344.89,4346.5,4344.76,4346.01,127,15,0
2026-09-16 19:30:00+00:00,4346.01,4346.47,4345.12,4345.35,134,15,0
2026-09-16 19:31:00+00:00,4345.39,4347.73,4345.16,4347.55,140,15,0
2026-09-16 19:32:00+00:00,4347.59,4347.98,4346.66,4346.7,120,15,0
2026-09-16 19:33:00+00:00,4346.71,4348.07,4346.71,4347.95,124,15,0
2026-09-16 19:34:00+00:00,4347.76,4348.24,4347.61,4347.93,110,11,0
2026-09-16 19:35:00+00:00,4347.85,4348.6,4347.51,4347.72,110,9,0
2026-09-16 19:36:00+00:00,4347.68,4348.24,4346.17,4346.37,153,11,0
2026-09-16 19:37:00+00:00,4346.36,4346.66,4346.12,4346.51,89,8,0
2026-09-16 19:38:00+00:00,4346.5,4346.62,4345.5,4346.53,114,8,0
2026-09-16 19:39:00+00:00,4346.52,4347.53,4346.34,4347.37,113,8,0
2026-09-16 19:40:00+00:00,4347.27,4348.33,4347.16,4348.33,115,8,0
2026-09-16 19:41:00+00:00,4348.37,4348.43,4346.98,4347.66,138,8,0
2026-09-16 19:42:00+00:00,4347.64,4347.65,4347.04,4347.48,105,9,0
2026-09-16 19:43:00+00:00,4347.27,4347.62,4347.06,4347.48,105,8,0
2026-09-16 19:44:00+00:00,4347.49,4347.84,4347.03,4347.58,112,8,0
2026-09-16 19:45:00+00:00,4347.62,4348.38,4347.51,4347.85,128,8,0
2026-09-16 19:46:00+00:00,4347.84,4348.1,4347.31,4347.92,102,8,0
2026-09-16 19:47:00+00:00,4347.93,4348.12,4347.01,4348.11,103,8,0
2026-09-16 19:48:00+00:00,4348.1,4348.7,4347.34,4347.84,112,8,0
2026-09-16 19:49:00+00:00,4347.86,4348.09,4346.13,4346.15,94,9,0
2026-09-16 19:50:00+00:00,4346.01,4346.1,4343.95,4344.47,155,15,0
2026-09-16 19:51:00+00:00,4344.67,4344.93,4343.95,4344.41,136,15,0
2026-09-16 19:52:00+00:00,4344.38,4345.27,4344.07,4344.69,128,15,0
2026-09-16 19:53:00+00:00,4344.68,4345.58,4344.57,4345.58,106,13,0
2026-09-16 19:54:00+00:00,4345.5,4345.9,4345.18,4345.9,115,9,0
2026-09-16 19:55:00+00:00,4345.95,4347.66,4345.87,4347.36,121,8,0
2026-09-16 19:56:00+00:00,4347.27,4347.39,4345.59,4345.69,119,8,0
2026-09-16 19:57:00+00:00,4345.68,4346.85,4345.68,4346.85,123,11,0
2026-09-16 19:58:00+00:00,4346.85,4347.47,4346.65,4347.18,105,9,0
2026-09-16 19:59:00+00:00,4347.2,4347.3,4346.67,4346.73,130,9,0
2026-09-16 20:00:00+00:00,4346.72,4346.91,4345.27,4345.47,158,9,0
2026-09-16 20:01:00+00:00,4345.44,4345.44,4343.86,4343.93,160,13,0
2026-09-16 20:02:00+00:00,4343.92,4344.11,4343.24,4344.05,156,13,0
2026-09-16 20:03:00+00:00,4344.04,4345.17,4343.75,4344.48,141,13,0
2026-09-16 20:04:00+00:00,4344.57,4345.09,4344.4,4344.97,127,11,0
2026-09-16 20:05:00+00:00,4344.98,4345.79,4344.93,4345.59,115,9,0
2026-09-16 20:06:00+00:00,4345.62,4346.06,4344.23,4344.52,135,14,0
2026-09-16 20:07:00+00:00,4344.51,4345.19,4343.29,4343.5,121,13,0
2026-09-16 20:08:00+00:00,4343.51,4343.9,4343.13,4343.75,123,15,0
2026-09-16 20:09:00+00:00,4343.82,4343.88,4343.26,4343.41,91,15,0
2026-09-16 20:10:00+00:00,4343.43,4343.58,4342.23,4343.43,103,14,0
2026-09-16 20:11:00+00:00,4343.25,4343.44,4342.42,4342.49,119,15,0
2026-09-16 20:12:00+00:00,4342.45,4342.48,4341.83,4342.19,108,11,0
2026-09-16 20:13:00+00:00,4342.21,4343.02,4342.13,4342.37,116,11,0
2026-09-16 20:14:00+00:00,4342.4,4344.01,4342.35,4343.73,98,9,0
2026-09-16 20:15:00+00:00,4343.69,4344.38,4343.14,4343.93,136,9,0
2026-09-16 20:16:00+00:00,4343.74,4344.99,4343.24,4344.87,109,9,0
2026-09-16 20:17:00+00:00,4344.81,4345.05,4343.81,4343.81,83,8,0
2026-09-16 20:18:00+00:00,4343.82,4345.15,4343.82,4344.16,107,8,0
2026-09-16 20:19:00+00:00,4344.19,4345.3,4344.08,4344.79,118,9,0
2026-09-16 20:20:00+00:00,4344.82,4345.2,4344.05,4344.29,93,9,0
2026-09-16 20:21:00+00:00,4344.34,4344.34,4342.99,4343.37,108,8,0
2026-09-16 20:22:00+00:00,4343.33,4344.0,4342.98,4343.05,105,11,0
2026-09-16 20:23:00+00:00,4343.04,4343.76,4342.63,4343.54,97,9,0
2026-09-16 20:24:00+00:00,4343.6,4344.75,4343.58,4344.6,121,9,0
2026-09-16 20:25:00+00:00,4344.63,4346.02,4344.42,4345.91,131,9,0
2026-09-16 20:26:00+00:00,4345.94,4346.4,4345.8,4346.31,96,8,0
2026-09-16 20:27:00+00:00,4346.26,4347.6,4345.99,4346.12,125,8,0
2026-09-16 20:28:00+00:00,4346.5,4346.96,4345.63,4345.63,126,11,0
2026-09-16 20:29:00+00:00,4345.4,4347.13,4345.13,4346.88,169,13,0
2026-09-16 20:30:00+00:00,4346.92,4348.25,4346.59,4347.61,138,13,0
2026-09-16 20:31:00+00:00,4347.72,4347.72,4346.17,4346.92,125,13,0
2026-09-16 20:32:00+00:00,4346.91,4348.49,4346.84,4348.49,102,13,0
2026-09-16 20:33:00+00:00,4348.5,4349.99,4348.46,4349.72,135,13,0
2026-09-16 20:34:00+00:00,4349.68,4349.76,4348.92,4349.03,108,13,0
2026-09-16 20:35:00+00:00,4349.01,4349.29,4348.07,4348.74,111,13,0
2026-09-16 20:36:00+00:00,4348.77,4348.77,4346.51,4347.12,138,13,0
2026-09-16 20:37:00+00:00,4347.1,4347.4,4346.42,4346.88,143,13,0
2026-09-16 20:38:00+00:00,4346.97,4347.07,4345.49,4345.68,140,13,0
2026-09-16 20:39:00+00:00,4345.67,4345.67,4343.54,4344.0,131,13,0
2026-09-16 20:40:00+00:00,4344.0,4344.74,4343.59,4344.62,125,13,0
2026-09-16 20:41:00+00:00,4344.63,4345.21,4344.56,4344.84,121,12,0
2026-09-16 20:42:00+00:00,4344.85,4345.3,4344.32,4345.26,113,9,0
2026-09-16 20:43:00+00:00,4345.18,4345.27,4343.8,4344.23,127,8,0
2026-09-16 20:44:00+00:00,4344.09,4345.1,4343.83,4344.03,102,9,0
2026-09-16 20:45:00+00:00,4344.07,4344.45,4343.49,4343.57,131,13,0
2026-09-16 20:46:00+00:00,4343.54,4344.79,4343.54,4344.54,110,13,0
2026-09-16 20:47:00+00:00,4344.55,4345.02,4342.82,4342.82,126,13,0
2026-09-16 20:48:00+00:00,4342.86,4345.18,4342.71,4344.85,117,13,0
2026-09-16 20:49:00+00:00,4344.86,4345.09,4344.43,4344.61,106,12,0
2026-09-16 20:50:00+00:00,4344.65,4345.06,4344.33,4344.7,113,9,0
2026-09-16 20:51:00+00:00,4344.71,4346.49,4344.24,4346.47,129,10,0
2026-09-16 20:52:00+00:00,4346.46,4346.71,4344.5,4346.71,145,13,0
2026-09-16 20:53:00+00:00,4347.25,4348.91,4347.08,4348.59,171,13,0
2026-09-16 20:54:00+00:00,4348.61,4350.1,4348.01,4348.02,150,13,0
2026-09-16 20:55:00+00:00,4347.95,4349.76,4347.86,4347.93,137,13,0
2026-09-16 20:56:00+00:00,4347.75,4351.15,4347.6,4350.96,148,13,0
2026-09-16 20:57:00+00:00,4350.95,4354.42,4350.5,4353.89,168,13,0
2026-09-16 20:58:00+00:00,4353.88,4356.05,4352.88,4353.96,181,13,0
2026-09-16 20:59:00+00:00,4353.89,4364.49,4352.69,4361.36,194,8,0
2026-09-16 21:00:00+00:00,4358.62,4366.34,4337.99,4338.66,130,8,0
2026-09-16 21:01:00+00:00,4338.95,4340.05,4317.31,4318.58,166,8,0
2026-09-16 21:02:00+00:00,4318.57,4332.74,4314.74,4330.91,193,8,0
2026-09-16 21:03:00+00:00,4332.0,4340.99,4329.66,4330.88,194,8,0
2026-09-16 21:04:00+00:00,4329.35,4331.14,4323.35,4323.73,203,8,0
2026-09-16 21:05:00+00:00,4325.39,4335.87,4325.2,4333.24,209,8,0
2026-09-16 21:06:00+00:00,4332.98,4337.3,4331.3,4331.91,218,8,0
2026-09-16 21:07:00+00:00,4331.92,4342.34,4331.58,4342.34,218,8,0
2026-09-16 21:08:00+00:00,4342.15,4344.96,4334.77,4339.41,220,8,0
2026-09-16 21:09:00+00:00,4339.18,4339.31,4331.96,4331.96,228,8,0
2026-09-16 21:10:00+00:00,4331.92,4335.2,4326.42,4329.27,224,8,0
2026-09-16 21:11:00+00:00,4329.26,4330.87,4315.55,4315.55,221,10,0
2026-09-16 21:12:00+00:00,4315.56,4316.45,4310.57,4313.15,222,10,0
2026-09-16 21:13:00+00:00,4312.86,4314.26,4308.61,4311.15,227,10,0
2026-09-16 21:14:00+00:00,4310.64,4315.17,4307.97,4310.23,217,10,0
2026-09-16 21:15:00+00:00,4310.55,4314.22,4308.64,4308.64,230,10,0
2026-09-16 21:16:00+00:00,4308.83,4314.25,4307.96,4308.03,225,10,0
2026-09-16 21:17:00+00:00,4308.41,4314.31,4306.5,4312.88,228,10,0
2026-09-16 21:18:00+00:00,4312.84,4315.85,4308.88,4309.32,208,10,0
2026-09-16 21:19:00+00:00,4309.46,4319.74,4309.11,4319.22,222,10,0
2026-09-16 21:20:00+00:00,4318.78,4322.65,4313.9,4319.71,225,10,0
2026-09-16 21:21:00+00:00,4319.72,4323.33,4319.39,4321.15,221,10,0
2026-09-16 21:22:00+00:00,4320.71,4321.97,4314.62,4315.52,217,10,0
2026-09-16 21:23:00+00:00,4315.16,4320.08,4313.15,4319.81,237,10,0
2026-09-16 21:24:00+00:00,4319.59,4321.31,4314.73,4314.97,233,10,0
2026-09-16 21:25:00+00:00,4315.03,4316.53,4312.67,4313.04,226,10,0
2026-09-16 21:26:00+00:00,4312.86,4317.88,4312.86,4316.12,221,10,0
2026-09-16 21:27:00+00:00,4315.9,4317.0,4312.92,4314.56,211,10,0
2026-09-16 21:28:00+00:00,4314.45,4317.0,4312.39,4315.97,228,10,0
2026-09-16 21:29:00+00:00,4316.0,4322.92,4315.91,4322.72,231,10,0
2026-09-16 21:30:00+00:00,4322.57,4323.66,4311.17,4313.95,221,10,0
2026-09-16 21:31:00+00:00,4312.97,4313.29,4303.46,4308.11,213,10,0
2026-09-16 21:32:00+00:00,4307.91,4309.76,4292.66,4292.66,212,8,0
2026-09-16 21:33:00+00:00,4292.3,4293.64,4282.88,4285.96,196,8,0
2026-09-16 21:34:00+00:00,4285.8,4288.1,4280.87,4285.83,216,8,0
2026-09-16 21:35:00+00:00,4285.47,4285.47,4274.32,4275.8,215,8,0
2026-09-16 21:36:00+00:00,4275.72,4279.44,4267.17,4267.88,214,8,0
2026-09-16 21:37:00+00:00,4267.9,4273.08,4263.46,4272.74,203,8,0
2026-09-16 21:38:00+00:00,4273.01,4284.97,4273.01,4283.41,218,8,0
2026-09-16 21:39:00+00:00,4283.95,4291.32,4283.08,4290.47,223,8,0
2026-09-16 21:40:00+00:00,4290.45,4292.16,4285.18,4288.22,227,8,0
2026-09-16 21:41:00+00:00,4288.35,4293.65,4285.65,4290.9,216,10,0
2026-09-16 21:42:00+00:00,4290.92,4301.56,4290.75,4300.59,229,8,0
2026-09-16 21:43:00+00:00,4300.74,4308.91,4299.71,4306.55,212,8,0
2026-09-16 21:44:00+00:00,4308.05,4310.83,4301.17,4301.33,221,10,0
2026-09-16 21:45:00+00:00,4301.21,4307.53,4299.72,4305.03,203,10,0
2026-09-16 21:46:00+00:00,4304.92,4305.76,4301.81,4302.55,226,10,0
2026-09-16 21:47:00+00:00,4302.39,4302.93,4295.72,4296.13,220,10,0
2026-09-16 21:48:00+00:00,4296.67,4297.59,4293.36,4293.39,228,10,0
2026-09-16 21:49:00+00:00,4293.62,4296.65,4291.64,4293.66,224,10,0
2026-09-16 21:50:00+00:00,4293.65,4296.0,4287.87,4288.52,226,10,0
2026-09-16 21:51:00+00:00,4288.66,4288.66,4281.16,4286.64,227,10,0
2026-09-16 21:52:00+00:00,4286.1,4286.19,4272.54,4272.58,218,10,0
2026-09-16 21:53:00+00:00,4272.1,4276.39,4265.81,4265.81,226,10,0
2026-09-16 21:54:00+00:00,4265.96,4270.64,4264.4,4265.6,221,10,0
2026-09-16 21:55:00+00:00,4265.55,4272.91,4264.49,4268.66,220,10,0
2026-09-16 21:56:00+00:00,4268.69,4269.77,4259.91,4265.4,223,10,0
2026-09-16 21:57:00+00:00,4265.28,4267.15,4257.53,4267.11,217,10,0
2026-09-16 21:58:00+00:00,4266.96,4270.74,4265.24,4269.45,229,10,0
2026-09-16 21:59:00+00:00,4269.98,4270.84,4260.14,4260.9,222,10,0
2026-09-16 22:00:00+00:00,4261.08,4277.51,4260.45,4277.47,224,14,0
2026-09-16 22:01:00+00:00,4277.71,4280.28,4273.53,4274.46,225,14,0
2026-09-16 22:02:00+00:00,4274.39,4279.38,4272.79,4278.34,215,14,0
2026-09-16 22:03:00+00:00,4278.53,4287.15,4277.74,4286.88,224,14,0
2026-09-16 22:04:00+00:00,4287.0,4287.0,4272.57,4273.26,222,14,0
2026-09-16 22:05:00+00:00,4273.24,4273.24,4267.77,4270.77,229,13,0
2026-09-16 22:06:00+00:00,4271.0,4272.91,4266.96,4266.96,223,12,0
2026-09-16 22:07:00+00:00,4266.83,4266.83,4253.46,4258.05,215,12,0
2026-09-16 22:08:00+00:00,4258.11,4258.82,4254.07,4255.8,229,14,0
2026-09-16 22:09:00+00:00,4255.95,4259.21,4250.16,4250.45,215,14,0
2026-09-16 22:10:00+00:00,4250.62,4250.92,4235.52,4236.49,218,15,0
2026-09-16 22:11:00+00:00,4236.97,4247.83,4236.87,4245.65,216,15,0
2026-09-16 22:12:00+00:00,4245.31,4246.13,4239.17,4240.25,223,15,0
2026-09-16 22:13:00+00:00,4240.72,4246.23,4238.29,4246.23,219,15,0
2026-09-16 22:14:00+00:00,4246.3,4253.27,4244.71,4253.18,219,15,0
2026-09-16 22:15:00+00:00,4252.89,4257.73,4250.41,4251.21,222,15,0
2026-09-16 22:16:00+00:00,4251.24,4251.25,4246.12,4247.61,233,13,0
2026-09-16 22:17:00+00:00,4247.45,4250.19,4243.21,4245.19,227,12,0
2026-09-16 22:18:00+00:00,4245.14,4249.63,4242.09,4242.09,217,12,0
2026-09-16 22:19:00+00:00,4241.99,4248.29,4240.88,4248.29,227,11,0
2026-09-16 22:20:00+00:00,4248.23,4250.61,4244.84,4245.12,226,11,0
2026-09-16 22:21:00+00:00,4245.07,4251.19,4245.07,4249.86,226,10,0
2026-09-16 22:22:00+00:00,4249.62,4252.12,4245.4,4247.57,222,10,0
2026-09-16 22:23:00+00:00,4247.34,4253.01,4246.33,4252.19,229,10,0
2026-09-16 22:24:00+00:00,4252.21,4252.88,4250.65,4252.88,225,10,0
2026-09-16 22:25:00+00:00,4252.9,4256.77,4246.15,4246.51,228,10,0
2026-09-16 22:26:00+00:00,4246.85,4247.62,4243.01,4244.08,228,10,0
2026-09-16 22:27:00+00:00,4243.97,4249.06,4239.09,4248.09,214,10,0
2026-09-16 22:28:00+00:00,4247.93,4250.26,4242.18,4242.67,224,11,0
2026-09-16 22:29:00+00:00,4244.42,4254.59,4244.3,4252.64,230,10,0
2026-09-16 22:30:00+00:00,4252.75,4258.69,4252.58,4257.8,226,10,0
2026-09-16 22:31:00+00:00,4257.82,4260.77,4256.46,4258.53,229,10,0
2026-09-16 22:32:00+00:00,4258.54,4261.85,4256.1,4259.55,221,10,0
2026-09-16 22:33:00+00:00,4259.48,4262.26,4256.63,4260.42,234,11,0
2026-09-16 22:34:00+00:00,4260.38,4263.38,4256.87,4263.2,225,11,0
2026-09-16 22:35:00+00:00,4263.1,4265.55,4259.85,4261.84,225,11,0
2026-09-16 22:36:00+00:00,4261.63,4261.84,4256.62,4258.59,232,11,0
2026-09-16 22:37:00+00:00,4258.04,4262.91,4257.64,4262.91,229,11,0
2026-09-16 22:38:00+00:00,4262.96,4263.6,4257.1,4257.87,227,11,0
2026-09-16 22:39:00+00:00,4257.75,4265.28,4257.1,4263.66,232,11,0
2026-09-16 22:40:00+00:00,4263.61,4265.3,4261.37,4265.05,225,11,0
2026-09-16 22:41:00+00:00,4265.09,4271.02,4264.21,4266.61,226,11,0
2026-09-16 22:42:00+00:00,4266.56,4268.34,4264.04,4266.02,226,11,0
2026-09-16 22:43:00+00:00,4266.22,4268.47,4265.16,4267.69,222,11,0
2026-09-16 22:44:00+00:00,4267.54,4269.69,4264.75,4265.74,221,10,0
2026-09-16 22:45:00+00:00,4265.62,4270.42,4264.96,4269.93,225,11,0
2026-09-16 22:46:00+00:00,4269.96,4271.19,4266.6,4268.25,220,11,0
2026-09-16 22:47:00+00:00,4268.01,4269.7,4265.63,4267.05,215,11,0
2026-09-16 22:48:00+00:00,4267.07,4269.56,4265.77,4267.65,219,11,0
2026-09-16 22:49:00+00:00,4267.66,4271.79,4267.66,4270.02,216,11,0
2026-09-16 22:50:00+00:00,4269.89,4276.37,4269.8,4275.83,222,11,0
2026-09-16 22:51:00+00:00,4275.85,4276.68,4271.79,4271.79,207,11,0
2026-09-16 22:52:00+00:00,4271.32,4273.7,4269.48,4273.02,190,11,0
2026-09-16 22:53:00+00:00,4273.03,4273.57,4268.17,4268.96,216,12,0
2026-09-16 22:54:00+00:00,4268.72,4273.16,4267.83,4273.07,217,12,0
2026-09-16 22:55:00+00:00,4273.04,4274.11,4270.3,4272.46,234,10,0
2026-09-16 22:56:00+00:00,4272.73,4273.08,4270.05,4271.04,210,10,0
2026-09-16 22:57:00+00:00,4271.0,4272.76,4269.59,4270.51,200,9,0
2026-09-16 22:58:00+00:00,4270.52,4271.75,4269.43,4271.75,202,9,0
2026-09-16 22:59:00+00:00,4271.79,4273.3,4271.35,4272.57,220,9,0
2026-09-16 23:00:00+00:00,4272.27,4272.96,4269.53,4269.72,201,9,0
2026-09-16 23:01:00+00:00,4269.84,4271.16,4267.5,4268.84,191,10,0
2026-09-16 23:02:00+00:00,4269.3,4272.69,4269.17,4271.91,144,10,0
2026-09-16 23:03:00+00:00,4272.22,4273.81,4270.48,4272.2,197,10,0
2026-09-16 23:04:00+00:00,4272.27,4272.29,4270.04,4270.59,159,10,0
2026-09-16 23:05:00+00:00,4270.65,4271.96,4269.9,4269.9,144,9,0
2026-09-16 23:06:00+00:00,4269.85,4270.46,4268.71,4269.87,150,9,0
2026-09-16 23:07:00+00:00,4269.86,4270.55,4269.16,4269.32,122,9,0
2026-09-16 23:08:00+00:00,4269.6,4270.24,4266.27,4266.38,143,9,0
2026-09-16 23:09:00+00:00,4266.34,4267.79,4265.87,4267.35,162,9,0
2026-09-16 23:10:00+00:00,4267.31,4267.69,4264.94,4265.71,153,9,0
2026-09-16 23:11:00+00:00,4265.69,4265.69,4263.92,4264.88,108,9,0
2026-09-16 23:12:00+00:00,4264.81,4265.68,4263.56,4265.68,146,9,0
2026-09-16 23:13:00+00:00,4265.6,4266.3,4264.48,4265.33,145,10,0
2026-09-16 23:14:00+00:00,4265.29,4266.66,4264.85,4264.85,145,10,0
2026-09-16 23:15:00+00:00,4264.91,4265.54,4263.93,4264.81,147,10,0
2026-09-16 23:16:00+00:00,4264.82,4265.64,4263.64,4264.95,129,10,0
2026-09-16 23:17:00+00:00,4265.01,4266.7,4264.93,4266.66,116,10,0
2026-09-16 23:18:00+00:00,4266.65,4268.18,4266.34,4267.88,131,10,0
2026-09-16 23:19:00+00:00,4267.85,4267.86,4265.16,4266.53,139,10,0
2026-09-16 23:20:00+00:00,4266.52,4266.65,4264.21,4265.26,131,11,0
2026-09-16 23:21:00+00:00,4265.34,4265.9,4263.33,4264.98,146,11,0
2026-09-16 23:22:00+00:00,4265.03,4265.27,4263.5,4263.85,140,11,0
2026-09-16 23:23:00+00:00,4263.9,4263.96,4261.87,4261.9,117,11,0
2026-09-16 23:24:00+00:00,4262.02,4262.71,4260.91,4260.92,129,11,0
2026-09-16 23:25:00+00:00,4261.03,4261.53,4258.65,4259.45,135,11,0
2026-09-16 23:26:00+00:00,4259.46,4259.6,4258.13,4259.09,150,11,0
2026-09-16 23:27:00+00:00,4259.1,4259.89,4258.06,4258.55,125,11,0
2026-09-16 23:28:00+00:00,4258.54,4259.03,4257.74,4257.85,134,11,0
2026-09-16 23:29:00+00:00,4257.86,4260.35,4257.35,4260.35,132,11,0
2026-09-16 23:30:00+00:00,4260.32,4260.45,4258.48,4259.11,143,12,0
2026-09-16 23:31:00+00:00,4258.96,4262.04,4258.96,4262.04,123,11,0
2026-09-16 23:32:00+00:00,4261.71,4261.71,4259.13,4259.39,130,11,0
2026-09-16 23:33:00+00:00,4259.42,4259.68,4258.37,4259.49,114,11,0
2026-09-16 23:34:00+00:00,4259.53,4262.08,4259.45,4261.41,114,11,0
2026-09-16 23:35:00+00:00,4261.44,4262.29,4260.48,4260.5,122,11,0
2026-09-16 23:36:00+00:00,4260.57,4260.81,4259.7,4260.29,91,11,0
2026-09-16 23:37:00+00:00,4260.31,4264.7,4260.31,4264.7,126,11,0
2026-09-16 23:38:00+00:00,4264.71,4264.88,4262.98,4263.87,140,12,0
2026-09-16 23:39:00+00:00,4263.89,4264.92,4263.62,4264.91,100,12,0
2026-09-16 23:40:00+00:00,4264.82,4264.85,4264.05,4264.25,63,17,0
2026-09-16 23:41:00+00:00,4264.45,4265.33,4263.84,4263.96,91,17,0
2026-09-16 23:42:00+00:00,4263.59,4263.61,4261.82,4262.81,99,17,0
2026-09-16 23:43:00+00:00,4263.0,4263.59,4262.11,4262.78,69,17,0
2026-09-16 23:44:00+00:00,4262.78,4262.88,4261.98,4262.33,77,17,0
2026-09-16 23:45:00+00:00,4262.43,4263.97,4262.33,4263.68,87,17,0
2026-09-16 23:46:00+00:00,4263.1,4264.15,4262.97,4263.7,73,17,0
2026-09-16 23:47:00+00:00,4263.95,4265.19,4263.89,4264.22,66,17,0
2026-09-16 23:48:00+00:00,4264.3,4264.68,4264.1,4264.5,62,17,0
2026-09-16 23:49:00+00:00,4264.49,4266.63,4264.44,4265.88,69,17,0
2026-09-16 23:50:00+00:00,4265.78,4265.83,4263.1,4263.1,76,17,0
2026-09-16 23:51:00+00:00,4263.15,4264.0,4262.88,4263.04,75,17,0
2026-09-16 23:52:00+00:00,4262.94,4263.16,4262.57,4262.61,52,17,0
2026-09-16 23:53:00+00:00,4262.53,4263.24,4261.51,4261.51,116,8,0
2026-09-16 23:54:00+00:00,4261.49,4262.92,4261.06,4262.66,128,8,0
2026-09-16 23:55:00+00:00,4262.67,4263.68,4262.49,4262.88,128,8,0
2026-09-16 23:56:00+00:00,4262.89,4263.18,4262.33,4262.88,97,8,0
2026-09-16 23:57:00+00:00,4262.87,4264.11,4262.87,4264.11,94,8,0
2026-09-16 23:58:00+00:00,4264.01,4264.18,4263.11,4264.08,72,17,0
2026-09-16 23:59:00+00:00,4264.08,4264.36,4262.83,4263.34,61,17,0
2026-09-17 01:00:00+00:00,4263.82,4265.06,4260.17,4262.78,157,8,0
2026-09-17 01:01:00+00:00,4261.14,4261.95,4259.42,4260.32,135,17,0
2026-09-17 01:02:00+00:00,4260.39,4262.27,4259.67,4261.63,107,17,0
2026-09-17 01:03:00+00:00,4261.61,4261.95,4260.41,4260.89,68,16,0
2026-09-17 01:04:00+00:00,4260.88,4260.91,4259.39,4260.01,71,15,0
2026-09-17 01:05:00+00:00,4260.23,4262.26,4259.05,4262.1,135,16,0
