time,open,high,low,close,tick_volume,spread,real_volume
2026-07-28 16:15:00+00:00,4032.93,4033.08,4029.67,4030.69,893,10,0
2026-07-28 16:20:00+00:00,4030.71,4035.95,4030.57,4034.49,797,8,0
2026-07-28 16:25:00+00:00,4034.52,4036.06,4028.47,4029.05,854,8,0
2026-07-28 16:30:00+00:00,4029.02,4032.85,4027.54,4031.16,1266,10,0
2026-07-28 16:35:00+00:00,4031.09,4032.7,4021.81,4021.95,1214,8,0
2026-07-28 16:40:00+00:00,4021.96,4025.45,4020.28,4025.31,1147,8,0
2026-07-28 16:45:00+00:00,4025.2,4026.74,4022.01,4025.15,1179,8,0
2026-07-28 16:50:00+00:00,4025.16,4028.9,4024.38,4027.11,1255,10,0
2026-07-28 16:55:00+00:00,4027.09,4027.22,4021.7,4022.11,1072,8,0
2026-07-28 17:00:00+00:00,4022.09,4027.17,4021.86,4026.26,1134,10,0
2026-07-28 17:05:00+00:00,4026.24,4031.21,4025.89,4030.06,1192,8,0
2026-07-28 17:10:00+00:00,4030.06,4033.26,4025.11,4025.59,1093,8,0
2026-07-28 17:15:00+00:00,4025.73,4026.69,4020.28,4020.28,1230,8,0
2026-07-28 17:20:00+00:00,4020.16,4020.79,4011.6,4017.2,1255,8,0
2026-07-28 17:25:00+00:00,4017.35,4022.66,4016.55,4022.28,1235,8,0
2026-07-28 17:30:00+00:00,4022.23,4025.23,4020.19,4020.29,1140,8,0
2026-07-28 17:35:00+00:00,4020.3,4023.59,4019.56,4020.38,1173,8,0
2026-07-28 17:40:00+00:00,4020.33,4024.12,4018.86,4022.7,1126,8,0
2026-07-28 17:45:00+00:00,4022.69,4028.54,4021.23,4028.21,975,8,0
2026-07-28 17:50:00+00:00,4028.26,4029.54,4026.01,4027.67,1039,8,0
2026-07-28 17:55:00+00:00,4027.55,4028.29,4024.51,4024.51,852,8,0
2026-07-28 18:00:00+00:00,4024.46,4029.85,4024.2,4024.92,1000,8,0
2026-07-28 18:05:00+00:00,4024.83,4027.44,4022.22,4027.44,974,8,0
2026-07-28 18:10:00+00:00,4027.96,4036.34,4027.8,4033.69,1306,8,0
2026-07-28 18:15:00+00:00,4033.71,4036.28,4031.94,4035.32,1215,8,0
2026-07-28 18:20:00+00:00,4035.52,4040.91,4035.22,4035.8,1159,8,0
2026-07-28 18:25:00+00:00,4035.82,4040.19,4035.03,4035.38,1064,10,0
2026-07-28 18:30:00+00:00,4035.48,4036.44,4032.47,4033.57,1069,10,0
2026-07-28 18:35:00+00:00,4033.43,4038.46,4032.83,4037.04,963,8,0
2026-07-28 18:40:00+00:00,4036.97,4042.1,4036.79,4041.47,973,8,0
2026-07-28 18:45:00+00:00,4041.4,4045.08,4041.16,4043.61,819,8,0
2026-07-28 18:50:00+00:00,4043.6,4047.03,4041.9,4046.12,810,8,0
2026-07-28 18:55:00+00:00,4046.14,4047.09,4044.84,4046.18,813,8,0
2026-07-28 19:00:00+00:00,4046.46,4046.49,4042.36,4042.68,884,8,0
2026-07-28 19:05:00+00:00,4042.69,4044.78,4042.44,4043.34,638,8,0
2026-07-28 19:10:00+00:00,4043.27,4045.92,4042.24,4044.76,684,8,0
2026-07-28 19:15:00+00:00,4044.67,4045.56,4043.4,4045.35,598,8,0
2026-07-28 19:20:00+00:00,4045.18,4045.84,4043.21,4043.83,637,8,0
2026-07-28 19:25:00+00:00,4043.83,4044.95,4042.08,4042.22,532,8,0
2026-07-28 19:30:00+00:00,4042.2,4043.84,4041.17,4042.91,654,8,0
2026-07-28 19:35:00+00:00,4042.94,4043.72,4041.46,4041.94,541,8,0
2026-07-28 19:40:00+00:00,4041.91,4043.29,4040.41,4040.54,661,8,0
2026-07-28 19:45:00+00:00,4040.43,4041.11,4037.59,4037.9,776,8,0
2026-07-28 19:50:00+00:00,4037.82,4038.42,4037.15,4038.36,652,8,0
2026-07-28 19:55:00+00:00,4038.37,4038.4,4036.66,4037.56,461,8,0
2026-07-28 20:00:00+00:00,4037.65,4039.97,4037.42,4039.9,553,8,0
2026-07-28 20:05:00+00:00,4039.95,4041.08,4038.15,4038.46,657,8,0
2026-07-28 20:10:00+00:00,4038.47,4038.85,4035.56,4037.0,729,8,0
2026-07-28 20:15:00+00:00,4037.01,4037.04,4035.5,4035.55,646,8,0
2026-07-28 20:20:00+00:00,4035.51,4041.46,4035.27,4036.52,903,8,0
2026-07-28 20:25:00+00:00,4036.49,4039.67,4035.94,4037.5,818,8,0
2026-07-28 20:30:00+00:00,4037.56,4037.86,4034.48,4035.02,745,8,0
2026-07-28 20:35:00+00:00,4034.98,4035.15,4031.24,4031.54,598,8,0
2026-07-28 20:40:00+00:00,4031.58,4031.58,4027.69,4028.32,630,8,0
2026-07-28 20:45:00+00:00,4028.28,4029.59,4025.88,4029.3,725,8,0
2026-07-28 20:50:00+00:00,4029.49,4029.49,4026.01,4026.5,549,8,0
2026-07-28 20:55:00+00:00,4026.45,4028.17,4025.99,4027.86,664,8,0
2026-07-28 21:00:00+00:00,4027.93,4029.59,4027.1,4029.5,752,8,0
2026-07-28 21:05:00+00:00,4029.52,4030.46,4028.95,4029.82,682,8,0
2026-07-28 21:10:00+00:00,4029.75,4030.07,4027.73,4028.34,676,8,0
2026-07-28 21:15:00+00:00,4028.33,4030.06,4027.99,4028.59,745,8,0
2026-07-28 21:20:00+00:00,4028.55,4028.96,4026.56,4026.85,682,8,0
2026-07-28 21:25:00+00:00,4026.78,4027.7,4025.9,4027.17,811,8,0
2026-07-28 21:30:00+00:00,4027.21,4027.54,4024.09,4024.41,815,8,0
2026-07-28 21:35:00+00:00,4024.4,4024.74,4023.04,4023.91,736,8,0
2026-07-28 21:40:00+00:00,4023.9,4025.08,4023.25,4024.22,611,8,0
2026-07-28 21:45:00+00:00,4024.26,4026.12,4023.47,4024.12,543,8,0
2026-07-28 21:50:00+00:00,4024.12,4024.64,4022.44,4022.91,693,8,0
2026-07-28 21:55:00+00:00,4022.89,4023.2,4021.7,4022.99,645,8,0
2026-07-28 22:00:00+00:00,4022.95,4024.72,4022.33,4024.36,736,8,0
2026-07-28 22:05:00+00:00,4024.39,4025.78,4023.6,4024.8,741,8,0
2026-07-28 22:10:00+00:00,4024.82,4024.91,4023.68,4024.15,378,8,0
2026-07-28 22:15:00+00:00,4024.16,4025.18,4023.92,4024.04,350,8,0
2026-07-28 22:20:00+00:00,4023.84,4024.25,4022.86,4023.06,497,8,0
2026-07-28 22:25:00+00:00,4023.16,4023.7,4021.97,4023.3,476,8,0
2026-07-28 22:30:00+00:00,4023.37,4027.72,4023.37,4027.57,563,8,0
2026-07-28 22:35:00+00:00,4027.62,4027.62,4024.39,4024.74,474,8,0
2026-07-28 22:40:00+00:00,4024.83,4026.21,4024.82,4026.21,567,8,0
2026-07-28 22:45:00+00:00,4026.49,4027.51,4026.25,4026.6,536,8,0
2026-07-28 22:50:00+00:00,4026.58,4028.01,4025.34,4027.48,466,8,0
2026-07-28 22:55:00+00:00,4027.37,4028.07,4026.18,4026.69,829,8,0
2026-07-28 23:00:00+00:00,4026.47,4026.47,4023.07,4023.25,382,8,0
2026-07-28 23:05:00+00:00,4023.51,4024.25,4022.58,4023.25,378,8,0
2026-07-28 23:10:00+00:00,4023.19,4024.74,4023.02,4023.75,228,8,0
2026-07-28 23:15:00+00:00,4023.76,4026.79,4023.71,4026.56,193,8,0
2026-07-28 23:20:00+00:00,4026.57,4026.72,4025.66,4026.07,163,8,0
2026-07-28 23:25:00+00:00,4026.13,4027.86,4025.98,4027.4,187,8,0
2026-07-28 23:30:00+00:00,4027.42,4028.59,4027.42,4028.29,194,8,0
2026-07-28 23:35:00+00:00,4028.25,4029.98,4027.59,4027.85,266,8,0
2026-07-28 23:40:00+00:00,4028.06,4030.26,4028.06,4029.98,222,8,0
2026-07-28 23:45:00+00:00,4030.1,4030.52,4027.47,4027.49,221,18,0
2026-07-28 23:50:00+00:00,4027.48,4028.66,4026.58,4028.44,137,26,0
2026-07-28 23:55:00+00:00,4028.07,4029.33,4027.99,4028.59,88,26,0
2026-07-29 01:00:00+00:00,4027.48,4029.97,4025.49,4026.49,231,26,0
2026-07-29 01:05:00+00:00,4026.88,4027.41,4026.01,4027.01,182,10,0
2026-07-29 01:10:00+00:00,4027.03,4028.08,4024.43,4024.45,306,14,0
2026-07-29 01:15:00+00:00,4024.8,4025.15,4022.31,4022.34,299,14,0
2026-07-29 01:20:00+00:00,4022.2,4023.43,4017.3,4017.81,416,14,0
2026-07-29 01:25:00+00:00,4017.85,4021.18,4017.4,4020.93,460,14,0
2026-07-29 01:30:00+00:00,4020.95,4021.22,4013.91,4017.48,598,14,0
2026-07-29 01:35:00+00:00,4017.44,4017.44,4014.16,4015.07,536,14,0
2026-07-29 01:40:00+00:00,4015.09,4018.72,4015.09,4018.35,396,10,0
2026-07-29 01:45:00+00:00,4018.21,4018.28,4015.33,4016.78,671,14,0
2026-07-29 01:50:00+00:00,4017.03,4019.01,4016.19,4017.76,510,14,0
2026-07-29 01:55:00+00:00,4017.77,4019.69,4017.63,4018.3,427,14,0
2026-07-29 02:00:00+00:00,4018.35,4018.78,4016.41,4017.18,522,14,0
2026-07-29 02:05:00+00:00,4017.03,4019.38,4016.37,4018.08,570,14,0
2026-07-29 02:10:00+00:00,4018.09,4023.15,4018.06,4021.9,568,14,0
2026-07-29 02:15:00+00:00,4022.02,4022.12,4015.64,4016.47,607,14,0
2026-07-29 02:20:00+00:00,4016.37,4019.6,4016.37,4019.17,543,14,0
2026-07-29 02:25:00+00:00,4019.27,4019.36,4015.1,4018.58,517,10,0
2026-07-29 02:30:00+00:00,4019.13,4019.89,4017.4,4018.37,486,14,0
2026-07-29 02:35:00+00:00,4018.25,4020.39,4018.21,4018.91,412,14,0
2026-07-29 02:40:00+00:00,4019.23,4023.48,4018.21,4023.05,442,14,0
2026-07-29 02:45:00+00:00,4023.03,4023.25,4019.02,4022.44,986,14,0
2026-07-29 02:50:00+00:00,4022.71,4024.5,4020.89,4023.68,798,10,0
2026-07-29 02:55:00+00:00,4023.75,4026.34,4022.96,4025.0,600,10,0
2026-07-29 03:00:00+00:00,4024.04,4024.27,4017.57,4021.65,944,8,0
2026-07-29 03:05:00+00:00,4021.76,4024.3,4017.98,4018.02,772,10,0
2026-07-29 03:10:00+00:00,4017.75,4022.01,4017.69,4020.61,654,10,0
2026-07-29 03:15:00+00:00,4020.55,4026.33,4020.55,4025.27,665,10,0
2026-07-29 03:20:00+00:00,4024.69,4029.71,4023.78,4024.95,811,8,0
2026-07-29 03:25:00+00:00,4024.98,4026.74,4022.38,4022.65,815,8,0
2026-07-29 03:30:00+00:00,4022.66,4025.18,4021.58,4024.49,748,8,0
2026-07-29 03:35:00+00:00,4024.54,4027.7,4023.46,4024.69,601,10,0
2026-07-29 03:40:00+00:00,4024.62,4026.13,4024.21,4025.94,560,10,0
2026-07-29 03:45:00+00:00,4025.79,4025.95,4021.04,4021.15,706,8,0
2026-07-29 03:50:00+00:00,4021.17,4024.06,4021.05,4023.93,920,8,0
2026-07-29 03:55:00+00:00,4023.83,4023.97,4020.43,4021.93,744,8,0
2026-07-29 04:00:00+00:00,4021.72,4021.72,4010.32,4012.04,1180,8,0
2026-07-29 04:05:00+00:00,4011.91,4015.68,4010.63,4015.16,993,8,0
2026-07-29 04:10:00+00:00,4015.19,4017.6,4011.68,4013.07,932,10,0
2026-07-29 04:15:00+00:00,4012.98,4016.6,4011.66,4016.39,924,8,0
2026-07-29 04:20:00+00:00,4016.42,4017.61,4013.81,4015.35,930,8,0
2026-07-29 04:25:00+00:00,4015.31,4020.25,4014.35,4018.36,753,10,0
2026-07-29 04:30:00+00:00,4018.32,4024.31,4015.04,4023.82,1028,8,0
2026-07-29 04:35:00+00:00,4024.01,4030.57,4022.63,4029.34,1061,10,0
2026-07-29 04:40:00+00:00,4029.33,4030.37,4025.79,4027.64,909,8,0
2026-07-29 04:45:00+00:00,4027.62,4028.25,4024.34,4024.77,784,8,0
2026-07-29 04:50:00+00:00,4024.66,4025.87,4021.89,4023.18,872,8,0
2026-07-29 04:55:00+00:00,4023.22,4026.02,4022.97,4025.89,782,8,0
2026-07-29 05:00:00+00:00,4025.92,4029.18,4025.47,4027.55,877,10,0
2026-07-29 05:05:00+00:00,4027.52,4028.17,4023.08,4025.25,787,10,0
2026-07-29 05:10:00+00:00,4025.27,4028.24,4025.04,4028.24,854,8,0
2026-07-29 05:15:00+00:00,4028.15,4030.21,4026.34,4027.29,488,10,0
2026-07-29 05:20:00+00:00,4027.32,4035.34,4026.78,4033.31,680,8,0
2026-07-29 05:25:00+00:00,4033.32,4035.25,4030.96,4033.01,598,8,0
2026-07-29 05:30:00+00:00,4033.06,4036.73,4030.72,4031.48,865,8,0
2026-07-29 05:35:00+00:00,4031.36,4034.93,4031.16,4034.93,626,10,0
2026-07-29 05:40:00+00:00,4035.16,4037.89,4034.43,4034.99,658,10,0
2026-07-29 05:45:00+00:00,4034.84,4035.26,4032.41,4032.69,640,10,0
2026-07-29 05:50:00+00:00,4032.55,4033.35,4029.19,4029.92,631,10,0
2026-07-29 05:55:00+00:00,4029.94,4032.27,4029.57,4029.57,433,10,0
2026-07-29 06:00:00+00:00,4029.25,4031.21,4028.16,4028.67,585,10,0
2026-07-29 06:05:00+00:00,4028.89,4032.73,4028.42,4029.48,785,8,0
2026-07-29 06:10:00+00:00,4029.2,4030.78,4027.38,4027.75,535,8,0
2026-07-29 06:15:00+00:00,4027.72,4028.85,4026.24,4028.13,502,10,0
2026-07-29 06:20:00+00:00,4028.04,4028.42,4026.06,4026.43,445,10,0
2026-07-29 06:25:00+00:00,4026.36,4028.22,4025.62,4026.9,423,8,0
2026-07-29 06:30:00+00:00,4026.98,4027.0,4024.67,4026.84,443,8,0
2026-07-29 06:35:00+00:00,4026.75,4029.48,4026.26,4027.24,351,8,0
2026-07-29 06:40:00+00:00,4027.23,4027.24,4025.17,4026.06,351,8,0
2026-07-29 06:45:00+00:00,4026.08,4026.9,4025.62,4026.17,264,10,0
2026-07-29 06:50:00+00:00,4025.94,4026.42,4024.12,4024.33,283,8,0
2026-07-29 06:55:00+00:00,4024.34,4024.51,4023.23,4023.61,303,8,0
2026-07-29 07:00:00+00:00,4023.64,4024.97,4021.75,4022.6,467,8,0
2026-07-29 07:05:00+00:00,4022.64,4023.19,4021.41,4022.97,357,8,0
2026-07-29 07:10:00+00:00,4022.72,4023.07,4021.37,4021.91,310,8,0
2026-07-29 07:15:00+00:00,4021.92,4022.31,4020.67,4021.85,358,8,0
2026-07-29 07:20:00+00:00,4021.93,4024.16,4021.62,4023.99,349,8,0
2026-07-29 07:25:00+00:00,4023.94,4025.59,4022.92,4023.51,371,10,0
2026-07-29 07:30:00+00:00,4023.53,4026.95,4023.45,4026.56,349,8,0
2026-07-29 07:35:00+00:00,4026.58,4026.58,4024.8,4024.98,410,10,0
2026-07-29 07:40:00+00:00,4024.99,4027.34,4024.86,4027.22,452,8,0
2026-07-29 07:45:00+00:00,4027.11,4027.35,4023.57,4023.97,712,8,0
2026-07-29 07:50:00+00:00,4023.89,4026.87,4023.89,4026.62,532,10,0
2026-07-29 07:55:00+00:00,4026.66,4027.65,4026.12,4027.36,344,8,0
2026-07-29 08:00:00+00:00,4027.47,4029.51,4026.7,4029.01,453,10,0
2026-07-29 08:05:00+00:00,4029.04,4029.16,4027.06,4027.41,379,10,0
2026-07-29 08:10:00+00:00,4027.4,4031.69,4026.8,4030.47,491,8,0
2026-07-29 08:15:00+00:00,4030.32,4030.32,4027.57,4027.81,505,10,0
2026-07-29 08:20:00+00:00,4027.8,4031.03,4027.15,4030.76,350,10,0
2026-07-29 08:25:00+00:00,4030.79,4031.22,4029.88,4030.54,327,10,0
2026-07-29 08:30:00+00:00,4030.53,4034.47,4030.07,4031.99,895,8,0
2026-07-29 08:35:00+00:00,4032.05,4032.98,4029.92,4031.81,601,10,0
2026-07-29 08:40:00+00:00,4031.74,4039.6,4031.28,4039.22,723,8,0
2026-07-29 08:45:00+00:00,4039.17,4040.05,4033.83,4033.89,676,8,0
2026-07-29 08:50:00+00:00,4033.84,4036.11,4033.39,4033.89,658,10,0
2026-07-29 08:55:00+00:00,4033.82,4034.87,4031.65,4033.06,595,8,0
2026-07-29 09:00:00+00:00,4033.09,4037.65,4032.96,4037.64,1062,8,0
2026-07-29 09:05:00+00:00,4037.47,4037.6,4034.75,4035.0,600,10,0
2026-07-29 09:10:00+00:00,4035.03,4038.27,4034.43,4037.42,515,10,0
2026-07-29 09:15:00+00:00,4037.38,4040.1,4037.29,4038.16,581,8,0
2026-07-29 09:20:00+00:00,4038.15,4043.01,4035.85,4041.1,564,10,0
2026-07-29 09:25:00+00:00,4041.01,4041.78,4040.38,4040.88,537,10,0
2026-07-29 09:30:00+00:00,4040.99,4043.7,4040.86,4043.7,620,8,0
2026-07-29 09:35:00+00:00,4043.66,4044.76,4042.12,4043.24,622,8,0
2026-07-29 09:40:00+00:00,4043.25,4043.94,4041.54,4042.81,446,8,0
2026-07-29 09:45:00+00:00,4042.98,4042.98,4039.78,4040.19,380,8,0
2026-07-29 09:50:00+00:00,4040.2,4042.5,4039.94,4041.23,606,10,0
2026-07-29 09:55:00+00:00,4041.1,4042.32,4040.64,4041.13,475,10,0
2026-07-29 10:00:00+00:00,4041.16,4044.34,4041.12,4042.11,563,8,0
2026-07-29 10:05:00+00:00,4042.27,4044.84,4042.05,4044.71,662,8,0
2026-07-29 10:10:00+00:00,4044.7,4046.53,4044.6,4045.4,435,8,0
2026-07-29 10:15:00+00:00,4045.34,4046.02,4044.21,4045.56,459,8,0
2026-07-29 10:20:00+00:00,4045.58,4047.76,4045.37,4046.96,458,8,0
2026-07-29 10:25:00+00:00,4046.8,4047.17,4044.68,4045.92,493,8,0
2026-07-29 10:30:00+00:00,4046.01,4046.8,4044.81,4045.67,633,8,0
2026-07-29 10:35:00+00:00,4045.74,4047.51,4045.72,4045.88,610,8,0
2026-07-29 10:40:00+00:00,4045.92,4047.53,4045.76,4046.02,422,8,0
2026-07-29 10:45:00+00:00,4046.01,4046.9,4044.31,4044.66,426,8,0
2026-07-29 10:50:00+00:00,4044.62,4044.73,4042.79,4043.42,357,8,0
2026-07-29 10:55:00+00:00,4043.39,4044.21,4042.71,4043.81,291,8,0
2026-07-29 11:00:00+00:00,4043.82,4044.41,4042.68,4043.93,515,8,0
2026-07-29 11:05:00+00:00,4043.77,4043.91,4040.67,4041.07,415,8,0
2026-07-29 11:10:00+00:00,4041.34,4042.43,4039.12,4039.15,472,8,0
2026-07-29 11:15:00+00:00,4039.19,4042.17,4039.19,4040.8,399,10,0
2026-07-29 11:20:00+00:00,4040.79,4040.79,4037.37,4037.73,359,8,0
2026-07-29 11:25:00+00:00,4037.62,4038.1,4035.72,4037.31,492,8,0
2026-07-29 11:30:00+00:00,4037.29,4037.99,4035.79,4036.12,495,8,0
2026-07-29 11:35:00+00:00,4036.13,4039.01,4036.08,4037.96,365,8,0
2026-07-29 11:40:00+00:00,4037.97,4039.21,4037.73,4038.22,328,8,0
2026-07-29 11:45:00+00:00,4038.21,4039.91,4037.52,4037.64,364,8,0
2026-07-29 11:50:00+00:00,4037.69,4040.11,4037.19,4039.23,503,8,0
2026-07-29 11:55:00+00:00,4039.22,4039.54,4037.1,4037.61,312,8,0
2026-07-29 12:00:00+00:00,4037.74,4038.34,4036.34,4037.36,454,8,0
2026-07-29 12:05:00+00:00,4037.29,4037.97,4035.93,4037.82,440,8,0
2026-07-29 12:10:00+00:00,4037.84,4037.94,4035.57,4036.4,427,8,0
2026-07-29 12:15:00+00:00,4036.36,4037.62,4036.01,4037.1,399,8,0
2026-07-29 12:20:00+00:00,4037.08,4037.11,4033.78,4034.72,499,8,0
2026-07-29 12:25:00+00:00,4034.75,4034.81,4033.51,4033.76,346,8,0
2026-07-29 12:30:00+00:00,4033.91,4034.61,4031.31,4033.88,553,8,0
2026-07-29 12:35:00+00:00,4033.97,4034.91,4032.65,4032.93,338,8,0
2026-07-29 12:40:00+00:00,4032.97,4035.05,4032.44,4034.4,460,8,0
2026-07-29 12:45:00+00:00,4034.41,4035.84,4034.16,4035.75,353,8,0
2026-07-29 12:50:00+00:00,4035.68,4036.4,4034.97,4035.38,288,8,0
2026-07-29 12:55:00+00:00,4035.31,4035.31,4032.01,4032.57,403,8,0
2026-07-29 13:00:00+00:00,4032.64,4033.93,4032.04,4033.21,437,8,0
2026-07-29 13:05:00+00:00,4033.21,4034.09,4031.14,4032.73,567,8,0
2026-07-29 13:10:00+00:00,4032.9,4033.54,4030.93,4031.89,391,8,0
2026-07-29 13:15:00+00:00,4031.86,4032.25,4030.27,4032.23,402,8,0
2026-07-29 13:20:00+00:00,4032.31,4032.84,4031.16,4031.45,255,10,0
2026-07-29 13:25:00+00:00,4031.39,4033.34,4030.18,4033.29,279,8,0
2026-07-29 13:30:00+00:00,4033.15,4034.39,4032.16,4032.22,289,8,0
2026-07-29 13:35:00+00:00,4032.19,4032.6,4028.89,4029.19,341,8,0
2026-07-29 13:40:00+00:00,4029.21,4029.5,4026.31,4027.41,433,8,0
2026-07-29 13:45:00+00:00,4027.41,4027.94,4026.54,4027.75,291,8,0
2026-07-29 13:50:00+00:00,4027.78,4028.68,4026.12,4026.84,358,8,0
2026-07-29 13:55:00+00:00,4026.87,4027.72,4026.18,4027.57,391,8,0
2026-07-29 14:00:00+00:00,4027.52,4029.47,4027.06,4028.06,491,8,0
2026-07-29 14:05:00+00:00,4027.95,4028.32,4024.98,4026.01,483,8,0
2026-07-29 14:10:00+00:00,4026.1,4029.72,4026.1,4029.7,341,8,0
2026-07-29 14:15:00+00:00,4029.71,4032.81,4028.47,4032.62,387,8,0
2026-07-29 14:20:00+00:00,4032.66,4033.25,4031.96,4032.5,310,8,0
2026-07-29 14:25:00+00:00,4032.54,4033.52,4031.76,4032.81,275,10,0
2026-07-29 14:30:00+00:00,4032.84,4033.02,4031.29,4031.85,236,10,0
2026-07-29 14:35:00+00:00,4031.77,4032.15,4030.21,4031.9,254,8,0
2026-07-29 14:40:00+00:00,4031.8,4032.28,4030.74,4030.98,255,10,0
2026-07-29 14:45:00+00:00,4031.0,4036.15,4030.6,4034.69,550,8,0
2026-07-29 14:50:00+00:00,4034.63,4034.79,4031.99,4032.19,488,8,0
2026-07-29 14:55:00+00:00,4032.15,4032.82,4031.22,4032.82,389,8,0
2026-07-29 15:00:00+00:00,4032.85,4033.42,4030.45,4030.58,532,8,0
2026-07-29 15:05:00+00:00,4030.58,4031.33,4028.76,4030.11,482,8,0
2026-07-29 15:10:00+00:00,4030.06,4030.99,4026.31,4027.05,468,8,0
2026-07-29 15:15:00+00:00,4027.1,4027.61,4019.47,4020.44,1101,8,0
2026-07-29 15:20:00+00:00,4019.15,4020.34,4014.42,4015.83,1056,8,0
2026-07-29 15:25:00+00:00,4016.15,4017.54,4012.63,4013.24,987,8,0
2026-07-29 15:30:00+00:00,4013.24,4018.66,4009.14,4018.35,899,8,0
2026-07-29 15:35:00+00:00,4018.32,4022.46,4017.01,4021.51,782,8,0
2026-07-29 15:40:00+00:00,4021.62,4022.02,4017.39,4020.97,797,8,0
2026-07-29 15:45:00+00:00,4020.77,4023.14,4019.51,4020.25,673,8,0
2026-07-29 15:50:00+00:00,4020.12,4022.25,4018.95,4021.76,713,8,0
2026-07-29 15:55:00+00:00,4021.69,4023.68,4021.09,4022.73,609,8,0
2026-07-29 16:00:00+00:00,4022.67,4026.38,4018.77,4018.81,1074,8,0
2026-07-29 16:05:00+00:00,4018.78,4019.33,4015.45,4016.23,991,8,0
2026-07-29 16:10:00+00:00,4016.16,4018.81,4015.05,4015.69,863,8,0
2026-07-29 16:15:00+00:00,4015.68,4018.51,4014.23,4017.07,853,8,0
2026-07-29 16:20:00+00:00,4017.05,4023.16,4015.73,4020.47,899,8,0
2026-07-29 16:25:00+00:00,4020.65,4023.06,4013.83,4014.67,874,8,0
2026-07-29 16:30:00+00:00,4014.57,4017.21,4010.21,4016.6,1228,8,0
2026-07-29 16:35:00+00:00,4016.42,4017.43,4014.23,4016.3,1169,8,0
2026-07-29 16:40:00+00:00,4016.34,4016.35,4013.02,4013.67,1181,8,0
2026-07-29 16:45:00+00:00,4013.35,4016.03,4011.17,4015.13,1211,8,0
2026-07-29 16:50:00+00:00,4015.09,4015.18,4006.7,4009.32,1152,8,0
2026-07-29 16:55:00+00:00,4009.2,4009.2,4002.54,4007.16,1182,8,0
2026-07-29 17:00:00+00:00,4007.27,4008.72,4001.14,4005.91,1250,8,0
2026-07-29 17:05:00+00:00,4005.92,4006.71,3998.9,3999.64,1127,8,0
2026-07-29 17:10:00+00:00,3999.59,4001.29,3995.99,3999.1,1115,8,0
2026-07-29 17:15:00+00:00,3999.16,4009.1,3998.92,4007.77,1144,8,0
2026-07-29 17:20:00+00:00,4007.83,4010.1,4006.57,4009.77,1057,8,0
2026-07-29 17:25:00+00:00,4009.69,4009.78,4003.54,4005.39,1011,8,0
2026-07-29 17:30:00+00:00,4005.4,4009.21,4004.1,4007.95,1023,8,0
2026-07-29 17:35:00+00:00,4007.95,4008.36,4003.09,4004.38,976,8,0
2026-07-29 17:40:00+00:00,4004.37,4006.57,3999.02,4001.23,974,8,0
2026-07-29 17:45:00+00:00,4001.13,4002.51,3998.37,4001.61,1114,8,0
2026-07-29 17:50:00+00:00,4001.56,4005.7,4000.46,4005.39,1081,8,0
2026-07-29 17:55:00+00:00,4005.36,4005.83,4002.39,4004.87,996,8,0
2026-07-29 18:00:00+00:00,4004.88,4008.87,4003.36,4008.35,1000,8,0
2026-07-29 18:05:00+00:00,4008.35,4009.83,4006.61,4009.8,945,8,0
2026-07-29 18:10:00+00:00,4009.69,4009.75,4005.8,4006.93,811,8,0
2026-07-29 18:15:00+00:00,4006.84,4008.62,4005.04,4005.14,731,8,0
2026-07-29 18:20:00+00:00,4005.06,4010.19,4003.77,4009.94,931,8,0
2026-07-29 18:25:00+00:00,4009.98,4011.31,4008.02,4010.55,832,8,0
2026-07-29 18:30:00+00:00,4010.57,4013.52,4009.76,4010.36,838,8,0
2026-07-29 18:35:00+00:00,4010.29,4012.47,4008.09,4008.78,820,8,0
2026-07-29 18:40:00+00:00,4008.51,4010.63,4007.13,4010.63,759,8,0
2026-07-29 18:45:00+00:00,4010.29,4012.78,4009.51,4012.65,640,8,0
2026-07-29 18:50:00+00:00,4012.62,4013.87,4010.86,4011.67,683,8,0
2026-07-29 18:55:00+00:00,4011.88,4011.93,4008.41,4009.87,721,8,0
2026-07-29 19:00:00+00:00,4009.83,4011.77,4007.64,4009.38,740,8,0
2026-07-29 19:05:00+00:00,4009.48,4015.61,4008.8,4014.82,740,8,0
2026-07-29 19:10:00+00:00,4014.87,4015.71,4009.57,4009.6,706,8,0
2026-07-29 19:15:00+00:00,4009.45,4011.61,4007.98,4011.28,610,8,0
2026-07-29 19:20:00+00:00,4011.33,4017.55,4010.94,4015.15,772,8,0
2026-07-29 19:25:00+00:00,4015.1,4017.21,4015.06,4016.71,671,8,0
2026-07-29 19:30:00+00:00,4016.67,4019.04,4015.02,4017.14,734,8,0
2026-07-29 19:35:00+00:00,4017.11,4018.28,4015.18,4016.86,666,8,0
2026-07-29 19:40:00+00:00,4016.87,4017.7,4015.9,4017.08,671,8,0
2026-07-29 19:45:00+00:00,4017.05,4018.11,4015.35,4017.88,657,8,0
2026-07-29 19:50:00+00:00,4017.91,4025.65,4017.69,4025.65,893,8,0
2026-07-29 19:55:00+00:00,4025.66,4032.84,4025.12,4027.29,1156,8,0
2026-07-29 20:00:00+00:00,4027.34,4037.09,4027.31,4036.24,1073,8,0
2026-07-29 20:05:00+00:00,4036.23,4041.24,4035.12,4038.66,1002,8,0
2026-07-29 20:10:00+00:00,4038.67,4051.31,4037.11,4042.12,1096,8,0
2026-07-29 20:15:00+00:00,4042.11,4047.94,4040.86,4044.68,1133,8,0
2026-07-29 20:20:00+00:00,4044.58,4049.77,4044.12,4046.65,1162,8,0
2026-07-29 20:25:00+00:00,4046.7,4047.5,4037.31,4039.27,1150,8,0
2026-07-29 20:30:00+00:00,4039.36,4042.52,4037.62,4039.41,1088,8,0
2026-07-29 20:35:00+00:00,4039.42,4042.08,4036.9,4041.5,990,8,0
2026-07-29 20:40:00+00:00,4041.51,4046.8,4040.73,4045.15,1037,8,0
2026-07-29 20:45:00+00:00,4045.3,4047.52,4044.36,4046.72,959,8,0
2026-07-29 20:50:00+00:00,4046.73,4046.75,4043.87,4044.11,899,8,0
2026-07-29 20:55:00+00:00,4044.09,4044.49,4040.72,4044.08,589,8,0
2026-07-29 21:00:00+00:00,4044.03,4084.79,4042.63,4065.79,1159,10,0
2026-07-29 21:05:00+00:00,4065.99,4082.29,4065.6,4075.76,1337,10,0
2026-07-29 21:10:00+00:00,4075.74,4085.26,4071.16,4080.28,1306,10,0
2026-07-29 21:15:00+00:00,4080.25,4083.02,4071.26,4071.76,1295,12,0
2026-07-29 21:20:00+00:00,4071.91,4073.21,4066.44,4066.6,1227,10,0
2026-07-29 21:25:00+00:00,4066.55,4068.14,4063.86,4067.78,1176,10,0
2026-07-29 21:30:00+00:00,4067.73,4072.71,4052.28,4059.76,1290,12,0
2026-07-29 21:35:00+00:00,4059.77,4072.55,4053.75,4071.11,1366,10,0
2026-07-29 21:40:00+00:00,4071.04,4086.81,4069.88,4083.27,1340,10,0
2026-07-29 21:45:00+00:00,4083.42,4100.89,4081.97,4099.46,1326,10,0
2026-07-29 21:50:00+00:00,4099.44,4108.95,4092.71,4103.99,1304,10,0
2026-07-29 21:55:00+00:00,4104.06,4109.35,4101.21,4107.13,1278,10,0
2026-07-29 22:00:00+00:00,4106.98,4116.46,4102.07,4103.13,1298,10,0
2026-07-29 22:05:00+00:00,4103.38,4105.62,4093.79,4096.79,1313,10,0
2026-07-29 22:10:00+00:00,4096.72,4102.22,4089.99,4099.7,1308,10,0
2026-07-29 22:15:00+00:00,4099.53,4104.56,4097.54,4098.44,1276,10,0
2026-07-29 22:20:00+00:00,4099.06,4099.16,4085.14,4087.3,1339,10,0
2026-07-29 22:25:00+00:00,4087.21,4087.76,4081.0,4083.14,1315,8,0
2026-07-29 22:30:00+00:00,4083.26,4088.35,4067.18,4073.43,1315,8,0
2026-07-29 22:35:00+00:00,4073.42,4075.22,4065.42,4069.9,1303,8,0
2026-07-29 22:40:00+00:00,4069.88,4074.08,4066.04,4070.02,1312,8,0
2026-07-29 22:45:00+00:00,4070.07,4072.75,4066.6,4072.25,1326,8,0
2026-07-29 22:50:00+00:00,4072.15,4072.15,4061.93,4062.38,1178,8,0
2026-07-29 22:55:00+00:00,4062.35,4062.35,4044.32,4044.66,1235,8,0
2026-07-29 23:00:00+00:00,4044.72,4052.8,4042.89,4052.79,1241,8,0
2026-07-29 23:05:00+00:00,4052.72,4053.69,4049.16,4052.75,1078,8,0
2026-07-29 23:10:00+00:00,4052.8,4055.88,4049.09,4051.96,977,8,0
2026-07-29 23:15:00+00:00,4051.85,4051.87,4047.65,4049.15,835,8,0
2026-07-29 23:20:00+00:00,4049.3,4050.69,4043.89,4048.94,837,8,0
2026-07-29 23:25:00+00:00,4048.93,4057.32,4048.31,4055.69,763,8,0
2026-07-29 23:30:00+00:00,4055.71,4059.87,4054.01,4059.26,654,8,0
2026-07-29 23:35:00+00:00,4059.31,4063.62,4058.25,4063.57,753,8,0
2026-07-29 23:40:00+00:00,4063.56,4068.99,4063.3,4066.97,535,11,0
2026-07-29 23:45:00+00:00,4067.13,4069.99,4065.54,4066.14,337,28,0
2026-07-29 23:50:00+00:00,4066.22,4066.45,4063.32,4064.73,296,28,0
2026-07-29 23:55:00+00:00,4064.69,4068.58,4064.14,4066.34,252,28,0
2026-07-30 01:00:00+00:00,4068.59,4075.18,4063.47,4073.35,551,16,0
2026-07-30 01:05:00+00:00,4072.71,4073.67,4063.95,4068.67,699,16,0
2026-07-30 01:10:00+00:00,4068.75,4077.87,4068.75,4076.66,554,18,0
2026-07-30 01:15:00+00:00,4076.34,4077.54,4073.8,4074.76,612,14,0
2026-07-30 01:20:00+00:00,4074.77,4075.31,4072.99,4074.91,499,10,0
2026-07-30 01:25:00+00:00,4074.92,4075.21,4072.49,4074.91,591,10,0
2026-07-30 01:30:00+00:00,4074.92,4075.98,4072.87,4075.43,661,10,0
2026-07-30 01:35:00+00:00,4075.58,4078.86,4075.44,4075.88,560,8,0
2026-07-30 01:40:00+00:00,4075.87,4081.34,4075.55,4081.27,574,8,0
2026-07-30 01:45:00+00:00,4081.3,4085.47,4079.72,4084.93,681,10,0
2026-07-30 01:50:00+00:00,4084.83,4085.81,4083.7,4085.42,494,10,0
2026-07-30 01:55:00+00:00,4085.39,4090.96,4085.2,4088.89,578,8,0
2026-07-30 02:00:00+00:00,4088.67,4095.93,4088.67,4095.63,665,8,0
2026-07-30 02:05:00+00:00,4095.68,4100.78,4094.66,4096.83,617,8,0
2026-07-30 02:10:00+00:00,4096.86,4097.41,4091.07,4092.05,625,8,0
2026-07-30 02:15:00+00:00,4092.08,4094.76,4090.94,4093.91,578,10,0
2026-07-30 02:20:00+00:00,4093.9,4095.32,4092.34,4092.72,616,8,0
2026-07-30 02:25:00+00:00,4092.67,4094.63,4091.24,4093.9,524,10,0
2026-07-30 02:30:00+00:00,4094.1,4094.48,4091.17,4093.28,547,10,0
2026-07-30 02:35:00+00:00,4093.35,4094.97,4092.5,4092.65,414,10,0
2026-07-30 02:40:00+00:00,4092.69,4092.75,4089.71,4090.64,792,10,0
2026-07-30 02:45:00+00:00,4090.54,4093.56,4089.19,4091.3,984,8,0
2026-07-30 02:50:00+00:00,4091.32,4093.23,4086.79,4087.66,1009,10,0
2026-07-30 02:55:00+00:00,4087.69,4088.81,4084.91,4085.06,877,8,0
2026-07-30 03:00:00+00:00,4084.6,4087.1,4079.94,4080.81,1102,8,0
2026-07-30 03:05:00+00:00,4080.79,4085.4,4080.46,4082.69,1086,8,0
2026-07-30 03:10:00+00:00,4082.67,4082.98,4079.2,4081.49,1040,10,0
2026-07-30 03:15:00+00:00,4081.37,4083.69,4077.55,4077.57,1106,8,0
2026-07-30 03:20:00+00:00,4077.52,4080.77,4075.5,4080.58,962,8,0
2026-07-30 03:25:00+00:00,4080.61,4080.81,4072.87,4075.34,1044,8,0
2026-07-30 03:30:00+00:00,4075.38,4076.99,4071.75,4072.25,940,8,0
2026-07-30 03:35:00+00:00,4072.18,4073.33,4068.33,4069.39,870,10,0
2026-07-30 03:40:00+00:00,4069.4,4071.12,4065.12,4066.12,934,8,0
2026-07-30 03:45:00+00:00,4066.08,4068.25,4065.06,4066.83,967,8,0
2026-07-30 03:50:00+00:00,4066.86,4068.02,4065.23,4067.79,830,10,0
2026-07-30 03:55:00+00:00,4067.83,4072.97,4066.94,4072.3,819,10,0
2026-07-30 04:00:00+00:00,4072.29,4089.82,4070.67,4089.45,1251,10,0
2026-07-30 04:05:00+00:00,4089.41,4092.94,4086.44,4086.51,1185,8,0
2026-07-30 04:10:00+00:00,4086.39,4087.87,4074.86,4075.5,1147,10,0
2026-07-30 04:15:00+00:00,4075.75,4078.63,4073.21,4075.15,1194,8,0
2026-07-30 04:20:00+00:00,4075.05,4081.36,4073.77,4080.6,1240,10,0
2026-07-30 04:25:00+00:00,4080.33,4084.77,4080.2,4081.22,1061,10,0
2026-07-30 04:30:00+00:00,4081.22,4086.47,4080.67,4085.76,1157,8,0
2026-07-30 04:35:00+00:00,4085.93,4088.06,4084.47,4087.04,1103,10,0
2026-07-30 04:40:00+00:00,4087.07,4089.72,4086.47,4086.79,927,8,0
2026-07-30 04:45:00+00:00,4086.78,4089.79,4083.9,4088.68,950,8,0
2026-07-30 04:50:00+00:00,4088.7,4090.29,4086.95,4088.46,916,10,0
2026-07-30 04:55:00+00:00,4088.43,4090.92,4084.16,4084.67,878,10,0
2026-07-30 05:00:00+00:00,4084.65,4090.43,4084.57,4089.62,992,10,0
2026-07-30 05:05:00+00:00,4089.68,4090.13,4087.53,4088.32,825,10,0
2026-07-30 05:10:00+00:00,4088.24,4088.57,4082.39,4082.5,761,10,0
2026-07-30 05:15:00+00:00,4082.54,4082.84,4080.01,4082.22,714,8,0
2026-07-30 05:20:00+00:00,4082.3,4083.73,4080.7,4082.89,621,10,0
2026-07-30 05:25:00+00:00,4082.96,4083.73,4080.22,4082.82,627,10,0
2026-07-30 05:30:00+00:00,4082.74,4082.84,4075.52,4076.28,1070,8,0
2026-07-30 05:35:00+00:00,4076.35,4078.36,4074.73,4076.46,892,8,0
2026-07-30 05:40:00+00:00,4076.47,4078.9,4073.65,4076.88,947,8,0
2026-07-30 05:45:00+00:00,4076.84,4077.06,4073.44,4074.53,859,8,0
2026-07-30 05:50:00+00:00,4074.4,4074.77,4070.13,4070.98,788,8,0
2026-07-30 05:55:00+00:00,4070.95,4071.56,4063.51,4063.74,845,8,0
2026-07-30 06:00:00+00:00,4063.75,4069.79,4062.62,4069.44,970,8,0
2026-07-30 06:05:00+00:00,4069.48,4070.12,4064.1,4064.5,767,8,0
2026-07-30 06:10:00+00:00,4064.52,4065.39,4060.63,4063.0,802,8,0
2026-07-30 06:15:00+00:00,4063.01,4063.93,4056.57,4057.88,851,8,0
2026-07-30 06:20:00+00:00,4057.84,4058.57,4055.33,4056.77,929,8,0
2026-07-30 06:25:00+00:00,4056.81,4057.54,4052.59,4053.79,876,8,0
2026-07-30 06:30:00+00:00,4053.83,4055.36,4051.59,4053.25,833,8,0
2026-07-30 06:35:00+00:00,4053.74,4055.97,4050.71,4051.46,817,8,0
2026-07-30 06:40:00+00:00,4051.5,4053.92,4051.36,4052.48,668,8,0
2026-07-30 06:45:00+00:00,4052.43,4058.46,4052.43,4058.07,809,8,0
2026-07-30 06:50:00+00:00,4057.99,4059.67,4057.43,4058.39,653,8,0
2026-07-30 06:55:00+00:00,4058.36,4059.8,4056.72,4058.84,623,8,0
2026-07-30 07:00:00+00:00,4058.85,4060.19,4055.8,4056.51,796,8,0
2026-07-30 07:05:00+00:00,4056.56,4057.02,4054.62,4056.18,598,10,0
2026-07-30 07:10:00+00:00,4056.17,4056.71,4053.02,4053.36,629,8,0
2026-07-30 07:15:00+00:00,4053.39,4054.84,4052.1,4052.17,537,8,0
2026-07-30 07:20:00+00:00,4052.18,4053.85,4051.09,4052.59,570,8,0
2026-07-30 07:25:00+00:00,4052.62,4055.33,4052.46,4054.17,535,8,0
2026-07-30 07:30:00+00:00,4054.09,4054.11,4051.61,4051.79,573,8,0
2026-07-30 07:35:00+00:00,4051.88,4052.32,4049.27,4049.93,518,8,0
2026-07-30 07:40:00+00:00,4049.95,4050.42,4047.77,4048.82,651,8,0
2026-07-30 07:45:00+00:00,4048.81,4051.93,4046.26,4046.83,685,8,0
2026-07-30 07:50:00+00:00,4046.87,4048.36,4045.91,4047.66,661,8,0
2026-07-30 07:55:00+00:00,4047.6,4047.92,4044.44,4046.07,627,8,0
2026-07-30 08:00:00+00:00,4046.05,4046.1,4041.76,4044.98,746,8,0
2026-07-30 08:05:00+00:00,4044.84,4045.53,4041.88,4045.15,746,8,0
2026-07-30 08:10:00+00:00,4044.98,4045.99,4043.94,4045.79,641,8,0
2026-07-30 08:15:00+00:00,4045.91,4046.35,4037.79,4042.0,843,8,0
2026-07-30 08:20:00+00:00,4042.01,4044.51,4041.32,4044.13,769,8,0
2026-07-30 08:25:00+00:00,4044.1,4047.36,4042.99,4046.83,651,8,0
2026-07-30 08:30:00+00:00,4046.55,4051.29,4045.41,4048.01,1172,8,0
2026-07-30 08:35:00+00:00,4047.9,4047.9,4028.46,4031.32,1191,8,0
2026-07-30 08:40:00+00:00,4031.68,4036.99,4029.83,4033.3,1074,8,0
2026-07-30 08:45:00+00:00,4033.32,4038.37,4030.62,4032.12,1008,10,0
2026-07-30 08:50:00+00:00,4032.09,4035.38,4030.34,4033.24,862,8,0
2026-07-30 08:55:00+00:00,4033.13,4036.06,4030.07,4033.71,899,8,0
2026-07-30 09:00:00+00:00,4033.76,4038.35,4033.72,4038.12,982,8,0
2026-07-30 09:05:00+00:00,4038.23,4039.46,4035.35,4035.87,1031,8,0
2026-07-30 09:10:00+00:00,4035.84,4037.18,4031.25,4032.24,1003,8,0
2026-07-30 09:15:00+00:00,4032.37,4034.21,4030.91,4033.77,881,8,0
2026-07-30 09:20:00+00:00,4033.79,4039.31,4033.26,4037.41,927,8,0
2026-07-30 09:25:00+00:00,4037.43,4037.52,4029.46,4033.26,942,8,0
2026-07-30 09:30:00+00:00,4033.19,4036.68,4031.13,4035.43,897,8,0
2026-07-30 09:35:00+00:00,4035.36,4037.15,4034.18,4037.03,803,8,0
2026-07-30 09:40:00+00:00,4037.23,4038.28,4034.25,4035.81,757,8,0
2026-07-30 09:45:00+00:00,4035.78,4037.8,4034.29,4036.37,711,10,0
2026-07-30 09:50:00+00:00,4036.28,4040.51,4036.0,4038.62,784,8,0
2026-07-30 09:55:00+00:00,4038.58,4038.82,4035.21,4036.75,571,10,0
2026-07-30 10:00:00+00:00,4036.68,4047.98,4035.59,4044.74,1114,8,0
2026-07-30 10:05:00+00:00,4044.82,4045.61,4042.64,4045.58,980,10,0
2026-07-30 10:10:00+00:00,4045.66,4047.74,4044.0,4046.77,929,10,0
2026-07-30 10:15:00+00:00,4046.7,4051.4,4046.46,4049.8,890,10,0
2026-07-30 10:20:00+00:00,4049.71,4050.32,4044.61,4048.06,868,10,0
2026-07-30 10:25:00+00:00,4048.09,4048.17,4043.06,4045.92,790,8,0
2026-07-30 10:30:00+00:00,4045.93,4046.11,4040.2,4041.18,835,10,0
2026-07-30 10:35:00+00:00,4041.21,4042.18,4036.19,4040.52,809,10,0
2026-07-30 10:40:00+00:00,4040.48,4047.24,4040.48,4045.91,779,10,0
2026-07-30 10:45:00+00:00,4045.87,4046.55,4041.64,4041.87,755,8,0
2026-07-30 10:50:00+00:00,4041.81,4045.55,4040.32,4040.93,681,8,0
2026-07-30 10:55:00+00:00,4040.92,4041.26,4038.17,4038.98,660,8,0
2026-07-30 11:00:00+00:00,4038.97,4045.82,4036.73,4045.42,980,10,0
2026-07-30 11:05:00+00:00,4045.45,4053.58,4045.04,4050.31,1021,8,0
2026-07-30 11:10:00+00:00,4050.33,4056.1,4049.44,4053.25,949,10,0
2026-07-30 11:15:00+00:00,4053.27,4056.93,4052.25,4056.79,877,8,0
2026-07-30 11:20:00+00:00,4056.86,4063.96,4055.84,4060.25,909,8,0
2026-07-30 11:25:00+00:00,4060.28,4068.37,4060.13,4064.61,947,8,0
2026-07-30 11:30:00+00:00,4064.62,4072.91,4063.44,4068.11,990,8,0
2026-07-30 11:35:00+00:00,4068.13,4071.65,4064.58,4065.1,885,10,0
2026-07-30 11:40:00+00:00,4064.82,4066.78,4063.05,4065.86,898,10,0
2026-07-30 11:45:00+00:00,4065.87,4071.02,4063.55,4063.8,842,8,0
2026-07-30 11:50:00+00:00,4063.81,4064.36,4059.73,4060.33,726,8,0
2026-07-30 11:55:00+00:00,4060.31,4062.08,4059.53,4061.47,831,8,0
2026-07-30 12:00:00+00:00,4061.46,4067.48,4060.42,4066.58,796,8,0
2026-07-30 12:05:00+00:00,4066.43,4068.97,4065.8,4067.59,840,10,0
2026-07-30 12:10:00+00:00,4067.35,4068.79,4065.0,4066.14,718,8,0
2026-07-30 12:15:00+00:00,4066.05,4067.26,4064.61,4066.86,871,8,0
2026-07-30 12:20:00+00:00,4066.82,4072.11,4066.64,4070.23,857,8,0
2026-07-30 12:25:00+00:00,4070.16,4072.44,4067.12,4067.59,692,8,0
2026-07-30 12:30:00+00:00,4067.91,4068.14,4060.73,4066.36,840,8,0
2026-07-30 12:35:00+00:00,4066.37,4069.21,4065.1,4065.32,766,8,0
2026-07-30 12:40:00+00:00,4065.26,4065.96,4064.43,4065.56,669,8,0
2026-07-30 12:45:00+00:00,4065.54,4069.38,4063.83,4069.15,589,8,0
2026-07-30 12:50:00+00:00,4069.22,4073.1,4066.88,4067.0,734,8,0
2026-07-30 12:55:00+00:00,4066.94,4067.21,4062.41,4063.38,621,8,0
2026-07-30 13:00:00+00:00,4063.45,4068.07,4063.14,4065.0,833,8,0
2026-07-30 13:05:00+00:00,4064.98,4072.29,4064.63,4071.41,719,8,0
2026-07-30 13:10:00+00:00,4071.26,4074.7,4064.27,4068.41,969,8,0
2026-07-30 13:15:00+00:00,4068.4,4077.47,4067.68,4075.57,983,8,0
2026-07-30 13:20:00+00:00,4075.55,4077.55,4074.31,4076.32,819,8,0
2026-07-30 13:25:00+00:00,4076.33,4077.67,4075.35,4076.35,665,8,0
2026-07-30 13:30:00+00:00,4076.33,4079.02,4075.29,4077.56,803,8,0
2026-07-30 13:35:00+00:00,4077.55,4081.36,4076.81,4077.31,816,8,0
2026-07-30 13:40:00+00:00,4077.25,4082.77,4077.02,4081.25,990,8,0
2026-07-30 13:45:00+00:00,4081.3,4082.94,4079.71,4079.94,811,8,0
2026-07-30 13:50:00+00:00,4080.03,4081.77,4078.07,4079.25,909,8,0
2026-07-30 13:55:00+00:00,4079.26,4080.17,4078.13,4078.34,624,8,0
2026-07-30 14:00:00+00:00,4078.16,4081.03,4077.56,4078.96,819,8,0
2026-07-30 14:05:00+00:00,4078.9,4082.7,4078.88,4081.96,659,8,0
2026-07-30 14:10:00+00:00,4082.0,4082.8,4078.73,4079.8,668,8,0
2026-07-30 14:15:00+00:00,4079.74,4081.93,4078.0,4078.03,661,8,0
2026-07-30 14:20:00+00:00,4077.99,4081.55,4076.73,4081.44,682,8,0
2026-07-30 14:25:00+00:00,4081.4,4081.69,4076.65,4077.47,643,8,0
2026-07-30 14:30:00+00:00,4077.48,4078.83,4076.29,4077.35,769,8,0
2026-07-30 14:35:00+00:00,4077.28,4079.43,4076.99,4077.72,623,8,0
2026-07-30 14:40:00+00:00,4077.64,4079.43,4076.98,4077.48,537,8,0
2026-07-30 14:45:00+00:00,4077.43,4077.78,4075.71,4076.55,551,8,0
2026-07-30 14:50:00+00:00,4076.76,4080.71,4076.39,4080.34,737,8,0
2026-07-30 14:55:00+00:00,4079.61,4080.46,4076.76,4077.81,593,8,0
2026-07-30 15:00:00+00:00,4077.82,4079.53,4074.75,4078.32,804,8,0
2026-07-30 15:05:00+00:00,4078.29,4082.51,4078.27,4081.66,737,8,0
2026-07-30 15:10:00+00:00,4081.7,4081.83,4074.87,4078.81,858,8,0
2026-07-30 15:15:00+00:00,4078.82,4078.82,4073.01,4075.04,767,8,0
2026-07-30 15:20:00+00:00,4075.05,4076.42,4071.69,4076.33,846,8,0
2026-07-30 15:25:00+00:00,4076.5,4081.4,4076.5,4076.51,640,8,0
2026-07-30 15:30:00+00:00,4076.53,4086.41,4071.44,4073.27,1175,8,0
2026-07-30 15:35:00+00:00,4073.26,4077.89,4071.58,4077.61,1114,8,0
2026-07-30 15:40:00+00:00,4077.63,4081.45,4073.66,4076.85,1155,10,0
2026-07-30 15:45:00+00:00,4076.83,4079.02,4072.81,4074.94,1103,8,0
2026-07-30 15:50:00+00:00,4075.01,4076.57,4066.95,4069.67,1137,8,0
2026-07-30 15:55:00+00:00,4069.68,4073.42,4068.11,4068.6,1010,8,0
2026-07-30 16:00:00+00:00,4068.59,4074.1,4064.83,4068.47,1270,8,0
2026-07-30 16:05:00+00:00,4068.5,4076.83,4066.97,4073.46,1169,8,0
2026-07-30 16:10:00+00:00,4073.23,4076.43,4069.63,4076.43,1119,10,0
2026-07-30 16:15:00+00:00,4076.42,4077.06,4072.63,4072.86,1068,8,0
2026-07-30 16:20:00+00:00,4072.71,4083.57,4071.75,4081.77,1087,8,0
2026-07-30 16:25:00+00:00,4081.83,4082.54,4073.63,4079.72,1090,8,0
2026-07-30 16:30:00+00:00,4079.5,4081.24,4074.87,4075.38,1319,8,0
2026-07-30 16:35:00+00:00,4075.22,4098.1,4074.34,4091.08,1338,8,0
2026-07-30 16:40:00+00:00,4091.1,4096.3,4084.83,4088.72,1372,8,0
2026-07-30 16:45:00+00:00,4088.81,4101.58,4085.61,4094.86,1342,8,0
2026-07-30 16:50:00+00:00,4094.92,4103.01,4093.47,4102.61,1331,8,0
2026-07-30 16:55:00+00:00,4102.46,4112.84,4101.13,4112.4,1301,8,0
2026-07-30 17:00:00+00:00,4112.27,4120.28,4106.49,4107.15,1325,8,0
2026-07-30 17:05:00+00:00,4107.13,4109.65,4094.01,4099.19,1313,8,0
2026-07-30 17:10:00+00:00,4099.01,4102.3,4096.32,4098.23,1154,10,0
2026-07-30 17:15:00+00:00,4098.17,4100.07,4090.34,4090.74,1251,10,0
2026-07-30 17:20:00+00:00,4090.75,4098.45,4087.09,4089.45,1226,10,0
2026-07-30 17:25:00+00:00,4089.57,4096.11,4087.18,4096.09,1187,8,0
2026-07-30 17:30:00+00:00,4096.1,4102.83,4094.8,4100.19,1192,10,0
2026-07-30 17:35:00+00:00,4100.2,4106.07,4100.07,4105.99,1085,8,0
2026-07-30 17:40:00+00:00,4106.0,4111.32,4104.17,4110.58,1131,8,0
2026-07-30 17:45:00+00:00,4110.72,4112.87,4102.03,4104.62,1155,8,0
2026-07-30 17:50:00+00:00,4104.63,4104.71,4098.64,4099.7,1133,8,0
2026-07-30 17:55:00+00:00,4099.75,4100.98,4096.66,4100.1,1195,8,0
2026-07-30 18:00:00+00:00,4100.11,4100.27,4096.33,4097.34,1249,8,0
2026-07-30 18:05:00+00:00,4097.31,4098.42,4089.85,4090.83,1199,8,0
2026-07-30 18:10:00+00:00,4090.75,4090.86,4083.17,4085.63,1215,8,0
2026-07-30 18:15:00+00:00,4085.65,4096.87,4084.92,4095.99,1210,8,0
2026-07-30 18:20:00+00:00,4095.97,4097.23,4092.21,4094.41,1190,8,0
2026-07-30 18:25:00+00:00,4094.04,4096.83,4092.04,4096.17,1026,8,0
2026-07-30 18:30:00+00:00,4096.13,4100.11,4092.61,4099.63,1097,8,0
2026-07-30 18:35:00+00:00,4099.43,4100.86,4097.9,4099.1,1015,8,0
2026-07-30 18:40:00+00:00,4099.06,4106.92,4098.82,4105.38,1105,8,0
2026-07-30 18:45:00+00:00,4105.42,4106.85,4103.59,4106.72,962,8,0
2026-07-30 18:50:00+00:00,4106.16,4108.08,4104.73,4107.18,845,8,0
2026-07-30 18:55:00+00:00,4107.21,4110.05,4107.05,4108.22,868,8,0
2026-07-30 19:00:00+00:00,4108.18,4115.88,4107.78,4114.83,931,8,0
2026-07-30 19:05:00+00:00,4114.84,4115.16,4111.22,4111.42,881,8,0
2026-07-30 19:10:00+00:00,4111.41,4115.95,4109.19,4114.27,787,8,0
2026-07-30 19:15:00+00:00,4114.19,4116.15,4114.0,4114.11,691,8,0
2026-07-30 19:20:00+00:00,4114.12,4119.23,4113.77,4118.94,734,8,0
2026-07-30 19:25:00+00:00,4118.99,4119.07,4115.69,4115.98,715,8,0
2026-07-30 19:30:00+00:00,4116.03,4116.43,4112.94,4113.27,732,8,0
2026-07-30 19:35:00+00:00,4113.37,4114.97,4110.32,4110.72,676,8,0
2026-07-30 19:40:00+00:00,4110.75,4112.05,4108.4,4108.58,664,8,0
2026-07-30 19:45:00+00:00,4108.65,4109.76,4107.26,4109.57,588,8,0
2026-07-30 19:50:00+00:00,4109.6,4110.24,4106.65,4107.98,581,8,0
2026-07-30 19:55:00+00:00,4107.81,4110.74,4107.62,4110.73,541,8,0
2026-07-30 20:00:00+00:00,4110.83,4111.29,4106.89,4107.72,709,8,0
2026-07-30 20:05:00+00:00,4107.7,4108.79,4106.67,4107.56,516,8,0
2026-07-30 20:10:00+00:00,4107.59,4108.64,4104.91,4104.91,637,8,0
2026-07-30 20:15:00+00:00,4104.88,4106.92,4104.04,4106.45,645,8,0
2026-07-30 20:20:00+00:00,4106.48,4108.23,4104.67,4108.11,677,8,0
2026-07-30 20:25:00+00:00,4108.02,4108.02,4098.61,4101.64,745,8,0
2026-07-30 20:30:00+00:00,4101.7,4102.45,4100.3,4100.72,657,8,0
2026-07-30 20:35:00+00:00,4100.81,4108.13,4100.02,4102.93,1027,8,0
2026-07-30 20:40:00+00:00,4102.92,4106.76,4102.66,4106.03,944,8,0
2026-07-30 20:45:00+00:00,4106.04,4108.46,4104.09,4104.09,681,8,0
2026-07-30 20:50:00+00:00,4104.19,4104.68,4102.8,4103.26,659,8,0
2026-07-30 20:55:00+00:00,4103.34,4103.75,4101.25,4102.72,615,8,0
2026-07-30 21:00:00+00:00,4102.72,4105.9,4102.72,4105.53,686,8,0
2026-07-30 21:05:00+00:00,4105.63,4106.85,4104.61,4106.33,661,8,0
2026-07-30 21:10:00+00:00,4106.32,4106.83,4105.06,4106.59,552,8,0
2026-07-30 21:15:00+00:00,4106.49,4106.78,4103.85,4104.13,646,8,0
2026-07-30 21:20:00+00:00,4104.1,4105.52,4102.08,4102.32,597,8,0
2026-07-30 21:25:00+00:00,4102.27,4103.65,4100.82,4103.49,563,8,0
2026-07-30 21:30:00+00:00,4103.52,4107.93,4103.04,4106.57,603,8,0
2026-07-30 21:35:00+00:00,4106.52,4106.56,4104.56,4104.72,587,8,0
2026-07-30 21:40:00+00:00,4104.68,4105.93,4104.06,4104.92,514,8,0
2026-07-30 21:45:00+00:00,4104.95,4105.35,4100.52,4100.91,572,8,0
2026-07-30 21:50:00+00:00,4100.92,4101.46,4098.91,4099.05,645,8,0
2026-07-30 21:55:00+00:00,4099.1,4100.26,4098.88,4099.9,542,8,0
2026-07-30 22:00:00+00:00,4099.63,4103.58,4098.86,4103.51,591,8,0
2026-07-30 22:05:00+00:00,4103.55,4105.46,4102.77,4105.38,570,8,0
2026-07-30 22:10:00+00:00,4105.41,4105.74,4103.1,4104.7,692,8,0
2026-07-30 22:15:00+00:00,4104.73,4113.15,4103.07,4110.72,825,8,0
2026-07-30 22:20:00+00:00,4110.74,4111.68,4109.57,4111.36,570,8,0
2026-07-30 22:25:00+00:00,4111.05,4115.0,4110.78,4112.89,657,8,0
2026-07-30 22:30:00+00:00,4112.87,4114.6,4112.52,4114.6,638,8,0
2026-07-30 22:35:00+00:00,4114.63,4115.45,4112.22,4112.91,635,8,0
2026-07-30 22:40:00+00:00,4113.0,4114.14,4111.68,4112.34,544,8,0
2026-07-30 22:45:00+00:00,4112.22,4113.09,4111.19,4112.52,526,8,0
2026-07-30 22:50:00+00:00,4112.51,4112.97,4109.63,4109.65,580,8,0
2026-07-30 22:55:00+00:00,4109.37,4112.84,4109.3,4111.66,723,8,0
2026-07-30 23:00:00+00:00,4112.12,4117.42,4110.04,4117.36,770,8,0
2026-07-30 23:05:00+00:00,4117.45,4117.45,4113.71,4114.37,426,8,0
2026-07-30 23:10:00+00:00,4114.34,4115.56,4112.98,4114.0,367,8,0
2026-07-30 23:15:00+00:00,4113.93,4115.01,4112.58,4113.5,406,8,0
2026-07-30 23:20:00+00:00,4113.65,4114.08,4112.53,4113.34,341,8,0
2026-07-30 23:25:00+00:00,4113.28,4114.1,4111.71,4111.91,325,10,0
2026-07-30 23:30:00+00:00,4112.19,4112.37,4107.68,4109.16,597,10,0
2026-07-30 23:35:00+00:00,4108.96,4109.01,4106.26,4106.87,365,10,0
2026-07-30 23:40:00+00:00,4106.86,4107.28,4102.33,4102.75,400,10,0
2026-07-30 23:45:00+00:00,4102.74,4103.57,4099.96,4100.1,402,18,0
2026-07-30 23:50:00+00:00,4100.04,4102.75,4099.04,4101.46,203,18,0
2026-07-30 23:55:00+00:00,4101.56,4103.79,4100.85,4102.75,189,26,0
2026-07-31 01:00:00+00:00,4106.24,4106.67,4101.73,4103.21,386,10,0
2026-07-31 01:05:00+00:00,4103.27,4105.7,4102.44,4105.6,214,14,0
2026-07-31 01:10:00+00:00,4105.58,4107.7,4105.23,4106.53,377,14,0
2026-07-31 01:15:00+00:00,4106.51,4108.3,4106.46,4108.19,395,14,0
2026-07-31 01:20:00+00:00,4108.2,4108.2,4107.38,4107.67,341,8,0
2026-07-31 01:25:00+00:00,4107.63,4108.42,4106.94,4107.75,363,10,0
2026-07-31 01:30:00+00:00,4107.64,4108.33,4107.04,4108.04,421,10,0
2026-07-31 01:35:00+00:00,4108.1,4110.48,4107.96,4110.17,420,10,0
2026-07-31 01:40:00+00:00,4110.01,4110.45,4109.55,4110.44,306,14,0
2026-07-31 01:45:00+00:00,4110.52,4111.05,4109.06,4110.84,329,8,0
2026-07-31 01:50:00+00:00,4110.72,4111.29,4110.25,4110.97,287,8,0
2026-07-31 01:55:00+00:00,4111.02,4111.1,4109.09,4109.21,262,10,0
2026-07-31 02:00:00+00:00,4109.19,4111.24,4109.19,4110.81,440,10,0
2026-07-31 02:05:00+00:00,4110.76,4111.78,4109.08,4109.62,314,10,0
2026-07-31 02:10:00+00:00,4109.65,4109.65,4106.59,4107.47,384,10,0
2026-07-31 02:15:00+00:00,4107.4,4107.56,4106.06,4106.55,361,8,0
2026-07-31 02:20:00+00:00,4106.61,4107.04,4104.62,4106.14,392,10,0
2026-07-31 02:25:00+00:00,4106.11,4106.64,4104.12,4104.25,390,10,0
2026-07-31 02:30:00+00:00,4104.23,4105.26,4103.53,4103.86,490,8,0
2026-07-31 02:35:00+00:00,4103.88,4106.02,4102.37,4105.89,507,10,0
2026-07-31 02:40:00+00:00,4105.78,4107.38,4105.03,4106.2,389,10,0
2026-07-31 02:45:00+00:00,4106.23,4110.11,4106.23,4108.46,415,8,0
2026-07-31 02:50:00+00:00,4108.43,4109.24,4106.49,4107.23,449,10,0
2026-07-31 02:55:00+00:00,4107.28,4107.38,4105.51,4105.75,392,10,0
2026-07-31 03:00:00+00:00,4106.9,4106.9,4101.55,4104.82,885,8,0
2026-07-31 03:05:00+00:00,4104.74,4105.02,4101.57,4103.31,705,10,0
2026-07-31 03:10:00+00:00,4103.21,4104.04,4100.66,4101.3,633,10,0
2026-07-31 03:15:00+00:00,4101.31,4102.65,4100.22,4101.4,667,10,0
2026-07-31 03:20:00+00:00,4101.47,4103.79,4098.84,4102.86,760,10,0
2026-07-31 03:25:00+00:00,4102.79,4102.86,4096.21,4096.52,694,10,0
2026-07-31 03:30:00+00:00,4096.51,4097.56,4093.37,4093.92,685,8,0
2026-07-31 03:35:00+00:00,4093.89,4093.92,4091.6,4092.49,753,8,0
2026-07-31 03:40:00+00:00,4092.52,4093.46,4090.6,4093.45,713,8,0
2026-07-31 03:45:00+00:00,4093.14,4094.28,4090.66,4093.49,753,10,0
2026-07-31 03:50:00+00:00,4093.49,4095.27,4092.88,4093.36,730,8,0
2026-07-31 03:55:00+00:00,4093.36,4096.06,4092.7,4094.72,826,10,0
2026-07-31 04:00:00+00:00,4094.73,4101.44,4094.73,4097.89,1034,8,0
2026-07-31 04:05:00+00:00,4097.96,4101.64,4095.57,4098.15,863,8,0
2026-07-31 04:10:00+00:00,4098.12,4098.12,4088.78,4088.78,860,8,0
2026-07-31 04:15:00+00:00,4088.91,4094.41,4086.62,4093.8,896,10,0
2026-07-31 04:20:00+00:00,4093.81,4095.04,4091.04,4092.39,774,8,0
2026-07-31 04:25:00+00:00,4092.38,4094.67,4090.67,4092.04,719,8,0
2026-07-31 04:30:00+00:00,4092.07,4092.08,4086.89,4087.98,887,8,0
2026-07-31 04:35:00+00:00,4088.04,4088.38,4083.83,4084.88,906,10,0
2026-07-31 04:40:00+00:00,4084.87,4087.39,4084.35,4085.73,767,8,0
2026-07-31 04:45:00+00:00,4085.56,4089.34,4083.2,4083.93,791,10,0
2026-07-31 04:50:00+00:00,4083.89,4085.76,4082.09,4085.06,770,8,0
2026-07-31 04:55:00+00:00,4085.06,4087.49,4084.37,4084.37,592,10,0
2026-07-31 05:00:00+00:00,4084.4,4086.51,4081.66,4085.41,905,10,0
2026-07-31 05:05:00+00:00,4085.46,4089.1,4085.44,4088.86,825,10,0
2026-07-31 05:10:00+00:00,4088.68,4090.35,4085.42,4085.49,705,8,0
2026-07-31 05:15:00+00:00,4085.48,4085.48,4081.62,4082.59,673,8,0
2026-07-31 05:20:00+00:00,4082.57,4084.2,4082.38,4082.65,644,10,0
2026-07-31 05:25:00+00:00,4082.67,4083.13,4081.53,4082.3,495,10,0
2026-07-31 05:30:00+00:00,4082.21,4084.42,4081.17,4081.76,802,8,0
2026-07-31 05:35:00+00:00,4082.06,4082.54,4081.09,4082.27,810,8,0
2026-07-31 05:40:00+00:00,4082.58,4082.68,4075.56,4075.56,779,8,0
2026-07-31 05:45:00+00:00,4075.54,4077.99,4074.65,4077.34,821,8,0
2026-07-31 05:50:00+00:00,4077.37,4077.57,4074.33,4076.54,676,8,0
2026-07-31 05:55:00+00:00,4076.45,4078.3,4076.05,4076.08,542,8,0
2026-07-31 06:00:00+00:00,4075.92,4076.1,4073.36,4073.61,731,10,0
2026-07-31 06:05:00+00:00,4073.59,4076.26,4073.41,4074.42,610,8,0
2026-07-31 06:10:00+00:00,4074.41,4075.41,4072.11,4073.44,845,8,0
2026-07-31 06:15:00+00:00,4073.59,4074.0,4072.32,4073.89,677,8,0
2026-07-31 06:20:00+00:00,4073.86,4074.27,4072.59,4073.7,733,8,0
2026-07-31 06:25:00+00:00,4073.76,4076.08,4072.83,4075.23,739,8,0
2026-07-31 06:30:00+00:00,4075.27,4077.08,4075.02,4077.06,751,10,0
2026-07-31 06:35:00+00:00,4077.06,4079.35,4075.02,4078.73,607,10,0
2026-07-31 06:40:00+00:00,4078.68,4078.72,4075.38,4076.45,511,8,0
2026-07-31 06:45:00+00:00,4076.43,4077.48,4075.53,4075.8,462,10,0
2026-07-31 06:50:00+00:00,4075.77,4076.71,4074.73,4074.96,502,10,0
2026-07-31 06:55:00+00:00,4074.95,4075.54,4074.21,4075.05,449,10,0
2026-07-31 07:00:00+00:00,4075.06,4075.93,4074.1,4074.75,550,10,0
2026-07-31 07:05:00+00:00,4074.76,4075.24,4073.7,4075.16,516,8,0
2026-07-31 07:10:00+00:00,4075.23,4077.05,4073.31,4076.82,504,8,0
2026-07-31 07:15:00+00:00,4076.83,4077.95,4075.78,4076.09,477,8,0
2026-07-31 07:20:00+00:00,4076.05,4078.76,4074.47,4078.63,438,8,0
2026-07-31 07:25:00+00:00,4078.6,4080.11,4077.67,4080.05,354,8,0
2026-07-31 07:30:00+00:00,4080.06,4081.21,4079.31,4079.76,399,8,0
2026-07-31 07:35:00+00:00,4079.83,4081.32,4079.75,4081.24,318,8,0
2026-07-31 07:40:00+00:00,4081.23,4081.36,4079.26,4079.27,366,8,0
2026-07-31 07:45:00+00:00,4079.25,4079.6,4075.56,4075.58,450,8,0
2026-07-31 07:50:00+00:00,4075.6,4078.18,4074.8,4078.18,406,8,0
2026-07-31 07:55:00+00:00,4078.15,4080.11,4077.77,4079.91,284,8,0
2026-07-31 08:00:00+00:00,4079.92,4082.64,4079.84,4082.64,544,8,0
2026-07-31 08:05:00+00:00,4082.63,4083.27,4081.01,4081.58,426,10,0
2026-07-31 08:10:00+00:00,4081.67,4082.31,4079.77,4079.8,320,10,0
2026-07-31 08:15:00+00:00,4079.75,4082.36,4079.5,4081.8,375,8,0
2026-07-31 08:20:00+00:00,4081.81,4082.82,4080.52,4082.43,277,10,0
2026-07-31 08:25:00+00:00,4082.42,4082.42,4080.09,4080.87,300,10,0
2026-07-31 08:30:00+00:00,4081.09,4081.56,4078.78,4079.14,822,10,0
2026-07-31 08:35:00+00:00,4079.1,4081.26,4077.38,4079.44,697,8,0
2026-07-31 08:40:00+00:00,4079.6,4080.12,4075.85,4076.45,691,8,0
2026-07-31 08:45:00+00:00,4076.44,4076.54,4073.72,4075.7,584,8,0
2026-07-31 08:50:00+00:00,4075.74,4076.0,4073.35,4075.55,648,8,0
2026-07-31 08:55:00+00:00,4075.55,4076.06,4073.41,4074.33,729,8,0
2026-07-31 09:00:00+00:00,4074.34,4078.06,4072.79,4077.99,870,8,0
2026-07-31 09:05:00+00:00,4077.98,4082.39,4077.74,4081.99,678,8,0
2026-07-31 09:10:00+00:00,4081.94,4082.77,4080.3,4082.29,657,8,0
2026-07-31 09:15:00+00:00,4082.33,4087.49,4081.03,4086.56,830,8,0
2026-07-31 09:20:00+00:00,4086.58,4087.42,4082.44,4083.6,669,10,0
2026-07-31 09:25:00+00:00,4083.63,4086.23,4082.11,4084.87,588,8,0
2026-07-31 09:30:00+00:00,4084.9,4084.94,4077.56,4078.2,849,8,0
2026-07-31 09:35:00+00:00,4078.62,4080.16,4077.3,4079.03,869,8,0
2026-07-31 09:40:00+00:00,4079.01,4079.3,4077.72,4078.05,801,10,0
2026-07-31 09:45:00+00:00,4078.04,4081.46,4077.01,4077.85,671,10,0
2026-07-31 09:50:00+00:00,4077.87,4078.82,4076.39,4078.6,702,8,0
2026-07-31 09:55:00+00:00,4078.59,4079.18,4077.59,4077.7,737,8,0
2026-07-31 10:00:00+00:00,4077.69,4078.13,4075.52,4077.98,719,8,0
2026-07-31 10:05:00+00:00,4077.95,4079.13,4077.26,4078.37,610,8,0
2026-07-31 10:10:00+00:00,4078.41,4078.6,4075.42,4077.55,589,10,0
2026-07-31 10:15:00+00:00,4077.62,4079.18,4076.32,4078.69,707,10,0
2026-07-31 10:20:00+00:00,4078.71,4078.71,4074.55,4074.91,681,10,0
2026-07-31 10:25:00+00:00,4074.89,4076.02,4072.15,4072.68,604,8,0
2026-07-31 10:30:00+00:00,4072.72,4072.98,4069.18,4069.61,585,8,0
2026-07-31 10:35:00+00:00,4069.53,4072.6,4068.17,4072.04,693,8,0
2026-07-31 10:40:00+00:00,4072.08,4073.76,4071.65,4072.15,530,8,0
2026-07-31 10:45:00+00:00,4072.19,4074.39,4071.28,4071.71,687,8,0
2026-07-31 10:50:00+00:00,4072.06,4072.58,4069.71,4071.19,594,8,0
2026-07-31 10:55:00+00:00,4071.21,4071.66,4067.65,4067.71,598,8,0
2026-07-31 11:00:00+00:00,4067.67,4067.7,4062.69,4063.47,906,8,0
2026-07-31 11:05:00+00:00,4063.29,4065.34,4062.81,4064.73,728,10,0
2026-07-31 11:10:00+00:00,4064.79,4065.29,4061.14,4062.19,659,10,0
2026-07-31 11:15:00+00:00,4062.18,4066.42,4060.98,4066.14,722,8,0
2026-07-31 11:20:00+00:00,4066.09,4067.1,4059.53,4060.22,693,8,0
2026-07-31 11:25:00+00:00,4060.28,4061.57,4058.1,4058.61,786,8,0
2026-07-31 11:30:00+00:00,4058.6,4059.44,4054.38,4057.26,759,8,0
2026-07-31 11:35:00+00:00,4057.25,4060.14,4057.22,4059.74,655,8,0
2026-07-31 11:40:00+00:00,4059.79,4061.5,4058.06,4059.21,664,8,0
2026-07-31 11:45:00+00:00,4059.15,4062.78,4057.76,4061.04,598,8,0
2026-07-31 11:50:00+00:00,4061.35,4062.16,4058.12,4058.35,541,10,0
2026-07-31 11:55:00+00:00,4058.5,4064.44,4058.24,4060.98,965,8,0
2026-07-31 12:00:00+00:00,4060.88,4063.99,4060.48,4060.56,981,10,0
2026-07-31 12:05:00+00:00,4060.57,4061.9,4058.05,4058.06,901,10,0
2026-07-31 12:10:00+00:00,4057.84,4058.06,4055.19,4056.64,755,8,0
2026-07-31 12:15:00+00:00,4056.77,4057.18,4054.47,4055.7,696,8,0
2026-07-31 12:20:00+00:00,4055.68,4057.47,4051.79,4052.71,743,8,0
2026-07-31 12:25:00+00:00,4052.64,4053.27,4051.34,4052.13,733,8,0
2026-07-31 12:30:00+00:00,4052.15,4054.55,4051.25,4051.25,688,8,0
2026-07-31 12:35:00+00:00,4051.24,4052.33,4050.31,4051.45,595,8,0
2026-07-31 12:40:00+00:00,4051.47,4053.17,4051.05,4053.15,506,8,0
2026-07-31 12:45:00+00:00,4053.23,4056.94,4052.42,4056.67,535,8,0
2026-07-31 12:50:00+00:00,4056.61,4057.07,4055.86,4055.87,466,8,0
2026-07-31 12:55:00+00:00,4055.78,4056.03,4053.83,4055.02,524,10,0
2026-07-31 13:00:00+00:00,4054.99,4056.52,4053.19,4056.26,620,10,0
2026-07-31 13:05:00+00:00,4056.27,4058.39,4055.91,4058.07,555,10,0
2026-07-31 13:10:00+00:00,4058.08,4058.08,4055.68,4055.84,527,10,0
2026-07-31 13:15:00+00:00,4055.88,4056.04,4052.59,4053.36,514,10,0
2026-07-31 13:20:00+00:00,4053.45,4054.98,4052.0,4052.13,428,8,0
2026-07-31 13:25:00+00:00,4052.14,4054.7,4052.14,4053.22,480,8,0
2026-07-31 13:30:00+00:00,4053.26,4056.55,4052.99,4055.0,548,10,0
2026-07-31 13:35:00+00:00,4055.09,4056.36,4052.88,4053.82,536,8,0
2026-07-31 13:40:00+00:00,4053.77,4055.53,4053.16,4054.73,434,8,0
2026-07-31 13:45:00+00:00,4054.78,4057.13,4054.58,4056.08,460,8,0
2026-07-31 13:50:00+00:00,4056.12,4056.2,4054.32,4054.67,452,8,0
2026-07-31 13:55:00+00:00,4054.7,4055.32,4053.7,4054.47,499,8,0
2026-07-31 14:00:00+00:00,4054.38,4055.68,4052.17,4055.59,581,8,0
2026-07-31 14:05:00+00:00,4055.54,4057.62,4053.81,4057.25,502,8,0
2026-07-31 14:10:00+00:00,4057.24,4059.43,4056.79,4056.98,639,8,0
2026-07-31 14:15:00+00:00,4057.01,4058.7,4054.28,4056.95,826,8,0
2026-07-31 14:20:00+00:00,4056.88,4061.13,4056.11,4060.86,639,8,0
2026-07-31 14:25:00+00:00,4060.85,4060.85,4057.77,4058.85,670,8,0
2026-07-31 14:30:00+00:00,4058.79,4058.79,4053.48,4054.22,649,8,0
2026-07-31 14:35:00+00:00,4054.21,4055.68,4052.79,4053.11,686,8,0
2026-07-31 14:40:00+00:00,4053.05,4053.34,4050.78,4052.11,643,8,0
2026-07-31 14:45:00+00:00,4052.09,4053.41,4051.3,4052.33,514,8,0
2026-07-31 14:50:00+00:00,4052.29,4054.92,4052.2,4054.87,494,10,0
2026-07-31 14:55:00+00:00,4054.86,4055.49,4053.38,4053.7,525,8,0
2026-07-31 15:00:00+00:00,4053.97,4057.57,4052.48,4057.57,777,8,0
2026-07-31 15:05:00+00:00,4058.02,4059.15,4056.58,4057.2,763,10,0
2026-07-31 15:10:00+00:00,4057.12,4059.3,4055.49,4059.15,701,8,0
2026-07-31 15:15:00+00:00,4059.13,4059.35,4055.62,4056.52,760,10,0
2026-07-31 15:20:00+00:00,4056.42,4058.34,4050.08,4050.85,718,8,0
2026-07-31 15:25:00+00:00,4050.73,4052.2,4047.09,4047.1,641,8,0
2026-07-31 15:30:00+00:00,4047.12,4051.56,4044.86,4048.22,994,8,0
2026-07-31 15:35:00+00:00,4048.21,4051.54,4044.14,4044.58,860,8,0
2026-07-31 15:40:00+00:00,4044.59,4045.55,4042.56,4044.51,873,8,0
2026-07-31 15:45:00+00:00,4044.61,4045.54,4041.57,4041.58,929,8,0
2026-07-31 15:50:00+00:00,4041.63,4046.35,4041.02,4045.61,842,8,0
2026-07-31 15:55:00+00:00,4045.47,4045.47,4040.58,4040.73,757,8,0
2026-07-31 16:00:00+00:00,4040.78,4042.69,4036.53,4039.59,1224,8,0
2026-07-31 16:05:00+00:00,4039.98,4040.08,4035.6,4036.64,972,10,0
2026-07-31 16:10:00+00:00,4036.63,4037.99,4034.77,4036.17,906,8,0
2026-07-31 16:15:00+00:00,4036.22,4038.45,4035.62,4037.83,801,8,0
2026-07-31 16:20:00+00:00,4037.76,4046.76,4035.77,4045.4,1107,8,0
2026-07-31 16:25:00+00:00,4045.35,4045.63,4040.45,4042.56,1080,8,0
2026-07-31 16:30:00+00:00,4042.61,4043.8,4035.27,4035.65,1293,8,0
2026-07-31 16:35:00+00:00,4035.47,4037.03,4026.97,4027.64,1274,8,0
2026-07-31 16:40:00+00:00,4027.62,4030.27,4022.56,4025.21,1257,8,0
2026-07-31 16:45:00+00:00,4025.07,4028.48,4021.99,4023.1,1320,8,0
2026-07-31 16:50:00+00:00,4023.16,4029.17,4022.26,4028.88,1305,8,0
2026-07-31 16:55:00+00:00,4028.86,4031.43,4025.36,4025.36,1151,10,0
2026-07-31 17:00:00+00:00,4025.53,4031.98,4025.2,4028.74,1226,8,0
2026-07-31 17:05:00+00:00,4028.98,4029.27,4021.01,4026.94,1317,8,0
2026-07-31 17:10:00+00:00,4026.99,4032.5,4025.77,4032.0,1274,8,0
2026-07-31 17:15:00+00:00,4031.9,4034.6,4029.93,4032.46,1190,8,0
2026-07-31 17:20:00+00:00,4032.59,4037.83,4031.62,4034.53,1201,8,0
2026-07-31 17:25:00+00:00,4034.6,4039.37,4034.48,4038.02,1181,8,0
2026-07-31 17:30:00+00:00,4038.08,4040.01,4035.91,4039.68,1129,8,0
2026-07-31 17:35:00+00:00,4039.65,4041.84,4038.65,4040.06,1028,8,0
2026-07-31 17:40:00+00:00,4040.18,4043.04,4039.34,4041.41,1060,8,0
2026-07-31 17:45:00+00:00,4041.42,4045.54,4040.98,4044.05,1031,8,0
2026-07-31 17:50:00+00:00,4044.04,4048.92,4042.84,4046.24,1073,8,0
2026-07-31 17:55:00+00:00,4046.29,4050.3,4045.01,4049.24,1097,8,0
2026-07-31 18:00:00+00:00,4049.38,4050.66,4044.6,4045.08,1123,8,0
2026-07-31 18:05:00+00:00,4045.09,4049.2,4044.53,4045.75,1025,8,0
2026-07-31 18:10:00+00:00,4045.78,4047.56,4042.85,4047.03,1120,8,0
2026-07-31 18:15:00+00:00,4047.02,4052.48,4042.5,4045.3,1073,8,0
2026-07-31 18:20:00+00:00,4045.39,4046.08,4042.16,4042.83,975,8,0
2026-07-31 18:25:00+00:00,4042.9,4044.71,4040.19,4041.11,992,8,0
2026-07-31 18:30:00+00:00,4041.2,4042.25,4036.72,4038.69,1018,8,0
2026-07-31 18:35:00+00:00,4038.64,4043.14,4037.44,4042.23,888,10,0
2026-07-31 18:40:00+00:00,4042.27,4043.58,4040.72,4042.15,994,8,0
2026-07-31 18:45:00+00:00,4042.1,4042.9,4039.97,4040.29,1044,10,0
2026-07-31 18:50:00+00:00,4040.3,4046.17,4039.84,4045.41,939,10,0
2026-07-31 18:55:00+00:00,4045.4,4046.73,4044.8,4045.53,814,8,0
2026-07-31 19:00:00+00:00,4045.54,4046.25,4043.51,4044.14,890,10,0
2026-07-31 19:05:00+00:00,4044.19,4044.19,4040.55,4043.33,773,8,0
2026-07-31 19:10:00+00:00,4043.33,4046.15,4043.07,4045.61,820,8,0
2026-07-31 19:15:00+00:00,4045.62,4045.94,4042.47,4044.4,802,8,0
2026-07-31 19:20:00+00:00,4044.39,4046.9,4044.34,4045.42,770,8,0
2026-07-31 19:25:00+00:00,4045.37,4047.61,4043.68,4046.69,787,8,0
2026-07-31 19:30:00+00:00,4046.75,4049.5,4046.62,4049.06,726,8,0
2026-07-31 19:35:00+00:00,4049.11,4049.84,4046.77,4046.77,774,8,0
2026-07-31 19:40:00+00:00,4046.76,4047.47,4041.26,4042.53,900,8,0
2026-07-31 19:45:00+00:00,4042.59,4044.58,4042.16,4043.89,783,8,0
2026-07-31 19:50:00+00:00,4043.95,4045.1,4043.19,4043.51,654,8,0
2026-07-31 19:55:00+00:00,4043.45,4043.9,4042.27,4043.4,568,8,0
2026-07-31 20:00:00+00:00,4043.27,4045.62,4042.46,4042.97,592,8,0
2026-07-31 20:05:00+00:00,4042.92,4044.4,4041.93,4042.03,571,8,0
2026-07-31 20:10:00+00:00,4042.0,4046.44,4041.57,4045.63,578,8,0
2026-07-31 20:15:00+00:00,4045.62,4047.29,4044.84,4046.88,626,8,0
2026-07-31 20:20:00+00:00,4046.79,4048.65,4044.98,4047.72,665,8,0
2026-07-31 20:25:00+00:00,4047.71,4053.38,4045.17,4050.49,1007,8,0
2026-07-31 20:30:00+00:00,4050.38,4053.19,4047.97,4047.97,903,8,0
2026-07-31 20:35:00+00:00,4047.96,4051.45,4047.7,4050.12,804,8,0
2026-07-31 20:40:00+00:00,4050.1,4052.28,4049.81,4051.83,752,8,0
2026-07-31 20:45:00+00:00,4052.15,4054.67,4050.3,4052.4,962,8,0
2026-07-31 20:50:00+00:00,4052.47,4054.72,4052.11,4052.8,872,10,0
2026-07-31 20:55:00+00:00,4052.78,4054.34,4052.5,4053.78,746,8,0
2026-07-31 21:00:00+00:00,4053.73,4055.14,4052.14,4052.45,865,8,0
2026-07-31 21:05:00+00:00,4052.44,4052.5,4049.85,4051.49,882,8,0
2026-07-31 21:10:00+00:00,4051.41,4051.49,4047.17,4048.07,750,8,0
2026-07-31 21:15:00+00:00,4048.1,4050.63,4047.65,4049.88,619,8,0
2026-07-31 21:20:00+00:00,4049.86,4051.44,4049.34,4051.43,615,8,0
2026-07-31 21:25:00+00:00,4051.34,4051.7,4050.11,4051.08,653,8,0
2026-07-31 21:30:00+00:00,4051.04,4051.43,4049.22,4049.22,530,8,0
2026-07-31 21:35:00+00:00,4049.18,4051.71,4048.03,4050.78,410,8,0
2026-07-31 21:40:00+00:00,4050.88,4051.45,4049.47,4049.52,432,8,0
2026-07-31 21:45:00+00:00,4049.51,4050.07,4048.2,4049.99,439,8,0
2026-07-31 21:50:00+00:00,4049.9,4051.63,4049.86,4050.18,367,8,0
2026-07-31 21:55:00+00:00,4050.2,4051.13,4049.4,4050.78,516,8,0
2026-07-31 22:00:00+00:00,4050.82,4052.93,4048.77,4049.13,530,8,0
2026-07-31 22:05:00+00:00,4049.16,4049.68,4048.29,4049.56,398,8,0
2026-07-31 22:10:00+00:00,4049.55,4050.01,4046.99,4048.04,449,8,0
2026-07-31 22:15:00+00:00,4048.02,4049.04,4047.12,4048.94,443,8,0
2026-07-31 22:20:00+00:00,4048.93,4049.77,4047.95,4049.1,513,8,0
2026-07-31 22:25:00+00:00,4049.17,4050.56,4048.92,4050.54,344,8,0
2026-07-31 22:30:00+00:00,4050.56,4051.38,4048.98,4050.25,479,8,0
2026-07-31 22:35:00+00:00,4050.24,4051.45,4049.71,4049.89,422,8,0
2026-07-31 22:40:00+00:00,4049.9,4054.66,4049.67,4054.16,539,8,0
2026-07-31 22:45:00+00:00,4054.14,4055.56,4053.42,4054.87,620,8,0
2026-07-31 22:50:00+00:00,4054.74,4054.74,4050.87,4051.03,904,8,0
2026-07-31 22:55:00+00:00,4051.05,4052.56,4050.08,4051.05,1008,8,0
2026-07-31 23:00:00+00:00,4051.02,4051.83,4049.03,4049.03,730,8,0
2026-07-31 23:05:00+00:00,4048.97,4048.97,4045.22,4047.02,507,8,0
2026-07-31 23:10:00+00:00,4047.05,4047.97,4046.45,4047.58,490,8,0
2026-07-31 23:15:00+00:00,4047.64,4048.44,4046.38,4047.98,514,8,0
2026-07-31 23:20:00+00:00,4047.97,4048.99,4047.48,4048.04,353,8,0
2026-07-31 23:25:00+00:00,4047.97,4048.14,4046.52,4048.09,302,8,0
2026-07-31 23:30:00+00:00,4047.54,4050.87,4047.12,4050.37,269,26,0
2026-07-31 23:35:00+00:00,4050.4,4052.84,4050.4,4050.97,322,36,0
2026-07-31 23:40:00+00:00,4050.96,4052.14,4050.52,4051.07,297,26,0
2026-07-31 23:45:00+00:00,4051.21,4052.03,4050.66,4051.28,367,26,0
2026-07-31 23:50:00+00:00,4051.32,4051.89,4044.7,4046.35,422,36,0
2026-07-31 23:55:00+00:00,4046.78,4047.15,4042.62,4044.19,361,36,0
2026-08-03 01:00:00+00:00,4081.59,4083.34,4068.73,4075.18,747,20,0
2026-08-03 01:05:00+00:00,4075.22,4077.81,4071.46,4075.62,389,28,0
2026-08-03 01:10:00+00:00,4075.18,4078.57,4073.94,4076.36,599,28,0
2026-08-03 01:15:00+00:00,4076.39,4077.22,4067.49,4069.02,727,28,0
2026-08-03 01:20:00+00:00,4069.12,4070.29,4064.18,4065.16,837,28,0
2026-08-03 01:25:00+00:00,4065.17,4067.45,4064.02,4066.02,736,16,0
2026-08-03 01:30:00+00:00,4066.06,4068.38,4064.31,4064.33,849,16,0
2026-08-03 01:35:00+00:00,4064.41,4067.63,4064.03,4065.84,704,16,0
2026-08-03 01:40:00+00:00,4065.73,4068.18,4065.22,4066.82,580,11,0
2026-08-03 01:45:00+00:00,4066.78,4067.12,4064.55,4064.68,651,16,0
2026-08-03 01:50:00+00:00,4064.84,4066.16,4063.79,4064.99,585,16,0
2026-08-03 01:55:00+00:00,4064.97,4065.79,4063.42,4063.66,609,8,0
2026-08-03 02:00:00+00:00,4063.58,4066.09,4063.23,4065.72,653,10,0
2026-08-03 02:05:00+00:00,4065.79,4065.81,4063.88,4064.52,513,8,0
2026-08-03 02:10:00+00:00,4064.37,4066.99,4063.22,4066.5,482,8,0
2026-08-03 02:15:00+00:00,4066.45,4071.63,4066.25,4071.61,472,10,0
2026-08-03 02:20:00+00:00,4071.67,4072.28,4067.79,4071.38,525,14,0
2026-08-03 02:25:00+00:00,4071.36,4072.58,4070.65,4072.04,415,14,0
2026-08-03 02:30:00+00:00,4072.11,4072.4,4069.7,4070.2,526,14,0
2026-08-03 02:35:00+00:00,4070.03,4070.9,4069.57,4069.63,274,10,0
2026-08-03 02:40:00+00:00,4069.58,4070.13,4067.87,4069.67,410,10,0
2026-08-03 02:45:00+00:00,4069.68,4072.35,4068.27,4068.99,707,10,0
2026-08-03 02:50:00+00:00,4068.98,4073.84,4068.32,4072.66,726,8,0
2026-08-03 02:55:00+00:00,4072.65,4074.97,4071.82,4074.74,709,10,0
2026-08-03 03:00:00+00:00,4075.69,4079.06,4075.3,4077.56,1070,8,0
2026-08-03 03:05:00+00:00,4077.81,4078.49,4072.94,4073.1,970,8,0
2026-08-03 03:10:00+00:00,4073.1,4073.72,4070.07,4072.04,925,8,0
2026-08-03 03:15:00+00:00,4072.0,4072.91,4069.82,4070.19,854,8,0
2026-08-03 03:20:00+00:00,4070.21,4070.32,4066.42,4066.74,794,8,0
2026-08-03 03:25:00+00:00,4066.8,4067.81,4061.38,4064.33,1016,8,0
2026-08-03 03:30:00+00:00,4064.11,4070.01,4063.03,4064.51,1070,8,0
2026-08-03 03:35:00+00:00,4064.54,4065.21,4059.4,4060.04,1038,8,0
2026-08-03 03:40:00+00:00,4059.9,4061.03,4056.92,4058.27,1035,8,0
2026-08-03 03:45:00+00:00,4058.17,4060.55,4056.16,4058.05,1043,8,0
2026-08-03 03:50:00+00:00,4058.01,4060.67,4057.29,4058.6,906,8,0
2026-08-03 03:55:00+00:00,4058.57,4059.72,4055.71,4057.12,834,8,0
2026-08-03 04:00:00+00:00,4057.11,4063.17,4052.05,4058.19,1312,8,0
2026-08-03 04:05:00+00:00,4058.28,4061.75,4056.64,4059.72,1226,10,0
2026-08-03 04:10:00+00:00,4059.73,4060.66,4051.48,4052.28,1134,8,0
2026-08-03 04:15:00+00:00,4052.29,4053.7,4047.27,4049.1,1113,8,0
2026-08-03 04:20:00+00:00,4049.09,4053.99,4049.07,4053.87,986,8,0
2026-08-03 04:25:00+00:00,4053.88,4055.18,4052.16,4052.83,967,8,0
2026-08-03 04:30:00+00:00,4052.84,4054.03,4050.11,4053.88,1023,10,0
2026-08-03 04:35:00+00:00,4053.91,4057.05,4052.48,4053.59,1041,10,0
2026-08-03 04:40:00+00:00,4053.58,4054.21,4047.54,4051.12,1055,8,0
2026-08-03 04:45:00+00:00,4051.52,4055.35,4050.14,4053.28,886,8,0
2026-08-03 04:50:00+00:00,4053.25,4055.58,4050.28,4051.42,867,10,0
2026-08-03 04:55:00+00:00,4051.5,4057.51,4050.07,4056.57,825,8,0
2026-08-03 05:00:00+00:00,4056.56,4061.01,4056.56,4059.48,858,8,0
2026-08-03 05:05:00+00:00,4059.49,4060.47,4055.75,4055.9,848,10,0
2026-08-03 05:10:00+00:00,4055.97,4056.7,4053.24,4055.76,731,8,0
2026-08-03 05:15:00+00:00,4055.74,4060.72,4052.09,4060.59,794,8,0
2026-08-03 05:20:00+00:00,4060.55,4060.7,4054.56,4055.2,711,8,0
2026-08-03 05:25:00+00:00,4055.35,4058.63,4054.19,4057.95,576,8,0
2026-08-03 05:30:00+00:00,4058.06,4059.51,4053.83,4055.72,1003,8,0
2026-08-03 05:35:00+00:00,4055.86,4058.86,4052.54,4057.77,1002,8,0
2026-08-03 05:40:00+00:00,4057.75,4060.72,4057.34,4059.58,680,8,0
2026-08-03 05:45:00+00:00,4059.36,4066.98,4058.43,4063.7,739,8,0
2026-08-03 05:50:00+00:00,4063.64,4065.3,4062.37,4062.77,856,10,0
2026-08-03 05:55:00+00:00,4062.89,4064.47,4060.81,4062.45,796,8,0
2026-08-03 06:00:00+00:00,4062.25,4063.93,4060.92,4062.57,793,8,0
2026-08-03 06:05:00+00:00,4062.58,4065.55,4062.48,4064.18,821,10,0
2026-08-03 06:10:00+00:00,4064.49,4065.06,4063.0,4064.36,697,10,0
2026-08-03 06:15:00+00:00,4064.37,4067.77,4063.11,4067.5,765,8,0
2026-08-03 06:20:00+00:00,4067.51,4067.88,4061.6,4062.95,801,8,0
2026-08-03 06:25:00+00:00,4062.97,4065.14,4061.67,4063.97,788,8,0
2026-08-03 06:30:00+00:00,4063.96,4064.88,4062.56,4063.21,662,8,0
2026-08-03 06:35:00+00:00,4063.18,4064.89,4061.34,4062.79,665,10,0
2026-08-03 06:40:00+00:00,4062.85,4063.66,4060.63,4060.63,559,10,0
2026-08-03 06:45:00+00:00,4060.64,4061.56,4059.29,4061.34,508,10,0
2026-08-03 06:50:00+00:00,4061.44,4066.31,4061.3,4066.14,687,8,0
2026-08-03 06:55:00+00:00,4066.12,4066.8,4064.27,4065.09,491,10,0
2026-08-03 07:00:00+00:00,4065.08,4066.7,4064.3,4066.45,537,8,0
2026-08-03 07:05:00+00:00,4066.34,4068.28,4065.22,4065.43,482,8,0
2026-08-03 07:10:00+00:00,4065.39,4066.69,4065.39,4066.69,437,10,0
2026-08-03 07:15:00+00:00,4066.68,4070.08,4066.15,4069.65,544,10,0
2026-08-03 07:20:00+00:00,4069.64,4071.05,4068.89,4068.89,398,8,0
2026-08-03 07:25:00+00:00,4068.86,4069.95,4068.05,4068.28,452,8,0
2026-08-03 07:30:00+00:00,4068.29,4071.16,4068.28,4070.68,565,10,0
2026-08-03 07:35:00+00:00,4070.71,4071.33,4068.61,4069.87,542,10,0
2026-08-03 07:40:00+00:00,4069.93,4070.58,4068.95,4070.58,499,10,0
2026-08-03 07:45:00+00:00,4070.64,4071.88,4068.93,4070.8,561,8,0
2026-08-03 07:50:00+00:00,4070.81,4071.88,4067.65,4067.87,458,8,0
2026-08-03 07:55:00+00:00,4067.9,4068.19,4063.85,4063.85,417,8,0
2026-08-03 08:00:00+00:00,4063.94,4065.3,4062.42,4062.43,724,8,0
2026-08-03 08:05:00+00:00,4062.54,4062.97,4060.68,4060.84,621,8,0
2026-08-03 08:10:00+00:00,4060.9,4061.04,4056.77,4057.42,615,8,0
2026-08-03 08:15:00+00:00,4057.44,4057.97,4054.2,4056.59,669,8,0
2026-08-03 08:20:00+00:00,4056.48,4059.14,4055.9,4059.14,526,10,0
2026-08-03 08:25:00+00:00,4059.13,4062.73,4058.52,4060.4,538,10,0
2026-08-03 08:30:00+00:00,4060.36,4060.7,4055.9,4056.62,860,10,0
2026-08-03 08:35:00+00:00,4056.59,4059.79,4055.27,4057.16,800,8,0
2026-08-03 08:40:00+00:00,4057.15,4064.71,4056.28,4063.43,863,10,0
2026-08-03 08:45:00+00:00,4063.56,4063.65,4058.82,4060.14,758,8,0
2026-08-03 08:50:00+00:00,4060.18,4065.35,4059.46,4065.09,674,8,0
2026-08-03 08:55:00+00:00,4065.29,4069.84,4064.55,4069.0,638,8,0
2026-08-03 09:00:00+00:00,4068.99,4071.23,4067.66,4067.94,850,8,0
2026-08-03 09:05:00+00:00,4067.99,4070.5,4067.51,4067.74,739,8,0
2026-08-03 09:10:00+00:00,4067.66,4068.16,4066.14,4066.14,647,8,0
2026-08-03 09:15:00+00:00,4066.16,4070.14,4065.47,4069.48,710,8,0
2026-08-03 09:20:00+00:00,4069.61,4071.74,4067.74,4070.75,840,8,0
2026-08-03 09:25:00+00:00,4070.67,4071.16,4066.07,4068.29,797,8,0
2026-08-03 09:30:00+00:00,4068.32,4068.72,4060.34,4060.36,750,8,0
2026-08-03 09:35:00+00:00,4060.43,4067.3,4060.25,4066.12,682,8,0
2026-08-03 09:40:00+00:00,4066.11,4066.48,4064.47,4065.56,729,8,0
2026-08-03 09:45:00+00:00,4065.41,4066.99,4063.16,4063.54,614,8,0
2026-08-03 09:50:00+00:00,4063.57,4065.14,4062.78,4064.11,611,8,0
2026-08-03 09:55:00+00:00,4063.95,4066.3,4063.67,4063.83,746,10,0
2026-08-03 10:00:00+00:00,4063.95,4065.27,4059.8,4061.14,921,8,0
2026-08-03 10:05:00+00:00,4060.95,4063.98,4059.62,4062.91,749,8,0
2026-08-03 10:10:00+00:00,4062.81,4064.49,4061.43,4061.52,784,10,0
2026-08-03 10:15:00+00:00,4061.35,4061.99,4053.29,4054.55,1029,8,0
2026-08-03 10:20:00+00:00,4054.47,4056.33,4052.11,4056.2,923,8,0
2026-08-03 10:25:00+00:00,4056.16,4059.06,4055.56,4058.01,648,8,0
2026-08-03 10:30:00+00:00,4058.39,4060.19,4057.42,4059.73,638,8,0
2026-08-03 10:35:00+00:00,4059.67,4061.18,4056.58,4059.87,689,8,0
2026-08-03 10:40:00+00:00,4059.84,4059.87,4058.15,4059.63,600,10,0
2026-08-03 10:45:00+00:00,4059.64,4061.24,4058.42,4059.27,607,10,0
2026-08-03 10:50:00+00:00,4059.28,4063.36,4058.81,4062.64,755,8,0
2026-08-03 10:55:00+00:00,4062.62,4063.08,4060.8,4061.07,672,8,0
2026-08-03 11:00:00+00:00,4061.05,4061.48,4058.42,4060.76,816,8,0
2026-08-03 11:05:00+00:00,4060.78,4061.46,4059.51,4060.66,631,10,0
2026-08-03 11:10:00+00:00,4060.71,4062.24,4059.82,4061.74,592,8,0
2026-08-03 11:15:00+00:00,4061.73,4062.46,4057.04,4057.83,700,8,0
2026-08-03 11:20:00+00:00,4057.99,4059.28,4057.61,4058.79,638,8,0
2026-08-03 11:25:00+00:00,4058.91,4060.36,4054.37,4056.09,669,8,0
2026-08-03 11:30:00+00:00,4056.15,4058.29,4054.86,4056.23,692,8,0
2026-08-03 11:35:00+00:00,4056.22,4060.77,4055.32,4059.96,667,8,0
2026-08-03 11:40:00+00:00,4059.75,4060.33,4058.16,4058.44,572,8,0
2026-08-03 11:45:00+00:00,4058.42,4060.04,4057.65,4059.93,657,8,0
2026-08-03 11:50:00+00:00,4059.86,4060.08,4057.74,4059.37,635,10,0
2026-08-03 11:55:00+00:00,4059.49,4060.99,4058.66,4059.52,552,8,0
2026-08-03 12:00:00+00:00,4059.47,4060.48,4057.41,4057.54,662,10,0
2026-08-03 12:05:00+00:00,4057.5,4059.61,4057.29,4059.61,485,10,0
2026-08-03 12:10:00+00:00,4059.62,4062.23,4059.42,4061.52,539,8,0
2026-08-03 12:15:00+00:00,4061.51,4061.53,4058.33,4058.89,628,10,0
2026-08-03 12:20:00+00:00,4058.91,4059.05,4052.75,4055.24,658,8,0
2026-08-03 12:25:00+00:00,4055.21,4056.15,4052.16,4052.81,590,8,0
2026-08-03 12:30:00+00:00,4052.62,4053.47,4046.63,4047.04,896,8,0
2026-08-03 12:35:00+00:00,4047.13,4052.74,4046.88,4052.52,709,8,0
2026-08-03 12:40:00+00:00,4052.47,4054.86,4051.55,4053.66,655,8,0
2026-08-03 12:45:00+00:00,4053.55,4056.92,4053.51,4055.94,487,8,0
2026-08-03 12:50:00+00:00,4056.15,4058.12,4055.92,4056.94,600,10,0
2026-08-03 12:55:00+00:00,4056.95,4057.83,4054.56,4055.31,617,10,0
2026-08-03 13:00:00+00:00,4055.35,4056.73,4053.13,4054.75,671,10,0
2026-08-03 13:05:00+00:00,4054.73,4055.44,4053.78,4054.04,576,8,0
2026-08-03 13:10:00+00:00,4053.99,4057.17,4053.85,4056.36,557,10,0
2026-08-03 13:15:00+00:00,4056.33,4057.02,4053.98,4055.0,562,8,0
2026-08-03 13:20:00+00:00,4055.02,4055.54,4052.69,4053.51,672,8,0
2026-08-03 13:25:00+00:00,4053.37,4054.86,4051.97,4053.43,525,8,0
2026-08-03 13:30:00+00:00,4053.49,4053.67,4049.98,4051.83,533,8,0
2026-08-03 13:35:00+00:00,4051.88,4052.64,4050.9,4052.45,536,8,0
2026-08-03 13:40:00+00:00,4052.43,4052.53,4048.66,4049.27,653,8,0
2026-08-03 13:45:00+00:00,4049.2,4050.78,4048.45,4048.67,505,8,0
2026-08-03 13:50:00+00:00,4048.66,4048.99,4046.16,4048.42,529,8,0
2026-08-03 13:55:00+00:00,4048.33,4049.48,4046.84,4049.45,590,8,0
2026-08-03 14:00:00+00:00,4049.39,4052.19,4048.0,4052.11,795,8,0
2026-08-03 14:05:00+00:00,4052.09,4052.9,4049.4,4050.37,563,10,0
2026-08-03 14:10:00+00:00,4050.36,4050.91,4048.03,4049.78,631,8,0
2026-08-03 14:15:00+00:00,4049.75,4049.8,4046.93,4047.85,698,8,0
2026-08-03 14:20:00+00:00,4047.9,4048.3,4045.49,4047.51,716,8,0
2026-08-03 14:25:00+00:00,4047.52,4049.96,4046.92,4048.38,632,8,0
2026-08-03 14:30:00+00:00,4048.48,4051.39,4047.97,4050.87,595,8,0
2026-08-03 14:35:00+00:00,4050.86,4052.12,4049.7,4051.49,519,8,0
2026-08-03 14:40:00+00:00,4051.42,4054.99,4051.13,4053.58,550,8,0
2026-08-03 14:45:00+00:00,4053.6,4060.21,4052.6,4060.21,557,8,0
2026-08-03 14:50:00+00:00,4060.48,4063.11,4059.17,4061.27,826,8,0
2026-08-03 14:55:00+00:00,4061.24,4062.86,4059.95,4062.59,633,8,0
2026-08-03 15:00:00+00:00,4062.51,4064.62,4059.75,4061.09,778,8,0
2026-08-03 15:05:00+00:00,4060.97,4061.16,4058.34,4060.02,624,8,0
2026-08-03 15:10:00+00:00,4060.09,4060.31,4054.83,4055.94,660,8,0
2026-08-03 15:15:00+00:00,4055.97,4056.51,4051.19,4051.22,677,8,0
2026-08-03 15:20:00+00:00,4051.01,4053.9,4048.7,4052.35,901,8,0
2026-08-03 15:25:00+00:00,4052.31,4053.49,4050.4,4050.88,714,8,0
2026-08-03 15:30:00+00:00,4050.93,4052.98,4047.93,4051.79,764,8,0
2026-08-03 15:35:00+00:00,4051.75,4051.94,4045.77,4047.34,794,8,0
2026-08-03 15:40:00+00:00,4047.42,4047.53,4042.19,4045.06,820,8,0
2026-08-03 15:45:00+00:00,4045.05,4046.56,4043.51,4043.98,692,8,0
2026-08-03 15:50:00+00:00,4043.69,4046.59,4043.21,4045.79,835,8,0
2026-08-03 15:55:00+00:00,4045.83,4048.95,4045.5,4047.65,651,8,0
2026-08-03 16:00:00+00:00,4047.76,4053.52,4040.88,4042.04,1231,8,0
2026-08-03 16:05:00+00:00,4041.89,4045.97,4041.27,4043.96,1034,8,0
2026-08-03 16:10:00+00:00,4043.94,4044.47,4038.82,4038.82,950,8,0
2026-08-03 16:15:00+00:00,4038.84,4040.49,4035.3,4036.55,970,8,0
2026-08-03 16:20:00+00:00,4036.41,4037.2,4032.91,4034.38,1000,8,0
2026-08-03 16:25:00+00:00,4034.36,4035.42,4031.45,4034.21,1039,8,0
2026-08-03 16:30:00+00:00,4034.27,4035.53,4029.62,4031.09,1280,8,0
2026-08-03 16:35:00+00:00,4031.08,4031.77,4019.09,4026.52,1253,8,0
2026-08-03 16:40:00+00:00,4026.61,4033.83,4024.73,4031.93,1181,8,0
2026-08-03 16:45:00+00:00,4031.99,4035.35,4028.56,4029.78,1171,8,0
2026-08-03 16:50:00+00:00,4029.37,4032.92,4028.27,4030.28,1184,8,0
2026-08-03 16:55:00+00:00,4030.19,4033.93,4028.46,4031.96,987,8,0
2026-08-03 17:00:00+00:00,4032.02,4036.13,4027.79,4029.3,1167,8,0
2026-08-03 17:05:00+00:00,4029.15,4032.43,4027.16,4027.23,1134,8,0
2026-08-03 17:10:00+00:00,4027.24,4034.53,4026.67,4033.21,1115,8,0
2026-08-03 17:15:00+00:00,4033.2,4034.76,4031.13,4031.31,1041,8,0
2026-08-03 17:20:00+00:00,4031.25,4035.89,4029.94,4033.65,963,8,0
2026-08-03 17:25:00+00:00,4033.66,4036.0,4032.37,4032.44,926,8,0
2026-08-03 17:30:00+00:00,4032.53,4035.59,4031.89,4035.32,932,8,0
2026-08-03 17:35:00+00:00,4035.26,4037.88,4032.93,4033.12,836,8,0
2026-08-03 17:40:00+00:00,4033.04,4038.12,4032.15,4036.42,911,8,0
2026-08-03 17:45:00+00:00,4036.64,4036.74,4033.93,4035.81,863,8,0
2026-08-03 17:50:00+00:00,4035.85,4037.05,4033.72,4035.75,868,8,0
2026-08-03 17:55:00+00:00,4036.04,4039.3,4035.88,4036.3,838,8,0
2026-08-03 18:00:00+00:00,4036.37,4036.62,4031.85,4032.21,896,8,0
2026-08-03 18:05:00+00:00,4032.04,4037.07,4030.44,4034.65,943,8,0
2026-08-03 18:10:00+00:00,4034.58,4035.65,4032.21,4033.35,811,8,0
2026-08-03 18:15:00+00:00,4033.34,4037.61,4033.3,4036.7,820,8,0
2026-08-03 18:20:00+00:00,4036.91,4038.43,4035.96,4037.39,794,8,0
2026-08-03 18:25:00+00:00,4037.38,4037.96,4030.7,4032.78,1054,8,0
2026-08-03 18:30:00+00:00,4032.77,4034.68,4030.97,4033.17,958,8,0
2026-08-03 18:35:00+00:00,4033.14,4037.02,4033.14,4036.81,814,8,0
2026-08-03 18:40:00+00:00,4036.82,4038.75,4036.44,4036.76,589,8,0
2026-08-03 18:45:00+00:00,4036.87,4040.98,4036.77,4037.62,735,8,0
2026-08-03 18:50:00+00:00,4037.66,4039.99,4037.25,4038.18,640,8,0
2026-08-03 18:55:00+00:00,4038.16,4038.16,4035.44,4036.31,605,8,0
2026-08-03 19:00:00+00:00,4036.09,4037.64,4035.4,4036.64,658,8,0
2026-08-03 19:05:00+00:00,4036.63,4036.75,4034.67,4035.44,487,8,0
2026-08-03 19:10:00+00:00,4035.42,4036.71,4035.32,4036.57,527,8,0
2026-08-03 19:15:00+00:00,4036.39,4037.72,4035.28,4035.63,656,8,0
2026-08-03 19:20:00+00:00,4036.09,4037.98,4035.01,4037.93,539,8,0
2026-08-03 19:25:00+00:00,4037.94,4038.56,4036.36,4037.02,576,8,0
2026-08-03 19:30:00+00:00,4037.03,4037.98,4035.61,4037.88,595,8,0
2026-08-03 19:35:00+00:00,4037.78,4038.81,4036.25,4036.8,565,8,0
2026-08-03 19:40:00+00:00,4036.94,4039.31,4036.85,4038.7,480,8,0
2026-08-03 19:45:00+00:00,4038.79,4038.83,4037.31,4037.33,482,8,0
2026-08-03 19:50:00+00:00,4037.39,4038.05,4035.76,4036.22,510,8,0
2026-08-03 19:55:00+00:00,4036.12,4037.81,4035.95,4036.96,543,8,0
2026-08-03 20:00:00+00:00,4037.04,4037.71,4033.31,4034.2,620,8,0
2026-08-03 20:05:00+00:00,4034.11,4035.17,4033.84,4034.9,402,8,0
2026-08-03 20:10:00+00:00,4034.96,4034.96,4033.85,4034.33,429,8,0
2026-08-03 20:15:00+00:00,4034.38,4037.77,4034.22,4036.42,570,8,0
2026-08-03 20:20:00+00:00,4036.43,4036.43,4034.18,4035.26,605,8,0
2026-08-03 20:25:00+00:00,4035.23,4036.49,4033.97,4034.43,552,8,0
2026-08-03 20:30:00+00:00,4034.38,4035.25,4034.13,4035.0,468,8,0
2026-08-03 20:35:00+00:00,4034.94,4037.0,4034.56,4036.47,498,8,0
2026-08-03 20:40:00+00:00,4036.27,4036.57,4035.35,4036.09,389,8,0
2026-08-03 20:45:00+00:00,4036.0,4036.43,4034.1,4034.1,346,8,0
2026-08-03 20:50:00+00:00,4034.17,4034.39,4030.52,4030.69,436,8,0
2026-08-03 20:55:00+00:00,4030.71,4031.19,4030.29,4030.53,424,8,0
2026-08-03 21:00:00+00:00,4030.59,4032.28,4029.67,4031.84,551,8,0
2026-08-03 21:05:00+00:00,4031.89,4036.73,4031.89,4036.5,473,8,0
2026-08-03 21:10:00+00:00,4036.57,4038.57,4034.96,4035.08,678,8,0
2026-08-03 21:15:00+00:00,4035.11,4038.97,4035.01,4037.56,540,8,0
2026-08-03 21:20:00+00:00,4037.58,4038.59,4036.8,4037.17,536,8,0
2026-08-03 21:25:00+00:00,4037.16,4038.26,4036.28,4037.96,549,8,0
2026-08-03 21:30:00+00:00,4037.92,4038.44,4036.56,4036.93,469,8,0
2026-08-03 21:35:00+00:00,4036.92,4038.52,4036.85,4037.66,416,8,0
2026-08-03 21:40:00+00:00,4037.69,4041.51,4037.5,4041.44,534,8,0
2026-08-03 21:45:00+00:00,4041.42,4042.55,4040.49,4042.45,632,8,0
2026-08-03 21:50:00+00:00,4042.59,4044.07,4041.95,4043.83,433,8,0
2026-08-03 21:55:00+00:00,4043.84,4045.0,4043.0,4043.52,478,10,0
2026-08-03 22:00:00+00:00,4043.62,4048.51,4043.62,4048.12,621,8,0
2026-08-03 22:05:00+00:00,4048.09,4049.52,4046.08,4046.09,731,8,0
2026-08-03 22:10:00+00:00,4045.84,4048.35,4045.34,4046.31,554,8,0
2026-08-03 22:15:00+00:00,4046.32,4049.37,4046.25,4048.05,600,8,0
2026-08-03 22:20:00+00:00,4048.06,4053.37,4048.06,4053.09,696,8,0
2026-08-03 22:25:00+00:00,4053.07,4054.33,4052.17,4052.97,627,8,0
2026-08-03 22:30:00+00:00,4053.08,4055.77,4052.06,4053.1,591,8,0
2026-08-03 22:35:00+00:00,4053.06,4054.96,4053.06,4054.16,542,8,0
2026-08-03 22:40:00+00:00,4054.11,4054.79,4052.88,4054.07,440,8,0
2026-08-03 22:45:00+00:00,4054.09,4055.54,4052.65,4054.64,430,8,0
2026-08-03 22:50:00+00:00,4054.68,4055.64,4053.72,4054.36,464,8,0
2026-08-03 22:55:00+00:00,4054.05,4054.36,4051.72,4052.1,659,8,0
2026-08-03 23:00:00+00:00,4052.02,4052.19,4050.25,4051.51,452,8,0
2026-08-03 23:05:00+00:00,4051.69,4052.23,4050.82,4051.7,334,8,0
2026-08-03 23:10:00+00:00,4051.71,4052.85,4051.3,4052.59,195,8,0
2026-08-03 23:15:00+00:00,4052.59,4052.64,4051.55,4051.8,184,10,0
2026-08-03 23:20:00+00:00,4051.84,4054.75,4051.5,4054.3,126,8,0
2026-08-03 23:25:00+00:00,4054.36,4055.93,4053.57,4054.35,267,8,0
2026-08-03 23:30:00+00:00,4054.41,4058.13,4053.93,4057.55,264,8,0
2026-08-03 23:35:00+00:00,4057.6,4057.94,4056.67,4057.42,231,10,0
2026-08-03 23:40:00+00:00,4057.19,4057.53,4056.12,4056.34,253,8,0
2026-08-03 23:45:00+00:00,4056.54,4056.93,4056.0,4056.36,244,10,0
2026-08-03 23:50:00+00:00,4056.35,4057.23,4054.52,4054.92,390,8,0
2026-08-03 23:55:00+00:00,4055.06,4056.11,4054.06,4054.06,250,10,0
2026-08-04 01:00:00+00:00,4050.19,4054.69,4050.19,4051.43,359,14,0
2026-08-04 01:05:00+00:00,4051.59,4052.23,4049.19,4050.73,224,10,0
2026-08-04 01:10:00+00:00,4050.44,4051.93,4049.81,4051.4,225,14,0
2026-08-04 01:15:00+00:00,4051.41,4052.23,4050.78,4051.02,253,14,0
2026-08-04 01:20:00+00:00,4050.96,4052.61,4050.73,4052.16,186,10,0
2026-08-04 01:25:00+00:00,4052.17,4052.27,4050.94,4052.17,194,14,0
2026-08-04 01:30:00+00:00,4052.06,4053.45,4051.69,4053.07,267,10,0
2026-08-04 01:35:00+00:00,4053.06,4053.35,4052.44,4053.28,273,14,0
2026-08-04 01:40:00+00:00,4053.3,4053.39,4052.56,4052.81,188,10,0
2026-08-04 01:45:00+00:00,4052.82,4053.27,4051.96,4052.17,313,10,0
2026-08-04 01:50:00+00:00,4052.16,4052.56,4051.3,4051.61,333,10,0
2026-08-04 01:55:00+00:00,4051.65,4053.48,4051.39,4052.83,304,8,0
2026-08-04 02:00:00+00:00,4052.79,4053.74,4051.35,4052.93,391,8,0
2026-08-04 02:05:00+00:00,4052.97,4055.0,4051.97,4052.09,453,8,0
2026-08-04 02:10:00+00:00,4052.08,4052.13,4050.18,4051.37,239,10,0
2026-08-04 02:15:00+00:00,4051.35,4052.86,4050.57,4052.8,252,10,0
2026-08-04 02:20:00+00:00,4052.32,4054.6,4050.98,4052.38,476,10,0
2026-08-04 02:25:00+00:00,4052.39,4052.63,4051.17,4051.61,303,14,0
2026-08-04 02:30:00+00:00,4051.48,4052.02,4051.15,4051.77,287,10,0
2026-08-04 02:35:00+00:00,4051.76,4052.77,4051.12,4052.01,266,10,0
2026-08-04 02:40:00+00:00,4052.08,4052.59,4051.44,4052.28,224,8,0
2026-08-04 02:45:00+00:00,4052.39,4053.93,4051.19,4051.79,567,8,0
2026-08-04 02:50:00+00:00,4051.73,4052.82,4051.51,4052.48,290,10,0
2026-08-04 02:55:00+00:00,4052.46,4053.92,4052.26,4053.87,202,10,0
2026-08-04 03:00:00+00:00,4053.85,4063.57,4053.17,4059.91,856,8,0
2026-08-04 03:05:00+00:00,4059.68,4067.66,4059.37,4067.35,731,8,0
2026-08-04 03:10:00+00:00,4067.45,4069.36,4063.06,4063.62,859,8,0
2026-08-04 03:15:00+00:00,4063.57,4064.44,4062.08,4062.86,538,10,0
2026-08-04 03:20:00+00:00,4062.77,4063.59,4058.16,4059.29,688,8,0
2026-08-04 03:25:00+00:00,4059.33,4060.87,4058.42,4059.09,459,10,0
2026-08-04 03:30:00+00:00,4059.11,4060.76,4057.9,4060.08,433,8,0
2026-08-04 03:35:00+00:00,4060.06,4060.12,4056.69,4058.09,437,8,0
2026-08-04 03:40:00+00:00,4058.13,4058.28,4055.7,4056.4,500,8,0
2026-08-04 03:45:00+00:00,4056.38,4057.6,4055.35,4056.5,551,8,0
2026-08-04 03:50:00+00:00,4056.57,4058.07,4054.25,4055.17,631,8,0
2026-08-04 03:55:00+00:00,4055.23,4055.59,4048.76,4049.37,720,8,0
2026-08-04 04:00:00+00:00,4049.3,4050.6,4045.37,4046.65,1158,8,0
2026-08-04 04:05:00+00:00,4046.75,4047.1,4042.63,4044.89,909,8,0
2026-08-04 04:10:00+00:00,4044.87,4048.5,4043.37,4046.89,695,8,0
2026-08-04 04:15:00+00:00,4046.9,4050.47,4046.9,4049.9,826,8,0
2026-08-04 04:20:00+00:00,4049.91,4050.71,4047.9,4048.87,670,8,0
2026-08-04 04:25:00+00:00,4048.89,4052.45,4048.08,4049.22,769,8,0
2026-08-04 04:30:00+00:00,4049.24,4051.58,4048.37,4049.0,976,10,0
2026-08-04 04:35:00+00:00,4049.04,4055.91,4048.89,4052.63,1012,8,0
2026-08-04 04:40:00+00:00,4052.66,4060.18,4052.15,4059.16,967,8,0
2026-08-04 04:45:00+00:00,4059.17,4060.64,4057.35,4057.4,897,8,0
2026-08-04 04:50:00+00:00,4057.21,4061.93,4056.61,4059.81,885,8,0
2026-08-04 04:55:00+00:00,4059.76,4061.32,4058.14,4058.75,673,8,0
2026-08-04 05:00:00+00:00,4058.85,4061.24,4056.83,4057.13,869,8,0
2026-08-04 05:05:00+00:00,4057.09,4057.68,4055.78,4056.82,708,8,0
2026-08-04 05:10:00+00:00,4056.86,4059.23,4056.23,4058.26,779,10,0
2026-08-04 05:15:00+00:00,4058.27,4059.39,4057.75,4058.96,590,10,0
2026-08-04 05:20:00+00:00,4058.99,4059.89,4056.81,4057.17,617,8,0
2026-08-04 05:25:00+00:00,4057.07,4057.97,4055.86,4056.77,556,8,0
2026-08-04 05:30:00+00:00,4056.81,4059.93,4055.73,4057.8,732,8,0
2026-08-04 05:35:00+00:00,4057.9,4065.09,4057.9,4063.64,772,8,0
2026-08-04 05:40:00+00:00,4063.71,4063.94,4060.21,4061.79,758,8,0
2026-08-04 05:45:00+00:00,4061.81,4062.39,4060.32,4060.65,712,8,0
2026-08-04 05:50:00+00:00,4060.62,4061.73,4059.85,4060.1,521,8,0
2026-08-04 05:55:00+00:00,4060.14,4061.39,4058.16,4058.92,631,8,0
2026-08-04 06:00:00+00:00,4058.75,4060.71,4057.83,4057.86,630,8,0
2026-08-04 06:05:00+00:00,4057.84,4058.8,4056.48,4058.35,537,8,0
2026-08-04 06:10:00+00:00,4058.26,4060.51,4057.56,4058.24,575,8,0
2026-08-04 06:15:00+00:00,4058.07,4061.16,4057.99,4060.29,581,10,0
2026-08-04 06:20:00+00:00,4060.37,4061.73,4058.8,4060.08,588,10,0
2026-08-04 06:25:00+00:00,4060.09,4060.47,4057.8,4057.91,432,8,0
2026-08-04 06:30:00+00:00,4057.9,4058.84,4055.94,4058.53,520,8,0
2026-08-04 06:35:00+00:00,4058.44,4058.6,4056.1,4056.27,449,8,0
2026-08-04 06:40:00+00:00,4056.24,4056.4,4052.76,4052.85,433,8,0
2026-08-04 06:45:00+00:00,4052.86,4054.68,4052.45,4054.3,285,8,0
2026-08-04 06:50:00+00:00,4054.32,4055.52,4054.31,4055.25,282,8,0
2026-08-04 06:55:00+00:00,4055.22,4055.45,4052.14,4052.53,338,8,0
2026-08-04 07:00:00+00:00,4052.59,4053.31,4051.2,4052.51,399,8,0
2026-08-04 07:05:00+00:00,4052.5,4054.44,4051.73,4054.44,343,8,0
2026-08-04 07:10:00+00:00,4054.45,4056.9,4054.11,4056.81,284,8,0
2026-08-04 07:15:00+00:00,4057.04,4059.63,4056.61,4056.63,506,8,0
2026-08-04 07:20:00+00:00,4056.64,4058.06,4055.98,4057.81,310,8,0
2026-08-04 07:25:00+00:00,4057.91,4061.66,4057.73,4061.45,338,8,0
2026-08-04 07:30:00+00:00,4061.5,4064.3,4060.61,4062.92,403,8,0
2026-08-04 07:35:00+00:00,4063.02,4063.46,4061.96,4063.42,303,8,0
2026-08-04 07:40:00+00:00,4063.45,4064.07,4062.36,4062.79,276,8,0
2026-08-04 07:45:00+00:00,4062.78,4066.31,4062.53,4064.83,329,8,0
2026-08-04 07:50:00+00:00,4064.77,4065.55,4063.46,4064.39,330,8,0
2026-08-04 07:55:00+00:00,4064.38,4065.69,4062.93,4063.88,329,8,0
2026-08-04 08:00:00+00:00,4063.83,4064.64,4061.66,4061.97,437,8,0
2026-08-04 08:05:00+00:00,4061.94,4063.08,4060.53,4060.83,394,8,0
2026-08-04 08:10:00+00:00,4060.77,4060.77,4057.23,4058.06,409,10,0
2026-08-04 08:15:00+00:00,4058.02,4061.9,4057.49,4061.9,377,8,0
2026-08-04 08:20:00+00:00,4061.92,4063.38,4061.16,4063.36,312,8,0
2026-08-04 08:25:00+00:00,4063.31,4064.02,4062.38,4063.32,346,8,0
2026-08-04 08:30:00+00:00,4063.28,4067.85,4061.75,4062.09,765,8,0
2026-08-04 08:35:00+00:00,4062.12,4062.53,4059.9,4060.81,640,8,0
2026-08-04 08:40:00+00:00,4060.72,4063.27,4059.27,4062.69,589,8,0
2026-08-04 08:45:00+00:00,4062.86,4064.41,4060.43,4060.83,541,8,0
2026-08-04 08:50:00+00:00,4060.85,4061.9,4058.7,4059.19,575,8,0
2026-08-04 08:55:00+00:00,4059.09,4063.15,4058.81,4061.94,626,8,0
2026-08-04 09:00:00+00:00,4061.95,4065.83,4061.82,4064.22,784,8,0
2026-08-04 09:05:00+00:00,4064.19,4066.27,4063.4,4063.88,558,8,0
2026-08-04 09:10:00+00:00,4063.93,4065.39,4062.85,4064.31,589,8,0
2026-08-04 09:15:00+00:00,4064.02,4064.5,4061.72,4062.26,592,8,0
2026-08-04 09:20:00+00:00,4062.34,4064.96,4061.95,4062.95,617,8,0
2026-08-04 09:25:00+00:00,4062.99,4063.69,4059.58,4059.9,613,8,0
2026-08-04 09:30:00+00:00,4059.99,4060.0,4056.74,4056.84,615,8,0
2026-08-04 09:35:00+00:00,4056.83,4057.7,4055.73,4056.94,440,8,0
2026-08-04 09:40:00+00:00,4056.96,4060.13,4056.79,4060.13,584,8,0
2026-08-04 09:45:00+00:00,4060.16,4062.63,4060.04,4062.16,565,8,0
2026-08-04 09:50:00+00:00,4062.05,4062.95,4059.77,4060.45,549,8,0
2026-08-04 09:55:00+00:00,4060.43,4063.68,4058.85,4063.45,511,8,0
2026-08-04 10:00:00+00:00,4063.44,4065.5,4062.34,4064.63,608,8,0
2026-08-04 10:05:00+00:00,4064.61,4065.87,4064.06,4064.46,525,8,0
2026-08-04 10:10:00+00:00,4064.34,4065.58,4060.88,4061.04,473,8,0
2026-08-04 10:15:00+00:00,4061.03,4065.47,4060.95,4063.2,505,8,0
2026-08-04 10:20:00+00:00,4063.26,4065.6,4062.68,4065.6,445,8,0
2026-08-04 10:25:00+00:00,4065.68,4065.68,4062.74,4063.07,513,8,0
2026-08-04 10:30:00+00:00,4063.09,4066.8,4062.94,4064.93,517,8,0
2026-08-04 10:35:00+00:00,4064.96,4066.72,4061.53,4063.09,592,8,0
2026-08-04 10:40:00+00:00,4063.1,4064.88,4062.4,4062.92,506,8,0
2026-08-04 10:45:00+00:00,4062.95,4064.98,4062.31,4063.81,450,10,0
2026-08-04 10:50:00+00:00,4063.65,4066.21,4063.57,4064.81,407,10,0
2026-08-04 10:55:00+00:00,4064.74,4065.75,4063.98,4065.58,358,8,0
2026-08-04 11:00:00+00:00,4065.62,4072.88,4064.72,4069.96,787,8,0
2026-08-04 11:05:00+00:00,4070.18,4071.16,4068.86,4069.44,714,8,0
2026-08-04 11:10:00+00:00,4069.32,4071.25,4068.14,4068.24,627,8,0
2026-08-04 11:15:00+00:00,4068.22,4068.75,4066.53,4067.06,492,8,0
2026-08-04 11:20:00+00:00,4066.97,4067.2,4061.6,4062.93,595,8,0
2026-08-04 11:25:00+00:00,4062.92,4063.55,4060.43,4063.44,646,8,0
2026-08-04 11:30:00+00:00,4063.31,4064.44,4061.07,4062.71,667,8,0
2026-08-04 11:35:00+00:00,4062.72,4064.48,4058.57,4058.97,702,8,0
2026-08-04 11:40:00+00:00,4058.93,4060.05,4058.41,4059.49,466,8,0
2026-08-04 11:45:00+00:00,4059.5,4059.72,4055.8,4056.38,580,8,0
2026-08-04 11:50:00+00:00,4056.34,4057.44,4055.16,4056.41,506,8,0
2026-08-04 11:55:00+00:00,4056.4,4056.4,4054.56,4055.13,449,8,0
2026-08-04 12:00:00+00:00,4055.11,4055.44,4052.95,4053.35,556,8,0
2026-08-04 12:05:00+00:00,4053.3,4053.56,4050.57,4051.17,523,8,0
2026-08-04 12:10:00+00:00,4051.11,4051.38,4048.58,4050.78,603,8,0
2026-08-04 12:15:00+00:00,4050.75,4052.16,4049.88,4050.94,537,8,0
2026-08-04 12:20:00+00:00,4050.92,4051.92,4048.7,4050.59,517,8,0
2026-08-04 12:25:00+00:00,4050.56,4051.86,4049.63,4050.4,602,8,0
2026-08-04 12:30:00+00:00,4050.39,4051.38,4048.98,4049.74,612,8,0
2026-08-04 12:35:00+00:00,4049.64,4049.8,4046.27,4047.67,541,8,0
2026-08-04 12:40:00+00:00,4047.72,4050.5,4047.72,4050.41,420,8,0
2026-08-04 12:45:00+00:00,4050.33,4051.0,4048.14,4050.33,530,8,0
2026-08-04 12:50:00+00:00,4050.25,4050.46,4047.82,4048.26,411,8,0
2026-08-04 12:55:00+00:00,4048.25,4049.81,4047.43,4049.81,437,8,0
2026-08-04 13:00:00+00:00,4049.83,4049.86,4048.39,4049.76,459,8,0
2026-08-04 13:05:00+00:00,4049.73,4049.82,4047.11,4047.11,441,8,0
2026-08-04 13:10:00+00:00,4047.15,4049.23,4046.96,4049.05,351,8,0
2026-08-04 13:15:00+00:00,4049.0,4049.61,4045.61,4048.33,427,8,0
2026-08-04 13:20:00+00:00,4048.24,4049.37,4047.63,4048.5,300,8,0
2026-08-04 13:25:00+00:00,4048.49,4049.95,4047.81,4048.94,418,10,0
2026-08-04 13:30:00+00:00,4049.06,4051.63,4049.06,4050.31,553,10,0
2026-08-04 13:35:00+00:00,4050.0,4050.62,4048.76,4049.03,621,10,0
2026-08-04 13:40:00+00:00,4048.97,4053.98,4046.54,4052.75,699,8,0
2026-08-04 13:45:00+00:00,4052.76,4060.67,4052.51,4058.17,1260,10,0
2026-08-04 13:50:00+00:00,4058.18,4058.25,4053.27,4054.92,1019,10,0
2026-08-04 13:55:00+00:00,4054.96,4055.96,4053.22,4053.76,995,10,0
2026-08-04 14:00:00+00:00,4053.77,4055.67,4052.47,4055.12,933,10,0
2026-08-04 14:05:00+00:00,4055.05,4055.66,4052.33,4055.16,846,10,0
2026-08-04 14:10:00+00:00,4055.06,4058.83,4053.92,4056.57,810,10,0
2026-08-04 14:15:00+00:00,4056.69,4057.85,4055.8,4055.81,730,10,0
2026-08-04 14:20:00+00:00,4055.67,4059.23,4055.53,4058.42,751,10,0
2026-08-04 14:25:00+00:00,4058.52,4061.02,4058.11,4060.87,717,10,0
2026-08-04 14:30:00+00:00,4061.15,4064.98,4060.03,4062.36,920,8,0
2026-08-04 14:35:00+00:00,4062.37,4064.38,4061.16,4063.84,881,10,0
2026-08-04 14:40:00+00:00,4063.77,4070.33,4059.91,4069.57,909,8,0
2026-08-04 14:45:00+00:00,4069.56,4079.8,4067.02,4076.28,1254,8,0
2026-08-04 14:50:00+00:00,4076.33,4084.2,4074.68,4075.81,1216,10,0
2026-08-04 14:55:00+00:00,4075.74,4076.08,4068.93,4074.78,1107,8,0
2026-08-04 15:00:00+00:00,4074.83,4075.71,4065.6,4068.15,1085,8,0
2026-08-04 15:05:00+00:00,4068.44,4070.01,4062.64,4063.13,950,8,0
2026-08-04 15:10:00+00:00,4063.17,4064.21,4060.88,4061.91,927,8,0
2026-08-04 15:15:00+00:00,4061.86,4065.66,4060.95,4065.58,899,8,0
2026-08-04 15:20:00+00:00,4065.47,4068.82,4065.09,4066.74,903,8,0
2026-08-04 15:25:00+00:00,4067.13,4070.15,4066.11,4067.86,732,10,0
2026-08-04 15:30:00+00:00,4068.21,4076.21,4068.21,4076.05,934,10,0
2026-08-04 15:35:00+00:00,4075.84,4083.48,4075.44,4082.29,942,10,0
2026-08-04 15:40:00+00:00,4082.3,4084.17,4077.84,4077.84,919,10,0
2026-08-04 15:45:00+00:00,4077.75,4079.07,4075.24,4075.93,911,10,0
2026-08-04 15:50:00+00:00,4075.98,4077.32,4073.05,4073.82,813,10,0
2026-08-04 15:55:00+00:00,4073.81,4075.59,4069.25,4070.67,906,8,0
2026-08-04 16:00:00+00:00,4070.65,4071.46,4062.53,4063.8,1201,8,0
2026-08-04 16:05:00+00:00,4063.7,4065.7,4061.15,4064.25,925,8,0
2026-08-04 16:10:00+00:00,4064.27,4066.13,4061.84,4063.63,929,10,0
2026-08-04 16:15:00+00:00,4063.59,4065.14,4062.1,4063.46,962,10,0
2026-08-04 16:20:00+00:00,4063.45,4090.0,4063.32,4080.73,1242,8,0
2026-08-04 16:25:00+00:00,4080.68,4082.39,4076.94,4077.77,1199,8,0
2026-08-04 16:30:00+00:00,4077.76,4084.12,4075.27,4082.42,1288,8,0
2026-08-04 16:35:00+00:00,4082.59,4088.29,4082.16,4087.52,1258,8,0
2026-08-04 16:40:00+00:00,4087.48,4090.97,4082.58,4082.58,1247,8,0
2026-08-04 16:45:00+00:00,4082.64,4093.09,4081.04,4091.82,1230,8,0
2026-08-04 16:50:00+00:00,4091.96,4093.03,4085.75,4086.18,1179,11,0
2026-08-04 16:55:00+00:00,4086.08,4086.43,4082.54,4083.46,1030,11,0
2026-08-04 17:00:00+00:00,4083.39,4089.77,4082.31,4087.35,1138,11,0
2026-08-04 17:05:00+00:00,4087.18,4090.06,4084.75,4089.09,1128,8,0
2026-08-04 17:10:00+00:00,4089.1,4090.79,4087.73,4089.36,1125,8,0
2026-08-04 17:15:00+00:00,4089.35,4091.02,4081.8,4082.53,1106,8,0
2026-08-04 17:20:00+00:00,4082.72,4084.05,4079.84,4080.58,1116,8,0
2026-08-04 17:25:00+00:00,4080.97,4085.99,4080.45,4083.76,1104,8,0
2026-08-04 17:30:00+00:00,4083.75,4086.71,4077.1,4077.59,1151,8,0
2026-08-04 17:35:00+00:00,4077.62,4083.76,4074.33,4078.96,1111,8,0
2026-08-04 17:40:00+00:00,4079.01,4080.75,4076.73,4079.73,1098,11,0
2026-08-04 17:45:00+00:00,4079.67,4081.15,4077.72,4080.38,1030,8,0
2026-08-04 17:50:00+00:00,4080.29,4084.51,4080.09,4083.77,1094,8,0
2026-08-04 17:55:00+00:00,4083.96,4084.72,4081.82,4083.49,941,11,0
2026-08-04 18:00:00+00:00,4083.5,4084.06,4080.99,4081.61,893,11,0
2026-08-04 18:05:00+00:00,4081.49,4084.98,4079.63,4084.98,943,8,0
2026-08-04 18:10:00+00:00,4085.02,4085.57,4083.17,4084.03,848,8,0
2026-08-04 18:15:00+00:00,4084.04,4084.32,4075.94,4076.47,972,8,0
2026-08-04 18:20:00+00:00,4076.7,4077.77,4074.72,4076.14,1019,8,0
2026-08-04 18:25:00+00:00,4076.05,4078.64,4075.16,4078.35,898,10,0
2026-08-04 18:30:00+00:00,4078.33,4080.11,4076.87,4077.65,795,10,0
2026-08-04 18:35:00+00:00,4077.76,4087.01,4076.54,4083.49,948,8,0
2026-08-04 18:40:00+00:00,4083.6,4087.11,4083.55,4084.0,965,8,0
2026-08-04 18:45:00+00:00,4083.96,4085.77,4082.87,4083.34,924,8,0
2026-08-04 18:50:00+00:00,4083.53,4087.97,4083.43,4087.5,816,8,0
2026-08-04 18:55:00+00:00,4087.49,4088.86,4086.01,4087.27,782,8,0
2026-08-04 19:00:00+00:00,4087.37,4088.6,4085.81,4086.27,842,8,0
2026-08-04 19:05:00+00:00,4086.58,4087.06,4084.44,4086.71,675,10,0
2026-08-04 19:10:00+00:00,4086.62,4087.4,4084.47,4085.08,719,8,0
2026-08-04 19:15:00+00:00,4085.14,4085.78,4083.13,4083.57,609,10,0
2026-08-04 19:20:00+00:00,4083.56,4088.3,4083.56,4087.37,654,10,0
2026-08-04 19:25:00+00:00,4087.41,4089.9,4086.1,4087.58,736,8,0
2026-08-04 19:30:00+00:00,4087.59,4088.57,4086.89,4087.87,669,8,0
2026-08-04 19:35:00+00:00,4087.86,4087.89,4085.0,4085.77,602,8,0
2026-08-04 19:40:00+00:00,4085.81,4089.46,4085.51,4089.15,682,8,0
2026-08-04 19:45:00+00:00,4089.14,4093.55,4088.69,4092.9,655,8,0
2026-08-04 19:50:00+00:00,4092.91,4093.68,4090.94,4090.94,594,8,0
2026-08-04 19:55:00+00:00,4090.95,4093.63,4090.15,4093.44,555,10,0
2026-08-04 20:00:00+00:00,4093.25,4102.51,4092.44,4102.36,924,8,0
2026-08-04 20:05:00+00:00,4102.51,4106.33,4099.73,4099.96,953,8,0
2026-08-04 20:10:00+00:00,4099.97,4101.67,4098.05,4100.06,822,8,0
2026-08-04 20:15:00+00:00,4100.17,4101.26,4097.2,4097.63,706,8,0
2026-08-04 20:20:00+00:00,4097.61,4100.76,4097.44,4099.99,796,10,0
2026-08-04 20:25:00+00:00,4099.88,4100.7,4094.32,4094.73,775,8,0
2026-08-04 20:30:00+00:00,4094.72,4094.72,4091.69,4093.68,672,8,0
2026-08-04 20:35:00+00:00,4093.67,4095.7,4093.67,4094.86,498,10,0
2026-08-04 20:40:00+00:00,4094.97,4096.15,4093.87,4095.4,464,10,0
2026-08-04 20:45:00+00:00,4095.41,4096.45,4093.61,4093.62,523,10,0
2026-08-04 20:50:00+00:00,4093.66,4094.22,4089.64,4089.76,701,8,0
2026-08-04 20:55:00+00:00,4089.54,4091.08,4086.03,4086.03,716,8,0
2026-08-04 21:00:00+00:00,4086.09,4088.53,4084.9,4086.74,772,8,0
2026-08-04 21:05:00+00:00,4086.73,4088.82,4086.73,4087.9,613,10,0
2026-08-04 21:10:00+00:00,4088.14,4088.64,4086.3,4088.55,589,10,0
2026-08-04 21:15:00+00:00,4088.61,4088.68,4086.25,4086.68,626,8,0
2026-08-04 21:20:00+00:00,4086.61,4088.45,4086.3,4086.94,484,10,0
2026-08-04 21:25:00+00:00,4086.84,4088.06,4084.34,4084.67,612,8,0
2026-08-04 21:30:00+00:00,4084.72,4085.76,4082.64,4082.64,591,8,0
2026-08-04 21:35:00+00:00,4082.79,4083.34,4078.37,4078.91,612,8,0
2026-08-04 21:40:00+00:00,4078.86,4080.04,4076.28,4076.59,631,8,0
2026-08-04 21:45:00+00:00,4076.6,4080.35,4075.24,4079.94,616,8,0
2026-08-04 21:50:00+00:00,4079.73,4080.78,4078.62,4079.63,448,8,0
2026-08-04 21:55:00+00:00,4079.53,4081.22,4079.32,4079.83,496,10,0
2026-08-04 22:00:00+00:00,4079.91,4082.11,4078.79,4080.5,486,8,0
2026-08-04 22:05:00+00:00,4080.57,4084.13,4080.1,4084.13,441,8,0
2026-08-04 22:10:00+00:00,4084.03,4084.23,4081.77,4081.81,515,8,0
2026-08-04 22:15:00+00:00,4081.81,4084.89,4081.35,4084.11,681,8,0
2026-08-04 22:20:00+00:00,4084.23,4084.54,4080.32,4080.32,516,8,0
2026-08-04 22:25:00+00:00,4080.35,4081.08,4079.42,4080.26,579,8,0
2026-08-04 22:30:00+00:00,4080.27,4080.73,4078.95,4080.6,611,8,0
2026-08-04 22:35:00+00:00,4080.61,4081.25,4079.69,4080.87,577,10,0
2026-08-04 22:40:00+00:00,4080.84,4082.48,4080.62,4081.32,546,10,0
2026-08-04 22:45:00+00:00,4081.3,4082.23,4079.46,4080.39,537,10,0
2026-08-04 22:50:00+00:00,4079.7,4079.95,4077.0,4077.31,648,10,0
2026-08-04 22:55:00+00:00,4077.32,4079.51,4076.36,4078.58,830,8,0
2026-08-04 23:00:00+00:00,4078.66,4079.53,4078.4,4078.52,647,10,0
2026-08-04 23:05:00+00:00,4078.53,4079.87,4078.38,4079.69,460,10,0
2026-08-04 23:10:00+00:00,4079.84,4080.3,4078.3,4078.95,496,10,0
2026-08-04 23:15:00+00:00,4078.98,4078.98,4074.88,4075.39,626,10,0
2026-08-04 23:20:00+00:00,4075.44,4076.04,4074.53,4075.15,522,10,0
2026-08-04 23:25:00+00:00,4075.13,4076.44,4074.74,4075.32,402,10,0
2026-08-04 23:30:00+00:00,4075.33,4076.96,4075.22,4076.93,592,10,0
2026-08-04 23:35:00+00:00,4076.96,4077.78,4076.7,4077.34,391,14,0
2026-08-04 23:40:00+00:00,4077.29,4078.52,4077.07,4077.47,488,10,0
2026-08-04 23:45:00+00:00,4077.58,4077.58,4076.16,4076.86,462,10,0
2026-08-04 23:50:00+00:00,4076.87,4078.18,4076.56,4076.94,496,14,0
2026-08-04 23:55:00+00:00,4076.8,4078.04,4076.38,4077.59,315,10,0
2026-08-05 01:00:00+00:00,4079.6,4079.6,4076.53,4078.36,147,8,0
2026-08-05 01:05:00+00:00,4078.19,4078.45,4076.66,4076.7,201,26,0
2026-08-05 01:10:00+00:00,4076.76,4077.83,4076.42,4077.0,339,10,0
2026-08-05 01:15:00+00:00,4076.82,4077.42,4075.7,4077.23,427,8,0
2026-08-05 01:20:00+00:00,4077.25,4077.86,4075.8,4077.69,403,8,0
2026-08-05 01:25:00+00:00,4077.71,4079.81,4077.46,4079.7,432,8,0
2026-08-05 01:30:00+00:00,4079.8,4080.98,4079.27,4080.89,389,10,0
2026-08-05 01:35:00+00:00,4080.9,4084.54,4080.79,4084.42,376,10,0
2026-08-05 01:40:00+00:00,4084.44,4085.85,4082.8,4083.97,509,8,0
2026-08-05 01:45:00+00:00,4084.0,4084.58,4081.24,4082.82,576,10,0
2026-08-05 01:50:00+00:00,4082.81,4084.02,4080.56,4081.14,460,8,0
2026-08-05 01:55:00+00:00,4081.12,4081.24,4075.65,4075.65,552,10,0
2026-08-05 02:00:00+00:00,4075.66,4077.13,4068.61,4069.92,902,10,0
2026-08-05 02:05:00+00:00,4069.89,4071.71,4069.29,4071.65,664,8,0
2026-08-05 02:10:00+00:00,4071.66,4073.87,4069.36,4073.3,572,8,0
2026-08-05 02:15:00+00:00,4073.35,4074.67,4071.95,4072.67,527,10,0
2026-08-05 02:20:00+00:00,4072.72,4072.97,4068.49,4069.16,554,8,0
2026-08-05 02:25:00+00:00,4069.14,4069.54,4066.01,4067.67,647,8,0
2026-08-05 02:30:00+00:00,4067.72,4070.65,4066.41,4068.81,593,8,0
2026-08-05 02:35:00+00:00,4068.76,4070.2,4068.33,4069.93,500,14,0
2026-08-05 02:40:00+00:00,4069.94,4070.54,4068.56,4069.23,515,8,0
2026-08-05 02:45:00+00:00,4069.27,4071.72,4069.08,4071.69,650,10,0
2026-08-05 02:50:00+00:00,4071.72,4072.2,4071.22,4071.47,658,10,0
2026-08-05 02:55:00+00:00,4071.56,4073.65,4071.49,4072.54,662,8,0
2026-08-05 03:00:00+00:00,4073.24,4074.08,4070.37,4073.3,891,10,0
2026-08-05 03:05:00+00:00,4073.28,4074.15,4072.43,4072.47,817,10,0
2026-08-05 03:10:00+00:00,4072.19,4073.23,4071.35,4071.82,851,14,0
2026-08-05 03:15:00+00:00,4071.79,4075.55,4071.32,4074.83,906,10,0
2026-08-05 03:20:00+00:00,4074.8,4077.68,4073.86,4076.95,812,10,0
2026-08-05 03:25:00+00:00,4076.92,4079.0,4076.23,4078.61,691,10,0
2026-08-05 03:30:00+00:00,4078.65,4081.02,4078.57,4080.59,761,8,0
2026-08-05 03:35:00+00:00,4080.6,4083.14,4080.36,4080.67,751,10,0
2026-08-05 03:40:00+00:00,4080.71,4081.6,4078.1,4078.28,785,10,0
2026-08-05 03:45:00+00:00,4078.3,4079.66,4077.85,4078.86,804,10,0
2026-08-05 03:50:00+00:00,4078.85,4083.45,4078.78,4083.36,950,10,0
2026-08-05 03:55:00+00:00,4083.37,4083.44,4081.6,4082.51,768,10,0
2026-08-05 04:00:00+00:00,4082.52,4085.66,4077.61,4080.3,1259,10,0
2026-08-05 04:05:00+00:00,4080.25,4083.35,4079.72,4082.09,1104,14,0
2026-08-05 04:10:00+00:00,4082.11,4086.89,4081.82,4085.86,1076,10,0
2026-08-05 04:15:00+00:00,4085.87,4088.74,4085.0,4087.91,1009,10,0
2026-08-05 04:20:00+00:00,4087.9,4088.31,4084.96,4085.02,1092,10,0
2026-08-05 04:25:00+00:00,4085.1,4085.33,4082.64,4084.59,1016,10,0
2026-08-05 04:30:00+00:00,4084.6,4086.57,4080.14,4084.91,1042,10,0
2026-08-05 04:35:00+00:00,4084.82,4089.98,4084.37,4089.82,1037,10,0
2026-08-05 04:40:00+00:00,4089.8,4093.11,4089.47,4093.1,891,10,0
2026-08-05 04:45:00+00:00,4093.07,4094.91,4092.79,4094.29,951,8,0
2026-08-05 04:50:00+00:00,4094.32,4096.05,4093.04,4096.04,934,8,0
2026-08-05 04:55:00+00:00,4096.0,4102.73,4095.99,4101.56,919,10,0
2026-08-05 05:00:00+00:00,4101.48,4102.95,4097.86,4098.3,1064,10,0
2026-08-05 05:05:00+00:00,4098.29,4098.85,4096.49,4097.42,959,10,0
2026-08-05 05:10:00+00:00,4097.4,4100.51,4096.99,4099.78,928,10,0
2026-08-05 05:15:00+00:00,4099.8,4100.86,4095.37,4098.65,788,8,0
2026-08-05 05:20:00+00:00,4098.41,4103.74,4098.41,4102.4,819,10,0
2026-08-05 05:25:00+00:00,4102.49,4108.44,4102.44,4103.58,913,8,0
2026-08-05 05:30:00+00:00,4103.8,4108.41,4101.48,4108.28,1122,10,0
2026-08-05 05:35:00+00:00,4107.87,4121.82,4107.77,4120.26,1230,8,0
2026-08-05 05:40:00+00:00,4120.41,4128.79,4119.99,4128.7,1255,8,0
2026-08-05 05:45:00+00:00,4128.16,4131.27,4126.28,4130.29,1191,8,0
2026-08-05 05:50:00+00:00,4130.27,4132.47,4124.6,4131.14,1106,8,0
2026-08-05 05:55:00+00:00,4131.11,4135.44,4129.15,4129.32,1124,8,0
2026-08-05 06:00:00+00:00,4129.21,4130.86,4127.05,4128.94,1032,10,0
2026-08-05 06:05:00+00:00,4128.93,4135.27,4128.07,4132.41,1013,10,0
2026-08-05 06:10:00+00:00,4132.53,4136.21,4132.3,4135.85,992,10,0
2026-08-05 06:15:00+00:00,4136.0,4136.6,4130.52,4131.34,890,10,0
2026-08-05 06:20:00+00:00,4131.16,4132.93,4130.4,4131.57,875,10,0
2026-08-05 06:25:00+00:00,4131.56,4132.42,4129.86,4130.44,836,10,0
2026-08-05 06:30:00+00:00,4130.57,4130.86,4127.71,4128.37,754,10,0
2026-08-05 06:35:00+00:00,4128.21,4129.31,4127.63,4127.75,624,10,0
2026-08-05 06:40:00+00:00,4127.67,4128.95,4127.59,4128.62,550,10,0
2026-08-05 06:45:00+00:00,4128.64,4130.29,4127.6,4127.62,556,10,0
2026-08-05 06:50:00+00:00,4127.59,4128.86,4127.52,4128.38,430,10,0
2026-08-05 06:55:00+00:00,4128.67,4129.63,4127.65,4128.35,421,10,0
2026-08-05 07:00:00+00:00,4128.2,4136.3,4128.2,4135.01,614,10,0
2026-08-05 07:05:00+00:00,4135.12,4140.16,4133.83,4139.47,706,10,0
2026-08-05 07:10:00+00:00,4139.38,4141.38,4137.87,4138.63,728,8,0
2026-08-05 07:15:00+00:00,4138.6,4141.09,4137.83,4140.78,583,10,0
2026-08-05 07:20:00+00:00,4140.77,4141.11,4138.67,4139.06,477,10,0
2026-08-05 07:25:00+00:00,4138.97,4140.06,4138.1,4138.67,519,10,0
2026-08-05 07:30:00+00:00,4138.92,4138.92,4136.99,4137.58,525,8,0
2026-08-05 07:35:00+00:00,4137.55,4137.76,4133.45,4134.39,525,10,0
2026-08-05 07:40:00+00:00,4134.76,4136.42,4134.38,4134.67,434,10,0
2026-08-05 07:45:00+00:00,4134.51,4135.41,4132.48,4132.77,485,10,0
2026-08-05 07:50:00+00:00,4132.87,4135.34,4132.52,4134.61,383,10,0
2026-08-05 07:55:00+00:00,4134.66,4136.16,4133.83,4135.58,496,10,0
2026-08-05 08:00:00+00:00,4135.55,4137.32,4134.73,4136.53,539,10,0
2026-08-05 08:05:00+00:00,4136.73,4138.27,4135.64,4135.83,582,8,0
2026-08-05 08:10:00+00:00,4136.14,4138.15,4135.74,4137.34,402,10,0
2026-08-05 08:15:00+00:00,4137.14,4138.19,4135.69,4137.59,451,10,0
2026-08-05 08:20:00+00:00,4137.54,4142.19,4137.23,4141.48,600,8,0
2026-08-05 08:25:00+00:00,4141.42,4141.52,4138.27,4139.6,655,10,0
2026-08-05 08:30:00+00:00,4139.61,4146.48,4139.6,4143.51,1148,10,0
2026-08-05 08:35:00+00:00,4143.5,4154.2,4142.77,4152.2,1067,8,0
2026-08-05 08:40:00+00:00,4152.02,4159.27,4149.42,4157.32,999,14,0
2026-08-05 08:45:00+00:00,4157.16,4171.4,4157.16,4164.72,1018,8,0
2026-08-05 08:50:00+00:00,4164.77,4172.87,4164.77,4167.11,934,18,0
2026-08-05 08:55:00+00:00,4167.08,4171.47,4161.47,4161.59,866,8,0
2026-08-05 09:00:00+00:00,4161.57,4166.29,4160.2,4162.24,723,10,0
2026-08-05 09:05:00+00:00,4162.07,4170.03,4160.69,4170.03,497,10,0
2026-08-05 09:10:00+00:00,4170.12,4174.25,4168.92,4173.12,860,8,0
2026-08-05 09:15:00+00:00,4173.13,4173.39,4166.22,4166.23,656,14,0
2026-08-05 09:20:00+00:00,4166.36,4167.82,4161.12,4165.84,652,14,0
2026-08-05 09:25:00+00:00,4165.92,4169.05,4163.72,4168.97,692,8,0
2026-08-05 09:30:00+00:00,4168.88,4173.96,4167.2,4173.13,836,8,0
2026-08-05 09:35:00+00:00,4173.11,4178.23,4173.11,4175.4,971,8,0
2026-08-05 09:40:00+00:00,4175.37,4177.12,4172.79,4175.75,882,10,0
2026-08-05 09:45:00+00:00,4175.82,4176.56,4172.48,4175.89,886,10,0
2026-08-05 09:50:00+00:00,4175.8,4176.63,4173.09,4175.62,812,10,0
2026-08-05 09:55:00+00:00,4175.51,4178.41,4175.33,4177.52,916,10,0
2026-08-05 10:00:00+00:00,4177.54,4179.53,4170.61,4170.87,952,10,0
2026-08-05 10:05:00+00:00,4170.58,4172.56,4168.86,4170.33,885,10,0
2026-08-05 10:10:00+00:00,4170.33,4171.85,4166.19,4166.27,909,10,0
2026-08-05 10:15:00+00:00,4166.25,4169.19,4165.86,4168.99,856,10,0
2026-08-05 10:20:00+00:00,4168.87,4169.39,4166.79,4168.34,817,14,0
2026-08-05 10:25:00+00:00,4168.3,4168.97,4163.19,4164.38,817,14,0
2026-08-05 10:30:00+00:00,4164.43,4165.57,4162.95,4163.55,766,14,0
2026-08-05 10:35:00+00:00,4163.52,4166.61,4162.32,4165.05,741,8,0
2026-08-05 10:40:00+00:00,4165.1,4166.95,4164.55,4166.64,689,14,0
2026-08-05 10:45:00+00:00,4166.63,4168.78,4164.29,4166.12,616,10,0
2026-08-05 10:50:00+00:00,4166.12,4167.81,4164.88,4165.37,581,14,0
2026-08-05 10:55:00+00:00,4165.4,4172.06,4165.28,4170.82,631,10,0
2026-08-05 11:00:00+00:00,4170.83,4172.69,4169.2,4170.63,759,10,0
2026-08-05 11:05:00+00:00,4170.62,4170.74,4168.17,4169.65,670,10,0
2026-08-05 11:10:00+00:00,4169.7,4169.7,4164.86,4165.51,729,10,0
2026-08-05 11:15:00+00:00,4165.45,4168.24,4165.36,4166.69,743,10,0
2026-08-05 11:20:00+00:00,4166.7,4166.8,4162.2,4162.9,798,10,0
2026-08-05 11:25:00+00:00,4162.93,4165.08,4162.47,4164.53,726,10,0
2026-08-05 11:30:00+00:00,4164.51,4165.98,4162.86,4165.25,571,10,0
2026-08-05 11:35:00+00:00,4165.26,4165.61,4163.54,4164.4,437,14,0
2026-08-05 11:40:00+00:00,4164.39,4167.16,4161.42,4166.1,765,10,0
2026-08-05 11:45:00+00:00,4166.17,4166.25,4159.98,4162.05,828,10,0
2026-08-05 11:50:00+00:00,4162.14,4162.52,4160.11,4161.46,569,10,0
2026-08-05 11:55:00+00:00,4161.48,4161.74,4158.93,4160.55,588,14,0
2026-08-05 12:00:00+00:00,4160.64,4164.86,4160.54,4164.21,822,10,0
2026-08-05 12:05:00+00:00,4164.24,4167.13,4164.18,4164.55,712,14,0
2026-08-05 12:10:00+00:00,4164.52,4165.55,4162.05,4162.82,519,14,0
2026-08-05 12:15:00+00:00,4162.8,4162.8,4159.51,4160.16,611,14,0
2026-08-05 12:20:00+00:00,4160.18,4161.15,4155.27,4157.35,701,10,0
2026-08-05 12:25:00+00:00,4157.38,4158.44,4156.18,4157.75,607,10,0
2026-08-05 12:30:00+00:00,4157.74,4158.56,4154.69,4156.81,702,14,0
2026-08-05 12:35:00+00:00,4156.75,4159.19,4154.38,4157.6,500,10,0
2026-08-05 12:40:00+00:00,4157.51,4158.2,4155.06,4158.1,412,14,0
2026-08-05 12:45:00+00:00,4158.12,4158.77,4156.46,4157.72,420,10,0
2026-08-05 12:50:00+00:00,4157.67,4158.13,4156.39,4157.33,378,8,0
2026-08-05 12:55:00+00:00,4157.73,4159.08,4153.05,4158.01,566,8,0
2026-08-05 13:00:00+00:00,4157.99,4158.01,4152.16,4152.51,500,14,0
2026-08-05 13:05:00+00:00,4152.54,4154.06,4152.39,4153.58,348,14,0
2026-08-05 13:10:00+00:00,4153.59,4153.59,4150.33,4151.19,368,10,0
2026-08-05 13:15:00+00:00,4151.15,4155.95,4150.17,4155.85,419,10,0
2026-08-05 13:20:00+00:00,4155.83,4158.04,4155.51,4156.18,426,10,0
2026-08-05 13:25:00+00:00,4156.19,4158.52,4155.13,4156.71,543,10,0
2026-08-05 13:30:00+00:00,4156.79,4157.81,4155.0,4155.01,557,10,0
2026-08-05 13:35:00+00:00,4155.1,4156.32,4153.86,4155.37,451,10,0
2026-08-05 13:40:00+00:00,4155.3,4156.68,4154.06,4155.15,460,10,0
2026-08-05 13:45:00+00:00,4155.43,4156.55,4154.2,4155.56,470,14,0
2026-08-05 13:50:00+00:00,4155.18,4156.41,4154.05,4156.3,592,8,0
2026-08-05 13:55:00+00:00,4156.18,4161.42,4155.95,4161.35,656,10,0
2026-08-05 14:00:00+00:00,4161.34,4164.2,4160.76,4163.99,671,10,0
2026-08-05 14:05:00+00:00,4164.08,4166.63,4163.13,4166.63,661,10,0
2026-08-05 14:10:00+00:00,4166.72,4170.99,4166.33,4170.99,818,8,0
2026-08-05 14:15:00+00:00,4170.87,4173.94,4170.02,4171.29,718,10,0
2026-08-05 14:20:00+00:00,4171.38,4173.32,4169.67,4170.35,713,10,0
2026-08-05 14:25:00+00:00,4170.33,4180.67,4169.23,4175.95,850,8,0
2026-08-05 14:30:00+00:00,4176.18,4181.44,4174.14,4180.55,982,8,0
2026-08-05 14:35:00+00:00,4180.76,4187.38,4180.75,4185.17,989,10,0
2026-08-05 14:40:00+00:00,4185.1,4188.61,4182.59,4184.72,964,10,0
2026-08-05 14:45:00+00:00,4184.74,4187.26,4182.9,4185.9,811,14,0
2026-08-05 14:50:00+00:00,4185.87,4189.27,4185.58,4189.14,788,10,0
2026-08-05 14:55:00+00:00,4189.2,4192.64,4188.2,4188.95,838,8,0
2026-08-05 15:00:00+00:00,4189.3,4195.26,4188.95,4194.88,863,8,0
2026-08-05 15:05:00+00:00,4194.8,4199.33,4194.09,4197.93,985,8,0
2026-08-05 15:10:00+00:00,4197.93,4199.91,4196.93,4197.28,961,8,0
2026-08-05 15:15:00+00:00,4197.43,4208.58,4197.43,4205.0,1021,8,0
2026-08-05 15:20:00+00:00,4205.09,4213.25,4205.09,4210.89,1044,8,0
2026-08-05 15:25:00+00:00,4211.0,4211.54,4205.01,4205.42,1016,8,0
2026-08-05 15:30:00+00:00,4205.33,4208.96,4197.76,4199.78,1077,10,0
2026-08-05 15:35:00+00:00,4199.85,4204.32,4198.48,4200.29,907,8,0
2026-08-05 15:40:00+00:00,4200.38,4200.75,4192.81,4194.73,1018,8,0
2026-08-05 15:45:00+00:00,4194.72,4195.7,4191.15,4193.77,1019,8,0
2026-08-05 15:50:00+00:00,4193.79,4194.04,4186.61,4187.41,1059,8,0
2026-08-05 15:55:00+00:00,4187.59,4188.69,4183.2,4183.94,950,8,0
2026-08-05 16:00:00+00:00,4183.96,4195.23,4183.76,4194.14,1205,8,0
2026-08-05 16:05:00+00:00,4194.1,4197.04,4191.33,4195.69,1081,10,0
2026-08-05 16:10:00+00:00,4195.75,4195.75,4186.82,4187.89,1074,8,0
2026-08-05 16:15:00+00:00,4187.92,4190.64,4185.67,4190.62,1014,8,0
2026-08-05 16:20:00+00:00,4190.6,4197.6,4190.14,4194.56,1009,8,0
2026-08-05 16:25:00+00:00,4194.55,4198.34,4193.38,4197.14,1050,10,0
2026-08-05 16:30:00+00:00,4197.22,4204.05,4195.2,4202.68,1238,8,0
2026-08-05 16:35:00+00:00,4202.6,4204.35,4192.84,4201.27,1244,8,0
2026-08-05 16:40:00+00:00,4200.97,4204.1,4197.15,4197.29,1320,10,0
2026-08-05 16:45:00+00:00,4197.31,4199.17,4190.2,4192.8,1275,10,0
2026-08-05 16:50:00+00:00,4193.11,4200.64,4188.98,4200.41,1206,10,0
2026-08-05 16:55:00+00:00,4200.43,4205.97,4199.56,4205.28,1105,8,0
2026-08-05 17:00:00+00:00,4205.36,4210.08,4202.97,4209.87,1284,8,0
2026-08-05 17:05:00+00:00,4209.76,4227.68,4209.71,4226.87,1332,8,0
2026-08-05 17:10:00+00:00,4226.95,4234.91,4225.82,4229.73,1310,8,0
2026-08-05 17:15:00+00:00,4229.68,4238.86,4226.77,4236.52,1252,8,0
2026-08-05 17:20:00+00:00,4236.53,4238.43,4230.67,4232.13,1268,8,0
2026-08-05 17:25:00+00:00,4232.11,4240.51,4231.67,4236.87,1258,8,0
2026-08-05 17:30:00+00:00,4237.0,4242.3,4229.45,4230.63,1279,8,0
2026-08-05 17:35:00+00:00,4230.8,4234.08,4228.81,4231.7,1223,10,0
2026-08-05 17:40:00+00:00,4231.67,4243.37,4229.82,4243.15,1214,8,0
2026-08-05 17:45:00+00:00,4243.2,4247.55,4241.29,4247.55,1228,8,0
2026-08-05 17:50:00+00:00,4247.54,4247.54,4233.36,4237.82,1281,8,0
2026-08-05 17:55:00+00:00,4237.73,4245.77,4235.95,4244.22,1238,8,0
2026-08-05 18:00:00+00:00,4244.18,4259.89,4242.81,4255.54,1255,8,0
2026-08-05 18:05:00+00:00,4255.55,4259.25,4251.76,4256.38,1158,8,0
2026-08-05 18:10:00+00:00,4256.39,4260.97,4255.56,4257.76,1152,8,0
2026-08-05 18:15:00+00:00,4257.99,4258.48,4250.14,4257.61,1196,8,0
2026-08-05 18:20:00+00:00,4257.36,4262.01,4256.28,4260.05,1176,8,0
2026-08-05 18:25:00+00:00,4259.97,4265.1,4257.24,4257.34,1131,8,0
2026-08-05 18:30:00+00:00,4257.51,4259.23,4254.67,4255.24,1136,10,0
2026-08-05 18:35:00+00:00,4255.05,4259.8,4254.53,4257.71,1069,8,0
2026-08-05 18:40:00+00:00,4257.74,4257.78,4252.55,4255.87,974,8,0
2026-08-05 18:45:00+00:00,4255.95,4255.98,4249.53,4249.98,1086,8,0
2026-08-05 18:50:00+00:00,4250.08,4250.31,4241.41,4243.35,1141,8,0
2026-08-05 18:55:00+00:00,4243.45,4243.56,4232.39,4232.67,1159,8,0
2026-08-05 19:00:00+00:00,4232.72,4234.29,4225.52,4225.76,1183,8,0
2026-08-05 19:05:00+00:00,4225.82,4235.45,4224.71,4235.34,1156,10,0
2026-08-05 19:10:00+00:00,4235.32,4236.11,4231.79,4234.35,1033,10,0
2026-08-05 19:15:00+00:00,4234.28,4236.94,4232.76,4233.53,1045,10,0
2026-08-05 19:20:00+00:00,4233.7,4240.31,4233.65,4238.79,1071,10,0
2026-08-05 19:25:00+00:00,4238.78,4241.78,4238.66,4241.38,862,8,0
2026-08-05 19:30:00+00:00,4241.45,4243.62,4239.1,4241.09,1015,8,0
2026-08-05 19:35:00+00:00,4241.12,4245.71,4240.36,4243.84,1030,8,0
2026-08-05 19:40:00+00:00,4243.74,4246.89,4243.57,4244.59,880,8,0
2026-08-05 19:45:00+00:00,4244.62,4245.51,4241.01,4242.57,845,8,0
2026-08-05 19:50:00+00:00,4242.6,4247.43,4242.45,4244.62,867,8,0
2026-08-05 19:55:00+00:00,4244.68,4244.68,4238.43,4242.35,843,8,0
2026-08-05 20:00:00+00:00,4242.36,4242.92,4239.41,4242.75,971,8,0
2026-08-05 20:05:00+00:00,4243.35,4244.02,4240.83,4241.36,801,8,0
2026-08-05 20:10:00+00:00,4241.13,4244.38,4240.9,4242.36,736,8,0
2026-08-05 20:15:00+00:00,4242.33,4242.33,4238.53,4239.14,823,8,0
2026-08-05 20:20:00+00:00,4239.18,4240.93,4237.39,4240.62,796,8,0
2026-08-05 20:25:00+00:00,4240.61,4245.8,4237.87,4243.97,1057,8,0
2026-08-05 20:30:00+00:00,4244.01,4247.53,4240.24,4247.44,1008,8,0
2026-08-05 20:35:00+00:00,4247.39,4250.61,4245.73,4250.19,872,8,0
2026-08-05 20:40:00+00:00,4250.19,4250.82,4247.93,4248.37,739,8,0
2026-08-05 20:45:00+00:00,4248.28,4250.83,4247.56,4248.13,718,8,0
2026-08-05 20:50:00+00:00,4248.26,4249.69,4247.83,4248.87,672,8,0
2026-08-05 20:55:00+00:00,4248.76,4251.69,4248.71,4249.55,710,8,0
2026-08-05 21:00:00+00:00,4249.1,4253.45,4248.6,4252.35,694,8,0
2026-08-05 21:05:00+00:00,4252.32,4256.63,4252.15,4254.79,795,8,0
2026-08-05 21:10:00+00:00,4254.83,4256.8,4252.36,4252.49,741,8,0
2026-08-05 21:15:00+00:00,4252.35,4256.65,4252.28,4256.23,757,8,0
2026-08-05 21:20:00+00:00,4256.21,4267.11,4256.16,4263.18,887,8,0
2026-08-05 21:25:00+00:00,4263.0,4264.72,4261.45,4262.25,685,8,0
2026-08-05 21:30:00+00:00,4262.26,4262.94,4253.88,4254.58,810,8,0
2026-08-05 21:35:00+00:00,4254.56,4257.56,4254.47,4256.77,644,8,0
2026-08-05 21:40:00+00:00,4256.39,4259.72,4256.39,4258.72,731,8,0
2026-08-05 21:45:00+00:00,4258.67,4260.76,4257.3,4258.25,677,8,0
2026-08-05 21:50:00+00:00,4258.31,4261.82,4257.99,4261.41,665,8,0
2026-08-05 21:55:00+00:00,4261.34,4262.89,4259.86,4260.25,694,8,0
2026-08-05 22:00:00+00:00,4260.25,4261.39,4258.61,4261.28,736,8,0
2026-08-05 22:05:00+00:00,4261.31,4261.47,4256.91,4257.09,761,8,0
2026-08-05 22:10:00+00:00,4257.1,4258.99,4255.54,4258.25,776,8,0
2026-08-05 22:15:00+00:00,4258.28,4258.33,4250.68,4251.81,753,8,0
2026-08-05 22:20:00+00:00,4252.09,4255.57,4250.55,4255.48,744,8,0
2026-08-05 22:25:00+00:00,4255.51,4256.09,4252.85,4252.97,579,8,0
2026-08-05 22:30:00+00:00,4252.96,4254.1,4249.61,4249.71,700,8,0
2026-08-05 22:35:00+00:00,4249.9,4250.94,4248.47,4250.32,680,8,0
2026-08-05 22:40:00+00:00,4250.37,4253.54,4250.33,4253.34,758,8,0
2026-08-05 22:45:00+00:00,4253.31,4253.51,4248.12,4248.55,798,8,0
2026-08-05 22:50:00+00:00,4248.49,4249.75,4247.24,4248.97,705,8,0
2026-08-05 22:55:00+00:00,4249.02,4249.34,4246.69,4247.98,949,8,0
2026-08-05 23:00:00+00:00,4247.4,4249.91,4247.08,4248.96,378,8,0
2026-08-05 23:05:00+00:00,4248.87,4249.24,4247.25,4248.05,457,8,0
2026-08-05 23:10:00+00:00,4248.14,4249.9,4247.83,4249.49,350,8,0
2026-08-05 23:15:00+00:00,4249.55,4249.91,4245.85,4246.51,332,8,0
2026-08-05 23:20:00+00:00,4246.53,4247.61,4245.87,4247.25,225,8,0
2026-08-05 23:25:00+00:00,4247.39,4247.4,4245.98,4246.57,204,10,0
2026-08-05 23:30:00+00:00,4246.52,4249.8,4246.24,4249.56,267,8,0
2026-08-05 23:35:00+00:00,4249.62,4249.62,4246.96,4247.02,250,10,0
2026-08-05 23:40:00+00:00,4247.13,4247.79,4245.48,4245.89,202,14,0
2026-08-05 23:45:00+00:00,4245.52,4246.03,4244.11,4244.46,229,10,0
2026-08-05 23:50:00+00:00,4244.36,4245.7,4244.08,4244.48,352,14,0
2026-08-05 23:55:00+00:00,4244.55,4247.78,4243.27,4247.21,370,14,0
2026-08-06 01:00:00+00:00,4248.8,4253.85,4246.73,4249.1,363,12,0
2026-08-06 01:05:00+00:00,4249.29,4249.31,4245.41,4246.46,389,12,0
2026-08-06 01:10:00+00:00,4246.55,4248.3,4246.5,4247.61,313,12,0
2026-08-06 01:15:00+00:00,4247.39,4248.4,4247.16,4247.58,216,12,0
2026-08-06 01:20:00+00:00,4247.7,4249.02,4246.94,4248.23,272,10,0
2026-08-06 01:25:00+00:00,4248.13,4248.96,4247.22,4247.99,269,10,0
2026-08-06 01:30:00+00:00,4247.51,4250.15,4247.51,4249.47,383,10,0
2026-08-06 01:35:00+00:00,4249.44,4250.33,4249.11,4249.56,342,10,0
2026-08-06 01:40:00+00:00,4249.55,4249.84,4247.97,4248.27,260,10,0
2026-08-06 01:45:00+00:00,4248.3,4249.13,4247.8,4248.7,332,8,0
2026-08-06 01:50:00+00:00,4248.65,4249.28,4248.11,4248.29,342,8,0
2026-08-06 01:55:00+00:00,4248.3,4250.3,4248.01,4249.97,335,8,0
2026-08-06 02:00:00+00:00,4250.21,4252.69,4249.08,4252.6,317,10,0
2026-08-06 02:05:00+00:00,4252.67,4254.45,4251.56,4252.0,346,10,0
2026-08-06 02:10:00+00:00,4251.99,4258.3,4251.91,4256.17,425,8,0
2026-08-06 02:15:00+00:00,4256.16,4260.69,4256.03,4259.48,503,10,0
2026-08-06 02:20:00+00:00,4259.48,4262.82,4257.72,4262.2,475,10,0
2026-08-06 02:25:00+00:00,4262.18,4264.21,4260.39,4263.55,372,10,0
2026-08-06 02:30:00+00:00,4263.59,4265.01,4261.04,4264.78,527,8,0
2026-08-06 02:35:00+00:00,4264.81,4279.69,4264.76,4277.91,855,8,0
2026-08-06 02:40:00+00:00,4278.01,4281.89,4276.43,4280.6,738,8,0
2026-08-06 02:45:00+00:00,4280.58,4280.63,4272.11,4274.66,639,8,0
2026-08-06 02:50:00+00:00,4274.65,4277.15,4272.51,4275.63,685,8,0
2026-08-06 02:55:00+00:00,4275.64,4279.6,4274.2,4278.19,722,8,0
2026-08-06 03:00:00+00:00,4277.58,4277.58,4263.7,4267.06,924,8,0
2026-08-06 03:05:00+00:00,4267.13,4276.05,4264.9,4270.38,789,10,0
2026-08-06 03:10:00+00:00,4270.39,4273.94,4263.28,4269.33,873,8,0
2026-08-06 03:15:00+00:00,4269.55,4276.96,4269.54,4274.13,762,8,0
2026-08-06 03:20:00+00:00,4274.21,4283.25,4273.15,4281.61,1015,8,0
2026-08-06 03:25:00+00:00,4281.63,4283.86,4272.68,4274.22,891,10,0
2026-08-06 03:30:00+00:00,4274.03,4285.67,4274.03,4284.89,787,10,0
2026-08-06 03:35:00+00:00,4284.94,4290.28,4283.03,4285.69,884,10,0
2026-08-06 03:40:00+00:00,4285.7,4289.24,4284.28,4286.31,728,14,0
2026-08-06 03:45:00+00:00,4286.47,4295.26,4286.47,4288.26,852,8,0
2026-08-06 03:50:00+00:00,4287.62,4296.61,4286.05,4296.31,883,8,0
2026-08-06 03:55:00+00:00,4296.58,4300.33,4293.75,4294.76,839,10,0
2026-08-06 04:00:00+00:00,4294.71,4302.72,4291.33,4293.06,1267,8,0
2026-08-06 04:05:00+00:00,4292.89,4299.49,4287.98,4297.99,1072,8,0
2026-08-06 04:10:00+00:00,4298.0,4299.62,4280.14,4284.66,1096,8,0
2026-08-06 04:15:00+00:00,4284.66,4287.91,4283.21,4283.86,954,10,0
2026-08-06 04:20:00+00:00,4284.12,4285.07,4272.89,4281.32,1076,14,0
2026-08-06 04:25:00+00:00,4282.13,4285.67,4273.77,4276.06,1037,10,0
2026-08-06 04:30:00+00:00,4275.98,4286.37,4275.83,4282.84,1100,8,0
2026-08-06 04:35:00+00:00,4282.85,4296.02,4280.42,4292.25,1111,8,0
2026-08-06 04:40:00+00:00,4292.5,4292.86,4287.35,4288.88,890,10,0
2026-08-06 04:45:00+00:00,4288.86,4296.52,4284.62,4294.49,956,8,0
2026-08-06 04:50:00+00:00,4294.12,4298.49,4288.65,4288.65,960,10,0
2026-08-06 04:55:00+00:00,4288.64,4290.01,4285.21,4286.64,795,8,0
2026-08-06 05:00:00+00:00,4286.61,4297.02,4283.36,4296.78,890,8,0
2026-08-06 05:05:00+00:00,4296.75,4304.12,4296.75,4301.26,1034,8,0
2026-08-06 05:10:00+00:00,4301.3,4302.51,4292.48,4295.25,903,8,0
2026-08-06 05:15:00+00:00,4295.26,4300.03,4292.58,4294.03,632,8,0
2026-08-06 05:20:00+00:00,4293.82,4294.9,4292.39,4293.48,634,10,0
2026-08-06 05:25:00+00:00,4293.47,4295.0,4291.73,4292.22,730,8,0
2026-08-06 05:30:00+00:00,4292.24,4292.42,4282.39,4286.21,1003,8,0
2026-08-06 05:35:00+00:00,4286.02,4288.35,4284.39,4285.28,902,10,0
2026-08-06 05:40:00+00:00,4285.46,4285.76,4280.98,4285.74,834,10,0
2026-08-06 05:45:00+00:00,4285.83,4287.14,4275.01,4276.53,890,10,0
2026-08-06 05:50:00+00:00,4276.73,4280.58,4276.09,4278.19,889,8,0
2026-08-06 05:55:00+00:00,4277.97,4279.99,4276.76,4278.52,904,8,0
2026-08-06 06:00:00+00:00,4278.53,4278.53,4275.29,4276.25,897,8,0
2026-08-06 06:05:00+00:00,4276.24,4281.01,4276.11,4279.21,879,10,0
2026-08-06 06:10:00+00:00,4279.02,4280.11,4274.05,4274.2,834,8,0
2026-08-06 06:15:00+00:00,4274.19,4274.19,4264.37,4267.28,943,8,0
2026-08-06 06:20:00+00:00,4267.36,4267.59,4263.83,4264.12,817,8,0
2026-08-06 06:25:00+00:00,4264.09,4266.27,4260.89,4266.24,853,8,0
2026-08-06 06:30:00+00:00,4266.27,4266.75,4263.23,4266.53,647,8,0
2026-08-06 06:35:00+00:00,4266.55,4266.76,4263.35,4263.75,515,14,0
2026-08-06 06:40:00+00:00,4263.65,4264.46,4261.57,4262.92,501,8,0
2026-08-06 06:45:00+00:00,4262.94,4263.46,4260.47,4263.14,514,8,0
2026-08-06 06:50:00+00:00,4263.13,4264.28,4261.37,4263.68,485,8,0
2026-08-06 06:55:00+00:00,4263.69,4265.76,4262.79,4265.59,513,8,0
2026-08-06 07:00:00+00:00,4265.7,4266.6,4262.25,4265.36,667,10,0
2026-08-06 07:05:00+00:00,4265.39,4267.28,4263.07,4265.91,526,8,0
2026-08-06 07:10:00+00:00,4265.85,4266.92,4262.52,4263.35,421,8,0
2026-08-06 07:15:00+00:00,4263.38,4263.96,4261.63,4261.66,593,10,0
2026-08-06 07:20:00+00:00,4261.68,4263.45,4260.54,4260.7,543,8,0
2026-08-06 07:25:00+00:00,4260.92,4262.18,4253.05,4255.31,673,8,0
2026-08-06 07:30:00+00:00,4255.44,4259.29,4255.44,4258.46,600,10,0
2026-08-06 07:35:00+00:00,4258.44,4260.95,4257.03,4259.64,535,8,0
2026-08-06 07:40:00+00:00,4259.66,4261.18,4257.97,4258.92,482,10,0
2026-08-06 07:45:00+00:00,4259.1,4260.67,4258.79,4260.33,373,10,0
2026-08-06 07:50:00+00:00,4260.37,4262.98,4258.44,4262.06,535,8,0
2026-08-06 07:55:00+00:00,4262.07,4262.77,4260.87,4262.28,393,10,0
2026-08-06 08:00:00+00:00,4262.16,4265.3,4259.61,4260.72,699,10,0
2026-08-06 08:05:00+00:00,4260.64,4260.87,4258.82,4259.82,605,8,0
2026-08-06 08:10:00+00:00,4259.81,4260.46,4256.49,4259.48,634,10,0
2026-08-06 08:15:00+00:00,4259.5,4259.6,4256.08,4256.79,667,8,0
2026-08-06 08:20:00+00:00,4256.81,4257.43,4253.7,4255.31,652,8,0
2026-08-06 08:25:00+00:00,4255.33,4255.56,4253.15,4253.89,623,10,0
2026-08-06 08:30:00+00:00,4254.0,4257.77,4247.34,4257.46,1031,10,0
2026-08-06 08:35:00+00:00,4257.52,4262.07,4256.88,4261.97,838,8,0
2026-08-06 08:40:00+00:00,4261.95,4266.08,4261.37,4263.8,867,8,0
2026-08-06 08:45:00+00:00,4263.83,4266.64,4262.25,4262.49,822,8,0
2026-08-06 08:50:00+00:00,4262.41,4268.46,4262.09,4266.81,834,8,0
2026-08-06 08:55:00+00:00,4266.83,4267.89,4264.27,4267.29,711,8,0
2026-08-06 09:00:00+00:00,4267.26,4268.63,4265.34,4267.3,825,8,0
2026-08-06 09:05:00+00:00,4267.31,4268.04,4261.81,4262.67,713,8,0
2026-08-06 09:10:00+00:00,4262.68,4262.79,4256.71,4260.48,824,10,0
2026-08-06 09:15:00+00:00,4260.58,4261.14,4254.62,4259.9,850,10,0
2026-08-06 09:20:00+00:00,4259.91,4260.07,4255.31,4257.63,706,10,0
2026-08-06 09:25:00+00:00,4257.32,4257.99,4255.58,4257.52,745,8,0
2026-08-06 09:30:00+00:00,4257.64,4257.97,4254.32,4254.82,669,10,0
2026-08-06 09:35:00+00:00,4254.86,4255.72,4252.88,4253.42,626,10,0
2026-08-06 09:40:00+00:00,4253.08,4256.47,4249.3,4256.37,725,8,0
2026-08-06 09:45:00+00:00,4256.7,4257.95,4254.06,4254.74,681,10,0
2026-08-06 09:50:00+00:00,4254.88,4255.85,4251.07,4252.31,733,8,0
2026-08-06 09:55:00+00:00,4252.3,4256.4,4252.03,4256.07,579,8,0
2026-08-06 10:00:00+00:00,4255.94,4256.81,4253.27,4256.23,795,8,0
2026-08-06 10:05:00+00:00,4256.36,4260.2,4255.9,4259.51,621,8,0
2026-08-06 10:10:00+00:00,4259.43,4263.75,4259.43,4263.21,642,8,0
2026-08-06 10:15:00+00:00,4263.49,4265.42,4261.36,4264.5,585,10,0
2026-08-06 10:20:00+00:00,4264.42,4264.73,4258.34,4261.82,588,8,0
2026-08-06 10:25:00+00:00,4262.3,4263.88,4261.35,4261.85,574,10,0
2026-08-06 10:30:00+00:00,4261.82,4262.03,4259.9,4259.92,529,8,0
2026-08-06 10:35:00+00:00,4259.74,4260.1,4256.57,4256.87,621,10,0
2026-08-06 10:40:00+00:00,4256.89,4258.28,4254.76,4254.94,579,8,0
2026-08-06 10:45:00+00:00,4255.0,4257.33,4253.08,4254.29,687,8,0
2026-08-06 10:50:00+00:00,4254.28,4259.64,4252.68,4259.64,618,8,0
2026-08-06 10:55:00+00:00,4259.63,4262.9,4258.4,4262.71,540,8,0
2026-08-06 11:00:00+00:00,4262.9,4265.75,4260.26,4261.18,714,8,0
2026-08-06 11:05:00+00:00,4261.28,4264.83,4260.48,4264.65,550,8,0
2026-08-06 11:10:00+00:00,4264.59,4269.37,4264.59,4268.95,657,8,0
2026-08-06 11:15:00+00:00,4268.94,4270.43,4267.76,4269.33,563,8,0
2026-08-06 11:20:00+00:00,4269.33,4269.46,4263.92,4265.7,624,8,0
2026-08-06 11:25:00+00:00,4265.59,4269.35,4263.64,4267.87,602,8,0
2026-08-06 11:30:00+00:00,4267.85,4274.27,4266.51,4273.65,694,8,0
2026-08-06 11:35:00+00:00,4273.62,4274.94,4270.94,4271.47,589,8,0
2026-08-06 11:40:00+00:00,4271.44,4274.14,4270.68,4273.16,530,8,0
2026-08-06 11:45:00+00:00,4273.21,4275.1,4270.45,4273.44,656,8,0
2026-08-06 11:50:00+00:00,4273.47,4277.25,4272.73,4275.15,858,10,0
2026-08-06 11:55:00+00:00,4275.16,4278.82,4274.41,4278.2,663,8,0
2026-08-06 12:00:00+00:00,4278.21,4283.56,4277.36,4280.09,820,8,0
2026-08-06 12:05:00+00:00,4280.18,4280.78,4276.02,4276.7,760,8,0
2026-08-06 12:10:00+00:00,4276.69,4279.82,4276.52,4279.82,624,8,0
2026-08-06 12:15:00+00:00,4279.93,4283.2,4279.74,4282.55,587,8,0
2026-08-06 12:20:00+00:00,4282.68,4284.81,4280.76,4283.6,534,8,0
2026-08-06 12:25:00+00:00,4283.66,4283.66,4278.61,4283.39,574,8,0
2026-08-06 12:30:00+00:00,4283.38,4284.32,4277.92,4279.07,668,8,0
2026-08-06 12:35:00+00:00,4279.01,4279.57,4276.2,4279.01,564,8,0
2026-08-06 12:40:00+00:00,4278.99,4279.12,4271.81,4271.97,606,8,0
2026-08-06 12:45:00+00:00,4271.77,4275.96,4271.77,4275.8,524,8,0
2026-08-06 12:50:00+00:00,4275.71,4275.71,4271.4,4271.55,483,8,0
2026-08-06 12:55:00+00:00,4271.73,4273.2,4271.29,4273.09,574,8,0
2026-08-06 13:00:00+00:00,4273.07,4273.68,4270.83,4271.58,672,8,0
2026-08-06 13:05:00+00:00,4271.59,4272.13,4269.38,4270.73,640,8,0
2026-08-06 13:10:00+00:00,4270.74,4270.97,4268.7,4270.08,531,8,0
2026-08-06 13:15:00+00:00,4269.52,4269.59,4267.26,4269.03,572,8,0
2026-08-06 13:20:00+00:00,4269.01,4270.94,4267.83,4270.94,572,8,0
2026-08-06 13:25:00+00:00,4270.95,4271.03,4267.81,4269.23,526,8,0
2026-08-06 13:30:00+00:00,4269.24,4269.73,4266.51,4268.01,575,8,0
2026-08-06 13:35:00+00:00,4267.99,4269.12,4267.38,4268.75,460,8,0
2026-08-06 13:40:00+00:00,4268.71,4269.64,4264.73,4265.63,471,8,0
2026-08-06 13:45:00+00:00,4265.57,4270.33,4264.92,4270.27,563,8,0
2026-08-06 13:50:00+00:00,4270.28,4271.5,4268.97,4270.63,534,10,0
2026-08-06 13:55:00+00:00,4270.44,4271.53,4269.3,4270.87,437,10,0
2026-08-06 14:00:00+00:00,4270.98,4273.4,4268.13,4268.66,788,8,0
2026-08-06 14:05:00+00:00,4268.6,4270.14,4266.6,4267.27,802,8,0
2026-08-06 14:10:00+00:00,4267.26,4269.18,4266.97,4269.07,635,8,0
2026-08-06 14:15:00+00:00,4269.23,4271.48,4264.14,4265.74,601,8,0
2026-08-06 14:20:00+00:00,4265.88,4266.41,4260.28,4261.5,692,8,0
2026-08-06 14:25:00+00:00,4261.46,4264.25,4260.7,4264.21,622,8,0
2026-08-06 14:30:00+00:00,4264.38,4266.94,4263.27,4264.89,570,8,0
2026-08-06 14:35:00+00:00,4264.88,4267.01,4261.26,4262.12,614,8,0
2026-08-06 14:40:00+00:00,4262.1,4262.48,4259.94,4260.64,630,8,0
2026-08-06 14:45:00+00:00,4260.77,4260.87,4255.48,4256.55,736,8,0
2026-08-06 14:50:00+00:00,4256.46,4258.66,4254.3,4256.67,746,8,0
2026-08-06 14:55:00+00:00,4256.83,4263.44,4255.47,4263.43,775,8,0
2026-08-06 15:00:00+00:00,4263.31,4265.75,4260.73,4264.12,773,8,0
2026-08-06 15:05:00+00:00,4264.11,4264.15,4257.08,4257.72,798,8,0
2026-08-06 15:10:00+00:00,4257.85,4259.39,4255.46,4256.19,766,8,0
2026-08-06 15:15:00+00:00,4256.23,4257.42,4253.25,4257.13,826,8,0
2026-08-06 15:20:00+00:00,4256.86,4262.83,4256.11,4260.84,797,8,0
2026-08-06 15:25:00+00:00,4260.9,4261.33,4256.76,4261.33,608,10,0
2026-08-06 15:30:00+00:00,4261.58,4270.12,4258.1,4267.86,831,8,0
2026-08-06 15:35:00+00:00,4267.84,4270.79,4266.94,4270.35,731,8,0
2026-08-06 15:40:00+00:00,4270.26,4270.69,4266.26,4267.13,709,8,0
2026-08-06 15:45:00+00:00,4267.01,4267.56,4254.46,4255.6,798,8,0
2026-08-06 15:50:00+00:00,4255.53,4256.43,4251.02,4251.02,865,8,0
2026-08-06 15:55:00+00:00,4251.06,4254.7,4249.08,4250.23,897,8,0
2026-08-06 16:00:00+00:00,4250.18,4255.81,4249.82,4252.19,1126,8,0
2026-08-06 16:05:00+00:00,4252.04,4252.48,4231.57,4232.38,1103,8,0
2026-08-06 16:10:00+00:00,4232.37,4238.84,4231.61,4237.67,1115,8,0
2026-08-06 16:15:00+00:00,4237.56,4243.61,4235.19,4243.61,1015,8,0
2026-08-06 16:20:00+00:00,4243.36,4248.18,4240.91,4242.67,929,8,0
2026-08-06 16:25:00+00:00,4242.58,4248.16,4240.67,4247.6,820,8,0
2026-08-06 16:30:00+00:00,4247.63,4252.85,4245.88,4251.62,1221,8,0
2026-08-06 16:35:00+00:00,4251.46,4264.38,4251.11,4258.96,1252,8,0
2026-08-06 16:40:00+00:00,4258.84,4274.31,4258.73,4270.58,1164,8,0
2026-08-06 16:45:00+00:00,4270.43,4270.44,4262.76,4263.83,1208,8,0
2026-08-06 16:50:00+00:00,4263.8,4268.02,4262.37,4266.39,1109,8,0
2026-08-06 16:55:00+00:00,4266.62,4269.65,4265.59,4267.13,1161,8,0
2026-08-06 17:00:00+00:00,4267.05,4271.61,4265.2,4267.15,1184,8,0
2026-08-06 17:05:00+00:00,4267.09,4271.44,4264.12,4264.98,1096,8,0
2026-08-06 17:10:00+00:00,4265.03,4275.27,4265.01,4268.38,1147,8,0
2026-08-06 17:15:00+00:00,4268.3,4268.62,4260.58,4265.68,1148,8,0
2026-08-06 17:20:00+00:00,4265.63,4267.32,4261.26,4262.16,969,10,0
2026-08-06 17:25:00+00:00,4262.17,4269.03,4260.27,4265.39,1088,8,0
2026-08-06 17:30:00+00:00,4265.92,4274.64,4265.75,4272.09,1088,8,0
2026-08-06 17:35:00+00:00,4272.02,4274.75,4269.37,4269.67,1172,8,0
2026-08-06 17:40:00+00:00,4269.52,4274.34,4269.39,4273.03,1043,8,0
2026-08-06 17:45:00+00:00,4273.0,4275.06,4265.34,4265.5,1042,8,0
2026-08-06 17:50:00+00:00,4265.55,4270.39,4263.63,4270.15,1032,8,0
2026-08-06 17:55:00+00:00,4270.02,4273.26,4267.38,4273.03,1066,8,0
2026-08-06 18:00:00+00:00,4273.04,4274.3,4268.84,4270.47,1146,8,0
2026-08-06 18:05:00+00:00,4270.48,4271.59,4265.4,4266.69,1009,8,0
2026-08-06 18:10:00+00:00,4266.68,4268.46,4262.45,4264.08,993,8,0
2026-08-06 18:15:00+00:00,4264.11,4264.16,4256.7,4257.08,1130,8,0
2026-08-06 18:20:00+00:00,4257.05,4258.44,4250.96,4254.71,1116,10,0
2026-08-06 18:25:00+00:00,4254.7,4259.18,4253.45,4254.8,998,8,0
2026-08-06 18:30:00+00:00,4254.86,4255.5,4249.26,4249.26,986,8,0
2026-08-06 18:35:00+00:00,4249.3,4252.83,4246.41,4251.98,930,8,0
2026-08-06 18:40:00+00:00,4252.01,4253.14,4248.13,4251.51,962,8,0
2026-08-06 18:45:00+00:00,4251.52,4251.53,4247.79,4248.08,970,8,0
2026-08-06 18:50:00+00:00,4248.07,4250.1,4234.46,4234.94,1099,8,0
2026-08-06 18:55:00+00:00,4234.95,4237.63,4229.64,4233.53,1229,8,0
2026-08-06 19:00:00+00:00,4233.65,4238.63,4232.51,4238.29,1229,8,0
2026-08-06 19:05:00+00:00,4238.39,4242.64,4237.04,4241.1,1080,8,0
2026-08-06 19:10:00+00:00,4241.06,4241.72,4231.03,4232.84,962,8,0
2026-08-06 19:15:00+00:00,4232.85,4232.97,4224.74,4227.04,1157,8,0
2026-08-06 19:20:00+00:00,4227.09,4228.07,4223.56,4224.35,1137,8,0
2026-08-06 19:25:00+00:00,4224.53,4230.48,4223.43,4230.07,1056,8,0
2026-08-06 19:30:00+00:00,4230.1,4233.75,4230.1,4232.25,990,8,0
2026-08-06 19:35:00+00:00,4232.32,4236.05,4231.98,4235.17,880,8,0
2026-08-06 19:40:00+00:00,4235.19,4235.43,4232.18,4233.56,844,8,0
2026-08-06 19:45:00+00:00,4233.55,4236.61,4231.83,4236.59,853,8,0
2026-08-06 19:50:00+00:00,4236.58,4237.88,4235.32,4237.15,824,8,0
2026-08-06 19:55:00+00:00,4237.13,4242.54,4237.13,4241.4,771,8,0
2026-08-06 20:00:00+00:00,4241.41,4243.17,4239.46,4241.63,847,8,0
2026-08-06 20:05:00+00:00,4241.69,4243.36,4240.56,4242.96,756,8,0
2026-08-06 20:10:00+00:00,4242.95,4244.56,4240.13,4240.22,790,8,0
2026-08-06 20:15:00+00:00,4240.19,4241.01,4238.45,4240.62,733,8,0
2026-08-06 20:20:00+00:00,4240.6,4241.68,4238.11,4239.85,831,8,0
2026-08-06 20:25:00+00:00,4240.07,4242.71,4239.34,4241.79,840,8,0
2026-08-06 20:30:00+00:00,4241.81,4242.03,4239.05,4240.45,773,8,0
2026-08-06 20:35:00+00:00,4240.49,4243.28,4238.28,4242.12,724,8,0
2026-08-06 20:40:00+00:00,4242.14,4243.49,4241.62,4242.33,626,8,0
2026-08-06 20:45:00+00:00,4242.34,4243.04,4240.71,4242.2,588,8,0
2026-08-06 20:50:00+00:00,4242.28,4248.39,4242.28,4247.38,753,8,0
2026-08-06 20:55:00+00:00,4247.39,4248.48,4245.93,4247.5,608,8,0
2026-08-06 21:00:00+00:00,4247.76,4247.91,4244.45,4246.12,704,8,0
2026-08-06 21:05:00+00:00,4246.2,4249.1,4246.03,4248.36,676,8,0
2026-08-06 21:10:00+00:00,4248.38,4248.79,4245.98,4246.31,674,8,0
2026-08-06 21:15:00+00:00,4246.32,4248.68,4245.59,4247.24,762,8,0
2026-08-06 21:20:00+00:00,4247.25,4249.06,4246.3,4247.33,588,8,0
2026-08-06 21:25:00+00:00,4247.26,4247.54,4245.7,4246.02,585,8,0
2026-08-06 21:30:00+00:00,4246.01,4247.78,4243.58,4244.04,628,8,0
2026-08-06 21:35:00+00:00,4244.14,4244.86,4242.57,4243.44,508,8,0
2026-08-06 21:40:00+00:00,4243.43,4243.84,4240.41,4242.4,505,8,0
2026-08-06 21:45:00+00:00,4242.39,4245.23,4242.15,4244.85,469,8,0
2026-08-06 21:50:00+00:00,4244.87,4245.63,4241.98,4242.03,522,8,0
2026-08-06 21:55:00+00:00,4242.15,4243.82,4241.1,4243.77,500,8,0
2026-08-06 22:00:00+00:00,4243.82,4248.39,4243.3,4247.86,631,8,0
2026-08-06 22:05:00+00:00,4247.85,4248.53,4246.48,4248.46,617,8,0
2026-08-06 22:10:00+00:00,4248.55,4251.88,4247.25,4247.37,667,8,0
2026-08-06 22:15:00+00:00,4247.47,4248.56,4245.32,4245.48,559,8,0
2026-08-06 22:20:00+00:00,4245.44,4247.23,4240.05,4240.25,607,8,0
2026-08-06 22:25:00+00:00,4240.15,4241.61,4235.3,4237.83,1024,8,0
2026-08-06 22:30:00+00:00,4237.84,4238.6,4235.87,4238.55,949,8,0
2026-08-06 22:35:00+00:00,4238.52,4239.67,4236.17,4236.47,745,8,0
2026-08-06 22:40:00+00:00,4236.58,4236.98,4233.07,4234.59,781,8,0
2026-08-06 22:45:00+00:00,4234.67,4239.1,4234.63,4237.8,710,8,0
2026-08-06 22:50:00+00:00,4237.79,4250.74,4237.71,4247.39,865,8,0
2026-08-06 22:55:00+00:00,4247.23,4248.88,4243.82,4248.64,978,8,0
2026-08-06 23:00:00+00:00,4248.68,4249.92,4245.81,4246.75,619,8,0
2026-08-06 23:05:00+00:00,4247.06,4247.23,4245.11,4245.45,325,11,0
2026-08-06 23:10:00+00:00,4245.55,4246.47,4242.57,4244.31,324,11,0
2026-08-06 23:15:00+00:00,4244.3,4245.34,4243.46,4243.91,253,11,0
2026-08-06 23:20:00+00:00,4243.96,4244.58,4241.89,4242.16,347,8,0
2026-08-06 23:25:00+00:00,4242.17,4242.84,4239.64,4241.73,307,11,0
2026-08-06 23:30:00+00:00,4241.71,4241.71,4240.59,4241.05,215,11,0
2026-08-06 23:35:00+00:00,4241.06,4242.38,4239.83,4240.33,287,8,0
2026-08-06 23:40:00+00:00,4240.14,4240.25,4235.07,4235.27,503,16,0
2026-08-06 23:45:00+00:00,4235.11,4238.85,4234.68,4236.51,420,16,0
2026-08-06 23:50:00+00:00,4236.5,4241.89,4235.75,4241.53,334,16,0
2026-08-06 23:55:00+00:00,4241.54,4241.54,4239.26,4239.26,273,16,0
2026-08-07 01:00:00+00:00,4239.7,4241.7,4235.69,4236.65,245,12,0
2026-08-07 01:05:00+00:00,4236.36,4238.71,4236.36,4238.41,157,10,0
2026-08-07 01:10:00+00:00,4237.99,4239.42,4237.17,4239.42,137,8,0
2026-08-07 01:15:00+00:00,4239.5,4241.92,4239.36,4241.46,174,10,0
2026-08-07 01:20:00+00:00,4241.53,4243.19,4240.21,4242.65,306,8,0
2026-08-07 01:25:00+00:00,4241.96,4244.02,4241.65,4242.86,251,10,0
2026-08-07 01:30:00+00:00,4242.84,4243.8,4241.75,4241.89,311,8,0
2026-08-07 01:35:00+00:00,4242.1,4242.2,4240.56,4240.67,197,10,0
2026-08-07 01:40:00+00:00,4240.77,4241.83,4239.44,4239.7,300,8,0
2026-08-07 01:45:00+00:00,4239.69,4242.4,4239.25,4242.2,239,8,0
2026-08-07 01:50:00+00:00,4242.25,4243.4,4241.54,4242.51,215,8,0
2026-08-07 01:55:00+00:00,4242.47,4242.51,4241.19,4241.2,155,10,0
2026-08-07 02:00:00+00:00,4240.85,4243.45,4240.7,4242.67,324,10,0
2026-08-07 02:05:00+00:00,4242.64,4246.1,4242.64,4244.3,357,8,0
2026-08-07 02:10:00+00:00,4244.29,4245.77,4244.17,4245.7,224,8,0
2026-08-07 02:15:00+00:00,4245.67,4246.54,4245.21,4246.02,246,8,0
2026-08-07 02:20:00+00:00,4246.05,4246.44,4245.92,4246.41,175,10,0
2026-08-07 02:25:00+00:00,4246.43,4246.52,4243.54,4245.79,260,8,0
2026-08-07 02:30:00+00:00,4245.78,4249.28,4245.35,4247.54,320,8,0
2026-08-07 02:35:00+00:00,4247.45,4248.16,4246.01,4246.18,146,8,0
2026-08-07 02:40:00+00:00,4246.39,4247.88,4244.83,4246.62,278,8,0
2026-08-07 02:45:00+00:00,4246.61,4249.14,4245.73,4248.68,456,8,0
2026-08-07 02:50:00+00:00,4248.69,4252.24,4248.69,4251.86,626,8,0
2026-08-07 02:55:00+00:00,4251.9,4253.17,4250.5,4252.32,544,8,0
2026-08-07 03:00:00+00:00,4251.92,4252.83,4247.51,4249.65,714,8,0
2026-08-07 03:05:00+00:00,4249.69,4251.0,4248.92,4249.36,589,10,0
2026-08-07 03:10:00+00:00,4249.39,4249.39,4243.35,4244.7,775,10,0
2026-08-07 03:15:00+00:00,4244.8,4246.24,4241.33,4242.36,745,8,0
2026-08-07 03:20:00+00:00,4242.4,4245.52,4239.67,4239.88,762,8,0
2026-08-07 03:25:00+00:00,4239.9,4244.25,4239.15,4243.97,760,8,0
2026-08-07 03:30:00+00:00,4243.94,4244.05,4240.96,4242.01,735,8,0
2026-08-07 03:35:00+00:00,4242.11,4243.21,4235.45,4235.67,747,8,0
2026-08-07 03:40:00+00:00,4235.65,4235.84,4230.18,4234.73,821,8,0
2026-08-07 03:45:00+00:00,4234.77,4236.87,4231.34,4231.48,757,8,0
2026-08-07 03:50:00+00:00,4231.43,4235.04,4231.32,4233.79,823,8,0
2026-08-07 03:55:00+00:00,4233.81,4234.09,4229.75,4232.79,875,8,0
2026-08-07 04:00:00+00:00,4232.78,4243.12,4231.43,4242.21,1121,8,0
2026-08-07 04:05:00+00:00,4241.67,4246.65,4240.06,4242.44,1026,10,0
2026-08-07 04:10:00+00:00,4242.52,4245.11,4240.62,4244.15,874,10,0
2026-08-07 04:15:00+00:00,4244.2,4246.4,4243.34,4244.46,996,10,0
2026-08-07 04:20:00+00:00,4244.47,4250.21,4241.01,4241.61,988,10,0
2026-08-07 04:25:00+00:00,4241.67,4245.94,4240.17,4243.36,994,8,0
2026-08-07 04:30:00+00:00,4243.37,4245.24,4239.21,4242.8,945,10,0
2026-08-07 04:35:00+00:00,4242.79,4246.35,4241.64,4246.23,991,10,0
2026-08-07 04:40:00+00:00,4246.2,4258.73,4245.79,4256.68,1098,8,0
2026-08-07 04:45:00+00:00,4256.67,4258.73,4252.48,4254.09,972,8,0
2026-08-07 04:50:00+00:00,4253.98,4255.17,4251.96,4254.41,785,10,0
2026-08-07 04:55:00+00:00,4254.25,4259.28,4253.9,4256.79,862,8,0
2026-08-07 05:00:00+00:00,4256.75,4261.7,4256.03,4261.21,950,8,0
2026-08-07 05:05:00+00:00,4261.2,4261.32,4258.02,4258.91,796,8,0
2026-08-07 05:10:00+00:00,4258.9,4259.67,4257.38,4258.69,684,10,0
2026-08-07 05:15:00+00:00,4258.68,4261.11,4257.66,4258.24,478,8,0
2026-08-07 05:20:00+00:00,4258.23,4260.85,4257.55,4260.67,497,8,0
2026-08-07 05:25:00+00:00,4260.66,4261.24,4259.51,4261.02,513,8,0
2026-08-07 05:30:00+00:00,4260.68,4261.69,4256.54,4256.94,815,8,0
2026-08-07 05:35:00+00:00,4256.92,4257.21,4252.14,4252.96,857,10,0
2026-08-07 05:40:00+00:00,4252.97,4255.08,4249.82,4249.82,787,10,0
2026-08-07 05:45:00+00:00,4249.76,4252.12,4246.55,4250.96,736,10,0
2026-08-07 05:50:00+00:00,4251.0,4255.58,4250.94,4254.56,779,10,0
2026-08-07 05:55:00+00:00,4254.56,4256.09,4249.87,4250.35,789,8,0
2026-08-07 06:00:00+00:00,4250.33,4259.37,4249.68,4258.51,858,8,0
2026-08-07 06:05:00+00:00,4258.19,4258.54,4256.11,4256.74,729,8,0
2026-08-07 06:10:00+00:00,4256.78,4257.44,4252.79,4254.81,594,8,0
2026-08-07 06:15:00+00:00,4254.69,4255.72,4252.92,4254.09,664,8,0
2026-08-07 06:20:00+00:00,4254.22,4256.37,4251.94,4254.84,717,8,0
2026-08-07 06:25:00+00:00,4254.83,4258.93,4254.63,4258.8,627,8,0
2026-08-07 06:30:00+00:00,4258.76,4261.08,4258.76,4259.29,494,8,0
2026-08-07 06:35:00+00:00,4259.26,4260.94,4257.62,4260.44,437,8,0
2026-08-07 06:40:00+00:00,4260.58,4261.07,4259.77,4260.74,338,8,0
2026-08-07 06:45:00+00:00,4260.75,4261.52,4259.29,4260.79,520,8,0
2026-08-07 06:50:00+00:00,4260.8,4261.03,4259.21,4260.52,401,8,0
2026-08-07 06:55:00+00:00,4260.45,4266.36,4260.21,4266.2,553,8,0
2026-08-07 07:00:00+00:00,4266.18,4270.31,4262.22,4265.1,663,8,0
2026-08-07 07:05:00+00:00,4264.91,4267.68,4264.49,4266.63,698,8,0
2026-08-07 07:10:00+00:00,4266.53,4267.76,4263.9,4265.98,604,8,0
2026-08-07 07:15:00+00:00,4265.94,4267.36,4262.24,4262.33,527,10,0
2026-08-07 07:20:00+00:00,4262.34,4268.35,4261.89,4265.68,693,8,0
2026-08-07 07:25:00+00:00,4265.46,4267.13,4263.9,4265.23,629,8,0
2026-08-07 07:30:00+00:00,4265.08,4268.49,4263.93,4268.0,751,10,0
2026-08-07 07:35:00+00:00,4267.94,4269.19,4264.25,4264.75,444,8,0
2026-08-07 07:40:00+00:00,4264.76,4266.21,4260.69,4263.96,551,8,0
2026-08-07 07:45:00+00:00,4263.99,4264.67,4262.34,4264.34,366,8,0
2026-08-07 07:50:00+00:00,4264.28,4267.06,4264.28,4267.06,345,8,0
2026-08-07 07:55:00+00:00,4267.03,4267.32,4264.89,4265.0,384,8,0
2026-08-07 08:00:00+00:00,4265.04,4266.55,4263.42,4265.86,567,8,0
2026-08-07 08:05:00+00:00,4265.95,4267.12,4261.97,4266.79,681,8,0
2026-08-07 08:10:00+00:00,4267.06,4271.35,4266.14,4269.34,742,8,0
2026-08-07 08:15:00+00:00,4269.3,4270.59,4268.06,4268.41,618,8,0
2026-08-07 08:20:00+00:00,4268.5,4270.56,4265.67,4266.61,613,10,0
2026-08-07 08:25:00+00:00,4266.54,4267.82,4264.78,4266.55,500,10,0
2026-08-07 08:30:00+00:00,4266.58,4276.59,4266.05,4275.06,995,8,0
2026-08-07 08:35:00+00:00,4275.07,4277.39,4272.9,4273.45,857,10,0
2026-08-07 08:40:00+00:00,4273.49,4273.78,4270.52,4271.48,829,10,0
2026-08-07 08:45:00+00:00,4271.47,4276.91,4271.47,4276.39,752,8,0
2026-08-07 08:50:00+00:00,4276.47,4279.68,4273.62,4274.75,794,10,0
2026-08-07 08:55:00+00:00,4274.86,4280.54,4274.85,4278.74,910,8,0
2026-08-07 09:00:00+00:00,4278.64,4282.81,4278.5,4282.01,690,10,0
2026-08-07 09:05:00+00:00,4282.55,4284.26,4281.28,4282.32,768,8,0
2026-08-07 09:10:00+00:00,4282.24,4291.16,4281.68,4286.69,968,8,0
2026-08-07 09:15:00+00:00,4286.72,4290.36,4284.12,4288.2,990,8,0
2026-08-07 09:20:00+00:00,4287.52,4291.22,4286.99,4287.45,918,10,0
2026-08-07 09:25:00+00:00,4287.52,4287.52,4283.43,4283.78,850,8,0
2026-08-07 09:30:00+00:00,4283.5,4287.72,4280.38,4286.5,872,10,0
2026-08-07 09:35:00+00:00,4286.49,4293.56,4286.06,4291.97,811,10,0
2026-08-07 09:40:00+00:00,4292.13,4295.11,4291.83,4292.37,710,8,0
2026-08-07 09:45:00+00:00,4292.19,4294.84,4289.74,4289.75,735,8,0
2026-08-07 09:50:00+00:00,4289.8,4295.34,4289.06,4293.79,768,8,0
2026-08-07 09:55:00+00:00,4293.76,4299.09,4293.61,4297.56,818,8,0
2026-08-07 10:00:00+00:00,4297.5,4298.06,4293.11,4295.05,703,8,0
2026-08-07 10:05:00+00:00,4295.11,4295.11,4290.7,4291.65,589,8,0
2026-08-07 10:10:00+00:00,4291.79,4293.48,4290.58,4291.5,594,8,0
2026-08-07 10:15:00+00:00,4291.49,4292.73,4289.35,4291.69,593,10,0
2026-08-07 10:20:00+00:00,4291.45,4292.94,4288.07,4288.29,557,8,0
2026-08-07 10:25:00+00:00,4288.3,4288.57,4284.91,4285.68,772,8,0
2026-08-07 10:30:00+00:00,4285.49,4287.94,4284.06,4287.68,679,10,0
2026-08-07 10:35:00+00:00,4287.74,4288.85,4285.72,4285.78,605,8,0
2026-08-07 10:40:00+00:00,4285.76,4288.31,4284.66,4285.15,614,8,0
2026-08-07 10:45:00+00:00,4285.14,4286.87,4282.99,4285.22,677,10,0
2026-08-07 10:50:00+00:00,4285.27,4286.98,4284.34,4286.95,592,10,0
2026-08-07 10:55:00+00:00,4286.96,4291.19,4286.59,4290.13,584,10,0
2026-08-07 11:00:00+00:00,4289.79,4293.62,4289.17,4292.14,649,8,0
2026-08-07 11:05:00+00:00,4292.31,4296.51,4292.31,4294.69,709,8,0
2026-08-07 11:10:00+00:00,4294.68,4300.65,4294.59,4299.8,667,8,0
2026-08-07 11:15:00+00:00,4299.79,4300.74,4297.0,4297.94,699,8,0
2026-08-07 11:20:00+00:00,4297.91,4298.18,4293.76,4294.45,637,8,0
2026-08-07 11:25:00+00:00,4294.3,4295.71,4293.38,4294.77,726,8,0
2026-08-07 11:30:00+00:00,4294.9,4314.81,4294.1,4313.8,768,8,0
2026-08-07 11:35:00+00:00,4314.0,4316.66,4301.3,4304.46,890,8,0
2026-08-07 11:40:00+00:00,4304.58,4310.09,4304.52,4309.14,725,8,0
2026-08-07 11:45:00+00:00,4309.15,4311.43,4306.79,4307.03,704,8,0
2026-08-07 11:50:00+00:00,4307.04,4307.64,4303.45,4304.54,647,8,0
2026-08-07 11:55:00+00:00,4304.56,4308.02,4303.35,4306.0,670,14,0
2026-08-07 12:00:00+00:00,4306.26,4307.21,4304.56,4305.37,649,10,0
2026-08-07 12:05:00+00:00,4305.52,4307.21,4304.6,4305.95,578,10,0
2026-08-07 12:10:00+00:00,4305.92,4307.23,4304.85,4306.05,615,10,0
2026-08-07 12:15:00+00:00,4306.07,4308.1,4304.87,4306.72,608,8,0
2026-08-07 12:20:00+00:00,4306.7,4310.75,4306.32,4310.54,566,8,0
2026-08-07 12:25:00+00:00,4310.44,4310.9,4305.56,4306.61,573,8,0
2026-08-07 12:30:00+00:00,4306.77,4308.21,4302.29,4304.29,679,8,0
2026-08-07 12:35:00+00:00,4304.48,4308.73,4302.72,4308.52,634,8,0
2026-08-07 12:40:00+00:00,4308.53,4318.2,4308.53,4316.8,764,8,0
2026-08-07 12:45:00+00:00,4316.89,4319.51,4314.95,4316.33,803,8,0
2026-08-07 12:50:00+00:00,4316.37,4319.97,4315.95,4317.92,662,8,0
2026-08-07 12:55:00+00:00,4317.83,4319.55,4314.44,4315.63,697,8,0
2026-08-07 13:00:00+00:00,4315.61,4319.18,4314.76,4317.34,615,10,0
2026-08-07 13:05:00+00:00,4317.35,4317.72,4312.13,4312.15,592,8,0
2026-08-07 13:10:00+00:00,4311.95,4313.67,4307.9,4308.35,613,8,0
2026-08-07 13:15:00+00:00,4308.11,4314.04,4308.0,4313.4,602,8,0
2026-08-07 13:20:00+00:00,4313.41,4313.41,4310.81,4312.63,548,8,0
2026-08-07 13:25:00+00:00,4312.67,4314.42,4312.32,4313.7,522,10,0
2026-08-07 13:30:00+00:00,4313.78,4316.69,4313.22,4315.83,537,10,0
2026-08-07 13:35:00+00:00,4315.78,4318.36,4314.27,4317.38,565,8,0
2026-08-07 13:40:00+00:00,4317.27,4318.34,4315.54,4316.93,507,8,0
2026-08-07 13:45:00+00:00,4317.04,4319.7,4316.59,4318.64,551,8,0
2026-08-07 13:50:00+00:00,4318.71,4320.69,4317.26,4317.29,600,8,0
2026-08-07 13:55:00+00:00,4317.25,4317.81,4316.38,4316.91,498,8,0
2026-08-07 14:00:00+00:00,4317.01,4324.24,4316.82,4323.48,815,8,0
2026-08-07 14:05:00+00:00,4323.71,4326.33,4321.81,4324.91,660,8,0
2026-08-07 14:10:00+00:00,4324.86,4325.55,4319.67,4320.25,718,8,0
2026-08-07 14:15:00+00:00,4320.12,4320.91,4317.14,4320.43,763,8,0
2026-08-07 14:20:00+00:00,4320.53,4325.37,4320.31,4324.2,758,10,0
2026-08-07 14:25:00+00:00,4324.58,4327.39,4324.13,4325.17,649,8,0
2026-08-07 14:30:00+00:00,4325.12,4327.78,4324.95,4324.95,708,8,0
2026-08-07 14:35:00+00:00,4324.55,4325.07,4320.91,4323.48,695,8,0
2026-08-07 14:40:00+00:00,4323.47,4325.69,4322.27,4322.92,626,10,0
2026-08-07 14:45:00+00:00,4322.93,4325.8,4322.46,4323.96,572,8,0
2026-08-07 14:50:00+00:00,4323.99,4326.88,4321.37,4325.83,649,8,0
2026-08-07 14:55:00+00:00,4325.82,4327.02,4320.87,4321.19,611,8,0
2026-08-07 15:00:00+00:00,4321.22,4325.43,4319.13,4319.74,745,8,0
2026-08-07 15:05:00+00:00,4319.78,4320.39,4315.49,4319.13,776,8,0
2026-08-07 15:10:00+00:00,4319.03,4322.75,4314.96,4315.23,759,8,0
2026-08-07 15:15:00+00:00,4315.06,4317.17,4311.98,4313.55,855,8,0
2026-08-07 15:20:00+00:00,4313.56,4316.92,4310.59,4310.83,800,8,0
2026-08-07 15:25:00+00:00,4310.94,4315.49,4301.26,4309.87,935,8,0
2026-08-07 15:30:00+00:00,4309.63,4364.46,4309.63,4360.23,1208,10,0
2026-08-07 15:35:00+00:00,4359.57,4366.09,4352.17,4364.59,1341,10,0
2026-08-07 15:40:00+00:00,4364.63,4370.53,4360.64,4367.29,1278,8,0
2026-08-07 15:45:00+00:00,4367.05,4371.89,4366.62,4368.83,1236,10,0
2026-08-07 15:50:00+00:00,4368.72,4371.59,4363.5,4365.3,1222,8,0
2026-08-07 15:55:00+00:00,4364.82,4365.48,4355.65,4361.18,1221,8,0
2026-08-07 16:00:00+00:00,4361.33,4363.49,4347.42,4347.42,1301,8,0
2026-08-07 16:05:00+00:00,4347.43,4352.51,4346.03,4350.5,1180,8,0
2026-08-07 16:10:00+00:00,4350.44,4351.06,4346.46,4347.78,1132,8,0
2026-08-07 16:15:00+00:00,4347.79,4349.47,4339.88,4346.67,1144,8,0
2026-08-07 16:20:00+00:00,4346.63,4352.78,4346.59,4350.17,1095,10,0
2026-08-07 16:25:00+00:00,4349.53,4357.23,4347.74,4355.82,1108,8,0
2026-08-07 16:30:00+00:00,4355.55,4358.79,4350.05,4352.24,1303,8,0
2026-08-07 16:35:00+00:00,4352.65,4365.41,4350.43,4364.11,1304,8,0
2026-08-07 16:40:00+00:00,4364.08,4367.22,4358.45,4358.45,1260,8,0
2026-08-07 16:45:00+00:00,4358.5,4359.85,4352.12,4353.58,1245,8,0
2026-08-07 16:50:00+00:00,4353.6,4358.26,4352.33,4355.01,1203,8,0
2026-08-07 16:55:00+00:00,4354.88,4357.11,4342.43,4348.1,1297,8,0
2026-08-07 17:00:00+00:00,4348.16,4349.21,4332.82,4332.82,1324,8,0
2026-08-07 17:05:00+00:00,4332.9,4337.48,4330.01,4337.07,1333,8,0
2026-08-07 17:10:00+00:00,4337.06,4341.12,4327.45,4333.72,1350,8,0
2026-08-07 17:15:00+00:00,4333.97,4346.54,4329.83,4345.87,1327,8,0
2026-08-07 17:20:00+00:00,4345.86,4351.46,4343.24,4350.76,1306,8,0
2026-08-07 17:25:00+00:00,4350.74,4352.04,4347.35,4348.06,1260,8,0
2026-08-07 17:30:00+00:00,4348.2,4349.93,4343.24,4346.88,1217,8,0
2026-08-07 17:35:00+00:00,4346.91,4348.6,4342.25,4342.78,1201,8,0
2026-08-07 17:40:00+00:00,4342.75,4349.45,4341.74,4343.5,1162,8,0
2026-08-07 17:45:00+00:00,4343.51,4346.51,4340.36,4343.16,1204,8,0
2026-08-07 17:50:00+00:00,4343.23,4348.96,4343.12,4345.4,1165,8,0
2026-08-07 17:55:00+00:00,4345.2,4346.44,4340.49,4341.53,1153,8,0
2026-08-07 18:00:00+00:00,4341.58,4348.74,4340.25,4345.19,1241,8,0
2026-08-07 18:05:00+00:00,4345.05,4352.67,4344.64,4347.64,1074,8,0
2026-08-07 18:10:00+00:00,4347.59,4355.99,4346.83,4355.4,1128,8,0
2026-08-07 18:15:00+00:00,4355.34,4356.14,4351.55,4353.79,1034,8,0
2026-08-07 18:20:00+00:00,4353.95,4357.69,4353.72,4356.2,1003,8,0
2026-08-07 18:25:00+00:00,4356.11,4357.33,4351.15,4351.15,996,8,0
2026-08-07 18:30:00+00:00,4351.35,4353.22,4347.28,4350.25,1123,8,0
2026-08-07 18:35:00+00:00,4350.24,4354.72,4349.72,4352.12,942,8,0
2026-08-07 18:40:00+00:00,4352.24,4353.18,4348.11,4348.85,928,8,0
2026-08-07 18:45:00+00:00,4348.84,4351.11,4348.02,4349.31,850,11,0
2026-08-07 18:50:00+00:00,4349.29,4350.41,4340.33,4343.44,989,8,0
2026-08-07 18:55:00+00:00,4343.62,4345.87,4341.38,4341.73,1017,8,0
2026-08-07 19:00:00+00:00,4341.63,4344.3,4339.42,4343.88,1054,8,0
2026-08-07 19:05:00+00:00,4344.24,4350.33,4343.95,4347.67,863,8,0
2026-08-07 19:10:00+00:00,4347.66,4349.03,4344.31,4347.15,907,8,0
2026-08-07 19:15:00+00:00,4347.15,4348.12,4342.37,4342.37,950,8,0
2026-08-07 19:20:00+00:00,4342.34,4349.44,4337.55,4337.74,1090,8,0
2026-08-07 19:25:00+00:00,4337.83,4337.98,4333.82,4337.03,1137,8,0
2026-08-07 19:30:00+00:00,4337.01,4339.26,4332.89,4338.95,1120,8,0
2026-08-07 19:35:00+00:00,4339.11,4342.44,4336.84,4340.25,949,8,0
2026-08-07 19:40:00+00:00,4340.22,4341.34,4337.31,4339.07,828,8,0
2026-08-07 19:45:00+00:00,4339.0,4342.56,4335.7,4338.59,930,8,0
2026-08-07 19:50:00+00:00,4338.57,4338.58,4332.05,4333.26,915,8,0
2026-08-07 19:55:00+00:00,4333.38,4334.02,4328.47,4328.51,945,8,0
2026-08-07 20:00:00+00:00,4328.45,4335.54,4327.24,4335.11,892,8,0
2026-08-07 20:05:00+00:00,4335.12,4338.44,4334.87,4335.58,888,8,0
2026-08-07 20:10:00+00:00,4335.59,4337.69,4335.1,4335.58,879,8,0
2026-08-07 20:15:00+00:00,4335.68,4336.4,4333.91,4335.33,757,8,0
2026-08-07 20:20:00+00:00,4335.41,4339.54,4334.24,4338.72,829,8,0
2026-08-07 20:25:00+00:00,4338.7,4342.23,4337.09,4339.7,915,8,0
2026-08-07 20:30:00+00:00,4339.72,4339.97,4334.18,4336.67,918,8,0
2026-08-07 20:35:00+00:00,4336.68,4336.77,4329.99,4334.95,833,8,0
2026-08-07 20:40:00+00:00,4334.99,4338.32,4334.95,4336.29,830,8,0
2026-08-07 20:45:00+00:00,4336.28,4337.58,4335.0,4336.72,818,8,0
2026-08-07 20:50:00+00:00,4336.83,4341.51,4336.83,4341.11,746,8,0
2026-08-07 20:55:00+00:00,4341.16,4343.09,4339.98,4340.3,587,8,0
2026-08-07 21:00:00+00:00,4340.27,4341.21,4339.14,4340.12,647,8,0
2026-08-07 21:05:00+00:00,4340.14,4342.99,4339.9,4341.93,635,8,0
2026-08-07 21:10:00+00:00,4341.94,4342.57,4334.87,4335.02,620,8,0
2026-08-07 21:15:00+00:00,4335.09,4337.97,4335.02,4335.57,594,8,0
2026-08-07 21:20:00+00:00,4335.64,4335.9,4332.21,4333.58,687,8,0
2026-08-07 21:25:00+00:00,4333.57,4335.61,4332.29,4334.46,744,8,0
2026-08-07 21:30:00+00:00,4334.39,4337.79,4333.73,4337.07,596,8,0
2026-08-07 21:35:00+00:00,4337.2,4338.95,4336.84,4337.1,487,8,0
2026-08-07 21:40:00+00:00,4337.11,4337.53,4333.43,4334.26,436,8,0
2026-08-07 21:45:00+00:00,4334.28,4337.42,4334.05,4336.75,486,8,0
2026-08-07 21:50:00+00:00,4336.84,4337.53,4333.82,4334.93,448,8,0
2026-08-07 21:55:00+00:00,4334.98,4335.29,4332.85,4335.29,473,8,0
2026-08-07 22:00:00+00:00,4335.2,4344.53,4335.0,4340.34,963,8,0
2026-08-07 22:05:00+00:00,4340.24,4345.08,4340.07,4344.77,909,8,0
2026-08-07 22:10:00+00:00,4344.78,4345.65,4342.81,4343.01,861,8,0
2026-08-07 22:15:00+00:00,4343.0,4349.59,4342.48,4346.65,882,8,0
2026-08-07 22:20:00+00:00,4346.66,4349.85,4346.56,4348.43,916,8,0
2026-08-07 22:25:00+00:00,4348.3,4348.46,4346.57,4347.91,838,8,0
2026-08-07 22:30:00+00:00,4348.12,4348.35,4344.55,4345.16,903,8,0
2026-08-07 22:35:00+00:00,4345.15,4346.63,4343.77,4345.66,813,8,0
2026-08-07 22:40:00+00:00,4345.63,4347.88,4344.18,4347.35,711,8,0
2026-08-07 22:45:00+00:00,4347.37,4348.95,4346.68,4346.98,828,8,0
2026-08-07 22:50:00+00:00,4347.06,4348.92,4341.73,4342.56,932,8,0
2026-08-07 22:55:00+00:00,4342.57,4345.12,4339.53,4343.51,1050,8,0
2026-08-07 23:00:00+00:00,4343.46,4344.75,4342.21,4343.11,576,8,0
2026-08-07 23:05:00+00:00,4343.16,4344.03,4341.05,4341.05,253,8,0
2026-08-07 23:10:00+00:00,4340.97,4342.13,4337.55,4341.97,389,8,0
2026-08-07 23:15:00+00:00,4341.99,4342.29,4339.0,4339.21,236,8,0
2026-08-07 23:20:00+00:00,4339.19,4339.46,4338.49,4338.8,178,8,0
2026-08-07 23:25:00+00:00,4338.76,4339.59,4336.63,4337.28,359,8,0
2026-08-07 23:30:00+00:00,4337.29,4337.29,4335.42,4337.08,365,16,0
2026-08-07 23:35:00+00:00,4336.98,4340.68,4336.96,4340.33,415,11,0
2026-08-07 23:40:00+00:00,4340.21,4341.63,4339.93,4341.33,512,11,0
2026-08-07 23:45:00+00:00,4341.3,4341.56,4339.0,4339.88,267,11,0
2026-08-07 23:50:00+00:00,4339.76,4341.28,4339.64,4341.19,319,18,0
2026-08-07 23:55:00+00:00,4341.1,4342.97,4339.67,4341.76,457,18,0
2026-08-10 01:00:00+00:00,4342.0,4352.14,4332.64,4340.19,637,20,0
2026-08-10 01:05:00+00:00,4339.2,4339.68,4334.43,4339.22,509,16,0
2026-08-10 01:10:00+00:00,4339.24,4346.26,4338.43,4343.57,554,8,0
2026-08-10 01:15:00+00:00,4343.56,4345.77,4339.69,4339.91,542,14,0
2026-08-10 01:20:00+00:00,4339.93,4340.53,4338.45,4339.26,424,18,0
2026-08-10 01:25:00+00:00,4339.29,4344.08,4339.28,4343.82,481,14,0
2026-08-10 01:30:00+00:00,4343.88,4345.35,4340.85,4342.55,453,10,0
2026-08-10 01:35:00+00:00,4342.51,4343.14,4340.12,4341.47,310,14,0
2026-08-10 01:40:00+00:00,4341.53,4342.64,4340.37,4340.46,305,14,0
2026-08-10 01:45:00+00:00,4340.38,4344.15,4340.11,4343.71,339,14,0
2026-08-10 01:50:00+00:00,4343.59,4343.9,4342.09,4342.7,285,8,0
2026-08-10 01:55:00+00:00,4342.69,4342.69,4341.43,4341.59,156,10,0
2026-08-10 02:00:00+00:00,4341.6,4347.55,4341.33,4347.09,326,10,0
2026-08-10 02:05:00+00:00,4346.97,4347.7,4344.99,4346.12,465,10,0
2026-08-10 02:10:00+00:00,4346.16,4347.5,4345.67,4346.42,285,8,0
2026-08-10 02:15:00+00:00,4346.45,4347.32,4344.1,4345.95,364,8,0
2026-08-10 02:20:00+00:00,4345.56,4349.07,4345.39,4348.27,424,8,0
2026-08-10 02:25:00+00:00,4348.26,4349.07,4346.18,4346.47,360,8,0
2026-08-10 02:30:00+00:00,4346.61,4347.35,4340.3,4341.44,587,10,0
2026-08-10 02:35:00+00:00,4341.63,4342.98,4340.09,4342.95,427,10,0
2026-08-10 02:40:00+00:00,4342.93,4343.13,4341.36,4342.49,299,10,0
2026-08-10 02:45:00+00:00,4342.39,4343.46,4341.48,4342.19,371,10,0
2026-08-10 02:50:00+00:00,4342.16,4342.84,4340.34,4340.35,426,14,0
2026-08-10 02:55:00+00:00,4340.36,4340.61,4332.5,4333.24,854,10,0
2026-08-10 03:00:00+00:00,4333.18,4340.87,4332.66,4340.46,848,8,0
2026-08-10 03:05:00+00:00,4340.59,4343.48,4339.8,4342.1,908,10,0
2026-08-10 03:10:00+00:00,4341.64,4347.17,4339.99,4344.24,798,10,0
2026-08-10 03:15:00+00:00,4344.25,4345.75,4339.22,4344.14,846,8,0
2026-08-10 03:20:00+00:00,4343.92,4344.02,4339.48,4340.16,770,10,0
2026-08-10 03:25:00+00:00,4340.18,4340.69,4337.31,4337.65,770,10,0
2026-08-10 03:30:00+00:00,4337.67,4339.32,4335.5,4336.38,801,10,0
2026-08-10 03:35:00+00:00,4336.49,4337.32,4333.65,4337.01,820,14,0
2026-08-10 03:40:00+00:00,4336.99,4338.34,4333.95,4334.48,620,10,0
2026-08-10 03:45:00+00:00,4334.54,4336.5,4333.55,4335.78,632,10,0
2026-08-10 03:50:00+00:00,4335.77,4337.59,4333.6,4333.76,687,10,0
2026-08-10 03:55:00+00:00,4333.79,4334.83,4330.73,4332.31,802,8,0
2026-08-10 04:00:00+00:00,4332.3,4340.77,4327.18,4327.3,1291,8,0
2026-08-10 04:05:00+00:00,4327.28,4328.26,4322.54,4323.82,1261,8,0
2026-08-10 04:10:00+00:00,4323.98,4325.21,4322.14,4323.16,1041,8,0
2026-08-10 04:15:00+00:00,4323.18,4326.35,4321.71,4324.35,947,8,0
2026-08-10 04:20:00+00:00,4324.46,4328.36,4321.55,4327.95,813,8,0
2026-08-10 04:25:00+00:00,4328.16,4328.21,4316.42,4316.42,697,10,0
2026-08-10 04:30:00+00:00,4316.43,4320.96,4314.02,4320.27,1018,8,0
2026-08-10 04:35:00+00:00,4320.26,4320.35,4315.92,4316.88,869,10,0
2026-08-10 04:40:00+00:00,4316.86,4318.1,4313.38,4317.54,859,8,0
2026-08-10 04:45:00+00:00,4317.53,4321.39,4316.16,4320.35,744,10,0
2026-08-10 04:50:00+00:00,4320.47,4323.42,4319.22,4320.34,849,10,0
2026-08-10 04:55:00+00:00,4320.33,4324.61,4318.01,4322.92,786,8,0
2026-08-10 05:00:00+00:00,4322.91,4323.83,4320.44,4321.89,787,10,0
2026-08-10 05:05:00+00:00,4322.15,4324.6,4319.2,4323.75,727,10,0
2026-08-10 05:10:00+00:00,4323.76,4326.14,4321.88,4324.93,669,8,0
2026-08-10 05:15:00+00:00,4324.92,4326.59,4323.97,4325.34,540,8,0
2026-08-10 05:20:00+00:00,4325.32,4328.54,4324.59,4327.76,571,8,0
2026-08-10 05:25:00+00:00,4327.62,4332.61,4326.91,4331.24,505,10,0
2026-08-10 05:30:00+00:00,4331.26,4332.84,4325.03,4328.32,854,8,0
2026-08-10 05:35:00+00:00,4328.24,4330.12,4325.31,4325.97,814,8,0
2026-08-10 05:40:00+00:00,4325.96,4330.42,4323.54,4326.49,794,8,0
2026-08-10 05:45:00+00:00,4326.42,4327.29,4321.37,4323.3,807,8,0
2026-08-10 05:50:00+00:00,4323.39,4324.74,4319.39,4319.95,647,10,0
2026-08-10 05:55:00+00:00,4319.88,4322.33,4318.8,4319.56,677,10,0
2026-08-10 06:00:00+00:00,4319.65,4321.2,4318.13,4319.1,695,10,0
2026-08-10 06:05:00+00:00,4319.07,4319.82,4317.71,4317.87,668,8,0
2026-08-10 06:10:00+00:00,4317.81,4320.27,4317.72,4320.03,697,14,0
2026-08-10 06:15:00+00:00,4320.11,4324.37,4319.6,4324.1,713,14,0
2026-08-10 06:20:00+00:00,4324.05,4326.72,4323.49,4323.57,665,10,0
2026-08-10 06:25:00+00:00,4323.61,4328.15,4323.61,4327.3,660,8,0
2026-08-10 06:30:00+00:00,4327.29,4328.45,4325.84,4328.08,577,8,0
2026-08-10 06:35:00+00:00,4327.96,4330.01,4325.87,4326.26,482,8,0
2026-08-10 06:40:00+00:00,4326.12,4326.68,4324.78,4325.26,302,10,0
2026-08-10 06:45:00+00:00,4325.25,4327.5,4324.56,4326.87,304,14,0
2026-08-10 06:50:00+00:00,4326.93,4327.88,4326.35,4327.23,310,10,0
2026-08-10 06:55:00+00:00,4327.1,4327.7,4326.2,4326.68,272,10,0
2026-08-10 07:00:00+00:00,4326.7,4328.26,4323.17,4325.25,447,10,0
2026-08-10 07:05:00+00:00,4325.45,4327.7,4323.38,4327.6,473,8,0
2026-08-10 07:10:00+00:00,4327.53,4332.73,4327.53,4332.7,629,14,0
2026-08-10 07:15:00+00:00,4332.34,4333.96,4330.84,4333.7,568,10,0
2026-08-10 07:20:00+00:00,4333.72,4337.41,4333.31,4336.9,502,10,0
2026-08-10 07:25:00+00:00,4336.8,4337.44,4333.93,4334.62,375,10,0
2026-08-10 07:30:00+00:00,4334.58,4336.22,4333.15,4334.57,487,8,0
2026-08-10 07:35:00+00:00,4334.56,4336.26,4333.63,4333.82,390,10,0
2026-08-10 07:40:00+00:00,4333.83,4333.83,4329.76,4332.18,517,10,0
2026-08-10 07:45:00+00:00,4332.17,4335.57,4331.97,4333.82,557,8,0
2026-08-10 07:50:00+00:00,4334.02,4337.25,4333.39,4335.96,396,10,0
2026-08-10 07:55:00+00:00,4335.91,4339.63,4335.67,4339.46,515,8,0
2026-08-10 08:00:00+00:00,4339.34,4339.83,4335.11,4337.15,508,8,0
2026-08-10 08:05:00+00:00,4337.16,4339.07,4336.22,4336.22,393,10,0
2026-08-10 08:10:00+00:00,4336.34,4336.44,4333.54,4334.9,446,8,0
2026-08-10 08:15:00+00:00,4335.04,4336.16,4332.73,4333.28,406,10,0
2026-08-10 08:20:00+00:00,4333.2,4336.54,4333.2,4335.0,345,8,0
2026-08-10 08:25:00+00:00,4334.99,4335.18,4333.43,4333.94,338,8,0
2026-08-10 08:30:00+00:00,4333.89,4341.05,4331.73,4340.37,1080,8,0
2026-08-10 08:35:00+00:00,4340.33,4342.01,4338.69,4341.17,962,10,0
2026-08-10 08:40:00+00:00,4341.14,4344.15,4338.48,4343.48,827,8,0
2026-08-10 08:45:00+00:00,4343.23,4347.02,4340.67,4345.72,796,10,0
2026-08-10 08:50:00+00:00,4345.91,4352.09,4345.29,4348.47,869,8,0
2026-08-10 08:55:00+00:00,4348.46,4349.52,4345.17,4347.62,790,8,0
2026-08-10 09:00:00+00:00,4347.23,4347.36,4341.92,4342.42,829,10,0
2026-08-10 09:05:00+00:00,4342.42,4346.57,4342.06,4346.22,786,8,0
2026-08-10 09:10:00+00:00,4346.23,4350.01,4346.08,4347.24,716,10,0
2026-08-10 09:15:00+00:00,4347.15,4349.67,4342.66,4342.84,755,10,0
2026-08-10 09:20:00+00:00,4342.83,4345.25,4342.71,4345.25,765,8,0
2026-08-10 09:25:00+00:00,4345.26,4348.27,4343.81,4348.26,605,8,0
2026-08-10 09:30:00+00:00,4348.22,4349.39,4346.58,4347.86,615,8,0
2026-08-10 09:35:00+00:00,4347.85,4349.61,4346.01,4348.57,626,8,0
2026-08-10 09:40:00+00:00,4348.8,4355.85,4347.0,4355.2,692,8,0
2026-08-10 09:45:00+00:00,4355.21,4358.33,4355.02,4356.81,735,8,0
2026-08-10 09:50:00+00:00,4356.8,4357.25,4355.47,4357.17,645,8,0
2026-08-10 09:55:00+00:00,4357.09,4359.38,4356.26,4357.74,602,8,0
2026-08-10 10:00:00+00:00,4357.77,4358.42,4353.33,4354.57,778,8,0
2026-08-10 10:05:00+00:00,4354.57,4357.07,4353.54,4353.55,646,8,0
2026-08-10 10:10:00+00:00,4353.41,4354.26,4349.76,4350.87,724,8,0
2026-08-10 10:15:00+00:00,4350.86,4356.85,4350.22,4354.44,628,8,0
2026-08-10 10:20:00+00:00,4354.47,4358.86,4352.12,4358.16,616,10,0
2026-08-10 10:25:00+00:00,4358.14,4358.76,4352.1,4355.1,648,8,0
2026-08-10 10:30:00+00:00,4355.08,4355.14,4352.61,4353.25,615,10,0
2026-08-10 10:35:00+00:00,4353.3,4359.8,4353.11,4358.82,636,8,0
2026-08-10 10:40:00+00:00,4358.81,4359.96,4356.26,4359.44,533,10,0
2026-08-10 10:45:00+00:00,4359.33,4362.0,4357.02,4357.23,786,8,0
2026-08-10 10:50:00+00:00,4357.14,4358.49,4355.14,4355.5,601,8,0
2026-08-10 10:55:00+00:00,4355.45,4356.36,4354.96,4355.37,596,8,0
2026-08-10 11:00:00+00:00,4355.39,4356.29,4354.05,4355.49,682,10,0
2026-08-10 11:05:00+00:00,4355.43,4355.96,4351.55,4352.44,561,8,0
2026-08-10 11:10:00+00:00,4352.34,4354.49,4352.11,4354.36,464,8,0
2026-08-10 11:15:00+00:00,4354.38,4355.57,4353.37,4354.87,493,8,0
2026-08-10 11:20:00+00:00,4354.86,4355.08,4352.68,4352.77,422,8,0
2026-08-10 11:25:00+00:00,4352.78,4356.3,4352.19,4355.7,506,8,0
2026-08-10 11:30:00+00:00,4355.65,4356.74,4349.1,4350.5,626,8,0
2026-08-10 11:35:00+00:00,4350.46,4351.48,4348.12,4348.19,513,8,0
2026-08-10 11:40:00+00:00,4348.21,4349.85,4345.83,4346.41,521,8,0
2026-08-10 11:45:00+00:00,4346.36,4349.08,4345.69,4346.38,534,8,0
2026-08-10 11:50:00+00:00,4346.3,4348.34,4344.93,4346.27,681,8,0
2026-08-10 11:55:00+00:00,4346.28,4348.43,4343.94,4346.75,626,8,0
2026-08-10 12:00:00+00:00,4346.66,4348.82,4345.7,4348.34,547,8,0
2026-08-10 12:05:00+00:00,4348.3,4348.96,4345.91,4347.85,634,8,0
2026-08-10 12:10:00+00:00,4347.76,4350.1,4347.23,4349.71,594,8,0
2026-08-10 12:15:00+00:00,4349.73,4349.73,4346.15,4347.4,425,8,0
2026-08-10 12:20:00+00:00,4346.98,4348.47,4346.94,4348.07,408,10,0
2026-08-10 12:25:00+00:00,4348.06,4348.94,4345.29,4347.0,471,8,0
2026-08-10 12:30:00+00:00,4346.9,4346.92,4341.93,4343.88,663,8,0
2026-08-10 12:35:00+00:00,4343.99,4344.24,4340.93,4342.04,643,10,0
2026-08-10 12:40:00+00:00,4342.03,4344.4,4342.02,4344.19,418,10,0
2026-08-10 12:45:00+00:00,4344.32,4345.34,4341.82,4342.47,525,10,0
2026-08-10 12:50:00+00:00,4342.46,4342.63,4340.89,4342.22,485,10,0
2026-08-10 12:55:00+00:00,4342.33,4343.33,4341.28,4341.28,468,10,0
2026-08-10 13:00:00+00:00,4341.25,4341.38,4339.23,4340.48,539,8,0
2026-08-10 13:05:00+00:00,4340.47,4341.55,4339.93,4340.44,515,8,0
2026-08-10 13:10:00+00:00,4340.39,4340.95,4339.56,4340.8,482,8,0
2026-08-10 13:15:00+00:00,4340.76,4341.58,4339.34,4341.48,481,10,0
2026-08-10 13:20:00+00:00,4341.44,4344.15,4341.03,4343.16,542,10,0
2026-08-10 13:25:00+00:00,4343.23,4343.77,4341.94,4343.77,314,8,0
2026-08-10 13:30:00+00:00,4343.71,4344.19,4340.47,4342.09,496,8,0
2026-08-10 13:35:00+00:00,4342.11,4342.3,4338.42,4339.63,536,10,0
2026-08-10 13:40:00+00:00,4339.64,4340.12,4337.83,4337.83,457,10,0
2026-08-10 13:45:00+00:00,4337.86,4339.42,4337.59,4338.14,442,8,0
2026-08-10 13:50:00+00:00,4338.13,4340.65,4337.73,4338.34,428,10,0
2026-08-10 13:55:00+00:00,4338.31,4339.44,4335.51,4335.75,540,8,0
2026-08-10 14:00:00+00:00,4335.82,4336.69,4334.58,4334.69,660,14,0
2026-08-10 14:05:00+00:00,4334.6,4335.7,4333.32,4334.08,567,10,0
2026-08-10 14:10:00+00:00,4334.07,4334.11,4330.03,4331.56,630,8,0
2026-08-10 14:15:00+00:00,4331.45,4331.45,4329.01,4329.83,549,10,0
2026-08-10 14:20:00+00:00,4329.85,4333.79,4329.03,4333.27,515,10,0
2026-08-10 14:25:00+00:00,4333.2,4336.39,4333.15,4335.37,461,8,0
2026-08-10 14:30:00+00:00,4334.76,4339.16,4334.6,4337.78,502,8,0
2026-08-10 14:35:00+00:00,4337.75,4339.43,4335.54,4339.35,497,10,0
2026-08-10 14:40:00+00:00,4339.25,4339.36,4336.47,4337.4,557,10,0
2026-08-10 14:45:00+00:00,4337.39,4337.92,4332.13,4332.8,547,10,0
2026-08-10 14:50:00+00:00,4332.84,4336.12,4332.33,4335.21,504,8,0
2026-08-10 14:55:00+00:00,4335.24,4336.22,4333.52,4335.13,442,8,0
2026-08-10 15:00:00+00:00,4335.12,4335.12,4332.51,4333.85,547,8,0
2026-08-10 15:05:00+00:00,4333.72,4337.43,4332.13,4334.89,635,8,0
2026-08-10 15:10:00+00:00,4334.92,4335.22,4330.76,4331.5,589,8,0
2026-08-10 15:15:00+00:00,4331.68,4332.24,4328.16,4328.41,643,8,0
2026-08-10 15:20:00+00:00,4328.4,4330.91,4326.29,4327.37,750,8,0
2026-08-10 15:25:00+00:00,4327.5,4327.94,4324.16,4327.76,756,8,0
2026-08-10 15:30:00+00:00,4327.78,4331.41,4326.39,4327.79,784,8,0
2026-08-10 15:35:00+00:00,4327.64,4332.41,4326.56,4331.15,718,8,0
2026-08-10 15:40:00+00:00,4331.07,4332.5,4328.97,4329.11,708,8,0
2026-08-10 15:45:00+00:00,4329.12,4333.12,4328.86,4331.92,656,8,0
2026-08-10 15:50:00+00:00,4331.69,4333.04,4329.8,4331.77,594,8,0
2026-08-10 15:55:00+00:00,4331.7,4335.65,4330.52,4332.52,670,8,0
2026-08-10 16:00:00+00:00,4332.58,4334.69,4326.03,4329.2,1038,8,0
2026-08-10 16:05:00+00:00,4329.2,4334.63,4328.31,4334.49,816,8,0
2026-08-10 16:10:00+00:00,4334.51,4337.84,4333.76,4337.18,885,8,0
2026-08-10 16:15:00+00:00,4337.21,4337.77,4334.42,4335.19,737,10,0
2026-08-10 16:20:00+00:00,4335.17,4336.59,4329.15,4330.54,791,10,0
2026-08-10 16:25:00+00:00,4330.51,4335.15,4330.12,4335.0,817,8,0
2026-08-10 16:30:00+00:00,4334.83,4338.45,4331.3,4336.9,1258,8,0
2026-08-10 16:35:00+00:00,4336.7,4339.65,4336.04,4337.65,1281,8,0
2026-08-10 16:40:00+00:00,4337.6,4338.2,4330.85,4331.61,1288,8,0
2026-08-10 16:45:00+00:00,4331.67,4332.66,4325.98,4328.32,1293,8,0
2026-08-10 16:50:00+00:00,4328.43,4329.06,4321.97,4324.0,1228,8,0
2026-08-10 16:55:00+00:00,4324.02,4325.67,4317.5,4318.55,1128,8,0
2026-08-10 17:00:00+00:00,4318.7,4326.28,4318.7,4324.03,1019,10,0
2026-08-10 17:05:00+00:00,4324.15,4327.1,4322.54,4325.26,991,8,0
2026-08-10 17:10:00+00:00,4325.18,4331.95,4325.18,4331.09,873,8,0
2026-08-10 17:15:00+00:00,4331.07,4337.13,4329.25,4334.95,1072,8,0
2026-08-10 17:20:00+00:00,4334.86,4340.93,4333.21,4339.55,1109,10,0
2026-08-10 17:25:00+00:00,4339.32,4349.0,4339.14,4346.37,1060,8,0
2026-08-10 17:30:00+00:00,4346.34,4352.77,4346.23,4348.2,1048,8,0
2026-08-10 17:35:00+00:00,4348.33,4349.77,4345.59,4347.52,1033,8,0
2026-08-10 17:40:00+00:00,4347.4,4350.85,4346.91,4350.33,972,8,0
2026-08-10 17:45:00+00:00,4350.35,4351.58,4346.16,4347.52,982,8,0
2026-08-10 17:50:00+00:00,4347.51,4347.6,4343.05,4343.38,862,8,0
2026-08-10 17:55:00+00:00,4343.54,4346.0,4343.12,4345.79,905,8,0
2026-08-10 18:00:00+00:00,4345.78,4349.81,4343.84,4347.77,1024,8,0
2026-08-10 18:05:00+00:00,4347.9,4352.44,4343.67,4345.38,1056,8,0
2026-08-10 18:10:00+00:00,4345.4,4347.94,4343.94,4347.54,950,8,0
2026-08-10 18:15:00+00:00,4347.43,4352.08,4346.55,4349.61,936,8,0
2026-08-10 18:20:00+00:00,4349.53,4352.82,4349.53,4349.97,882,8,0
2026-08-10 18:25:00+00:00,4350.05,4352.0,4347.87,4349.72,981,8,0
2026-08-10 18:30:00+00:00,4349.91,4352.14,4348.54,4348.85,879,8,0
2026-08-10 18:35:00+00:00,4348.76,4352.59,4348.72,4350.96,778,8,0
2026-08-10 18:40:00+00:00,4350.97,4352.21,4350.12,4350.78,728,8,0
2026-08-10 18:45:00+00:00,4350.91,4353.82,4349.4,4352.83,920,8,0
2026-08-10 18:50:00+00:00,4352.81,4358.06,4352.73,4357.69,974,8,0
2026-08-10 18:55:00+00:00,4357.63,4360.35,4357.26,4359.18,925,8,0
2026-08-10 19:00:00+00:00,4359.27,4364.86,4358.79,4358.88,1057,8,0
2026-08-10 19:05:00+00:00,4358.95,4364.3,4357.63,4364.13,1023,8,0
2026-08-10 19:10:00+00:00,4363.79,4365.56,4362.06,4362.23,1015,8,0
2026-08-10 19:15:00+00:00,4362.27,4364.12,4361.76,4362.33,917,8,0
2026-08-10 19:20:00+00:00,4362.34,4365.01,4362.27,4364.02,922,8,0
2026-08-10 19:25:00+00:00,4364.13,4365.4,4362.48,4363.57,819,8,0
2026-08-10 19:30:00+00:00,4363.61,4363.89,4351.15,4356.75,1066,8,0
2026-08-10 19:35:00+00:00,4356.71,4359.84,4355.53,4356.06,764,8,0
2026-08-10 19:40:00+00:00,4356.01,4357.29,4351.84,4352.53,833,8,0
2026-08-10 19:45:00+00:00,4352.46,4355.86,4352.42,4354.2,758,8,0
2026-08-10 19:50:00+00:00,4353.97,4354.92,4352.91,4353.8,770,8,0
2026-08-10 19:55:00+00:00,4353.79,4356.98,4352.29,4356.87,769,8,0
2026-08-10 20:00:00+00:00,4356.91,4357.68,4354.4,4354.46,814,8,0
2026-08-10 20:05:00+00:00,4354.52,4357.2,4351.85,4355.9,721,8,0
2026-08-10 20:10:00+00:00,4355.86,4358.29,4355.36,4357.27,719,8,0
2026-08-10 20:15:00+00:00,4357.24,4358.21,4356.53,4357.3,785,8,0
2026-08-10 20:20:00+00:00,4357.29,4360.39,4357.23,4360.02,837,8,0
2026-08-10 20:25:00+00:00,4360.03,4361.37,4358.71,4361.16,885,8,0
2026-08-10 20:30:00+00:00,4361.25,4362.86,4359.75,4362.31,694,8,0
2026-08-10 20:35:00+00:00,4362.3,4365.46,4362.24,4364.04,782,8,0
2026-08-10 20:40:00+00:00,4364.05,4364.07,4359.61,4360.36,706,8,0
2026-08-10 20:45:00+00:00,4360.43,4361.05,4357.86,4360.65,765,8,0
2026-08-10 20:50:00+00:00,4360.65,4361.36,4358.87,4359.04,764,8,0
2026-08-10 20:55:00+00:00,4358.98,4361.08,4357.65,4361.02,788,8,0
2026-08-10 21:00:00+00:00,4361.01,4364.82,4360.69,4364.58,884,8,0
2026-08-10 21:05:00+00:00,4364.59,4366.14,4364.2,4364.49,790,8,0
2026-08-10 21:10:00+00:00,4364.42,4365.4,4363.71,4363.93,760,8,0
2026-08-10 21:15:00+00:00,4363.87,4365.09,4362.31,4363.92,840,8,0
2026-08-10 21:20:00+00:00,4363.93,4365.76,4363.11,4365.3,756,8,0
2026-08-10 21:25:00+00:00,4365.28,4367.98,4365.28,4366.75,803,8,0
2026-08-10 21:30:00+00:00,4366.7,4380.66,4366.01,4379.75,1022,8,0
2026-08-10 21:35:00+00:00,4379.76,4381.79,4377.52,4381.58,902,8,0
2026-08-10 21:40:00+00:00,4381.5,4383.07,4379.78,4379.88,1034,8,0
2026-08-10 21:45:00+00:00,4379.82,4379.94,4373.52,4376.91,945,8,0
2026-08-10 21:50:00+00:00,4376.96,4379.22,4375.11,4376.95,871,8,0
2026-08-10 21:55:00+00:00,4377.01,4379.19,4376.39,4378.62,859,8,0
2026-08-10 22:00:00+00:00,4378.66,4382.1,4378.66,4380.8,870,8,0
2026-08-10 22:05:00+00:00,4380.86,4383.52,4380.77,4382.06,920,8,0
2026-08-10 22:10:00+00:00,4382.09,4382.92,4380.75,4382.17,882,8,0
2026-08-10 22:15:00+00:00,4382.07,4383.06,4381.48,4382.92,794,8,0
2026-08-10 22:20:00+00:00,4382.95,4388.09,4382.7,4386.87,927,8,0
2026-08-10 22:25:00+00:00,4386.8,4391.69,4386.38,4390.91,1036,8,0
2026-08-10 22:30:00+00:00,4390.77,4394.21,4386.39,4388.14,1093,8,0
2026-08-10 22:35:00+00:00,4388.17,4389.59,4385.22,4388.82,901,8,0
2026-08-10 22:40:00+00:00,4388.85,4391.52,4387.41,4388.99,926,8,0
2026-08-10 22:45:00+00:00,4388.96,4395.64,4388.19,4394.67,833,8,0
2026-08-10 22:50:00+00:00,4394.7,4395.85,4391.34,4392.56,954,8,0
2026-08-10 22:55:00+00:00,4392.55,4392.7,4387.51,4388.87,952,8,0
2026-08-10 23:00:00+00:00,4388.92,4391.1,4388.83,4389.3,371,8,0
2026-08-10 23:05:00+00:00,4389.34,4389.44,4386.69,4386.75,295,11,0
2026-08-10 23:10:00+00:00,4386.77,4391.53,4386.77,4389.56,275,8,0
2026-08-10 23:15:00+00:00,4389.68,4391.67,4389.68,4390.35,191,8,0
2026-08-10 23:20:00+00:00,4390.28,4390.39,4386.66,4388.55,330,8,0
2026-08-10 23:25:00+00:00,4388.64,4392.07,4388.41,4391.11,276,11,0
2026-08-10 23:30:00+00:00,4391.13,4392.25,4390.62,4391.71,265,8,0
2026-08-10 23:35:00+00:00,4391.75,4392.12,4390.75,4391.1,164,8,0
2026-08-10 23:40:00+00:00,4391.07,4392.15,4390.76,4390.78,218,8,0
2026-08-10 23:45:00+00:00,4390.62,4391.48,4389.67,4389.78,239,11,0
2026-08-10 23:50:00+00:00,4389.87,4391.49,4389.68,4390.19,325,16,0
2026-08-10 23:55:00+00:00,4390.16,4391.08,4389.51,4389.82,208,11,0
2026-08-11 01:00:00+00:00,4388.97,4391.72,4388.78,4389.76,328,26,0
2026-08-11 01:05:00+00:00,4389.71,4391.62,4389.59,4391.35,255,10,0
2026-08-11 01:10:00+00:00,4391.39,4393.1,4390.55,4391.63,337,10,0
2026-08-11 01:15:00+00:00,4391.65,4392.71,4390.98,4392.44,233,10,0
2026-08-11 01:20:00+00:00,4392.36,4393.46,4391.61,4393.02,262,8,0
2026-08-11 01:25:00+00:00,4393.04,4393.7,4391.96,4392.12,257,8,0
2026-08-11 01:30:00+00:00,4392.18,4393.73,4392.11,4393.66,285,8,0
2026-08-11 01:35:00+00:00,4393.57,4394.25,4393.07,4393.87,268,8,0
2026-08-11 01:40:00+00:00,4393.95,4396.25,4393.68,4395.39,352,8,0
2026-08-11 01:45:00+00:00,4395.43,4398.45,4395.43,4397.69,370,8,0
2026-08-11 01:50:00+00:00,4397.67,4399.75,4397.47,4399.67,347,8,0
2026-08-11 01:55:00+00:00,4399.63,4400.67,4398.74,4398.99,349,8,0
2026-08-11 02:00:00+00:00,4399.31,4401.78,4397.87,4398.77,443,10,0
2026-08-11 02:05:00+00:00,4398.81,4402.13,4396.05,4396.52,495,8,0
2026-08-11 02:10:00+00:00,4396.71,4397.51,4395.83,4397.48,354,14,0
2026-08-11 02:15:00+00:00,4397.49,4397.49,4394.74,4395.32,411,10,0
2026-08-11 02:20:00+00:00,4395.4,4396.18,4394.88,4394.98,243,10,0
2026-08-11 02:25:00+00:00,4394.85,4395.98,4394.71,4395.43,191,8,0
2026-08-11 02:30:00+00:00,4395.37,4396.22,4395.31,4395.47,262,8,0
2026-08-11 02:35:00+00:00,4395.5,4398.86,4395.44,4398.82,271,8,0
2026-08-11 02:40:00+00:00,4398.78,4398.94,4397.7,4398.71,319,10,0
2026-08-11 02:45:00+00:00,4398.78,4398.98,4396.86,4397.88,591,10,0
2026-08-11 02:50:00+00:00,4397.87,4398.97,4396.47,4398.81,594,8,0
2026-08-11 02:55:00+00:00,4398.85,4402.52,4398.53,4402.35,631,8,0
2026-08-11 03:00:00+00:00,4402.91,4404.7,4396.44,4404.28,844,8,0
2026-08-11 03:05:00+00:00,4404.29,4406.35,4402.78,4406.27,759,8,0
2026-08-11 03:10:00+00:00,4406.13,4408.98,4404.01,4404.96,581,8,0
2026-08-11 03:15:00+00:00,4405.31,4407.9,4404.66,4406.27,572,8,0
2026-08-11 03:20:00+00:00,4406.06,4412.3,4405.75,4412.29,643,8,0
2026-08-11 03:25:00+00:00,4412.11,4416.12,4411.83,4414.0,701,8,0
2026-08-11 03:30:00+00:00,4414.01,4414.1,4411.33,4412.69,590,8,0
2026-08-11 03:35:00+00:00,4412.63,4413.43,4408.72,4411.55,499,8,0
2026-08-11 03:40:00+00:00,4411.38,4413.99,4407.53,4413.91,777,8,0
2026-08-11 03:45:00+00:00,4414.04,4419.23,4410.0,4412.96,782,8,0
2026-08-11 03:50:00+00:00,4413.03,4413.19,4409.66,4409.73,616,10,0
2026-08-11 03:55:00+00:00,4409.98,4411.93,4408.4,4409.64,510,10,0
2026-08-11 04:00:00+00:00,4409.43,4409.7,4393.71,4400.5,1292,10,0
2026-08-11 04:05:00+00:00,4400.61,4409.35,4399.02,4408.5,1065,10,0
2026-08-11 04:10:00+00:00,4408.52,4415.32,4408.44,4414.44,1053,8,0
2026-08-11 04:15:00+00:00,4414.62,4419.5,4412.68,4414.85,1048,8,0
2026-08-11 04:20:00+00:00,4414.83,4420.1,4413.84,4414.37,890,8,0
2026-08-11 04:25:00+00:00,4414.77,4419.34,4413.52,4419.13,820,8,0
2026-08-11 04:30:00+00:00,4419.31,4421.55,4418.26,4419.51,768,8,0
2026-08-11 04:35:00+00:00,4419.57,4420.63,4416.56,4419.48,859,8,0
2026-08-11 04:40:00+00:00,4419.53,4422.32,4415.04,4415.21,947,8,0
2026-08-11 04:45:00+00:00,4415.23,4427.22,4414.6,4426.51,971,8,0
2026-08-11 04:50:00+00:00,4426.58,4431.63,4425.24,4431.55,895,10,0
2026-08-11 04:55:00+00:00,4431.57,4434.05,4429.01,4429.65,811,8,0
2026-08-11 05:00:00+00:00,4429.73,4429.79,4423.58,4426.87,903,8,0
2026-08-11 05:05:00+00:00,4426.77,4429.44,4422.04,4423.38,814,8,0
2026-08-11 05:10:00+00:00,4423.52,4434.51,4423.04,4433.72,786,14,0
2026-08-11 05:15:00+00:00,4433.86,4435.25,4431.75,4431.75,616,10,0
2026-08-11 05:20:00+00:00,4431.73,4431.97,4426.11,4426.18,606,8,0
2026-08-11 05:25:00+00:00,4426.06,4430.24,4425.98,4428.65,526,8,0
2026-08-11 05:30:00+00:00,4428.49,4429.11,4424.15,4426.7,855,10,0
2026-08-11 05:35:00+00:00,4426.77,4426.77,4413.98,4416.15,941,8,0
2026-08-11 05:40:00+00:00,4416.0,4421.18,4415.96,4418.46,824,10,0
2026-08-11 05:45:00+00:00,4418.45,4419.03,4415.01,4415.36,764,8,0
2026-08-11 05:50:00+00:00,4415.29,4415.29,4409.34,4411.5,819,10,0
2026-08-11 05:55:00+00:00,4411.48,4412.9,4407.97,4411.04,780,8,0
2026-08-11 06:00:00+00:00,4410.99,4414.28,4410.25,4413.59,702,8,0
2026-08-11 06:05:00+00:00,4413.48,4414.94,4409.86,4413.73,640,10,0
2026-08-11 06:10:00+00:00,4413.74,4415.28,4412.28,4413.49,615,14,0
2026-08-11 06:15:00+00:00,4413.45,4417.35,4412.95,4416.92,642,8,0
2026-08-11 06:20:00+00:00,4416.6,4418.2,4414.45,4415.44,574,14,0
2026-08-11 06:25:00+00:00,4415.5,4420.74,4415.38,4420.29,576,8,0
2026-08-11 06:30:00+00:00,4420.37,4421.52,4418.61,4419.66,467,8,0
2026-08-11 06:35:00+00:00,4419.67,4420.19,4418.31,4418.6,368,8,0
2026-08-11 06:40:00+00:00,4418.55,4419.73,4415.67,4416.0,417,10,0
2026-08-11 06:45:00+00:00,4415.96,4418.45,4414.11,4414.85,488,8,0
2026-08-11 06:50:00+00:00,4414.84,4418.79,4414.15,4416.74,407,10,0
2026-08-11 06:55:00+00:00,4416.95,4417.88,4416.26,4416.77,280,10,0
2026-08-11 07:00:00+00:00,4416.78,4419.55,4416.45,4417.49,469,8,0
2026-08-11 07:05:00+00:00,4417.52,4418.35,4413.79,4413.79,417,8,0
2026-08-11 07:10:00+00:00,4413.75,4414.17,4412.07,4413.93,488,8,0
2026-08-11 07:15:00+00:00,4413.96,4415.85,4412.55,4413.15,411,8,0
2026-08-11 07:20:00+00:00,4413.28,4414.05,4410.01,4413.18,488,8,0
2026-08-11 07:25:00+00:00,4413.22,4415.57,4410.91,4415.38,444,8,0
2026-08-11 07:30:00+00:00,4415.3,4420.26,4410.98,4415.87,768,8,0
2026-08-11 07:35:00+00:00,4415.86,4416.02,4410.54,4413.8,663,8,0
2026-08-11 07:40:00+00:00,4413.91,4414.75,4408.26,4410.12,602,10,0
2026-08-11 07:45:00+00:00,4410.13,4411.32,4407.18,4407.31,614,8,0
2026-08-11 07:50:00+00:00,4407.57,4408.13,4405.66,4406.79,586,8,0
2026-08-11 07:55:00+00:00,4406.8,4409.35,4403.43,4408.84,527,10,0
2026-08-11 08:00:00+00:00,4408.88,4409.01,4404.73,4405.38,487,10,0
2026-08-11 08:05:00+00:00,4405.32,4406.48,4402.62,4406.02,544,8,0
2026-08-11 08:10:00+00:00,4406.0,4406.2,4399.44,4402.09,456,8,0
2026-08-11 08:15:00+00:00,4402.07,4402.08,4397.83,4398.97,549,10,0
2026-08-11 08:20:00+00:00,4398.98,4399.7,4396.15,4397.82,666,10,0
2026-08-11 08:25:00+00:00,4397.8,4398.03,4390.96,4392.33,722,8,0
2026-08-11 08:30:00+00:00,4392.39,4392.39,4372.63,4384.31,1236,10,0
2026-08-11 08:35:00+00:00,4384.26,4385.69,4377.39,4379.59,1037,8,0
2026-08-11 08:40:00+00:00,4379.68,4380.12,4373.62,4377.11,1057,14,0
2026-08-11 08:45:00+00:00,4377.08,4378.22,4372.16,4372.32,971,10,0
2026-08-11 08:50:00+00:00,4372.35,4373.46,4368.37,4370.02,1005,8,0
2026-08-11 08:55:00+00:00,4370.23,4375.42,4367.54,4375.35,907,8,0
2026-08-11 09:00:00+00:00,4375.34,4380.87,4371.62,4379.46,1005,8,0
2026-08-11 09:05:00+00:00,4379.45,4382.52,4378.18,4382.36,755,8,0
2026-08-11 09:10:00+00:00,4382.33,4382.33,4372.78,4372.8,934,8,0
2026-08-11 09:15:00+00:00,4372.89,4376.09,4369.59,4369.91,906,8,0
2026-08-11 09:20:00+00:00,4369.89,4374.47,4367.66,4373.55,910,10,0
2026-08-11 09:25:00+00:00,4373.51,4373.97,4362.16,4363.42,963,8,0
2026-08-11 09:30:00+00:00,4363.52,4367.74,4359.78,4362.89,1043,8,0
2026-08-11 09:35:00+00:00,4362.55,4368.4,4360.77,4368.26,770,8,0
2026-08-11 09:40:00+00:00,4368.08,4369.26,4363.19,4363.73,783,8,0
2026-08-11 09:45:00+00:00,4363.65,4367.4,4362.69,4366.77,791,8,0
2026-08-11 09:50:00+00:00,4366.76,4367.52,4360.8,4361.62,843,8,0
2026-08-11 09:55:00+00:00,4361.63,4366.08,4359.87,4366.07,714,10,0
2026-08-11 10:00:00+00:00,4366.14,4367.81,4361.88,4362.87,723,10,0
2026-08-11 10:05:00+00:00,4362.89,4365.05,4361.32,4361.84,676,10,0
2026-08-11 10:10:00+00:00,4361.81,4364.95,4361.36,4363.37,580,8,0
2026-08-11 10:15:00+00:00,4363.32,4363.6,4358.14,4359.88,649,10,0
2026-08-11 10:20:00+00:00,4359.91,4361.98,4357.59,4359.99,624,8,0
2026-08-11 10:25:00+00:00,4359.86,4365.86,4359.6,4362.99,626,8,0
2026-08-11 10:30:00+00:00,4363.15,4364.79,4358.69,4361.11,775,8,0
2026-08-11 10:35:00+00:00,4361.05,4363.57,4359.35,4359.35,611,8,0
2026-08-11 10:40:00+00:00,4359.15,4359.21,4356.88,4358.42,614,8,0
2026-08-11 10:45:00+00:00,4358.59,4359.83,4357.47,4359.32,538,8,0
2026-08-11 10:50:00+00:00,4359.26,4361.64,4357.93,4359.9,531,10,0
2026-08-11 10:55:00+00:00,4359.77,4359.85,4356.79,4357.73,503,8,0
2026-08-11 11:00:00+00:00,4357.63,4364.11,4356.95,4363.14,744,8,0
2026-08-11 11:05:00+00:00,4363.13,4366.51,4362.48,4365.32,625,8,0
2026-08-11 11:10:00+00:00,4365.46,4366.68,4363.93,4364.96,579,8,0
2026-08-11 11:15:00+00:00,4365.13,4365.69,4360.2,4362.33,669,8,0
2026-08-11 11:20:00+00:00,4362.11,4364.63,4359.33,4364.63,744,8,0
2026-08-11 11:25:00+00:00,4364.61,4369.72,4363.8,4369.14,693,8,0
2026-08-11 11:30:00+00:00,4369.25,4372.38,4368.72,4371.19,733,8,0
2026-08-11 11:35:00+00:00,4371.21,4375.1,4370.7,4374.9,646,8,0
2026-08-11 11:40:00+00:00,4374.7,4375.92,4374.15,4374.78,490,8,0
2026-08-11 11:45:00+00:00,4374.79,4375.44,4372.5,4374.31,587,8,0
2026-08-11 11:50:00+00:00,4374.28,4376.13,4371.14,4371.24,651,8,0
2026-08-11 11:55:00+00:00,4371.25,4372.59,4369.12,4369.12,549,8,0
2026-08-11 12:00:00+00:00,4369.11,4371.92,4367.63,4371.31,656,8,0
2026-08-11 12:05:00+00:00,4371.42,4372.47,4370.4,4370.51,525,10,0
2026-08-11 12:10:00+00:00,4370.44,4372.93,4370.42,4372.43,490,8,0
2026-08-11 12:15:00+00:00,4372.52,4374.08,4371.08,4374.08,548,8,0
2026-08-11 12:20:00+00:00,4374.12,4375.35,4370.77,4372.84,718,8,0
2026-08-11 12:25:00+00:00,4372.82,4375.56,4371.06,4371.96,710,8,0
2026-08-11 12:30:00+00:00,4371.95,4374.96,4370.32,4373.63,652,8,0
2026-08-11 12:35:00+00:00,4373.61,4374.79,4371.88,4373.39,524,8,0
2026-08-11 12:40:00+00:00,4373.38,4374.33,4370.49,4370.49,530,8,0
2026-08-11 12:45:00+00:00,4370.42,4374.64,4370.32,4373.8,505,10,0
2026-08-11 12:50:00+00:00,4373.71,4373.71,4371.18,4371.84,388,8,0
2026-08-11 12:55:00+00:00,4371.86,4372.93,4371.17,4372.41,450,8,0
2026-08-11 13:00:00+00:00,4372.4,4374.19,4371.26,4372.41,535,8,0
2026-08-11 13:05:00+00:00,4372.39,4374.66,4371.52,4373.55,480,8,0
2026-08-11 13:10:00+00:00,4373.6,4376.09,4373.17,4373.25,475,8,0
2026-08-11 13:15:00+00:00,4373.25,4375.1,4372.42,4372.45,485,8,0
2026-08-11 13:20:00+00:00,4372.43,4377.95,4372.39,4377.7,562,8,0
2026-08-11 13:25:00+00:00,4377.66,4381.77,4376.55,4378.25,861,8,0
2026-08-11 13:30:00+00:00,4378.25,4380.96,4378.12,4379.16,685,8,0
2026-08-11 13:35:00+00:00,4379.15,4380.0,4377.73,4378.01,455,8,0
2026-08-11 13:40:00+00:00,4377.94,4378.58,4376.98,4377.71,505,8,0
2026-08-11 13:45:00+00:00,4377.73,4381.0,4377.61,4381.0,502,8,0
2026-08-11 13:50:00+00:00,4381.08,4381.85,4380.18,4380.52,481,10,0
2026-08-11 13:55:00+00:00,4380.5,4382.57,4378.88,4382.44,480,8,0
2026-08-11 14:00:00+00:00,4382.41,4393.04,4380.36,4391.25,1176,8,0
2026-08-11 14:05:00+00:00,4391.29,4392.37,4388.67,4390.65,1017,8,0
2026-08-11 14:10:00+00:00,4390.64,4392.54,4387.99,4391.31,846,8,0
2026-08-11 14:15:00+00:00,4391.47,4392.43,4388.22,4390.08,797,8,0
2026-08-11 14:20:00+00:00,4390.09,4391.2,4385.65,4385.98,618,8,0
2026-08-11 14:25:00+00:00,4386.13,4388.56,4385.21,4387.39,658,8,0
2026-08-11 14:30:00+00:00,4387.65,4388.13,4385.31,4386.21,576,8,0
2026-08-11 14:35:00+00:00,4386.05,4387.1,4383.36,4384.53,582,8,0
2026-08-11 14:40:00+00:00,4384.48,4386.06,4383.08,4385.82,624,8,0
2026-08-11 14:45:00+00:00,4386.34,4388.91,4385.55,4387.49,691,8,0
2026-08-11 14:50:00+00:00,4387.47,4389.9,4384.98,4387.56,635,8,0
2026-08-11 14:55:00+00:00,4387.26,4388.49,4385.67,4387.51,545,10,0
2026-08-11 15:00:00+00:00,4387.53,4387.65,4383.67,4384.95,748,8,0
2026-08-11 15:05:00+00:00,4384.98,4395.21,4384.74,4393.01,826,8,0
2026-08-11 15:10:00+00:00,4393.13,4397.05,4391.18,4396.34,798,8,0
2026-08-11 15:15:00+00:00,4396.32,4397.71,4392.58,4395.75,734,8,0
2026-08-11 15:20:00+00:00,4396.27,4399.53,4388.01,4388.91,1085,8,0
2026-08-11 15:25:00+00:00,4388.89,4393.12,4387.59,4391.23,831,8,0
2026-08-11 15:30:00+00:00,4391.36,4395.23,4388.8,4390.11,759,8,0
2026-08-11 15:35:00+00:00,4389.95,4392.15,4388.95,4389.9,714,8,0
2026-08-11 15:40:00+00:00,4389.94,4398.55,4389.82,4398.53,740,9,0
2026-08-11 15:45:00+00:00,4398.54,4400.03,4395.27,4397.38,682,9,0
2026-08-11 15:50:00+00:00,4397.32,4397.98,4392.95,4393.59,671,8,0
2026-08-11 15:55:00+00:00,4393.72,4394.71,4392.0,4392.24,659,8,0
2026-08-11 16:00:00+00:00,4392.25,4399.07,4391.83,4392.43,1007,16,0
2026-08-11 16:05:00+00:00,4392.54,4398.88,4392.49,4398.88,860,8,0
2026-08-11 16:10:00+00:00,4398.93,4400.77,4393.64,4393.67,818,8,0
2026-08-11 16:15:00+00:00,4393.66,4395.29,4389.39,4394.19,915,14,0
2026-08-11 16:20:00+00:00,4394.14,4400.13,4394.09,4397.17,850,8,0
2026-08-11 16:25:00+00:00,4397.19,4399.25,4395.11,4397.27,838,8,0
2026-08-11 16:30:00+00:00,4397.26,4398.76,4389.3,4391.87,1078,16,0
2026-08-11 16:35:00+00:00,4391.54,4398.93,4388.26,4398.93,1057,13,0
2026-08-11 16:40:00+00:00,4398.92,4401.04,4397.5,4399.07,1050,8,0
2026-08-11 16:45:00+00:00,4399.09,4403.41,4391.88,4394.84,1071,11,0
2026-08-11 16:50:00+00:00,4394.85,4396.98,4385.28,4387.68,1095,13,0
2026-08-11 16:55:00+00:00,4387.83,4395.16,4387.54,4390.0,1008,8,0
2026-08-11 17:00:00+00:00,4390.16,4390.73,4382.25,4385.98,1077,8,0
2026-08-11 17:05:00+00:00,4385.99,4387.56,4383.5,4385.37,960,8,0
2026-08-11 17:10:00+00:00,4385.38,4387.96,4382.22,4386.83,950,8,0
2026-08-11 17:15:00+00:00,4387.07,4390.78,4383.44,4386.24,955,8,0
2026-08-11 17:20:00+00:00,4386.26,4390.01,4382.23,4385.11,944,8,0
2026-08-11 17:25:00+00:00,4384.86,4387.72,4382.0,4383.97,940,8,0
2026-08-11 17:30:00+00:00,4384.02,4390.75,4383.97,4390.57,963,8,0
2026-08-11 17:35:00+00:00,4390.6,4393.07,4389.34,4391.64,930,8,0
2026-08-11 17:40:00+00:00,4391.79,4395.58,4391.11,4393.78,887,8,0
2026-08-11 17:45:00+00:00,4393.77,4396.3,4392.93,4393.95,796,8,0
2026-08-11 17:50:00+00:00,4393.94,4395.8,4392.14,4395.52,853,8,0
2026-08-11 17:55:00+00:00,4395.54,4398.27,4393.14,4394.43,863,11,0
2026-08-11 18:00:00+00:00,4394.63,4399.12,4393.2,4397.17,872,11,0
2026-08-11 18:05:00+00:00,4397.22,4397.62,4390.28,4391.51,877,8,0
2026-08-11 18:10:00+00:00,4391.29,4396.25,4389.54,4392.53,835,8,0
2026-08-11 18:15:00+00:00,4392.56,4392.56,4382.44,4386.55,990,8,0
2026-08-11 18:20:00+00:00,4386.57,4389.78,4383.71,4383.88,891,8,0
2026-08-11 18:25:00+00:00,4384.12,4387.79,4382.36,4387.03,873,8,0
2026-08-11 18:30:00+00:00,4387.07,4387.18,4375.65,4377.22,941,8,0
2026-08-11 18:35:00+00:00,4377.13,4378.53,4370.91,4370.91,1034,16,0
2026-08-11 18:40:00+00:00,4370.85,4375.51,4368.34,4375.22,969,9,0
2026-08-11 18:45:00+00:00,4375.18,4377.36,4374.38,4376.77,847,8,0
2026-08-11 18:50:00+00:00,4376.53,4380.72,4375.77,4380.71,803,8,0
2026-08-11 18:55:00+00:00,4380.76,4384.11,4380.07,4384.05,806,9,0
2026-08-11 19:00:00+00:00,4383.98,4385.03,4380.83,4380.99,820,11,0
2026-08-11 19:05:00+00:00,4381.14,4381.89,4379.06,4380.46,718,9,0
2026-08-11 19:10:00+00:00,4380.49,4382.16,4378.72,4379.49,696,8,0
2026-08-11 19:15:00+00:00,4379.53,4381.36,4378.49,4378.81,680,9,0
2026-08-11 19:20:00+00:00,4378.74,4382.98,4378.46,4381.55,741,11,0
2026-08-11 19:25:00+00:00,4381.56,4383.42,4380.57,4382.9,656,9,0
2026-08-11 19:30:00+00:00,4383.04,4383.04,4379.28,4382.47,649,11,0
2026-08-11 19:35:00+00:00,4382.48,4385.66,4382.31,4384.68,571,9,0
2026-08-11 19:40:00+00:00,4384.59,4386.54,4383.8,4385.51,586,11,0
2026-08-11 19:45:00+00:00,4385.53,4386.2,4382.94,4383.57,634,9,0
2026-08-11 19:50:00+00:00,4383.58,4383.88,4381.81,4382.75,620,8,0
2026-08-11 19:55:00+00:00,4383.03,4385.9,4382.55,4384.19,687,8,0
2026-08-11 20:00:00+00:00,4384.18,4386.22,4383.22,4384.46,643,8,0
2026-08-11 20:05:00+00:00,4384.37,4386.46,4382.46,4384.61,640,9,0
2026-08-11 20:10:00+00:00,4384.48,4384.59,4381.11,4381.12,696,8,0
2026-08-11 20:15:00+00:00,4381.09,4383.77,4380.08,4383.33,670,8,0
2026-08-11 20:20:00+00:00,4383.32,4384.36,4379.85,4381.04,718,8,0
2026-08-11 20:25:00+00:00,4381.02,4383.21,4378.96,4381.41,742,8,0
2026-08-11 20:30:00+00:00,4381.43,4381.97,4376.16,4376.77,705,9,0
2026-08-11 20:35:00+00:00,4376.74,4377.3,4374.36,4376.92,679,9,0
2026-08-11 20:40:00+00:00,4376.93,4378.21,4376.07,4376.07,647,8,0
2026-08-11 20:45:00+00:00,4376.28,4377.57,4374.98,4376.56,552,8,0
2026-08-11 20:50:00+00:00,4376.53,4376.87,4373.25,4373.37,499,8,0
2026-08-11 20:55:00+00:00,4373.07,4373.61,4369.22,4369.39,696,11,0
2026-08-11 21:00:00+00:00,4369.34,4369.34,4363.89,4365.38,875,15,0
2026-08-11 21:05:00+00:00,4365.39,4367.13,4361.3,4361.45,871,13,0
2026-08-11 21:10:00+00:00,4361.66,4364.37,4360.45,4363.97,759,9,0
2026-08-11 21:15:00+00:00,4364.01,4367.3,4363.81,4366.75,761,8,0
2026-08-11 21:20:00+00:00,4366.77,4366.8,4362.07,4364.37,755,8,0
2026-08-11 21:25:00+00:00,4364.38,4365.48,4360.75,4361.7,760,8,0
2026-08-11 21:30:00+00:00,4361.64,4368.44,4361.51,4368.44,688,9,0
2026-08-11 21:35:00+00:00,4368.38,4371.89,4368.24,4370.67,687,9,0
2026-08-11 21:40:00+00:00,4370.62,4371.82,4368.9,4371.16,603,8,0
2026-08-11 21:45:00+00:00,4371.13,4372.75,4370.91,4371.32,609,9,0
2026-08-11 21:50:00+00:00,4371.33,4371.97,4370.95,4371.04,481,8,0
2026-08-11 21:55:00+00:00,4371.04,4371.25,4369.35,4370.8,519,8,0
2026-08-11 22:00:00+00:00,4370.82,4371.45,4366.95,4366.96,593,11,0
2026-08-11 22:05:00+00:00,4367.11,4367.54,4364.23,4365.41,671,13,0
2026-08-11 22:10:00+00:00,4365.45,4368.16,4364.2,4364.47,594,11,0
2026-08-11 22:15:00+00:00,4364.54,4365.14,4361.3,4362.85,613,9,0
2026-08-11 22:20:00+00:00,4362.84,4369.18,4362.09,4368.79,637,11,0
2026-08-11 22:25:00+00:00,4368.77,4370.9,4367.02,4370.46,627,8,0
2026-08-11 22:30:00+00:00,4370.56,4374.4,4370.44,4371.38,694,8,0
2026-08-11 22:35:00+00:00,4371.37,4371.67,4367.73,4369.86,630,8,0
2026-08-11 22:40:00+00:00,4369.67,4369.74,4365.72,4366.8,538,8,0
2026-08-11 22:45:00+00:00,4366.78,4369.72,4365.93,4369.31,588,8,0
2026-08-11 22:50:00+00:00,4369.22,4369.74,4365.56,4368.64,623,9,0
2026-08-11 22:55:00+00:00,4368.57,4372.54,4368.57,4369.8,760,9,0
2026-08-11 23:00:00+00:00,4369.82,4370.28,4367.75,4368.97,456,8,0
2026-08-11 23:05:00+00:00,4369.05,4370.17,4368.25,4369.81,374,8,0
2026-08-11 23:10:00+00:00,4369.71,4370.32,4369.5,4369.59,233,8,0
2026-08-11 23:15:00+00:00,4369.61,4369.62,4367.11,4367.5,240,9,0
2026-08-11 23:20:00+00:00,4367.47,4369.15,4366.9,4369.15,197,9,0
2026-08-11 23:25:00+00:00,4369.35,4370.23,4368.52,4369.5,245,13,0
2026-08-11 23:30:00+00:00,4369.51,4369.75,4368.79,4369.09,186,11,0
2026-08-11 23:35:00+00:00,4369.07,4369.21,4368.15,4368.73,205,11,0
2026-08-11 23:40:00+00:00,4368.71,4368.71,4366.73,4366.91,226,19,0
2026-08-11 23:45:00+00:00,4366.9,4367.13,4366.43,4366.67,236,19,0
2026-08-11 23:50:00+00:00,4366.84,4367.16,4366.19,4366.91,226,19,0
2026-08-11 23:55:00+00:00,4367.04,4369.29,4367.04,4369.29,193,19,0
2026-08-12 01:00:00+00:00,4370.84,4373.38,4370.76,4372.84,333,11,0
2026-08-12 01:05:00+00:00,4372.78,4374.6,4372.28,4374.46,336,17,0
2026-08-12 01:10:00+00:00,4374.42,4375.63,4373.8,4374.02,344,19,0
2026-08-12 01:15:00+00:00,4374.0,4375.35,4373.36,4374.87,411,19,0
2026-08-12 01:20:00+00:00,4374.85,4376.44,4374.66,4376.04,459,19,0
2026-08-12 01:25:00+00:00,4376.03,4377.08,4375.74,4376.64,363,19,0
2026-08-12 01:30:00+00:00,4376.61,4378.07,4376.34,4376.97,441,19,0
2026-08-12 01:35:00+00:00,4376.94,4377.68,4376.13,4376.45,417,19,0
2026-08-12 01:40:00+00:00,4376.47,4376.75,4375.25,4376.35,300,19,0
2026-08-12 01:45:00+00:00,4376.36,4378.41,4374.15,4375.01,537,19,0
2026-08-12 01:50:00+00:00,4375.09,4375.54,4371.18,4373.95,535,19,0
2026-08-12 01:55:00+00:00,4374.1,4374.78,4367.3,4368.86,530,19,0
2026-08-12 02:00:00+00:00,4368.94,4369.63,4363.37,4364.65,575,18,0
2026-08-12 02:05:00+00:00,4364.66,4369.82,4362.54,4364.71,675,19,0
2026-08-12 02:10:00+00:00,4364.69,4369.73,4364.64,4366.59,586,17,0
2026-08-12 02:15:00+00:00,4366.58,4372.18,4365.24,4371.05,465,13,0
2026-08-12 02:20:00+00:00,4371.01,4374.55,4371.01,4372.58,423,13,0
2026-08-12 02:25:00+00:00,4372.76,4373.93,4368.47,4372.64,528,11,0
2026-08-12 02:30:00+00:00,4372.77,4372.84,4366.68,4368.53,503,11,0
2026-08-12 02:35:00+00:00,4368.57,4368.72,4367.38,4367.76,258,11,0
2026-08-12 02:40:00+00:00,4367.81,4368.35,4367.54,4367.92,191,12,0
2026-08-12 02:45:00+00:00,4367.91,4370.46,4367.91,4368.86,291,15,0
2026-08-12 02:50:00+00:00,4368.84,4369.88,4368.37,4369.83,365,15,0
2026-08-12 02:55:00+00:00,4369.86,4371.82,4369.78,4371.52,371,15,0
2026-08-12 03:00:00+00:00,4369.97,4371.35,4366.88,4369.5,766,15,0
2026-08-12 03:05:00+00:00,4369.48,4371.7,4368.51,4371.49,628,15,0
2026-08-12 03:10:00+00:00,4371.53,4379.99,4370.95,4379.25,627,14,0
2026-08-12 03:15:00+00:00,4379.22,4380.52,4374.74,4380.52,722,15,0
2026-08-12 03:20:00+00:00,4380.46,4381.12,4378.24,4379.29,582,11,0
2026-08-12 03:25:00+00:00,4379.3,4381.73,4378.45,4381.04,615,12,0
2026-08-12 03:30:00+00:00,4381.32,4383.25,4379.42,4381.36,626,11,0
2026-08-12 03:35:00+00:00,4381.35,4383.68,4380.94,4381.47,521,11,0
2026-08-12 03:40:00+00:00,4381.5,4383.23,4381.1,4382.84,500,11,0
2026-08-12 03:45:00+00:00,4382.81,4383.16,4380.94,4380.95,494,12,0
2026-08-12 03:50:00+00:00,4381.17,4382.0,4378.13,4378.29,507,12,0
2026-08-12 03:55:00+00:00,4378.23,4381.64,4377.45,4380.56,557,15,0
2026-08-12 04:00:00+00:00,4380.52,4385.35,4378.39,4384.09,1018,15,0
2026-08-12 04:05:00+00:00,4384.58,4387.58,4382.38,4387.25,842,15,0
2026-08-12 04:10:00+00:00,4387.23,4390.72,4387.03,4390.39,711,14,0
2026-08-12 04:15:00+00:00,4390.38,4391.91,4386.75,4391.48,761,14,0
2026-08-12 04:20:00+00:00,4391.45,4394.18,4389.35,4390.86,721,14,0
2026-08-12 04:25:00+00:00,4390.85,4391.89,4389.93,4390.5,587,13,0
2026-08-12 04:30:00+00:00,4390.54,4391.42,4385.98,4387.12,750,14,0
2026-08-12 04:35:00+00:00,4387.05,4391.24,4385.32,4387.67,776,15,0
2026-08-12 04:40:00+00:00,4387.68,4393.19,4387.16,4393.11,712,12,0
2026-08-12 04:45:00+00:00,4393.07,4396.01,4391.14,4395.2,728,11,0
2026-08-12 04:50:00+00:00,4395.15,4397.4,4394.91,4395.12,707,11,0
2026-08-12 04:55:00+00:00,4395.14,4397.28,4393.52,4396.42,663,14,0
2026-08-12 05:00:00+00:00,4396.43,4396.88,4394.22,4396.56,648,14,0
2026-08-12 05:05:00+00:00,4396.53,4397.96,4395.29,4397.32,625,14,0
2026-08-12 05:10:00+00:00,4397.33,4404.74,4397.22,4401.86,750,15,0
2026-08-12 05:15:00+00:00,4401.76,4402.93,4399.44,4401.71,600,13,0
2026-08-12 05:20:00+00:00,4401.7,4403.71,4400.76,4402.43,577,13,0
2026-08-12 05:25:00+00:00,4402.32,4403.17,4401.11,4402.21,425,11,0
2026-08-12 05:30:00+00:00,4402.21,4403.18,4398.3,4398.73,792,14,0
2026-08-12 05:35:00+00:00,4398.7,4400.06,4397.64,4399.54,619,11,0
2026-08-12 05:40:00+00:00,4399.69,4408.22,4399.36,4405.57,859,15,0
2026-08-12 05:45:00+00:00,4405.56,4411.15,4405.37,4409.92,768,14,0
2026-08-12 05:50:00+00:00,4409.78,4414.38,4409.55,4413.71,767,14,0
2026-08-12 05:55:00+00:00,4413.69,4413.69,4411.13,4411.43,723,11,0
2026-08-12 06:00:00+00:00,4411.36,4414.26,4408.85,4409.39,749,11,0
2026-08-12 06:05:00+00:00,4409.61,4415.83,4408.66,4413.48,773,11,0
2026-08-12 06:10:00+00:00,4413.5,4414.58,4410.63,4410.73,670,11,0
2026-08-12 06:15:00+00:00,4410.68,4410.77,4406.5,4407.58,671,11,0
2026-08-12 06:20:00+00:00,4407.43,4407.58,4404.52,4406.68,641,12,0
2026-08-12 06:25:00+00:00,4406.58,4408.09,4406.04,4407.3,639,14,0
2026-08-12 06:30:00+00:00,4407.27,4408.65,4404.87,4405.4,525,11,0
2026-08-12 06:35:00+00:00,4405.38,4406.49,4403.76,4403.84,432,13,0
2026-08-12 06:40:00+00:00,4403.86,4404.39,4401.39,4401.4,526,11,0
2026-08-12 06:45:00+00:00,4401.35,4403.14,4401.35,4402.68,424,14,0
2026-08-12 06:50:00+00:00,4402.67,4403.74,4400.81,4402.11,425,12,0
2026-08-12 06:55:00+00:00,4402.14,4402.8,4401.18,4402.21,340,11,0
2026-08-12 07:00:00+00:00,4402.25,4403.19,4401.5,4403.12,340,11,0
2026-08-12 07:05:00+00:00,4403.11,4403.15,4399.73,4399.91,348,11,0
2026-08-12 07:10:00+00:00,4400.03,4400.23,4396.04,4396.82,522,11,0
2026-08-12 07:15:00+00:00,4396.83,4396.83,4394.63,4395.67,482,11,0
2026-08-12 07:20:00+00:00,4395.68,4397.82,4395.62,4397.04,360,11,0
2026-08-12 07:25:00+00:00,4397.05,4398.71,4396.91,4398.43,380,11,0
2026-08-12 07:30:00+00:00,4398.41,4399.4,4396.63,4399.05,313,11,0
2026-08-12 07:35:00+00:00,4398.98,4399.82,4398.01,4398.95,387,15,0
2026-08-12 07:40:00+00:00,4399.01,4400.0,4395.38,4399.96,511,17,0
2026-08-12 07:45:00+00:00,4399.98,4402.26,4399.49,4401.46,390,16,0
2026-08-12 07:50:00+00:00,4401.39,4401.77,4399.71,4399.78,370,11,0
2026-08-12 07:55:00+00:00,4399.7,4401.12,4399.24,4401.0,416,14,0
2026-08-12 08:00:00+00:00,4400.95,4402.25,4400.16,4401.48,401,15,0
2026-08-12 08:05:00+00:00,4401.49,4404.64,4400.88,4404.64,432,17,0
2026-08-12 08:10:00+00:00,4404.68,4404.77,4400.82,4401.14,396,14,0
2026-08-12 08:15:00+00:00,4401.09,4401.09,4397.01,4398.59,459,11,0
2026-08-12 08:20:00+00:00,4398.63,4399.06,4392.5,4394.08,592,17,0
2026-08-12 08:25:00+00:00,4394.06,4395.83,4392.67,4392.67,476,13,0
2026-08-12 08:30:00+00:00,4392.65,4396.92,4389.28,4392.26,915,17,0
2026-08-12 08:35:00+00:00,4392.45,4395.04,4390.74,4393.65,747,17,0
2026-08-12 08:40:00+00:00,4393.71,4394.22,4387.95,4388.16,650,17,0
2026-08-12 08:45:00+00:00,4387.93,4389.19,4385.15,4385.17,728,17,0
2026-08-12 08:50:00+00:00,4385.12,4389.13,4383.99,4388.73,643,13,0
2026-08-12 08:55:00+00:00,4388.75,4394.02,4388.4,4391.45,721,13,0
2026-08-12 09:00:00+00:00,4391.07,4393.09,4387.54,4388.11,726,8,0
2026-08-12 09:05:00+00:00,4388.1,4388.7,4385.38,4386.58,647,8,0
2026-08-12 09:10:00+00:00,4386.57,4388.37,4385.25,4387.07,620,8,0
2026-08-12 09:15:00+00:00,4387.09,4390.4,4385.71,4389.19,622,10,0
2026-08-12 09:20:00+00:00,4389.2,4390.52,4387.74,4389.2,580,9,0
2026-08-12 09:25:00+00:00,4389.14,4390.13,4387.11,4389.88,565,9,0
2026-08-12 09:30:00+00:00,4389.81,4390.35,4388.41,4389.46,599,8,0
2026-08-12 09:35:00+00:00,4389.55,4395.03,4388.71,4393.97,789,10,0
2026-08-12 09:40:00+00:00,4393.94,4397.44,4393.55,4394.38,722,8,0
2026-08-12 09:45:00+00:00,4394.55,4400.76,4394.55,4399.89,743,8,0
2026-08-12 09:50:00+00:00,4399.88,4403.16,4399.72,4401.25,693,8,0
2026-08-12 09:55:00+00:00,4401.28,4406.33,4401.02,4403.25,719,8,0
2026-08-12 10:00:00+00:00,4403.47,4405.99,4401.27,4401.45,657,8,0
2026-08-12 10:05:00+00:00,4401.21,4403.26,4400.95,4402.27,520,8,0
2026-08-12 10:10:00+00:00,4402.25,4406.06,4401.42,4401.59,502,8,0
2026-08-12 10:15:00+00:00,4401.52,4401.64,4398.67,4399.28,546,8,0
2026-08-12 10:20:00+00:00,4399.28,4400.51,4398.23,4400.04,446,8,0
2026-08-12 10:25:00+00:00,4400.05,4402.74,4399.76,4402.41,485,10,0
2026-08-12 10:30:00+00:00,4402.39,4405.6,4401.42,4404.18,413,10,0
2026-08-12 10:35:00+00:00,4403.96,4407.43,4403.41,4407.43,537,11,0
2026-08-12 10:40:00+00:00,4407.44,4408.52,4405.82,4407.87,532,8,0
2026-08-12 10:45:00+00:00,4407.84,4409.75,4406.02,4408.67,510,10,0
2026-08-12 10:50:00+00:00,4408.66,4410.03,4407.66,4408.79,518,8,0
2026-08-12 10:55:00+00:00,4408.78,4408.96,4404.78,4406.34,500,8,0
2026-08-12 11:00:00+00:00,4406.35,4410.26,4405.85,4408.72,576,12,0
2026-08-12 11:05:00+00:00,4408.71,4410.5,4407.4,4407.4,477,8,0
2026-08-12 11:10:00+00:00,4407.34,4409.42,4407.34,4408.61,481,8,0
2026-08-12 11:15:00+00:00,4408.6,4408.62,4406.66,4407.42,440,8,0
2026-08-12 11:20:00+00:00,4407.41,4409.44,4407.39,4408.28,497,8,0
2026-08-12 11:25:00+00:00,4408.12,4408.52,4405.62,4406.9,465,8,0
2026-08-12 11:30:00+00:00,4406.95,4407.56,4404.99,4405.64,522,8,0
2026-08-12 11:35:00+00:00,4405.66,4406.5,4404.83,4405.95,450,8,0
2026-08-12 11:40:00+00:00,4405.96,4406.28,4404.47,4406.08,392,8,0
2026-08-12 11:45:00+00:00,4406.09,4406.09,4402.82,4404.28,465,8,0
2026-08-12 11:50:00+00:00,4404.27,4405.07,4403.25,4403.25,388,8,0
2026-08-12 11:55:00+00:00,4403.26,4403.46,4401.72,4401.72,436,9,0
2026-08-12 12:00:00+00:00,4401.81,4407.95,4401.81,4407.32,491,10,0
2026-08-12 12:05:00+00:00,4407.31,4408.85,4406.71,4408.72,476,11,0
2026-08-12 12:10:00+00:00,4408.78,4413.08,4407.76,4413.0,596,13,0
2026-08-12 12:15:00+00:00,4413.04,4417.91,4412.38,4415.58,626,12,0
2026-08-12 12:20:00+00:00,4415.51,4424.08,4413.4,4423.59,800,11,0
2026-08-12 12:25:00+00:00,4423.68,4423.68,4413.12,4413.24,881,12,0
2026-08-12 12:30:00+00:00,4413.19,4415.78,4411.93,4414.35,758,11,0
2026-08-12 12:35:00+00:00,4414.32,4416.31,4412.62,4416.07,653,10,0
2026-08-12 12:40:00+00:00,4415.93,4417.07,4413.27,4413.71,568,10,0
2026-08-12 12:45:00+00:00,4413.77,4414.25,4412.42,4412.84,539,10,0
2026-08-12 12:50:00+00:00,4412.85,4416.48,4410.84,4411.75,690,9,0
2026-08-12 12:55:00+00:00,4411.79,4416.34,4411.47,4415.82,588,9,0
2026-08-12 13:00:00+00:00,4415.81,4416.35,4414.41,4415.01,487,8,0
2026-08-12 13:05:00+00:00,4414.98,4418.99,4414.98,4418.21,597,9,0
2026-08-12 13:10:00+00:00,4418.04,4419.29,4417.27,4417.91,519,8,0
2026-08-12 13:15:00+00:00,4417.93,4419.7,4417.45,4419.48,483,8,0
2026-08-12 13:20:00+00:00,4419.43,4420.31,4418.66,4419.1,525,8,0
2026-08-12 13:25:00+00:00,4419.13,4420.91,4418.06,4419.6,545,8,0
2026-08-12 13:30:00+00:00,4419.61,4419.75,4416.99,4417.13,536,8,0
2026-08-12 13:35:00+00:00,4417.12,4417.12,4412.93,4413.89,515,8,0
2026-08-12 13:40:00+00:00,4413.96,4415.08,4413.31,4414.74,481,8,0
2026-08-12 13:45:00+00:00,4414.64,4415.7,4407.38,4409.43,605,9,0
2026-08-12 13:50:00+00:00,4409.4,4411.02,4408.24,4410.59,687,11,0
2026-08-12 13:55:00+00:00,4410.7,4412.75,4409.82,4412.72,542,11,0
2026-08-12 14:00:00+00:00,4412.86,4415.19,4410.93,4411.05,612,10,0
2026-08-12 14:05:00+00:00,4411.18,4411.62,4409.37,4410.68,474,11,0
2026-08-12 14:10:00+00:00,4410.62,4411.32,4407.88,4408.18,517,11,0
2026-08-12 14:15:00+00:00,4407.87,4410.28,4407.87,4410.17,446,10,0
2026-08-12 14:20:00+00:00,4410.21,4411.46,4409.88,4410.9,443,9,0
2026-08-12 14:25:00+00:00,4410.92,4416.73,4410.29,4414.99,631,11,0
2026-08-12 14:30:00+00:00,4415.05,4415.87,4412.99,4413.39,535,9,0
2026-08-12 14:35:00+00:00,4413.38,4413.8,4410.23,4411.61,479,8,0
2026-08-12 14:40:00+00:00,4411.6,4413.82,4411.6,4413.33,448,8,0
2026-08-12 14:45:00+00:00,4413.33,4414.19,4412.61,4413.36,458,9,0
2026-08-12 14:50:00+00:00,4413.4,4414.4,4412.94,4414.23,427,8,0
2026-08-12 14:55:00+00:00,4414.24,4415.42,4412.55,4412.72,434,10,0
2026-08-12 15:00:00+00:00,4412.71,4413.07,4407.83,4408.61,621,11,0
2026-08-12 15:05:00+00:00,4408.65,4409.27,4406.9,4407.33,677,10,0
2026-08-12 15:10:00+00:00,4407.32,4409.36,4406.35,4408.72,627,8,0
2026-08-12 15:15:00+00:00,4408.64,4409.09,4406.53,4408.7,662,8,0
2026-08-12 15:20:00+00:00,4408.34,4409.93,4405.29,4406.81,808,13,0
2026-08-12 15:25:00+00:00,4406.78,4425.0,4404.73,4425.0,931,12,0
2026-08-12 15:30:00+00:00,4427.41,4431.64,4384.3,4424.78,1038,16,0
2026-08-12 15:35:00+00:00,4424.68,4429.72,4414.9,4429.14,1136,14,0
2026-08-12 15:40:00+00:00,4429.24,4437.78,4424.13,4429.76,1113,14,0
2026-08-12 15:45:00+00:00,4428.58,4428.58,4417.17,4421.78,1064,11,0
2026-08-12 15:50:00+00:00,4421.67,4428.79,4421.12,4427.79,980,11,0
2026-08-12 15:55:00+00:00,4427.75,4437.95,4426.62,4437.3,998,11,0
2026-08-12 16:00:00+00:00,4437.53,4441.22,4426.82,4432.29,1138,13,0
2026-08-12 16:05:00+00:00,4432.3,4434.44,4427.73,4429.54,1025,12,0
2026-08-12 16:10:00+00:00,4430.14,4430.67,4421.05,4422.25,1034,11,0
2026-08-12 16:15:00+00:00,4421.96,4428.95,4421.08,4424.07,965,11,0
2026-08-12 16:20:00+00:00,4424.22,4427.59,4417.95,4418.06,1018,10,0
2026-08-12 16:25:00+00:00,4418.0,4419.42,4415.43,4418.52,991,11,0
2026-08-12 16:30:00+00:00,4418.5,4420.71,4412.58,4413.87,1119,13,0
2026-08-12 16:35:00+00:00,4413.83,4419.75,4410.37,4411.8,1120,14,0
2026-08-12 16:40:00+00:00,4411.76,4420.14,4408.51,4416.13,1138,13,0
2026-08-12 16:45:00+00:00,4416.59,4427.33,4415.5,4426.94,1097,8,0
2026-08-12 16:50:00+00:00,4426.97,4433.31,4425.65,4431.64,1059,8,0
2026-08-12 16:55:00+00:00,4431.67,4432.2,4426.39,4426.89,1061,8,0
2026-08-12 17:00:00+00:00,4426.87,4428.34,4420.98,4426.05,1059,13,0
2026-08-12 17:05:00+00:00,4426.08,4429.28,4425.61,4428.78,1025,8,0
2026-08-12 17:10:00+00:00,4428.87,4434.14,4428.59,4431.12,974,8,0
2026-08-12 17:15:00+00:00,4431.17,4436.79,4429.33,4435.45,971,11,0
2026-08-12 17:20:00+00:00,4435.44,4438.94,4433.29,4435.82,968,11,0
2026-08-12 17:25:00+00:00,4435.73,4436.49,4429.73,4430.6,931,9,0
2026-08-12 17:30:00+00:00,4430.71,4435.21,4419.27,4420.49,1081,14,0
2026-08-12 17:35:00+00:00,4420.57,4423.21,4416.47,4418.27,1033,13,0
2026-08-12 17:40:00+00:00,4418.29,4425.51,4417.19,4425.0,959,13,0
2026-08-12 17:45:00+00:00,4425.03,4432.4,4419.89,4421.93,1083,13,0
2026-08-12 17:50:00+00:00,4421.75,4423.67,4415.82,4421.77,1089,11,0
2026-08-12 17:55:00+00:00,4421.78,4423.26,4418.18,4421.28,1035,8,0
2026-08-12 18:00:00+00:00,4421.23,4422.78,4414.63,4415.39,1092,11,0
2026-08-12 18:05:00+00:00,4415.37,4422.56,4414.1,4420.88,954,9,0
2026-08-12 18:10:00+00:00,4421.1,4429.34,4420.71,4426.06,973,9,0
2026-08-12 18:15:00+00:00,4425.99,4426.3,4421.64,4423.69,881,8,0
2026-08-12 18:20:00+00:00,4423.77,4427.32,4423.43,4425.56,820,9,0
2026-08-12 18:25:00+00:00,4425.61,4425.73,4418.88,4420.69,885,9,0
2026-08-12 18:30:00+00:00,4420.89,4424.61,4417.73,4418.23,816,13,0
2026-08-12 18:35:00+00:00,4418.2,4420.33,4416.03,4420.09,828,9,0
2026-08-12 18:40:00+00:00,4420.04,4421.14,4416.46,4417.62,807,9,0
2026-08-12 18:45:00+00:00,4417.36,4417.71,4413.5,4414.5,838,13,0
2026-08-12 18:50:00+00:00,4414.51,4416.78,4410.31,4416.57,863,13,0
2026-08-12 18:55:00+00:00,4416.6,4422.32,4416.45,4421.01,806,8,0
2026-08-12 19:00:00+00:00,4421.02,4425.65,4418.51,4420.47,872,8,0
2026-08-12 19:05:00+00:00,4420.46,4422.1,4417.36,4418.77,788,8,0
2026-08-12 19:10:00+00:00,4418.76,4423.46,4416.09,4422.66,770,8,0
2026-08-12 19:15:00+00:00,4422.62,4425.4,4422.11,4424.56,803,8,0
2026-08-12 19:20:00+00:00,4424.66,4425.74,4423.13,4425.39,703,8,0
2026-08-12 19:25:00+00:00,4425.49,4425.6,4421.65,4422.6,691,8,0
2026-08-12 19:30:00+00:00,4422.48,4423.2,4412.79,4412.79,798,9,0
2026-08-12 19:35:00+00:00,4412.59,4416.01,4410.76,4414.02,851,8,0
2026-08-12 19:40:00+00:00,4413.99,4415.7,4409.46,4410.88,825,8,0
2026-08-12 19:45:00+00:00,4410.87,4411.25,4402.19,4402.64,940,11,0
2026-08-12 19:50:00+00:00,4402.63,4406.18,4402.1,4405.33,890,9,0
2026-08-12 19:55:00+00:00,4405.49,4405.49,4396.45,4400.95,915,9,0
2026-08-12 20:00:00+00:00,4401.16,4405.46,4399.27,4403.07,856,8,0
2026-08-12 20:05:00+00:00,4403.1,4407.6,4402.37,4406.78,738,8,0
2026-08-12 20:10:00+00:00,4406.65,4406.71,4403.32,4403.53,730,8,0
2026-08-12 20:15:00+00:00,4403.54,4404.25,4402.0,4403.22,731,9,0
2026-08-12 20:20:00+00:00,4403.32,4409.8,4402.83,4407.6,851,11,0
2026-08-12 20:25:00+00:00,4407.69,4408.33,4405.46,4406.45,774,8,0
2026-08-12 20:30:00+00:00,4406.64,4410.71,4405.94,4410.68,684,8,0
2026-08-12 20:35:00+00:00,4410.49,4411.5,4404.94,4405.75,664,8,0
2026-08-12 20:40:00+00:00,4405.75,4405.76,4400.61,4401.27,730,8,0
2026-08-12 20:45:00+00:00,4401.22,4403.98,4400.92,4403.24,660,8,0
2026-08-12 20:50:00+00:00,4403.09,4405.58,4399.09,4399.46,667,8,0
2026-08-12 20:55:00+00:00,4399.51,4401.7,4399.05,4399.37,655,8,0
2026-08-12 21:00:00+00:00,4399.42,4399.42,4396.34,4398.94,659,9,0
2026-08-12 21:05:00+00:00,4398.9,4404.08,4398.48,4404.08,623,8,0
2026-08-12 21:10:00+00:00,4404.12,4406.58,4404.1,4405.78,610,8,0
2026-08-12 21:15:00+00:00,4405.84,4408.25,4404.61,4408.19,556,8,0
2026-08-12 21:20:00+00:00,4408.03,4410.71,4407.42,4410.66,555,9,0
2026-08-12 21:25:00+00:00,4410.62,4411.1,4407.41,4408.44,685,11,0
2026-08-12 21:30:00+00:00,4408.49,4413.64,4407.95,4412.35,608,9,0
2026-08-12 21:35:00+00:00,4412.29,4412.95,4410.55,4411.03,529,8,0
2026-08-12 21:40:00+00:00,4411.0,4413.6,4410.47,4413.51,546,8,0
2026-08-12 21:45:00+00:00,4413.53,4417.87,4413.38,4417.29,623,9,0
2026-08-12 21:50:00+00:00,4417.28,4417.28,4413.63,4413.84,488,8,0
2026-08-12 21:55:00+00:00,4413.83,4414.18,4412.82,4413.06,519,8,0
2026-08-12 22:00:00+00:00,4413.03,4417.01,4412.91,4416.57,593,8,0
2026-08-12 22:05:00+00:00,4416.62,4418.35,4415.1,4415.96,542,8,0
2026-08-12 22:10:00+00:00,4415.98,4416.85,4415.61,4416.37,498,8,0
2026-08-12 22:15:00+00:00,4416.38,4417.93,4415.98,4417.49,520,9,0
2026-08-12 22:20:00+00:00,4417.47,4417.57,4415.92,4416.42,465,9,0
2026-08-12 22:25:00+00:00,4416.39,4417.31,4415.7,4416.62,537,11,0
2026-08-12 22:30:00+00:00,4416.63,4416.69,4413.34,4413.75,564,14,0
2026-08-12 22:35:00+00:00,4413.74,4414.17,4411.37,4411.78,593,9,0
2026-08-12 22:40:00+00:00,4411.82,4413.35,4411.33,4413.22,645,9,0
2026-08-12 22:45:00+00:00,4413.12,4413.53,4408.29,4409.7,671,8,0
2026-08-12 22:50:00+00:00,4409.74,4413.13,4409.74,4411.41,634,11,0
2026-08-12 22:55:00+00:00,4411.37,4414.06,4411.01,4413.96,750,9,0
2026-08-12 23:00:00+00:00,4413.87,4414.16,4411.14,4411.21,439,8,0
2026-08-12 23:05:00+00:00,4411.2,4412.18,4410.1,4410.67,333,8,0
2026-08-12 23:10:00+00:00,4410.66,4410.88,4408.78,4409.02,267,8,0
2026-08-12 23:15:00+00:00,4409.04,4409.92,4406.94,4407.14,337,8,0
2026-08-12 23:20:00+00:00,4407.15,4408.14,4406.65,4408.02,266,8,0
2026-08-12 23:25:00+00:00,4408.06,4408.78,4407.18,4407.93,236,9,0
2026-08-12 23:30:00+00:00,4407.92,4407.94,4406.84,4407.16,252,8,0
2026-08-12 23:35:00+00:00,4407.17,4408.76,4406.79,4408.12,281,9,0
2026-08-12 23:40:00+00:00,4408.13,4408.68,4407.19,4407.97,194,19,0
2026-08-12 23:45:00+00:00,4408.02,4408.68,4406.92,4408.28,210,19,0
2026-08-12 23:50:00+00:00,4408.34,4408.82,4406.67,4407.47,169,19,0
2026-08-12 23:55:00+00:00,4407.55,4408.89,4407.4,4408.3,264,19,0
2026-08-13 01:00:00+00:00,4410.49,4411.39,4405.41,4405.45,415,23,0
2026-08-13 01:05:00+00:00,4405.41,4405.71,4402.97,4404.01,271,17,0
2026-08-13 01:10:00+00:00,4404.0,4404.11,4402.5,4403.11,297,17,0
2026-08-13 01:15:00+00:00,4403.17,4403.21,4401.68,4402.27,209,16,0
2026-08-13 01:20:00+00:00,4402.32,4402.88,4401.78,4402.3,215,16,0
2026-08-13 01:25:00+00:00,4402.29,4402.88,4398.33,4399.4,291,17,0
2026-08-13 01:30:00+00:00,4399.39,4401.77,4399.03,4400.31,322,13,0
2026-08-13 01:35:00+00:00,4400.4,4401.07,4398.78,4399.57,351,13,0
2026-08-13 01:40:00+00:00,4399.56,4400.52,4399.39,4400.07,248,12,0
2026-08-13 01:45:00+00:00,4400.0,4401.29,4399.87,4400.51,225,16,0
2026-08-13 01:50:00+00:00,4400.53,4402.07,4400.53,4402.0,155,15,0
2026-08-13 01:55:00+00:00,4402.03,4403.0,4401.7,4402.37,182,17,0
2026-08-13 02:00:00+00:00,4401.78,4404.43,4401.71,4403.75,263,17,0
2026-08-13 02:05:00+00:00,4403.72,4405.35,4403.2,4405.35,245,13,0
2026-08-13 02:10:00+00:00,4405.36,4405.9,4404.99,4405.61,232,11,0
2026-08-13 02:15:00+00:00,4405.65,4407.98,4405.64,4407.33,237,11,0
2026-08-13 02:20:00+00:00,4407.34,4408.42,4407.34,4408.27,183,11,0
2026-08-13 02:25:00+00:00,4408.28,4409.81,4407.6,4408.38,339,12,0
2026-08-13 02:30:00+00:00,4408.33,4410.41,4408.24,4408.79,257,15,0
2026-08-13 02:35:00+00:00,4408.84,4409.6,4407.94,4408.23,155,14,0
2026-08-13 02:40:00+00:00,4408.26,4409.12,4407.36,4408.51,205,12,0
2026-08-13 02:45:00+00:00,4408.6,4410.0,4408.28,4408.6,245,14,0
2026-08-13 02:50:00+00:00,4408.58,4411.12,4407.95,4411.11,268,11,0
2026-08-13 02:55:00+00:00,4411.1,4414.4,4410.82,4414.35,438,14,0
2026-08-13 03:00:00+00:00,4413.61,4419.46,4413.02,4416.36,756,17,0
2026-08-13 03:05:00+00:00,4416.33,4422.1,4415.47,4421.03,712,17,0
2026-08-13 03:10:00+00:00,4421.04,4421.12,4418.63,4419.18,602,17,0
2026-08-13 03:15:00+00:00,4419.22,4429.36,4419.22,4428.51,790,17,0
2026-08-13 03:20:00+00:00,4428.49,4437.65,4428.28,4434.22,766,17,0
2026-08-13 03:25:00+00:00,4434.21,4434.48,4426.93,4428.35,773,17,0
2026-08-13 03:30:00+00:00,4428.33,4449.73,4424.62,4444.56,833,16,0
2026-08-13 03:35:00+00:00,4444.62,4445.38,4437.13,4437.6,850,17,0
2026-08-13 03:40:00+00:00,4437.62,4440.53,4437.28,4439.66,776,17,0
2026-08-13 03:45:00+00:00,4439.93,4440.2,4429.46,4429.46,742,17,0
2026-08-13 03:50:00+00:00,4429.47,4432.63,4429.05,4431.51,739,15,0
2026-08-13 03:55:00+00:00,4431.49,4431.58,4424.08,4427.98,801,14,0
2026-08-13 04:00:00+00:00,4427.99,4433.92,4422.84,4433.45,1063,17,0
2026-08-13 04:05:00+00:00,4433.25,4435.3,4430.9,4434.85,973,15,0
2026-08-13 04:10:00+00:00,4434.91,4434.93,4428.78,4430.15,876,14,0
2026-08-13 04:15:00+00:00,4430.06,4435.24,4426.87,4427.17,850,14,0
2026-08-13 04:20:00+00:00,4427.14,4427.49,4419.3,4421.17,848,16,0
2026-08-13 04:25:00+00:00,4421.18,4423.55,4419.17,4419.39,757,15,0
2026-08-13 04:30:00+00:00,4419.27,4429.04,4419.06,4428.35,906,17,0
2026-08-13 04:35:00+00:00,4428.4,4430.11,4424.25,4424.28,847,17,0
2026-08-13 04:40:00+00:00,4423.93,4423.93,4417.77,4419.3,852,16,0
2026-08-13 04:45:00+00:00,4419.24,4419.25,4410.45,4412.71,960,17,0
2026-08-13 04:50:00+00:00,4412.81,4415.55,4409.43,4415.49,919,12,0
2026-08-13 04:55:00+00:00,4415.52,4416.06,4406.23,4408.42,780,11,0
2026-08-13 05:00:00+00:00,4408.46,4410.2,4405.8,4408.22,827,11,0
2026-08-13 05:05:00+00:00,4408.25,4413.45,4405.48,4413.12,848,11,0
2026-08-13 05:10:00+00:00,4413.11,4414.06,4410.22,4410.53,761,11,0
2026-08-13 05:15:00+00:00,4410.66,4411.95,4410.04,4411.74,537,11,0
2026-08-13 05:20:00+00:00,4411.78,4412.44,4405.99,4406.6,557,11,0
2026-08-13 05:25:00+00:00,4406.59,4408.81,4406.36,4406.67,442,15,0
2026-08-13 05:30:00+00:00,4406.52,4406.52,4400.31,4402.53,1011,16,0
2026-08-13 05:35:00+00:00,4402.54,4409.08,4398.98,4408.84,867,16,0
2026-08-13 05:40:00+00:00,4408.79,4410.33,4406.21,4410.33,769,13,0
2026-08-13 05:45:00+00:00,4410.34,4410.53,4407.38,4410.23,766,15,0
2026-08-13 05:50:00+00:00,4410.17,4410.53,4405.55,4405.6,643,17,0
2026-08-13 05:55:00+00:00,4405.74,4408.13,4405.6,4407.31,554,18,0
2026-08-13 06:00:00+00:00,4407.09,4411.56,4406.9,4410.89,720,19,0
2026-08-13 06:05:00+00:00,4410.88,4412.2,4407.87,4408.05,778,19,0
2026-08-13 06:10:00+00:00,4408.03,4409.46,4404.16,4407.05,667,13,0
2026-08-13 06:15:00+00:00,4407.24,4410.12,4405.62,4408.96,653,13,0
2026-08-13 06:20:00+00:00,4408.9,4409.46,4407.08,4409.28,623,13,0
2026-08-13 06:25:00+00:00,4409.26,4410.08,4407.68,4409.18,661,13,0
2026-08-13 06:30:00+00:00,4409.2,4410.47,4409.0,4409.86,439,13,0
2026-08-13 06:35:00+00:00,4409.85,4410.45,4408.89,4409.23,383,17,0
2026-08-13 06:40:00+00:00,4409.22,4409.23,4405.46,4405.91,447,17,0
2026-08-13 06:45:00+00:00,4406.3,4407.6,4404.98,4405.42,475,16,0
2026-08-13 06:50:00+00:00,4405.48,4405.97,4402.44,4403.43,438,14,0
2026-08-13 06:55:00+00:00,4403.42,4403.42,4398.67,4400.24,599,18,0
2026-08-13 07:00:00+00:00,4400.21,4400.27,4395.02,4396.08,779,19,0
2026-08-13 07:05:00+00:00,4395.84,4397.09,4395.15,4396.07,608,18,0
2026-08-13 07:10:00+00:00,4395.9,4396.05,4391.63,4394.46,606,14,0
2026-08-13 07:15:00+00:00,4394.49,4395.86,4393.38,4394.69,512,12,0
2026-08-13 07:20:00+00:00,4394.7,4397.82,4392.54,4397.66,557,13,0
2026-08-13 07:25:00+00:00,4397.63,4399.17,4396.93,4398.2,524,12,0
2026-08-13 07:30:00+00:00,4398.19,4399.53,4397.57,4398.76,446,13,0
2026-08-13 07:35:00+00:00,4398.77,4399.37,4397.32,4397.55,420,12,0
2026-08-13 07:40:00+00:00,4397.58,4399.19,4395.14,4395.86,415,14,0
2026-08-13 07:45:00+00:00,4395.82,4398.86,4395.72,4395.74,685,15,0
2026-08-13 07:50:00+00:00,4395.61,4397.56,4395.32,4396.58,507,12,0
2026-08-13 07:55:00+00:00,4396.6,4398.49,4396.22,4397.81,445,11,0
2026-08-13 08:00:00+00:00,4397.79,4397.82,4393.16,4394.79,704,12,0
2026-08-13 08:05:00+00:00,4394.77,4397.75,4394.45,4396.86,563,15,0
2026-08-13 08:10:00+00:00,4396.77,4404.72,4395.22,4404.41,782,15,0
2026-08-13 08:15:00+00:00,4404.44,4405.64,4400.92,4401.62,659,14,0
2026-08-13 08:20:00+00:00,4401.47,4403.67,4401.2,4403.0,482,11,0
2026-08-13 08:25:00+00:00,4402.98,4407.22,4402.91,4406.33,572,11,0
2026-08-13 08:30:00+00:00,4406.41,4407.03,4393.5,4397.58,954,11,0
2026-08-13 08:35:00+00:00,4397.52,4399.87,4397.01,4399.78,824,13,0
2026-08-13 08:40:00+00:00,4399.8,4400.87,4386.47,4387.84,906,14,0
2026-08-13 08:45:00+00:00,4387.72,4389.24,4383.21,4387.17,923,15,0
2026-08-13 08:50:00+00:00,4387.19,4389.27,4384.31,4384.99,888,12,0
2026-08-13 08:55:00+00:00,4384.93,4386.12,4380.57,4382.99,872,12,0
2026-08-13 09:00:00+00:00,4383.0,4385.54,4376.44,4378.13,911,8,0
2026-08-13 09:05:00+00:00,4378.18,4379.88,4375.59,4379.29,890,8,0
2026-08-13 09:10:00+00:00,4379.26,4380.64,4375.1,4375.74,830,8,0
2026-08-13 09:15:00+00:00,4375.65,4378.58,4374.96,4375.57,670,8,0
2026-08-13 09:20:00+00:00,4375.47,4378.61,4374.23,4378.61,711,10,0
2026-08-13 09:25:00+00:00,4378.63,4378.81,4374.54,4375.97,759,11,0
2026-08-13 09:30:00+00:00,4376.01,4378.56,4370.0,4372.11,856,11,0
2026-08-13 09:35:00+00:00,4372.06,4372.67,4369.03,4371.27,808,9,0
2026-08-13 09:40:00+00:00,4371.32,4374.67,4371.32,4374.1,733,8,0
2026-08-13 09:45:00+00:00,4374.14,4379.12,4374.08,4378.61,747,8,0
2026-08-13 09:50:00+00:00,4378.58,4380.35,4378.38,4380.09,759,8,0
2026-08-13 09:55:00+00:00,4380.1,4381.52,4379.55,4381.08,759,9,0
2026-08-13 10:00:00+00:00,4381.22,4381.77,4378.76,4379.69,815,10,0
2026-08-13 10:05:00+00:00,4379.75,4380.76,4377.55,4378.38,664,8,0
2026-08-13 10:10:00+00:00,4378.36,4378.98,4375.21,4376.99,659,8,0
2026-08-13 10:15:00+00:00,4376.99,4377.76,4374.06,4374.06,663,8,0
2026-08-13 10:20:00+00:00,4374.13,4376.97,4373.95,4376.55,668,8,0
2026-08-13 10:25:00+00:00,4376.53,4377.29,4374.76,4376.44,723,8,0
2026-08-13 10:30:00+00:00,4375.82,4377.31,4372.14,4373.75,690,13,0
2026-08-13 10:35:00+00:00,4373.81,4376.67,4372.52,4374.5,639,8,0
2026-08-13 10:40:00+00:00,4374.51,4378.74,4373.87,4378.51,628,8,0
2026-08-13 10:45:00+00:00,4378.52,4378.77,4371.25,4371.75,736,8,0
2026-08-13 10:50:00+00:00,4371.8,4373.71,4370.0,4372.84,633,8,0
2026-08-13 10:55:00+00:00,4373.04,4373.14,4369.32,4369.97,682,8,0
2026-08-13 11:00:00+00:00,4369.72,4370.54,4365.88,4367.3,833,8,0
2026-08-13 11:05:00+00:00,4367.09,4369.69,4366.0,4366.1,671,8,0
2026-08-13 11:10:00+00:00,4366.08,4367.88,4364.09,4366.0,799,8,0
2026-08-13 11:15:00+00:00,4365.99,4367.93,4365.35,4365.39,650,8,0
2026-08-13 11:20:00+00:00,4365.4,4370.67,4364.98,4369.94,691,8,0
2026-08-13 11:25:00+00:00,4369.93,4373.5,4369.64,4372.28,720,9,0
2026-08-13 11:30:00+00:00,4372.31,4375.47,4371.62,4374.16,636,8,0
2026-08-13 11:35:00+00:00,4374.25,4375.42,4373.26,4373.31,603,8,0
2026-08-13 11:40:00+00:00,4373.31,4375.08,4373.13,4373.27,474,8,0
2026-08-13 11:45:00+00:00,4373.3,4378.82,4373.17,4378.58,591,9,0
2026-08-13 11:50:00+00:00,4378.62,4379.32,4375.04,4375.9,534,8,0
2026-08-13 11:55:00+00:00,4375.96,4377.15,4375.05,4375.9,422,8,0
2026-08-13 12:00:00+00:00,4375.86,4376.87,4373.5,4374.04,569,8,0
2026-08-13 12:05:00+00:00,4374.2,4378.08,4372.51,4376.93,626,10,0
2026-08-13 12:10:00+00:00,4376.98,4378.37,4376.6,4377.06,601,9,0
2026-08-13 12:15:00+00:00,4377.01,4380.92,4376.26,4380.37,600,8,0
2026-08-13 12:20:00+00:00,4380.42,4382.06,4378.12,4378.63,543,8,0
2026-08-13 12:25:00+00:00,4378.6,4382.27,4378.6,4380.04,651,9,0
2026-08-13 12:30:00+00:00,4379.91,4381.36,4379.73,4380.91,584,8,0
2026-08-13 12:35:00+00:00,4380.92,4381.76,4380.23,4381.04,434,8,0
2026-08-13 12:40:00+00:00,4380.97,4381.69,4378.89,4380.3,534,8,0
2026-08-13 12:45:00+00:00,4380.09,4380.69,4378.56,4379.61,433,8,0
2026-08-13 12:50:00+00:00,4379.57,4380.97,4379.03,4380.39,452,9,0
2026-08-13 12:55:00+00:00,4380.4,4384.87,4380.07,4384.57,604,9,0
2026-08-13 13:00:00+00:00,4384.86,4385.3,4383.51,4384.49,534,9,0
2026-08-13 13:05:00+00:00,4384.63,4385.31,4383.84,4384.08,467,8,0
2026-08-13 13:10:00+00:00,4384.15,4384.72,4381.51,4381.52,450,8,0
2026-08-13 13:15:00+00:00,4381.56,4385.86,4381.56,4385.15,437,8,0
2026-08-13 13:20:00+00:00,4385.2,4386.49,4383.89,4384.77,484,8,0
2026-08-13 13:25:00+00:00,4384.73,4387.62,4384.67,4387.14,501,8,0
2026-08-13 13:30:00+00:00,4387.15,4387.86,4384.65,4385.27,489,8,0
2026-08-13 13:35:00+00:00,4385.33,4389.05,4385.33,4388.7,399,8,0
2026-08-13 13:40:00+00:00,4388.71,4390.57,4388.01,4390.46,408,8,0
2026-08-13 13:45:00+00:00,4390.53,4390.56,4388.27,4390.41,401,8,0
2026-08-13 13:50:00+00:00,4390.38,4393.79,4390.22,4392.45,484,10,0
2026-08-13 13:55:00+00:00,4392.5,4392.85,4391.16,4392.17,461,8,0
2026-08-13 14:00:00+00:00,4392.0,4392.94,4388.54,4389.31,626,8,0
2026-08-13 14:05:00+00:00,4389.21,4391.76,4389.1,4390.76,459,8,0
2026-08-13 14:10:00+00:00,4390.6,4394.35,4390.33,4394.29,456,8,0
2026-08-13 14:15:00+00:00,4394.26,4396.62,4392.66,4393.4,559,8,0
2026-08-13 14:20:00+00:00,4393.41,4394.24,4391.3,4392.59,570,8,0
2026-08-13 14:25:00+00:00,4392.61,4393.13,4388.17,4388.18,615,8,0
2026-08-13 14:30:00+00:00,4388.08,4389.31,4386.81,4388.51,548,8,0
2026-08-13 14:35:00+00:00,4388.5,4389.84,4387.9,4389.05,490,8,0
2026-08-13 14:40:00+00:00,4389.03,4389.03,4383.81,4384.08,618,8,0
2026-08-13 14:45:00+00:00,4384.05,4385.83,4383.2,4384.61,570,8,0
2026-08-13 14:50:00+00:00,4384.65,4385.37,4382.93,4384.5,532,8,0
2026-08-13 14:55:00+00:00,4384.39,4387.55,4383.19,4387.43,564,8,0
2026-08-13 15:00:00+00:00,4387.45,4387.74,4385.78,4387.11,658,8,0
2026-08-13 15:05:00+00:00,4387.29,4391.65,4386.09,4390.87,693,8,0
2026-08-13 15:10:00+00:00,4390.84,4390.86,4388.11,4389.14,729,9,0
2026-08-13 15:15:00+00:00,4389.12,4389.55,4385.01,4386.31,681,8,0
2026-08-13 15:20:00+00:00,4386.65,4390.01,4384.86,4385.88,759,15,0
2026-08-13 15:25:00+00:00,4385.93,4392.58,4384.48,4390.87,648,8,0
2026-08-13 15:30:00+00:00,4390.81,4401.32,4381.78,4392.05,1063,14,0
2026-08-13 15:35:00+00:00,4392.02,4392.53,4386.45,4390.22,903,13,0
2026-08-13 15:40:00+00:00,4390.33,4394.15,4385.93,4392.6,866,11,0
2026-08-13 15:45:00+00:00,4392.45,4397.28,4391.74,4394.82,807,10,0
2026-08-13 15:50:00+00:00,4394.78,4396.85,4392.75,4394.8,776,11,0
2026-08-13 15:55:00+00:00,4394.77,4401.93,4392.9,4401.85,900,11,0
2026-08-13 16:00:00+00:00,4401.9,4401.9,4391.65,4394.0,1028,14,0
2026-08-13 16:05:00+00:00,4394.05,4398.05,4392.18,4393.43,957,12,0
2026-08-13 16:10:00+00:00,4393.47,4394.64,4391.11,4393.71,890,10,0
2026-08-13 16:15:00+00:00,4393.91,4395.34,4390.72,4392.28,834,10,0
2026-08-13 16:20:00+00:00,4392.25,4395.28,4388.69,4388.69,934,8,0
2026-08-13 16:25:00+00:00,4388.78,4390.11,4384.02,4385.09,971,8,0
2026-08-13 16:30:00+00:00,4385.23,4389.82,4377.21,4378.9,1122,14,0
2026-08-13 16:35:00+00:00,4378.88,4382.68,4375.26,4382.61,1111,10,0
2026-08-13 16:40:00+00:00,4382.6,4384.08,4376.74,4379.79,1067,9,0
2026-08-13 16:45:00+00:00,4379.83,4382.87,4375.89,4377.52,1064,9,0
2026-08-13 16:50:00+00:00,4377.64,4378.43,4370.82,4376.23,1115,8,0
2026-08-13 16:55:00+00:00,4376.28,4378.29,4372.08,4372.62,1113,10,0
2026-08-13 17:00:00+00:00,4372.94,4378.98,4369.92,4373.03,1131,13,0
2026-08-13 17:05:00+00:00,4373.17,4378.85,4368.48,4369.4,1076,8,0
2026-08-13 17:10:00+00:00,4369.41,4371.92,4366.76,4370.78,1070,8,0
2026-08-13 17:15:00+00:00,4370.82,4378.23,4369.16,4375.5,1090,8,0
2026-08-13 17:20:00+00:00,4375.75,4378.02,4370.83,4374.71,1059,8,0
2026-08-13 17:25:00+00:00,4374.5,4376.28,4367.56,4367.7,1057,8,0
2026-08-13 17:30:00+00:00,4367.69,4376.5,4357.67,4375.0,1057,8,0
2026-08-13 17:35:00+00:00,4374.97,4378.11,4372.18,4377.97,969,8,0
2026-08-13 17:40:00+00:00,4377.72,4381.79,4376.77,4381.14,931,8,0
2026-08-13 17:45:00+00:00,4381.21,4386.39,4381.21,4384.88,964,8,0
2026-08-13 17:50:00+00:00,4384.83,4386.96,4382.65,4384.08,941,9,0
2026-08-13 17:55:00+00:00,4384.12,4386.92,4383.34,4383.67,902,9,0
2026-08-13 18:00:00+00:00,4383.66,4385.63,4378.02,4378.06,961,11,0
2026-08-13 18:05:00+00:00,4378.18,4378.23,4369.56,4371.31,918,12,0
2026-08-13 18:10:00+00:00,4371.13,4371.91,4368.29,4369.66,978,11,0
2026-08-13 18:15:00+00:00,4369.6,4370.51,4363.73,4367.95,984,10,0
2026-08-13 18:20:00+00:00,4367.93,4372.22,4366.49,4371.15,928,8,0
2026-08-13 18:25:00+00:00,4371.4,4373.96,4363.77,4365.09,983,8,0
2026-08-13 18:30:00+00:00,4365.22,4365.3,4357.61,4360.55,1036,11,0
2026-08-13 18:35:00+00:00,4360.56,4371.46,4360.41,4369.23,901,8,0
2026-08-13 18:40:00+00:00,4369.09,4371.57,4368.06,4368.32,824,8,0
2026-08-13 18:45:00+00:00,4368.35,4370.82,4368.24,4369.13,811,9,0
2026-08-13 18:50:00+00:00,4369.16,4370.13,4365.59,4365.89,792,9,0
2026-08-13 18:55:00+00:00,4365.93,4368.13,4363.45,4365.13,786,10,0
2026-08-13 19:00:00+00:00,4365.16,4367.4,4362.77,4363.42,800,9,0
2026-08-13 19:05:00+00:00,4363.41,4363.56,4358.53,4358.78,796,10,0
2026-08-13 19:10:00+00:00,4358.64,4360.18,4354.04,4355.16,897,12,0
2026-08-13 19:15:00+00:00,4355.26,4355.58,4351.55,4351.78,971,11,0
2026-08-13 19:20:00+00:00,4351.53,4358.22,4351.41,4358.18,902,8,0
2026-08-13 19:25:00+00:00,4358.2,4362.88,4356.83,4362.84,849,8,0
2026-08-13 19:30:00+00:00,4362.61,4366.61,4362.61,4366.61,765,8,0
2026-08-13 19:35:00+00:00,4366.62,4366.77,4363.06,4363.91,705,8,0
2026-08-13 19:40:00+00:00,4363.78,4367.05,4363.34,4365.72,683,9,0
2026-08-13 19:45:00+00:00,4365.69,4367.53,4365.67,4366.02,660,9,0
2026-08-13 19:50:00+00:00,4366.05,4366.66,4364.15,4365.42,641,9,0
2026-08-13 19:55:00+00:00,4365.38,4368.4,4365.31,4367.13,624,9,0
2026-08-13 20:00:00+00:00,4367.1,4369.4,4365.2,4366.31,702,9,0
2026-08-13 20:05:00+00:00,4366.32,4372.57,4366.32,4371.92,754,11,0
2026-08-13 20:10:00+00:00,4372.01,4373.38,4371.05,4371.41,694,8,0
2026-08-13 20:15:00+00:00,4371.44,4371.85,4365.98,4367.36,764,10,0
2026-08-13 20:20:00+00:00,4367.58,4369.3,4366.87,4368.04,761,8,0
2026-08-13 20:25:00+00:00,4368.03,4369.12,4362.49,4363.1,785,8,0
2026-08-13 20:30:00+00:00,4363.08,4364.41,4360.05,4361.17,695,9,0
2026-08-13 20:35:00+00:00,4361.19,4362.39,4359.91,4361.5,724,8,0
2026-08-13 20:40:00+00:00,4361.51,4362.16,4355.66,4357.22,743,8,0
2026-08-13 20:45:00+00:00,4357.26,4359.86,4357.24,4359.32,707,8,0
2026-08-13 20:50:00+00:00,4359.37,4360.04,4357.39,4357.9,675,8,0
2026-08-13 20:55:00+00:00,4357.76,4358.26,4355.79,4356.0,624,8,0
2026-08-13 21:00:00+00:00,4356.02,4359.99,4355.92,4358.43,820,10,0
2026-08-13 21:05:00+00:00,4358.53,4360.03,4357.33,4359.61,693,10,0
2026-08-13 21:10:00+00:00,4359.54,4362.73,4358.23,4362.01,723,10,0
2026-08-13 21:15:00+00:00,4362.02,4363.6,4360.86,4363.18,702,9,0
2026-08-13 21:20:00+00:00,4363.17,4363.19,4356.14,4357.24,707,8,0
2026-08-13 21:25:00+00:00,4357.25,4358.2,4354.75,4357.6,731,8,0
2026-08-13 21:30:00+00:00,4357.62,4359.37,4356.43,4358.39,704,8,0
2026-08-13 21:35:00+00:00,4358.45,4360.02,4357.63,4359.54,652,8,0
2026-08-13 21:40:00+00:00,4359.55,4360.36,4357.42,4357.95,618,8,0
2026-08-13 21:45:00+00:00,4357.97,4358.24,4356.6,4357.18,543,8,0
2026-08-13 21:50:00+00:00,4357.19,4357.6,4354.72,4356.84,653,10,0
2026-08-13 21:55:00+00:00,4356.96,4357.84,4356.63,4357.04,539,8,0
2026-08-13 22:00:00+00:00,4357.03,4358.93,4356.19,4358.23,587,8,0
2026-08-13 22:05:00+00:00,4358.28,4358.34,4353.13,4353.66,600,8,0
2026-08-13 22:10:00+00:00,4353.63,4353.75,4346.24,4346.85,676,8,0
2026-08-13 22:15:00+00:00,4346.82,4348.55,4343.92,4347.68,870,13,0
2026-08-13 22:20:00+00:00,4347.84,4349.3,4346.53,4348.84,670,9,0
2026-08-13 22:25:00+00:00,4348.91,4351.85,4348.74,4351.76,800,9,0
2026-08-13 22:30:00+00:00,4351.72,4352.05,4349.77,4350.98,651,8,0
2026-08-13 22:35:00+00:00,4350.97,4354.13,4350.68,4353.19,623,8,0
2026-08-13 22:40:00+00:00,4353.22,4353.31,4350.82,4351.41,655,10,0
2026-08-13 22:45:00+00:00,4351.4,4351.48,4347.73,4349.28,659,10,0
2026-08-13 22:50:00+00:00,4349.27,4350.79,4348.79,4350.31,642,9,0
2026-08-13 22:55:00+00:00,4350.3,4350.56,4348.07,4350.27,773,9,0
2026-08-13 23:00:00+00:00,4350.06,4350.56,4346.98,4348.07,572,8,0
2026-08-13 23:05:00+00:00,4348.05,4350.16,4347.95,4349.97,366,8,0
2026-08-13 23:10:00+00:00,4349.96,4350.53,4349.36,4350.35,319,8,0
2026-08-13 23:15:00+00:00,4350.36,4351.4,4350.04,4350.37,348,8,0
2026-08-13 23:20:00+00:00,4350.4,4350.45,4349.43,4349.58,248,8,0
2026-08-13 23:25:00+00:00,4349.6,4352.23,4349.42,4351.68,315,10,0
2026-08-13 23:30:00+00:00,4351.67,4351.76,4348.05,4349.15,359,10,0
2026-08-13 23:35:00+00:00,4349.16,4349.97,4348.56,4349.39,258,10,0
2026-08-13 23:40:00+00:00,4349.42,4350.57,4348.36,4349.55,271,17,0
2026-08-13 23:45:00+00:00,4349.45,4350.27,4349.33,4349.93,213,17,0
2026-08-13 23:50:00+00:00,4349.91,4350.79,4348.67,4348.88,311,17,0
2026-08-13 23:55:00+00:00,4349.04,4351.2,4348.71,4350.21,259,17,0
2026-08-14 01:00:00+00:00,4353.88,4354.52,4351.94,4353.13,374,20,0
2026-08-14 01:05:00+00:00,4353.08,4356.92,4352.96,4356.92,438,21,0
2026-08-14 01:10:00+00:00,4356.87,4356.94,4353.89,4354.14,291,21,0
2026-08-14 01:15:00+00:00,4354.22,4354.51,4352.87,4353.29,275,21,0
2026-08-14 01:20:00+00:00,4353.25,4356.48,4353.25,4356.48,443,21,0
2026-08-14 01:25:00+00:00,4356.5,4357.82,4356.09,4357.1,349,21,0
2026-08-14 01:30:00+00:00,4357.27,4357.86,4355.75,4357.34,446,21,0
2026-08-14 01:35:00+00:00,4357.31,4362.47,4357.31,4361.55,486,21,0
2026-08-14 01:40:00+00:00,4361.75,4362.72,4359.73,4360.45,483,20,0
2026-08-14 01:45:00+00:00,4360.47,4361.16,4355.23,4355.66,571,21,0
2026-08-14 01:50:00+00:00,4355.65,4357.54,4354.64,4356.61,471,21,0
2026-08-14 01:55:00+00:00,4356.56,4356.56,4353.36,4354.81,388,21,0
2026-08-14 02:00:00+00:00,4354.85,4355.18,4349.25,4349.28,513,16,0
2026-08-14 02:05:00+00:00,4349.26,4359.67,4349.26,4359.34,521,20,0
2026-08-14 02:10:00+00:00,4359.35,4360.53,4354.87,4360.53,448,14,0
2026-08-14 02:15:00+00:00,4360.42,4361.22,4357.08,4358.56,572,20,0
2026-08-14 02:20:00+00:00,4358.48,4360.78,4357.08,4360.37,389,13,0
2026-08-14 02:25:00+00:00,4360.38,4363.05,4359.95,4363.05,451,12,0
2026-08-14 02:30:00+00:00,4363.08,4363.54,4361.04,4361.65,434,11,0
2026-08-14 02:35:00+00:00,4361.63,4361.71,4360.22,4361.71,342,11,0
2026-08-14 02:40:00+00:00,4361.72,4362.31,4358.67,4360.24,476,14,0
2026-08-14 02:45:00+00:00,4360.26,4364.06,4359.46,4361.58,578,15,0
2026-08-14 02:50:00+00:00,4361.61,4361.61,4357.26,4357.84,466,11,0
2026-08-14 02:55:00+00:00,4357.85,4359.54,4356.62,4356.79,407,11,0
2026-08-14 03:00:00+00:00,4356.94,4362.04,4355.65,4360.1,654,17,0
2026-08-14 03:05:00+00:00,4360.03,4360.25,4354.07,4357.95,639,17,0
2026-08-14 03:10:00+00:00,4357.99,4358.18,4350.53,4352.21,722,17,0
2026-08-14 03:15:00+00:00,4352.16,4352.24,4348.03,4349.56,732,17,0
2026-08-14 03:20:00+00:00,4349.54,4349.6,4345.66,4347.32,616,13,0
2026-08-14 03:25:00+00:00,4347.31,4347.37,4338.65,4338.65,702,13,0
2026-08-14 03:30:00+00:00,4338.68,4345.77,4336.51,4344.73,780,17,0
2026-08-14 03:35:00+00:00,4344.72,4345.41,4333.39,4334.42,745,14,0
2026-08-14 03:40:00+00:00,4334.41,4340.36,4333.31,4340.15,691,15,0
2026-08-14 03:45:00+00:00,4339.76,4342.79,4329.41,4333.95,811,15,0
2026-08-14 03:50:00+00:00,4333.61,4339.98,4333.61,4339.72,793,16,0
2026-08-14 03:55:00+00:00,4339.71,4342.14,4337.98,4341.01,814,14,0
2026-08-14 04:00:00+00:00,4340.95,4341.45,4329.62,4329.62,1094,17,0
2026-08-14 04:05:00+00:00,4329.64,4333.61,4328.31,4328.91,938,13,0
2026-08-14 04:10:00+00:00,4328.92,4328.92,4322.18,4323.91,980,15,0
2026-08-14 04:15:00+00:00,4324.2,4325.97,4317.83,4322.91,933,11,0
2026-08-14 04:20:00+00:00,4322.84,4325.82,4316.02,4316.8,957,11,0
2026-08-14 04:25:00+00:00,4316.78,4321.94,4314.82,4319.6,832,11,0
2026-08-14 04:30:00+00:00,4319.66,4319.68,4313.41,4313.74,899,11,0
2026-08-14 04:35:00+00:00,4313.67,4320.08,4313.24,4319.35,804,11,0
2026-08-14 04:40:00+00:00,4319.4,4321.5,4318.76,4319.48,743,17,0
2026-08-14 04:45:00+00:00,4319.54,4323.27,4314.1,4315.64,844,17,0
2026-08-14 04:50:00+00:00,4315.69,4319.33,4312.44,4317.65,814,16,0
2026-08-14 04:55:00+00:00,4317.68,4321.48,4316.46,4318.11,944,17,0
2026-08-14 05:00:00+00:00,4318.14,4322.78,4315.89,4316.98,833,17,0
2026-08-14 05:05:00+00:00,4316.93,4319.57,4316.07,4317.4,703,11,0
2026-08-14 05:10:00+00:00,4317.4,4317.56,4310.65,4312.41,793,11,0
2026-08-14 05:15:00+00:00,4312.45,4317.34,4312.45,4315.75,716,14,0
2026-08-14 05:20:00+00:00,4315.71,4317.4,4315.02,4316.48,624,11,0
2026-08-14 05:25:00+00:00,4316.46,4318.25,4312.87,4312.97,576,11,0
2026-08-14 05:30:00+00:00,4313.07,4321.49,4311.8,4320.93,954,12,0
2026-08-14 05:35:00+00:00,4320.75,4322.62,4318.22,4320.88,770,16,0
2026-08-14 05:40:00+00:00,4320.87,4322.11,4318.11,4321.15,720,15,0
2026-08-14 05:45:00+00:00,4321.14,4321.97,4314.03,4316.74,761,15,0
2026-08-14 05:50:00+00:00,4316.73,4318.4,4315.2,4316.32,649,15,0
2026-08-14 05:55:00+00:00,4316.27,4316.43,4312.77,4315.68,719,16,0
2026-08-14 06:00:00+00:00,4315.67,4319.23,4313.75,4318.7,684,17,0
2026-08-14 06:05:00+00:00,4318.69,4323.29,4318.68,4319.74,693,16,0
2026-08-14 06:10:00+00:00,4319.68,4323.79,4318.69,4320.09,589,11,0
2026-08-14 06:15:00+00:00,4320.06,4322.99,4319.98,4322.73,542,11,0
2026-08-14 06:20:00+00:00,4322.83,4326.04,4322.45,4325.12,576,11,0
2026-08-14 06:25:00+00:00,4325.2,4326.1,4324.49,4325.86,483,15,0
2026-08-14 06:30:00+00:00,4325.79,4327.94,4325.23,4327.26,404,16,0
2026-08-14 06:35:00+00:00,4327.34,4328.15,4325.47,4326.63,468,17,0
2026-08-14 06:40:00+00:00,4326.67,4326.67,4325.32,4325.69,291,16,0
2026-08-14 06:45:00+00:00,4325.74,4326.75,4325.62,4326.45,277,17,0
2026-08-14 06:50:00+00:00,4326.48,4326.78,4324.23,4324.29,336,17,0
2026-08-14 06:55:00+00:00,4324.34,4324.81,4323.5,4323.58,269,16,0
2026-08-14 07:00:00+00:00,4323.64,4324.82,4322.76,4322.99,344,17,0
2026-08-14 07:05:00+00:00,4322.86,4324.94,4322.85,4323.77,350,16,0
2026-08-14 07:10:00+00:00,4323.93,4327.26,4323.5,4326.17,417,17,0
2026-08-14 07:15:00+00:00,4326.12,4327.62,4325.64,4326.75,361,11,0
2026-08-14 07:20:00+00:00,4326.72,4327.97,4326.15,4327.01,331,11,0
2026-08-14 07:25:00+00:00,4326.99,4327.34,4325.12,4325.14,375,11,0
2026-08-14 07:30:00+00:00,4325.13,4325.71,4323.38,4324.72,445,16,0
2026-08-14 07:35:00+00:00,4324.71,4325.7,4324.23,4325.17,405,11,0
2026-08-14 07:40:00+00:00,4325.13,4326.48,4324.88,4325.29,425,13,0
2026-08-14 07:45:00+00:00,4325.26,4325.26,4324.16,4324.54,331,11,0
2026-08-14 07:50:00+00:00,4324.57,4325.36,4323.87,4324.88,313,11,0
2026-08-14 07:55:00+00:00,4324.87,4326.91,4324.58,4326.91,347,15,0
2026-08-14 08:00:00+00:00,4327.0,4327.0,4323.77,4325.14,458,17,0
2026-08-14 08:05:00+00:00,4325.13,4325.61,4320.19,4320.19,556,17,0
2026-08-14 08:10:00+00:00,4320.06,4322.25,4319.59,4320.23,506,16,0
2026-08-14 08:15:00+00:00,4320.24,4320.35,4318.02,4319.03,501,14,0
2026-08-14 08:20:00+00:00,4319.04,4319.44,4317.21,4318.46,439,13,0
2026-08-14 08:25:00+00:00,4318.43,4319.48,4317.57,4318.53,439,11,0
2026-08-14 08:30:00+00:00,4318.44,4318.44,4311.06,4316.93,914,12,0
2026-08-14 08:35:00+00:00,4316.88,4324.9,4316.83,4322.46,768,17,0
2026-08-14 08:40:00+00:00,4322.44,4324.57,4317.6,4317.72,685,17,0
2026-08-14 08:45:00+00:00,4317.75,4324.3,4317.55,4324.17,666,16,0
2026-08-14 08:50:00+00:00,4324.15,4329.78,4323.8,4329.53,775,16,0
2026-08-14 08:55:00+00:00,4329.48,4333.59,4329.05,4333.59,761,15,0
2026-08-14 09:00:00+00:00,4333.58,4336.05,4331.93,4335.75,786,9,0
2026-08-14 09:05:00+00:00,4335.83,4336.65,4329.9,4330.55,726,8,0
2026-08-14 09:10:00+00:00,4330.55,4334.15,4329.82,4332.74,777,8,0
2026-08-14 09:15:00+00:00,4332.66,4333.68,4331.41,4331.75,651,9,0
2026-08-14 09:20:00+00:00,4331.8,4332.39,4328.48,4331.72,637,9,0
2026-08-14 09:25:00+00:00,4331.74,4332.32,4329.17,4329.41,644,12,0
2026-08-14 09:30:00+00:00,4329.39,4330.5,4328.5,4329.18,571,8,0
2026-08-14 09:35:00+00:00,4329.21,4330.61,4328.2,4329.84,546,10,0
2026-08-14 09:40:00+00:00,4329.73,4333.07,4327.98,4333.07,606,8,0
2026-08-14 09:45:00+00:00,4333.08,4335.51,4332.74,4335.05,669,9,0
2026-08-14 09:50:00+00:00,4335.06,4335.38,4333.51,4334.16,576,8,0
2026-08-14 09:55:00+00:00,4334.15,4335.91,4333.78,4335.83,543,8,0
2026-08-14 10:00:00+00:00,4335.75,4337.04,4332.98,4335.28,656,9,0
2026-08-14 10:05:00+00:00,4335.27,4335.41,4333.59,4334.61,464,8,0
2026-08-14 10:10:00+00:00,4334.63,4334.88,4331.22,4331.26,554,8,0
2026-08-14 10:15:00+00:00,4331.25,4333.5,4331.25,4332.47,468,8,0
2026-08-14 10:20:00+00:00,4332.77,4336.48,4329.71,4336.3,584,8,0
2026-08-14 10:25:00+00:00,4336.31,4336.43,4331.93,4331.99,561,8,0
2026-08-14 10:30:00+00:00,4332.01,4334.24,4331.79,4333.74,440,8,0
2026-08-14 10:35:00+00:00,4333.75,4336.74,4333.58,4336.57,493,9,0
2026-08-14 10:40:00+00:00,4336.54,4340.17,4336.39,4339.72,631,8,0
2026-08-14 10:45:00+00:00,4339.73,4343.46,4339.52,4342.57,661,10,0
2026-08-14 10:50:00+00:00,4342.54,4343.57,4341.57,4343.2,570,8,0
2026-08-14 10:55:00+00:00,4343.29,4345.24,4341.81,4343.73,522,8,0
2026-08-14 11:00:00+00:00,4343.72,4348.02,4342.33,4342.73,813,10,0
2026-08-14 11:05:00+00:00,4342.61,4345.8,4341.77,4345.16,674,9,0
2026-08-14 11:10:00+00:00,4345.17,4347.66,4344.21,4347.48,586,8,0
2026-08-14 11:15:00+00:00,4347.49,4349.08,4346.02,4346.56,623,8,0
2026-08-14 11:20:00+00:00,4346.48,4347.04,4343.64,4344.44,610,8,0
2026-08-14 11:25:00+00:00,4344.32,4345.78,4343.83,4345.78,587,8,0
2026-08-14 11:30:00+00:00,4345.77,4346.49,4344.32,4344.4,533,8,0
2026-08-14 11:35:00+00:00,4344.39,4349.17,4344.39,4348.21,525,8,0
2026-08-14 11:40:00+00:00,4348.23,4349.36,4343.6,4343.72,535,8,0
2026-08-14 11:45:00+00:00,4343.74,4344.77,4342.88,4344.48,411,8,0
2026-08-14 11:50:00+00:00,4344.39,4347.74,4344.01,4346.92,412,8,0
2026-08-14 11:55:00+00:00,4346.85,4349.7,4346.85,4348.72,453,8,0
2026-08-14 12:00:00+00:00,4348.5,4348.98,4347.38,4347.57,500,8,0
2026-08-14 12:05:00+00:00,4347.55,4349.35,4346.12,4348.91,506,8,0
2026-08-14 12:10:00+00:00,4348.97,4351.03,4348.0,4350.81,445,8,0
2026-08-14 12:15:00+00:00,4350.83,4351.93,4349.35,4349.57,508,8,0
2026-08-14 12:20:00+00:00,4349.52,4352.29,4348.8,4352.29,481,8,0
2026-08-14 12:25:00+00:00,4352.34,4354.22,4350.13,4351.94,585,8,0
2026-08-14 12:30:00+00:00,4351.95,4354.16,4350.4,4352.77,646,9,0
2026-08-14 12:35:00+00:00,4352.78,4354.55,4352.3,4352.7,506,8,0
2026-08-14 12:40:00+00:00,4352.77,4353.64,4351.77,4353.42,453,8,0
2026-08-14 12:45:00+00:00,4353.44,4354.51,4352.93,4353.73,466,9,0
2026-08-14 12:50:00+00:00,4353.7,4355.51,4353.23,4354.79,476,8,0
2026-08-14 12:55:00+00:00,4354.88,4356.91,4353.68,4356.62,536,8,0
2026-08-14 13:00:00+00:00,4356.63,4357.86,4355.37,4357.03,526,9,0
2026-08-14 13:05:00+00:00,4356.9,4358.69,4355.56,4356.1,530,11,0
2026-08-14 13:10:00+00:00,4356.11,4356.86,4354.09,4354.21,502,11,0
2026-08-14 13:15:00+00:00,4354.29,4355.34,4352.28,4353.39,477,9,0
2026-08-14 13:20:00+00:00,4353.37,4354.31,4352.41,4354.15,403,8,0
2026-08-14 13:25:00+00:00,4353.97,4354.39,4350.33,4351.37,501,8,0
2026-08-14 13:30:00+00:00,4351.47,4351.51,4348.32,4349.66,491,8,0
2026-08-14 13:35:00+00:00,4349.57,4350.31,4348.66,4349.0,369,8,0
2026-08-14 13:40:00+00:00,4349.03,4351.98,4348.7,4351.97,387,9,0
2026-08-14 13:45:00+00:00,4351.94,4352.61,4351.37,4351.49,395,8,0
2026-08-14 13:50:00+00:00,4351.55,4353.55,4350.97,4351.13,401,8,0
2026-08-14 13:55:00+00:00,4351.12,4351.16,4348.55,4349.4,488,8,0
2026-08-14 14:00:00+00:00,4349.74,4351.04,4348.58,4349.24,561,8,0
2026-08-14 14:05:00+00:00,4349.29,4351.56,4349.07,4350.98,428,8,0
2026-08-14 14:10:00+00:00,4351.1,4351.95,4350.05,4350.69,407,8,0
2026-08-14 14:15:00+00:00,4350.67,4355.53,4350.67,4355.53,515,11,0
2026-08-14 14:20:00+00:00,4355.57,4356.81,4353.54,4354.11,523,8,0
2026-08-14 14:25:00+00:00,4354.11,4357.12,4353.2,4356.81,452,8,0
2026-08-14 14:30:00+00:00,4356.79,4361.71,4356.56,4361.52,639,8,0
2026-08-14 14:35:00+00:00,4361.53,4363.22,4360.28,4361.76,583,9,0
2026-08-14 14:40:00+00:00,4361.71,4363.43,4361.5,4362.46,560,9,0
2026-08-14 14:45:00+00:00,4362.47,4363.11,4361.07,4361.83,579,8,0
2026-08-14 14:50:00+00:00,4361.84,4367.98,4361.8,4366.89,692,8,0
2026-08-14 14:55:00+00:00,4366.91,4369.46,4365.7,4369.27,643,8,0
2026-08-14 15:00:00+00:00,4369.24,4375.32,4369.2,4373.86,807,8,0
2026-08-14 15:05:00+00:00,4373.87,4376.69,4371.82,4372.04,737,9,0
2026-08-14 15:10:00+00:00,4372.07,4372.16,4366.13,4371.76,744,8,0
2026-08-14 15:15:00+00:00,4371.77,4372.53,4369.56,4372.3,667,9,0
2026-08-14 15:20:00+00:00,4372.32,4380.28,4372.32,4379.49,873,9,0
2026-08-14 15:25:00+00:00,4379.24,4380.78,4377.46,4379.96,771,8,0
2026-08-14 15:30:00+00:00,4380.04,4386.86,4377.89,4381.47,991,8,0
2026-08-14 15:35:00+00:00,4381.5,4381.88,4376.48,4378.18,871,9,0
2026-08-14 15:40:00+00:00,4378.17,4378.17,4372.53,4372.95,758,9,0
2026-08-14 15:45:00+00:00,4372.96,4376.85,4371.14,4374.84,796,9,0
2026-08-14 15:50:00+00:00,4374.88,4377.83,4372.92,4375.65,744,10,0
2026-08-14 15:55:00+00:00,4375.59,4376.33,4373.02,4373.91,782,12,0
2026-08-14 16:00:00+00:00,4373.96,4379.55,4370.74,4378.14,1016,13,0
2026-08-14 16:05:00+00:00,4378.11,4380.24,4376.26,4379.79,890,10,0
2026-08-14 16:10:00+00:00,4379.8,4381.08,4374.9,4375.36,813,8,0
2026-08-14 16:15:00+00:00,4375.41,4381.07,4375.41,4381.07,808,8,0
2026-08-14 16:20:00+00:00,4381.22,4385.2,4379.9,4385.19,819,8,0
2026-08-14 16:25:00+00:00,4385.28,4386.36,4384.0,4384.34,849,9,0
2026-08-14 16:30:00+00:00,4384.45,4391.12,4383.67,4390.92,1099,14,0
2026-08-14 16:35:00+00:00,4391.01,4396.92,4390.89,4395.26,1074,9,0
2026-08-14 16:40:00+00:00,4395.27,4395.82,4389.89,4392.84,1013,11,0
2026-08-14 16:45:00+00:00,4393.18,4394.02,4386.57,4386.75,998,9,0
2026-08-14 16:50:00+00:00,4386.6,4388.46,4383.31,4384.73,988,8,0
2026-08-14 16:55:00+00:00,4384.77,4385.78,4382.92,4384.22,875,8,0
2026-08-14 17:00:00+00:00,4384.55,4392.92,4384.15,4391.51,1004,8,0
2026-08-14 17:05:00+00:00,4391.5,4391.93,4388.89,4388.93,867,8,0
2026-08-14 17:10:00+00:00,4388.95,4393.15,4387.15,4390.56,868,8,0
2026-08-14 17:15:00+00:00,4390.59,4392.25,4385.57,4386.5,897,8,0
2026-08-14 17:20:00+00:00,4386.36,4392.42,4385.36,4392.31,940,8,0
2026-08-14 17:25:00+00:00,4392.29,4394.59,4390.47,4390.79,888,8,0
2026-08-14 17:30:00+00:00,4390.8,4391.59,4384.31,4384.57,860,8,0
2026-08-14 17:35:00+00:00,4384.65,4387.19,4384.13,4386.2,840,8,0
2026-08-14 17:40:00+00:00,4386.14,4386.67,4381.58,4384.35,815,8,0
2026-08-14 17:45:00+00:00,4384.34,4384.47,4378.89,4380.52,850,8,0
2026-08-14 17:50:00+00:00,4380.55,4383.16,4379.63,4381.53,795,8,0
2026-08-14 17:55:00+00:00,4381.54,4382.98,4379.29,4380.9,815,8,0
2026-08-14 18:00:00+00:00,4380.93,4390.16,4380.62,4386.11,932,8,0
2026-08-14 18:05:00+00:00,4386.09,4388.5,4384.85,4385.72,867,8,0
2026-08-14 18:10:00+00:00,4385.78,4393.27,4385.27,4391.31,969,8,0
2026-08-14 18:15:00+00:00,4391.37,4392.72,4385.23,4385.4,943,10,0
2026-08-14 18:20:00+00:00,4385.41,4386.29,4382.15,4382.16,884,10,0
2026-08-14 18:25:00+00:00,4382.32,4384.31,4378.31,4384.04,876,10,0
2026-08-14 18:30:00+00:00,4384.16,4389.08,4383.25,4386.76,868,10,0
2026-08-14 18:35:00+00:00,4386.85,4389.24,4385.93,4386.91,785,8,0
2026-08-14 18:40:00+00:00,4386.85,4389.08,4385.94,4388.71,768,8,0
2026-08-14 18:45:00+00:00,4388.77,4393.91,4388.62,4391.84,864,8,0
2026-08-14 18:50:00+00:00,4391.86,4393.1,4390.1,4390.39,652,8,0
2026-08-14 18:55:00+00:00,4390.45,4393.03,4390.45,4391.57,690,8,0
2026-08-14 19:00:00+00:00,4391.67,4396.61,4391.01,4391.01,761,9,0
2026-08-14 19:05:00+00:00,4390.98,4393.12,4389.26,4390.0,700,8,0
2026-08-14 19:10:00+00:00,4390.01,4390.46,4388.45,4389.8,655,8,0
2026-08-14 19:15:00+00:00,4389.78,4391.96,4389.52,4391.71,617,9,0
2026-08-14 19:20:00+00:00,4391.7,4393.06,4389.54,4390.6,583,8,0
2026-08-14 19:25:00+00:00,4390.59,4390.59,4387.8,4387.96,661,11,0
2026-08-14 19:30:00+00:00,4387.97,4388.03,4380.7,4384.28,818,11,0
2026-08-14 19:35:00+00:00,4384.26,4389.86,4383.84,4389.21,728,9,0
2026-08-14 19:40:00+00:00,4389.02,4389.57,4385.78,4385.84,614,8,0
2026-08-14 19:45:00+00:00,4385.92,4387.49,4385.15,4387.03,552,8,0
2026-08-14 19:50:00+00:00,4387.06,4387.45,4385.47,4386.53,464,8,0
2026-08-14 19:55:00+00:00,4386.52,4386.55,4384.89,4385.65,540,9,0
2026-08-14 20:00:00+00:00,4385.66,4386.45,4383.68,4384.14,647,11,0
2026-08-14 20:05:00+00:00,4384.13,4384.86,4382.25,4382.97,556,8,0
2026-08-14 20:10:00+00:00,4382.98,4383.32,4381.16,4383.08,540,10,0
2026-08-14 20:15:00+00:00,4383.1,4384.75,4381.27,4381.45,598,10,0
2026-08-14 20:20:00+00:00,4381.46,4382.5,4380.0,4381.28,558,10,0
2026-08-14 20:25:00+00:00,4381.27,4382.1,4379.02,4379.24,629,10,0
2026-08-14 20:30:00+00:00,4379.19,4382.27,4379.14,4382.08,646,10,0
2026-08-14 20:35:00+00:00,4382.09,4382.16,4378.89,4378.96,573,10,0
2026-08-14 20:40:00+00:00,4378.97,4380.12,4377.33,4377.86,591,10,0
2026-08-14 20:45:00+00:00,4377.82,4377.82,4375.94,4376.71,566,10,0
2026-08-14 20:50:00+00:00,4376.81,4379.84,4376.53,4378.96,456,10,0
2026-08-14 20:55:00+00:00,4378.93,4379.24,4377.94,4379.2,442,10,0
2026-08-14 21:00:00+00:00,4379.26,4382.31,4377.26,4382.11,635,11,0
2026-08-14 21:05:00+00:00,4382.0,4382.46,4380.03,4380.65,622,11,0
2026-08-14 21:10:00+00:00,4380.64,4381.56,4377.7,4377.98,552,10,0
2026-08-14 21:15:00+00:00,4378.0,4379.75,4377.84,4379.33,467,10,0
2026-08-14 21:20:00+00:00,4379.25,4381.03,4379.02,4380.25,443,10,0
2026-08-14 21:25:00+00:00,4380.26,4381.14,4378.72,4380.13,460,11,0
2026-08-14 21:30:00+00:00,4380.12,4380.5,4378.09,4378.92,450,10,0
2026-08-14 21:35:00+00:00,4378.87,4382.72,4378.87,4382.53,436,10,0
2026-08-14 21:40:00+00:00,4382.74,4382.74,4376.28,4376.46,504,10,0
2026-08-14 21:45:00+00:00,4376.54,4376.89,4370.96,4374.9,570,11,0
2026-08-14 21:50:00+00:00,4374.89,4376.42,4373.7,4374.1,427,11,0
2026-08-14 21:55:00+00:00,4374.14,4375.06,4373.79,4374.24,358,11,0
2026-08-14 22:00:00+00:00,4374.26,4374.53,4373.28,4373.49,442,11,0
2026-08-14 22:05:00+00:00,4373.55,4376.73,4373.08,4376.32,401,11,0
2026-08-14 22:10:00+00:00,4376.35,4377.19,4375.8,4375.99,419,12,0
2026-08-14 22:15:00+00:00,4375.79,4376.52,4374.69,4375.15,436,13,0
2026-08-14 22:20:00+00:00,4375.13,4376.95,4375.13,4376.35,421,12,0
2026-08-14 22:25:00+00:00,4376.36,4377.9,4376.29,4377.33,444,12,0
2026-08-14 22:30:00+00:00,4377.31,4377.99,4376.69,4377.23,481,12,0
2026-08-14 22:35:00+00:00,4377.31,4378.19,4376.13,4376.58,433,11,0
2026-08-14 22:40:00+00:00,4376.58,4377.47,4375.67,4375.67,470,11,0
2026-08-14 22:45:00+00:00,4375.62,4376.06,4375.24,4375.66,528,10,0
2026-08-14 22:50:00+00:00,4375.7,4379.93,4375.7,4378.23,679,12,0
2026-08-14 22:55:00+00:00,4378.24,4378.24,4373.53,4376.28,894,13,0
2026-08-14 23:00:00+00:00,4376.14,4376.14,4373.71,4374.22,429,10,0
2026-08-14 23:05:00+00:00,4374.19,4374.47,4372.0,4372.09,418,10,0
2026-08-14 23:10:00+00:00,4372.19,4372.94,4371.48,4372.76,280,10,0
2026-08-14 23:15:00+00:00,4372.77,4373.78,4372.77,4373.29,185,10,0
2026-08-14 23:20:00+00:00,4373.28,4374.18,4372.64,4374.01,216,10,0
2026-08-14 23:25:00+00:00,4373.78,4374.88,4373.68,4374.7,219,10,0
2026-08-14 23:30:00+00:00,4374.67,4374.75,4373.75,4373.95,207,10,0
2026-08-14 23:35:00+00:00,4373.91,4376.32,4373.65,4375.69,253,10,0
2026-08-14 23:40:00+00:00,4375.64,4376.85,4374.74,4375.64,161,19,0
2026-08-14 23:45:00+00:00,4375.63,4376.0,4375.22,4375.36,136,19,0
2026-08-14 23:50:00+00:00,4375.47,4376.04,4374.92,4375.98,203,19,0
2026-08-14 23:55:00+00:00,4375.31,4376.25,4374.88,4376.1,138,36,0
2026-08-17 01:00:00+00:00,4384.86,4384.86,4372.33,4373.2,608,13,0
2026-08-17 01:05:00+00:00,4373.17,4376.97,4372.47,4376.52,497,15,0
2026-08-17 01:10:00+00:00,4376.44,4378.82,4374.18,4375.67,389,19,0
2026-08-17 01:15:00+00:00,4375.68,4375.9,4372.73,4373.89,357,23,0
2026-08-17 01:20:00+00:00,4373.9,4375.08,4372.87,4373.14,337,23,0
2026-08-17 01:25:00+00:00,4373.13,4375.19,4372.8,4374.47,334,23,0
2026-08-17 01:30:00+00:00,4374.66,4377.83,4374.66,4377.21,384,23,0
2026-08-17 01:35:00+00:00,4377.17,4378.98,4376.75,4378.53,253,23,0
2026-08-17 01:40:00+00:00,4378.66,4378.8,4376.72,4377.66,240,23,0
2026-08-17 01:45:00+00:00,4377.7,4380.91,4377.64,4380.7,402,23,0
2026-08-17 01:50:00+00:00,4380.71,4384.21,4380.35,4383.24,415,23,0
2026-08-17 01:55:00+00:00,4383.22,4386.69,4382.71,4385.91,367,23,0
2026-08-17 02:00:00+00:00,4385.88,4386.18,4380.67,4382.08,530,23,0
2026-08-17 02:05:00+00:00,4382.12,4383.01,4381.23,4383.01,342,23,0
2026-08-17 02:10:00+00:00,4383.0,4383.33,4379.55,4379.69,309,17,0
2026-08-17 02:15:00+00:00,4379.72,4381.17,4378.41,4380.03,350,17,0
2026-08-17 02:20:00+00:00,4380.02,4380.76,4375.3,4375.95,440,17,0
2026-08-17 02:25:00+00:00,4375.94,4376.55,4372.65,4374.73,407,17,0
2026-08-17 02:30:00+00:00,4374.9,4375.14,4369.77,4370.92,520,17,0
2026-08-17 02:35:00+00:00,4370.99,4371.83,4367.19,4370.46,503,15,0
2026-08-17 02:40:00+00:00,4370.47,4370.47,4367.82,4368.34,373,14,0
2026-08-17 02:45:00+00:00,4368.33,4373.79,4368.29,4371.74,474,14,0
2026-08-17 02:50:00+00:00,4371.76,4372.85,4370.56,4371.94,462,15,0
2026-08-17 02:55:00+00:00,4371.9,4372.31,4369.77,4370.33,490,15,0
2026-08-17 03:00:00+00:00,4370.71,4375.94,4368.13,4374.85,806,17,0
2026-08-17 03:05:00+00:00,4374.8,4375.84,4372.18,4372.39,661,16,0
2026-08-17 03:10:00+00:00,4372.38,4379.47,4372.25,4379.1,673,14,0
2026-08-17 03:15:00+00:00,4378.93,4387.33,4378.55,4384.63,740,12,0
2026-08-17 03:20:00+00:00,4384.59,4388.36,4384.08,4386.91,585,11,0
2026-08-17 03:25:00+00:00,4386.89,4390.93,4386.5,4389.9,570,12,0
2026-08-17 03:30:00+00:00,4389.94,4394.35,4389.45,4392.64,658,11,0
2026-08-17 03:35:00+00:00,4392.65,4393.08,4388.77,4389.17,505,11,0
2026-08-17 03:40:00+00:00,4389.2,4397.41,4387.59,4395.82,650,11,0
2026-08-17 03:45:00+00:00,4395.73,4396.32,4394.14,4395.3,608,11,0
2026-08-17 03:50:00+00:00,4395.32,4398.45,4394.5,4397.99,669,11,0
2026-08-17 03:55:00+00:00,4397.98,4402.11,4397.56,4400.59,687,11,0
2026-08-17 04:00:00+00:00,4400.82,4409.09,4399.14,4407.88,1103,17,0
2026-08-17 04:05:00+00:00,4407.71,4411.44,4405.22,4406.86,924,17,0
2026-08-17 04:10:00+00:00,4406.87,4411.71,4404.33,4409.41,857,16,0
2026-08-17 04:15:00+00:00,4409.36,4410.51,4406.29,4408.02,919,17,0
2026-08-17 04:20:00+00:00,4408.05,4416.46,4407.87,4412.71,908,17,0
2026-08-17 04:25:00+00:00,4412.62,4414.95,4406.37,4407.12,824,16,0
2026-08-17 04:30:00+00:00,4407.14,4408.06,4401.5,4402.32,898,16,0
2026-08-17 04:35:00+00:00,4402.24,4403.21,4399.08,4400.64,795,11,0
2026-08-17 04:40:00+00:00,4400.67,4403.44,4397.61,4403.44,757,15,0
2026-08-17 04:45:00+00:00,4403.45,4403.92,4394.34,4395.24,847,13,0
2026-08-17 04:50:00+00:00,4395.23,4398.84,4392.12,4397.68,809,12,0
2026-08-17 04:55:00+00:00,4397.68,4397.68,4393.19,4395.61,654,11,0
2026-08-17 05:00:00+00:00,4395.76,4398.28,4394.81,4395.93,689,11,0
2026-08-17 05:05:00+00:00,4395.91,4397.47,4392.66,4395.64,734,11,0
2026-08-17 05:10:00+00:00,4395.63,4395.63,4392.7,4394.35,627,11,0
2026-08-17 05:15:00+00:00,4394.34,4395.73,4392.55,4393.81,581,11,0
2026-08-17 05:20:00+00:00,4393.82,4395.12,4389.74,4394.63,563,11,0
2026-08-17 05:25:00+00:00,4394.78,4397.48,4394.67,4395.46,497,11,0
2026-08-17 05:30:00+00:00,4395.48,4398.11,4392.25,4393.24,789,15,0
2026-08-17 05:35:00+00:00,4392.94,4395.38,4391.56,4392.26,742,11,0
2026-08-17 05:40:00+00:00,4392.21,4395.22,4389.88,4393.23,705,11,0
2026-08-17 05:45:00+00:00,4393.07,4393.32,4390.67,4391.64,625,11,0
2026-08-17 05:50:00+00:00,4391.62,4392.72,4390.17,4390.53,646,11,0
2026-08-17 05:55:00+00:00,4390.27,4393.46,4388.53,4393.23,625,14,0
2026-08-17 06:00:00+00:00,4393.27,4394.95,4392.56,4392.69,644,15,0
2026-08-17 06:05:00+00:00,4392.7,4393.99,4389.43,4389.92,618,14,0
2026-08-17 06:10:00+00:00,4389.9,4391.69,4388.72,4390.26,574,11,0
2026-08-17 06:15:00+00:00,4390.37,4391.03,4388.09,4390.77,579,14,0
2026-08-17 06:20:00+00:00,4390.84,4391.71,4389.96,4390.74,528,11,0
2026-08-17 06:25:00+00:00,4390.73,4393.56,4388.69,4393.0,597,14,0
2026-08-17 06:30:00+00:00,4393.01,4395.63,4391.18,4394.89,579,16,0
2026-08-17 06:35:00+00:00,4394.87,4395.1,4392.38,4394.09,410,12,0
2026-08-17 06:40:00+00:00,4394.07,4397.22,4393.74,4395.2,511,11,0
2026-08-17 06:45:00+00:00,4395.2,4395.73,4393.08,4394.93,427,11,0
2026-08-17 06:50:00+00:00,4394.94,4395.42,4394.25,4395.06,364,11,0
2026-08-17 06:55:00+00:00,4395.17,4397.69,4394.02,4397.13,415,11,0
2026-08-17 07:00:00+00:00,4397.19,4399.4,4396.57,4397.77,509,15,0
2026-08-17 07:05:00+00:00,4397.78,4398.64,4396.52,4397.92,489,13,0
2026-08-17 07:10:00+00:00,4397.91,4399.56,4397.2,4398.43,433,11,0
2026-08-17 07:15:00+00:00,4398.44,4398.86,4396.8,4397.09,433,11,0
2026-08-17 07:20:00+00:00,4397.1,4397.15,4393.01,4393.91,445,11,0
2026-08-17 07:25:00+00:00,4393.91,4394.05,4390.26,4391.02,384,11,0
2026-08-17 07:30:00+00:00,4390.99,4392.03,4389.01,4391.88,467,11,0
2026-08-17 07:35:00+00:00,4391.87,4393.78,4390.12,4392.66,423,11,0
2026-08-17 07:40:00+00:00,4392.71,4396.63,4391.99,4395.78,468,11,0
2026-08-17 07:45:00+00:00,4395.73,4397.85,4395.44,4396.05,412,11,0
2026-08-17 07:50:00+00:00,4396.03,4396.77,4394.94,4395.25,386,11,0
2026-08-17 07:55:00+00:00,4395.28,4395.43,4389.92,4390.76,434,11,0
2026-08-17 08:00:00+00:00,4390.77,4392.99,4390.0,4392.94,486,15,0
2026-08-17 08:05:00+00:00,4392.93,4393.27,4389.98,4392.08,454,11,0
2026-08-17 08:10:00+00:00,4392.07,4392.13,4387.24,4387.77,440,11,0
2026-08-17 08:15:00+00:00,4387.81,4393.32,4387.0,4392.9,452,14,0
2026-08-17 08:20:00+00:00,4392.88,4396.79,4390.73,4395.42,550,15,0
2026-08-17 08:25:00+00:00,4395.23,4399.42,4394.64,4399.42,509,11,0
2026-08-17 08:30:00+00:00,4399.44,4401.28,4395.75,4396.41,822,17,0
2026-08-17 08:35:00+00:00,4396.34,4396.44,4392.3,4395.61,739,16,0
2026-08-17 08:40:00+00:00,4395.58,4396.7,4393.98,4395.68,667,17,0
2026-08-17 08:45:00+00:00,4395.72,4397.53,4392.37,4397.3,612,13,0
2026-08-17 08:50:00+00:00,4397.27,4397.51,4392.68,4393.07,621,11,0
2026-08-17 08:55:00+00:00,4393.09,4396.05,4392.9,4394.79,664,14,0
2026-08-17 09:00:00+00:00,4394.77,4398.13,4394.75,4395.48,743,10,0
2026-08-17 09:05:00+00:00,4395.47,4397.99,4393.89,4395.28,646,8,0
2026-08-17 09:10:00+00:00,4395.29,4397.58,4392.79,4396.86,643,8,0
2026-08-17 09:15:00+00:00,4396.79,4396.79,4392.75,4393.6,583,8,0
2026-08-17 09:20:00+00:00,4393.65,4396.99,4393.6,4395.13,639,8,0
2026-08-17 09:25:00+00:00,4395.12,4400.05,4394.7,4398.64,713,8,0
2026-08-17 09:30:00+00:00,4398.58,4398.73,4395.06,4395.53,649,8,0
2026-08-17 09:35:00+00:00,4395.52,4395.86,4393.71,4395.14,667,8,0
2026-08-17 09:40:00+00:00,4395.13,4396.35,4393.71,4396.13,580,8,0
2026-08-17 09:45:00+00:00,4396.14,4400.97,4396.14,4400.36,733,11,0
2026-08-17 09:50:00+00:00,4400.38,4404.31,4400.38,4401.93,727,8,0
2026-08-17 09:55:00+00:00,4401.92,4403.09,4400.9,4402.91,678,8,0
2026-08-17 10:00:00+00:00,4402.69,4403.78,4401.21,4401.4,719,10,0
2026-08-17 10:05:00+00:00,4401.41,4402.69,4399.33,4400.44,585,8,0
2026-08-17 10:10:00+00:00,4400.44,4401.42,4396.16,4396.53,634,8,0
2026-08-17 10:15:00+00:00,4396.51,4399.22,4396.51,4397.52,641,8,0
2026-08-17 10:20:00+00:00,4397.51,4397.8,4396.21,4397.12,591,8,0
2026-08-17 10:25:00+00:00,4397.2,4405.14,4396.76,4404.83,652,9,0
2026-08-17 10:30:00+00:00,4404.89,4408.18,4404.75,4406.9,773,14,0
2026-08-17 10:35:00+00:00,4406.94,4410.82,4406.51,4407.12,708,9,0
2026-08-17 10:40:00+00:00,4407.66,4410.69,4407.21,4409.07,564,8,0
2026-08-17 10:45:00+00:00,4409.13,4409.64,4407.06,4407.23,530,8,0
2026-08-17 10:50:00+00:00,4407.25,4408.14,4403.57,4404.29,576,8,0
2026-08-17 10:55:00+00:00,4404.31,4406.01,4404.04,4405.3,510,8,0
2026-08-17 11:00:00+00:00,4405.31,4405.31,4399.87,4400.15,757,9,0
2026-08-17 11:05:00+00:00,4400.14,4400.64,4397.68,4399.78,669,8,0
2026-08-17 11:10:00+00:00,4399.77,4402.8,4398.56,4402.77,519,8,0
2026-08-17 11:15:00+00:00,4402.78,4403.81,4400.49,4401.25,522,8,0
2026-08-17 11:20:00+00:00,4401.25,4403.19,4400.5,4402.24,459,8,0
2026-08-17 11:25:00+00:00,4402.23,4403.23,4400.99,4401.83,509,9,0
2026-08-17 11:30:00+00:00,4401.88,4402.14,4399.55,4399.89,540,8,0
2026-08-17 11:35:00+00:00,4399.99,4402.19,4399.08,4401.28,491,8,0
2026-08-17 11:40:00+00:00,4401.23,4401.39,4396.02,4396.32,498,8,0
2026-08-17 11:45:00+00:00,4396.31,4396.94,4395.0,4395.6,452,9,0
2026-08-17 11:50:00+00:00,4395.62,4396.12,4392.99,4393.56,516,8,0
2026-08-17 11:55:00+00:00,4393.6,4396.0,4392.57,4395.08,490,8,0
2026-08-17 12:00:00+00:00,4395.06,4396.34,4393.37,4396.21,514,8,0
2026-08-17 12:05:00+00:00,4396.28,4399.75,4395.3,4399.59,483,8,0
2026-08-17 12:10:00+00:00,4399.56,4400.64,4398.87,4399.15,477,8,0
2026-08-17 12:15:00+00:00,4399.19,4399.98,4397.2,4398.39,517,8,0
2026-08-17 12:20:00+00:00,4398.4,4398.76,4396.34,4396.87,410,8,0
2026-08-17 12:25:00+00:00,4396.99,4398.15,4395.67,4396.86,556,11,0
2026-08-17 12:30:00+00:00,4396.9,4397.5,4394.82,4396.78,608,10,0
2026-08-17 12:35:00+00:00,4396.8,4397.13,4394.04,4394.5,497,8,0
2026-08-17 12:40:00+00:00,4394.54,4396.46,4393.63,4394.17,456,8,0
2026-08-17 12:45:00+00:00,4394.2,4395.2,4392.55,4395.17,489,8,0
2026-08-17 12:50:00+00:00,4395.45,4395.83,4392.94,4393.64,553,9,0
2026-08-17 12:55:00+00:00,4393.55,4395.61,4393.5,4395.55,415,8,0
2026-08-17 13:00:00+00:00,4395.58,4395.93,4393.22,4394.18,381,8,0
2026-08-17 13:05:00+00:00,4394.15,4396.25,4394.15,4394.23,407,8,0
2026-08-17 13:10:00+00:00,4394.22,4396.42,4394.01,4396.0,467,8,0
2026-08-17 13:15:00+00:00,4396.0,4399.88,4394.94,4395.9,495,8,0
2026-08-17 13:20:00+00:00,4395.91,4397.32,4395.08,4396.63,431,8,0
2026-08-17 13:25:00+00:00,4396.66,4405.61,4391.97,4405.61,530,8,0
2026-08-17 13:30:00+00:00,4405.45,4405.76,4396.85,4397.21,929,12,0
2026-08-17 13:35:00+00:00,4397.28,4398.32,4395.69,4396.03,612,11,0
2026-08-17 13:40:00+00:00,4396.07,4398.93,4395.44,4398.45,492,11,0
2026-08-17 13:45:00+00:00,4398.42,4399.22,4396.3,4397.0,448,11,0
2026-08-17 13:50:00+00:00,4397.01,4398.58,4396.62,4397.65,424,12,0
2026-08-17 13:55:00+00:00,4397.69,4399.56,4397.04,4398.97,461,13,0
2026-08-17 14:00:00+00:00,4399.02,4402.17,4398.0,4400.34,559,12,0
2026-08-17 14:05:00+00:00,4400.38,4403.93,4400.2,4402.14,537,11,0
2026-08-17 14:10:00+00:00,4402.13,4402.74,4399.7,4399.73,517,12,0
2026-08-17 14:15:00+00:00,4399.75,4399.99,4397.17,4398.3,489,8,0
2026-08-17 14:20:00+00:00,4398.31,4404.06,4398.31,4403.57,598,8,0
2026-08-17 14:25:00+00:00,4403.58,4404.71,4402.86,4403.56,464,8,0
2026-08-17 14:30:00+00:00,4403.61,4404.98,4402.43,4403.94,532,8,0
2026-08-17 14:35:00+00:00,4403.95,4404.85,4402.72,4402.72,452,8,0
2026-08-17 14:40:00+00:00,4402.71,4403.03,4399.22,4399.6,576,8,0
2026-08-17 14:45:00+00:00,4399.61,4400.68,4396.78,4396.97,458,8,0
2026-08-17 14:50:00+00:00,4396.98,4398.9,4395.47,4396.88,519,8,0
2026-08-17 14:55:00+00:00,4396.86,4397.57,4395.87,4396.91,443,8,0
2026-08-17 15:00:00+00:00,4396.87,4397.59,4394.01,4394.54,655,8,0
2026-08-17 15:05:00+00:00,4394.61,4395.18,4392.04,4392.51,570,13,0
2026-08-17 15:10:00+00:00,4392.58,4394.94,4391.7,4393.97,639,9,0
2026-08-17 15:15:00+00:00,4393.94,4395.61,4393.13,4394.89,571,8,0
2026-08-17 15:20:00+00:00,4394.84,4398.76,4392.09,4392.71,718,8,0
2026-08-17 15:25:00+00:00,4392.66,4393.65,4382.38,4386.05,887,13,0
2026-08-17 15:30:00+00:00,4385.89,4390.3,4384.06,4388.71,873,14,0
2026-08-17 15:35:00+00:00,4388.7,4389.1,4381.25,4381.42,787,11,0
2026-08-17 15:40:00+00:00,4381.41,4383.35,4378.45,4378.45,788,11,0
2026-08-17 15:45:00+00:00,4378.43,4380.58,4377.37,4378.11,771,14,0
2026-08-17 15:50:00+00:00,4378.13,4384.95,4377.89,4384.28,747,11,0
2026-08-17 15:55:00+00:00,4384.29,4386.44,4383.6,4384.94,706,9,0
2026-08-17 16:00:00+00:00,4385.21,4388.32,4381.86,4384.82,994,11,0
2026-08-17 16:05:00+00:00,4384.86,4386.27,4382.4,4385.51,826,10,0
2026-08-17 16:10:00+00:00,4385.55,4389.52,4385.2,4386.41,839,8,0
2026-08-17 16:15:00+00:00,4386.42,4387.26,4382.36,4386.13,779,8,0
2026-08-17 16:20:00+00:00,4386.12,4389.19,4385.04,4386.93,720,8,0
2026-08-17 16:25:00+00:00,4386.88,4388.73,4386.3,4386.71,742,8,0
2026-08-17 16:30:00+00:00,4386.64,4390.68,4386.15,4389.23,1000,10,0
2026-08-17 16:35:00+00:00,4389.16,4392.3,4386.47,4388.88,995,10,0
2026-08-17 16:40:00+00:00,4388.83,4389.72,4385.14,4386.27,980,9,0
2026-08-17 16:45:00+00:00,4386.05,4395.75,4384.85,4395.73,1046,12,0
2026-08-17 16:50:00+00:00,4395.55,4407.63,4394.89,4401.8,1063,9,0
2026-08-17 16:55:00+00:00,4401.78,4416.37,4401.75,4409.03,1073,12,0
2026-08-17 17:00:00+00:00,4408.81,4409.94,4404.71,4408.31,1019,10,0
2026-08-17 17:05:00+00:00,4408.29,4408.72,4405.24,4405.52,988,8,0
2026-08-17 17:10:00+00:00,4405.54,4413.08,4404.1,4412.63,899,8,0
2026-08-17 17:15:00+00:00,4412.56,4421.09,4412.12,4418.6,1056,14,0
2026-08-17 17:20:00+00:00,4418.69,4427.64,4417.69,4424.26,1055,13,0
2026-08-17 17:25:00+00:00,4424.05,4426.42,4415.91,4418.29,1043,8,0
2026-08-17 17:30:00+00:00,4418.27,4424.75,4418.21,4422.31,949,8,0
2026-08-17 17:35:00+00:00,4422.34,4423.69,4416.58,4417.77,908,8,0
2026-08-17 17:40:00+00:00,4417.76,4421.7,4417.22,4417.36,923,8,0
2026-08-17 17:45:00+00:00,4417.51,4419.59,4414.1,4417.27,889,10,0
2026-08-17 17:50:00+00:00,4417.45,4421.04,4415.86,4416.38,959,12,0
2026-08-17 17:55:00+00:00,4416.4,4418.27,4414.64,4417.19,879,9,0
2026-08-17 18:00:00+00:00,4417.29,4419.2,4415.22,4418.51,911,10,0
2026-08-17 18:05:00+00:00,4418.5,4419.74,4416.06,4417.11,855,8,0
2026-08-17 18:10:00+00:00,4417.09,4422.34,4416.14,4421.12,786,8,0
2026-08-17 18:15:00+00:00,4421.3,4423.18,4419.54,4422.25,860,8,0
2026-08-17 18:20:00+00:00,4422.33,4423.99,4421.68,4423.4,832,8,0
2026-08-17 18:25:00+00:00,4423.55,4426.21,4421.06,4425.68,913,8,0
2026-08-17 18:30:00+00:00,4425.75,4426.54,4421.49,4422.83,836,8,0
2026-08-17 18:35:00+00:00,4422.84,4424.01,4420.45,4421.96,767,8,0
2026-08-17 18:40:00+00:00,4421.87,4423.5,4418.94,4419.24,815,8,0
2026-08-17 18:45:00+00:00,4419.23,4424.34,4417.39,4423.84,770,8,0
2026-08-17 18:50:00+00:00,4423.78,4426.74,4423.04,4426.44,684,8,0
2026-08-17 18:55:00+00:00,4426.41,4427.83,4425.94,4427.54,740,8,0
2026-08-17 19:00:00+00:00,4427.55,4428.13,4424.16,4425.6,765,8,0
2026-08-17 19:05:00+00:00,4425.59,4428.37,4424.27,4427.57,726,8,0
2026-08-17 19:10:00+00:00,4427.44,4428.87,4425.76,4426.01,658,8,0
2026-08-17 19:15:00+00:00,4426.08,4427.46,4425.21,4425.76,635,8,0
2026-08-17 19:20:00+00:00,4425.8,4427.61,4424.78,4425.27,644,8,0
2026-08-17 19:25:00+00:00,4425.29,4425.41,4423.22,4425.1,622,8,0
2026-08-17 19:30:00+00:00,4425.27,4425.58,4423.05,4424.4,576,8,0
2026-08-17 19:35:00+00:00,4424.37,4427.28,4423.79,4426.86,559,8,0
2026-08-17 19:40:00+00:00,4426.85,4427.08,4424.71,4424.94,536,8,0
2026-08-17 19:45:00+00:00,4424.89,4425.15,4422.23,4424.67,577,8,0
2026-08-17 19:50:00+00:00,4424.45,4425.99,4423.04,4423.58,501,8,0
2026-08-17 19:55:00+00:00,4423.58,4425.72,4423.58,4424.43,541,8,0
2026-08-17 20:00:00+00:00,4424.44,4426.32,4423.97,4424.81,647,8,0
2026-08-17 20:05:00+00:00,4425.09,4425.1,4421.49,4422.59,736,8,0
2026-08-17 20:10:00+00:00,4422.55,4423.62,4422.0,4423.11,636,8,0
2026-08-17 20:15:00+00:00,4423.24,4423.41,4419.3,4419.66,737,8,0
2026-08-17 20:20:00+00:00,4419.78,4420.7,4416.36,4416.67,788,8,0
2026-08-17 20:25:00+00:00,4416.73,4417.37,4413.87,4416.91,866,8,0
2026-08-17 20:30:00+00:00,4416.79,4418.43,4413.94,4417.25,810,10,0
2026-08-17 20:35:00+00:00,4417.27,4417.49,4411.49,4411.51,793,8,0
2026-08-17 20:40:00+00:00,4411.5,4417.45,4410.81,4417.45,774,8,0
2026-08-17 20:45:00+00:00,4417.44,4419.85,4417.17,4419.16,683,8,0
2026-08-17 20:50:00+00:00,4419.14,4420.61,4417.02,4417.24,582,8,0
2026-08-17 20:55:00+00:00,4417.27,4418.08,4413.28,4413.7,667,8,0
2026-08-17 21:00:00+00:00,4413.71,4414.52,4410.84,4411.07,767,8,0
2026-08-17 21:05:00+00:00,4411.21,4413.07,4410.33,4411.64,712,8,0
2026-08-17 21:10:00+00:00,4411.74,4413.88,4410.23,4413.76,665,8,0
2026-08-17 21:15:00+00:00,4413.78,4416.13,4413.58,4415.13,678,8,0
2026-08-17 21:20:00+00:00,4415.09,4415.92,4409.08,4409.23,710,8,0
2026-08-17 21:25:00+00:00,4409.24,4409.78,4404.7,4406.09,782,13,0
2026-08-17 21:30:00+00:00,4406.07,4406.72,4398.37,4400.06,830,13,0
2026-08-17 21:35:00+00:00,4400.02,4402.49,4399.26,4402.1,618,9,0
2026-08-17 21:40:00+00:00,4402.14,4404.87,4401.44,4401.44,621,9,0
2026-08-17 21:45:00+00:00,4401.43,4405.93,4400.2,4405.8,562,9,0
2026-08-17 21:50:00+00:00,4405.63,4407.25,4404.98,4406.28,569,9,0
2026-08-17 21:55:00+00:00,4406.35,4406.85,4405.64,4406.59,419,9,0
2026-08-17 22:00:00+00:00,4406.53,4407.04,4401.86,4402.95,552,10,0
2026-08-17 22:05:00+00:00,4402.92,4404.01,4400.04,4403.68,616,9,0
2026-08-17 22:10:00+00:00,4403.71,4408.29,4403.55,4408.14,568,8,0
2026-08-17 22:15:00+00:00,4408.22,4416.15,4408.22,4415.17,753,10,0
2026-08-17 22:20:00+00:00,4415.07,4416.84,4414.93,4416.07,642,8,0
2026-08-17 22:25:00+00:00,4416.16,4417.49,4414.53,4414.53,510,8,0
2026-08-17 22:30:00+00:00,4414.55,4416.65,4414.22,4416.4,497,8,0
2026-08-17 22:35:00+00:00,4416.43,4417.27,4415.12,4416.58,529,9,0
2026-08-17 22:40:00+00:00,4416.57,4420.45,4415.61,4419.39,618,8,0
2026-08-17 22:45:00+00:00,4419.4,4421.02,4418.56,4420.17,595,9,0
2026-08-17 22:50:00+00:00,4420.15,4420.22,4416.58,4418.05,633,8,0
2026-08-17 22:55:00+00:00,4418.04,4420.87,4417.66,4419.86,738,8,0
2026-08-17 23:00:00+00:00,4419.84,4421.33,4418.14,4418.76,407,8,0
2026-08-17 23:05:00+00:00,4418.74,4418.74,4416.68,4417.23,261,8,0
2026-08-17 23:10:00+00:00,4417.24,4417.95,4416.8,4417.77,210,8,0
2026-08-17 23:15:00+00:00,4417.78,4417.98,4417.31,4417.92,186,8,0
2026-08-17 23:20:00+00:00,4417.93,4418.12,4417.02,4417.07,167,9,0
2026-08-17 23:25:00+00:00,4417.08,4417.18,4414.91,4415.16,208,10,0
2026-08-17 23:30:00+00:00,4415.16,4415.67,4414.9,4415.2,186,10,0
2026-08-17 23:35:00+00:00,4415.18,4415.4,4414.66,4415.12,183,10,0
2026-08-17 23:40:00+00:00,4415.1,4415.94,4415.09,4415.45,276,17,0
2026-08-17 23:45:00+00:00,4415.47,4416.74,4415.13,4415.72,270,17,0
2026-08-17 23:50:00+00:00,4415.74,4416.24,4415.32,4415.79,169,17,0
2026-08-17 23:55:00+00:00,4415.9,4417.27,4415.8,4415.87,278,17,0
2026-08-18 01:00:00+00:00,4416.56,4419.17,4415.57,4416.32,264,13,0
2026-08-18 01:05:00+00:00,4416.3,4416.61,4415.0,4415.68,279,19,0
2026-08-18 01:10:00+00:00,4415.32,4416.91,4415.25,4416.72,255,19,0
2026-08-18 01:15:00+00:00,4416.69,4417.27,4415.73,4415.85,296,19,0
2026-08-18 01:20:00+00:00,4415.83,4416.38,4415.24,4415.46,228,19,0
2026-08-18 01:25:00+00:00,4415.49,4415.54,4412.01,4412.36,324,19,0
2026-08-18 01:30:00+00:00,4412.47,4413.45,4411.66,4412.57,371,19,0
2026-08-18 01:35:00+00:00,4412.66,4414.73,4412.38,4413.09,261,17,0
2026-08-18 01:40:00+00:00,4413.1,4415.66,4412.96,4414.69,252,13,0
2026-08-18 01:45:00+00:00,4414.59,4416.25,4414.13,4415.07,203,14,0
2026-08-18 01:50:00+00:00,4415.13,4415.51,4411.99,4411.99,202,13,0
2026-08-18 01:55:00+00:00,4412.0,4413.24,4410.54,4411.86,323,19,0
2026-08-18 02:00:00+00:00,4411.81,4413.62,4409.72,4413.48,357,19,0
2026-08-18 02:05:00+00:00,4413.41,4414.41,4412.82,4413.86,260,17,0
2026-08-18 02:10:00+00:00,4414.0,4414.9,4413.38,4414.73,260,13,0
2026-08-18 02:15:00+00:00,4414.77,4418.42,4414.77,4417.72,367,18,0
2026-08-18 02:20:00+00:00,4417.68,4418.19,4416.39,4417.79,277,13,0
2026-08-18 02:25:00+00:00,4417.78,4421.84,4417.72,4420.31,380,14,0
2026-08-18 02:30:00+00:00,4420.31,4422.21,4420.0,4422.11,398,13,0
2026-08-18 02:35:00+00:00,4422.07,4422.28,4420.65,4421.22,314,13,0
2026-08-18 02:40:00+00:00,4421.23,4422.8,4420.23,4422.65,402,13,0
2026-08-18 02:45:00+00:00,4422.62,4423.94,4421.6,4423.89,442,13,0
2026-08-18 02:50:00+00:00,4423.88,4424.31,4422.55,4423.52,414,13,0
2026-08-18 02:55:00+00:00,4423.55,4426.09,4423.1,4425.94,381,11,0
2026-08-18 03:00:00+00:00,4429.34,4429.35,4419.26,4425.41,781,17,0
2026-08-18 03:05:00+00:00,4425.42,4426.18,4420.09,4420.27,655,17,0
2026-08-18 03:10:00+00:00,4420.25,4422.44,4419.05,4421.82,619,17,0
2026-08-18 03:15:00+00:00,4421.77,4428.15,4420.94,4427.04,734,17,0
2026-08-18 03:20:00+00:00,4426.98,4431.25,4422.95,4427.94,732,17,0
2026-08-18 03:25:00+00:00,4427.97,4431.55,4425.32,4431.32,725,16,0
2026-08-18 03:30:00+00:00,4431.4,4431.82,4428.36,4431.28,679,13,0
2026-08-18 03:35:00+00:00,4431.33,4433.53,4430.44,4433.1,522,12,0
2026-08-18 03:40:00+00:00,4433.12,4433.14,4428.62,4429.56,538,13,0
2026-08-18 03:45:00+00:00,4429.57,4430.18,4428.55,4429.01,485,16,0
2026-08-18 03:50:00+00:00,4429.02,4430.47,4428.59,4429.24,554,17,0
2026-08-18 03:55:00+00:00,4429.19,4435.05,4428.9,4434.71,633,17,0
2026-08-18 04:00:00+00:00,4434.63,4436.09,4429.26,4431.69,1059,17,0
2026-08-18 04:05:00+00:00,4431.39,4436.08,4429.08,4430.35,924,17,0
2026-08-18 04:10:00+00:00,4430.39,4431.8,4428.65,4429.34,798,16,0
2026-08-18 04:15:00+00:00,4429.3,4430.81,4422.72,4425.23,905,16,0
2026-08-18 04:20:00+00:00,4425.29,4426.52,4422.0,4423.64,807,16,0
2026-08-18 04:25:00+00:00,4423.64,4425.84,4420.29,4425.03,765,15,0
2026-08-18 04:30:00+00:00,4424.99,4426.18,4421.46,4422.43,766,17,0
2026-08-18 04:35:00+00:00,4422.47,4423.5,4420.34,4420.45,607,15,0
2026-08-18 04:40:00+00:00,4420.51,4421.79,4412.28,4412.28,819,17,0
2026-08-18 04:45:00+00:00,4412.1,4412.23,4404.25,4407.53,1031,17,0
2026-08-18 04:50:00+00:00,4407.74,4408.6,4404.36,4408.21,992,17,0
2026-08-18 04:55:00+00:00,4408.17,4409.51,4407.44,4408.07,793,14,0
2026-08-18 05:00:00+00:00,4408.13,4408.17,4400.95,4402.17,930,15,0
2026-08-18 05:05:00+00:00,4402.22,4404.08,4399.75,4399.94,805,13,0
2026-08-18 05:10:00+00:00,4399.88,4402.61,4398.56,4401.03,730,12,0
2026-08-18 05:15:00+00:00,4401.04,4405.53,4400.41,4404.0,675,11,0
2026-08-18 05:20:00+00:00,4403.99,4404.59,4401.62,4404.14,577,11,0
2026-08-18 05:25:00+00:00,4404.2,4405.24,4402.1,4402.38,577,12,0
2026-08-18 05:30:00+00:00,4402.42,4402.69,4396.17,4396.4,889,17,0
2026-08-18 05:35:00+00:00,4396.32,4399.81,4395.33,4396.56,788,17,0
2026-08-18 05:40:00+00:00,4396.55,4396.93,4394.26,4394.97,689,11,0
2026-08-18 05:45:00+00:00,4395.03,4398.17,4394.35,4397.22,684,11,0
2026-08-18 05:50:00+00:00,4397.21,4398.34,4395.78,4397.9,629,15,0
2026-08-18 05:55:00+00:00,4397.91,4400.46,4397.29,4399.95,752,16,0
2026-08-18 06:00:00+00:00,4399.93,4404.1,4399.93,4403.1,788,15,0
2026-08-18 06:05:00+00:00,4403.08,4403.54,4399.65,4401.55,723,14,0
2026-08-18 06:10:00+00:00,4401.42,4402.59,4398.89,4401.57,653,11,0
2026-08-18 06:15:00+00:00,4401.6,4402.21,4395.72,4396.58,744,11,0
2026-08-18 06:20:00+00:00,4396.59,4397.4,4394.38,4395.35,610,11,0
2026-08-18 06:25:00+00:00,4395.26,4397.69,4395.0,4397.18,615,11,0
2026-08-18 06:30:00+00:00,4397.19,4397.2,4395.61,4396.42,580,12,0
2026-08-18 06:35:00+00:00,4396.44,4396.83,4394.96,4395.09,540,14,0
2026-08-18 06:40:00+00:00,4395.08,4395.83,4394.57,4394.83,481,15,0
2026-08-18 06:45:00+00:00,4394.82,4395.07,4393.67,4393.67,474,16,0
2026-08-18 06:50:00+00:00,4393.7,4393.87,4391.63,4392.19,576,17,0
2026-08-18 06:55:00+00:00,4392.12,4392.62,4390.62,4391.89,475,11,0
2026-08-18 07:00:00+00:00,4391.91,4392.13,4390.18,4390.74,554,15,0
2026-08-18 07:05:00+00:00,4390.75,4392.12,4390.0,4391.23,492,11,0
2026-08-18 07:10:00+00:00,4391.22,4392.76,4390.91,4392.3,471,11,0
2026-08-18 07:15:00+00:00,4392.36,4393.65,4390.86,4391.38,459,12,0
2026-08-18 07:20:00+00:00,4391.4,4392.45,4390.73,4392.45,442,11,0
2026-08-18 07:25:00+00:00,4392.43,4392.81,4391.61,4392.47,459,11,0
2026-08-18 07:30:00+00:00,4392.46,4394.02,4391.47,4392.05,508,11,0
2026-08-18 07:35:00+00:00,4392.0,4393.0,4389.08,4391.46,583,11,0
2026-08-18 07:40:00+00:00,4391.44,4394.32,4390.43,4393.47,476,14,0
2026-08-18 07:45:00+00:00,4393.51,4394.93,4392.19,4394.83,444,12,0
2026-08-18 07:50:00+00:00,4394.78,4395.42,4393.62,4395.42,422,12,0
2026-08-18 07:55:00+00:00,4395.41,4395.45,4393.11,4393.6,402,13,0
2026-08-18 08:00:00+00:00,4393.52,4393.7,4391.04,4391.39,572,17,0
2026-08-18 08:05:00+00:00,4391.41,4394.15,4391.41,4393.82,448,16,0
2026-08-18 08:10:00+00:00,4393.83,4393.97,4390.92,4391.33,460,11,0
2026-08-18 08:15:00+00:00,4391.3,4394.64,4391.18,4394.51,430,11,0
2026-08-18 08:20:00+00:00,4394.68,4395.96,4394.48,4395.67,439,11,0
2026-08-18 08:25:00+00:00,4395.47,4396.07,4391.42,4391.42,450,11,0
2026-08-18 08:30:00+00:00,4391.41,4391.54,4386.05,4387.06,923,17,0
2026-08-18 08:35:00+00:00,4386.92,4391.01,4386.82,4390.07,778,17,0
2026-08-18 08:40:00+00:00,4390.04,4393.98,4388.72,4393.67,707,17,0
2026-08-18 08:45:00+00:00,4393.71,4395.84,4393.02,4395.82,671,16,0
2026-08-18 08:50:00+00:00,4395.79,4397.62,4394.11,4395.65,685,15,0
2026-08-18 08:55:00+00:00,4395.64,4396.81,4393.99,4394.39,586,16,0
2026-08-18 09:00:00+00:00,4394.37,4394.37,4388.98,4390.66,798,13,0
2026-08-18 09:05:00+00:00,4390.63,4393.8,4387.5,4392.93,783,10,0
2026-08-18 09:10:00+00:00,4392.87,4395.42,4392.47,4395.37,707,8,0
2026-08-18 09:15:00+00:00,4395.39,4396.4,4393.68,4395.4,709,8,0
2026-08-18 09:20:00+00:00,4395.4,4398.02,4394.44,4397.68,646,8,0
2026-08-18 09:25:00+00:00,4397.79,4399.81,4396.76,4399.55,702,9,0
2026-08-18 09:30:00+00:00,4399.49,4400.13,4395.28,4395.28,618,8,0
2026-08-18 09:35:00+00:00,4395.38,4397.61,4395.24,4397.19,580,9,0
2026-08-18 09:40:00+00:00,4397.2,4398.79,4396.87,4397.23,441,9,0
2026-08-18 09:45:00+00:00,4397.24,4399.34,4397.24,4397.96,476,9,0
2026-08-18 09:50:00+00:00,4398.05,4398.95,4397.57,4398.47,486,8,0
2026-08-18 09:55:00+00:00,4398.38,4399.08,4397.37,4398.83,562,11,0
2026-08-18 10:00:00+00:00,4398.91,4400.38,4396.85,4399.88,639,9,0
2026-08-18 10:05:00+00:00,4399.89,4400.85,4397.3,4397.61,554,11,0
2026-08-18 10:10:00+00:00,4397.35,4399.34,4396.99,4397.64,557,12,0
2026-08-18 10:15:00+00:00,4397.63,4400.68,4397.5,4399.6,494,8,0
2026-08-18 10:20:00+00:00,4399.57,4401.49,4399.4,4401.37,482,8,0
2026-08-18 10:25:00+00:00,4401.35,4403.37,4401.16,4403.14,591,10,0
2026-08-18 10:30:00+00:00,4403.13,4403.67,4396.46,4396.98,655,8,0
2026-08-18 10:35:00+00:00,4396.99,4402.65,4396.6,4402.02,593,8,0
2026-08-18 10:40:00+00:00,4402.05,4403.55,4400.26,4401.55,550,8,0
2026-08-18 10:45:00+00:00,4401.58,4402.77,4399.7,4400.07,501,8,0
2026-08-18 10:50:00+00:00,4399.82,4400.48,4398.04,4398.41,532,8,0
2026-08-18 10:55:00+00:00,4398.42,4398.8,4395.5,4395.76,516,9,0
2026-08-18 11:00:00+00:00,4395.71,4396.21,4394.27,4394.48,707,10,0
2026-08-18 11:05:00+00:00,4394.44,4394.54,4390.01,4391.1,703,10,0
2026-08-18 11:10:00+00:00,4391.09,4394.66,4387.97,4392.75,697,11,0
2026-08-18 11:15:00+00:00,4392.71,4393.41,4391.69,4392.11,641,9,0
2026-08-18 11:20:00+00:00,4392.1,4392.49,4386.9,4388.58,655,8,0
2026-08-18 11:25:00+00:00,4388.57,4389.51,4387.37,4389.46,655,8,0
2026-08-18 11:30:00+00:00,4389.41,4393.93,4389.16,4393.54,646,8,0
2026-08-18 11:35:00+00:00,4393.56,4398.61,4393.56,4398.29,677,8,0
2026-08-18 11:40:00+00:00,4398.28,4398.56,4396.69,4396.78,603,8,0
2026-08-18 11:45:00+00:00,4396.74,4397.0,4391.76,4393.21,553,8,0
2026-08-18 11:50:00+00:00,4393.24,4393.51,4391.67,4393.44,494,8,0
2026-08-18 11:55:00+00:00,4393.45,4394.65,4392.36,4393.4,546,8,0
2026-08-18 12:00:00+00:00,4393.18,4393.87,4392.04,4392.23,691,8,0
2026-08-18 12:05:00+00:00,4392.28,4392.96,4391.13,4391.78,575,8,0
2026-08-18 12:10:00+00:00,4391.95,4393.53,4391.46,4392.78,490,8,0
2026-08-18 12:15:00+00:00,4392.77,4392.79,4390.88,4391.28,445,8,0
2026-08-18 12:20:00+00:00,4391.25,4391.56,4388.99,4390.15,567,8,0
2026-08-18 12:25:00+00:00,4390.16,4391.17,4388.44,4389.17,608,8,0
2026-08-18 12:30:00+00:00,4389.06,4393.67,4389.04,4393.67,671,12,0
2026-08-18 12:35:00+00:00,4393.65,4394.91,4390.53,4391.24,610,11,0
2026-08-18 12:40:00+00:00,4391.25,4391.69,4387.29,4388.5,551,9,0
2026-08-18 12:45:00+00:00,4388.49,4392.3,4387.01,4392.3,569,9,0
2026-08-18 12:50:00+00:00,4392.1,4394.25,4392.05,4393.86,522,8,0
2026-08-18 12:55:00+00:00,4393.94,4394.97,4392.87,4393.38,488,8,0
2026-08-18 13:00:00+00:00,4393.34,4395.74,4392.33,4394.05,526,8,0
2026-08-18 13:05:00+00:00,4394.02,4394.71,4392.52,4393.48,459,8,0
2026-08-18 13:10:00+00:00,4393.5,4394.82,4392.76,4394.44,495,9,0
2026-08-18 13:15:00+00:00,4394.45,4396.16,4394.18,4395.49,467,9,0
2026-08-18 13:20:00+00:00,4395.54,4395.54,4391.46,4391.66,439,8,0
2026-08-18 13:25:00+00:00,4391.81,4392.25,4389.81,4392.07,436,8,0
2026-08-18 13:30:00+00:00,4392.11,4394.3,4391.75,4393.72,430,8,0
2026-08-18 13:35:00+00:00,4393.67,4397.71,4393.61,4397.54,451,8,0
2026-08-18 13:40:00+00:00,4397.58,4398.63,4397.12,4398.59,480,8,0
2026-08-18 13:45:00+00:00,4398.62,4399.59,4398.24,4398.87,403,8,0
2026-08-18 13:50:00+00:00,4398.86,4399.33,4396.46,4397.02,379,8,0
2026-08-18 13:55:00+00:00,4396.95,4397.77,4396.49,4397.69,443,8,0
2026-08-18 14:00:00+00:00,4397.71,4398.74,4393.6,4393.8,594,9,0
2026-08-18 14:05:00+00:00,4393.97,4394.71,4392.63,4393.7,441,9,0
2026-08-18 14:10:00+00:00,4393.69,4394.12,4392.08,4393.61,417,8,0
2026-08-18 14:15:00+00:00,4393.6,4394.75,4392.14,4393.1,467,8,0
2026-08-18 14:20:00+00:00,4393.16,4393.92,4390.3,4390.31,489,8,0
2026-08-18 14:25:00+00:00,4390.31,4391.84,4389.8,4390.09,531,8,0
2026-08-18 14:30:00+00:00,4390.1,4391.77,4389.52,4389.55,539,8,0
2026-08-18 14:35:00+00:00,4389.54,4391.65,4388.68,4390.56,546,8,0
2026-08-18 14:40:00+00:00,4390.61,4392.52,4389.59,4391.0,557,8,0
2026-08-18 14:45:00+00:00,4390.99,4393.75,4390.82,4392.3,451,8,0
2026-08-18 14:50:00+00:00,4392.29,4393.13,4389.84,4390.88,493,8,0
2026-08-18 14:55:00+00:00,4391.0,4396.83,4390.46,4395.99,564,8,0
2026-08-18 15:00:00+00:00,4396.0,4397.0,4391.82,4396.55,665,9,0
2026-08-18 15:05:00+00:00,4396.63,4397.07,4390.6,4391.22,748,13,0
2026-08-18 15:10:00+00:00,4391.29,4393.41,4389.95,4393.35,623,9,0
2026-08-18 15:15:00+00:00,4393.24,4393.75,4391.55,4392.89,535,8,0
2026-08-18 15:20:00+00:00,4392.93,4400.53,4392.89,4395.67,821,10,0
2026-08-18 15:25:00+00:00,4395.67,4395.96,4391.93,4395.23,684,8,0
2026-08-18 15:30:00+00:00,4395.28,4398.2,4392.33,4396.68,643,8,0
2026-08-18 15:35:00+00:00,4396.69,4397.8,4392.83,4394.32,722,8,0
2026-08-18 15:40:00+00:00,4394.3,4394.3,4391.12,4392.2,609,8,0
2026-08-18 15:45:00+00:00,4392.18,4396.56,4392.18,4396.06,613,8,0
2026-08-18 15:50:00+00:00,4396.05,4397.02,4392.38,4393.15,610,8,0
2026-08-18 15:55:00+00:00,4393.59,4395.41,4390.77,4394.26,628,8,0
2026-08-18 16:00:00+00:00,4393.98,4397.44,4390.15,4395.77,954,14,0
2026-08-18 16:05:00+00:00,4395.68,4396.52,4388.85,4389.31,829,10,0
2026-08-18 16:10:00+00:00,4389.17,4396.03,4388.47,4395.93,715,9,0
2026-08-18 16:15:00+00:00,4395.86,4396.15,4388.48,4390.99,824,9,0
2026-08-18 16:20:00+00:00,4391.0,4393.52,4388.24,4389.67,796,8,0
2026-08-18 16:25:00+00:00,4389.89,4392.43,4388.18,4388.54,873,8,0
2026-08-18 16:30:00+00:00,4388.73,4398.79,4376.27,4396.94,1176,13,0
2026-08-18 16:35:00+00:00,4396.9,4403.26,4395.56,4402.97,1146,12,0
2026-08-18 16:40:00+00:00,4402.91,4406.65,4399.76,4401.09,1109,11,0
2026-08-18 16:45:00+00:00,4401.11,4402.12,4391.88,4395.39,1115,10,0
2026-08-18 16:50:00+00:00,4395.37,4398.65,4390.25,4391.61,1110,10,0
2026-08-18 16:55:00+00:00,4391.72,4395.84,4390.47,4395.39,996,8,0
2026-08-18 17:00:00+00:00,4395.61,4406.49,4394.14,4404.28,1088,9,0
2026-08-18 17:05:00+00:00,4404.26,4404.54,4397.93,4398.44,1040,8,0
2026-08-18 17:10:00+00:00,4398.26,4398.99,4391.93,4393.57,1044,8,0
2026-08-18 17:15:00+00:00,4393.53,4405.31,4393.36,4402.23,1004,8,0
2026-08-18 17:20:00+00:00,4401.99,4403.09,4396.07,4398.0,1013,8,0
2026-08-18 17:25:00+00:00,4398.05,4399.22,4392.71,4394.46,1022,8,0
2026-08-18 17:30:00+00:00,4394.18,4396.24,4385.36,4389.87,1008,12,0
2026-08-18 17:35:00+00:00,4389.83,4390.13,4382.22,4382.81,1027,8,0
2026-08-18 17:40:00+00:00,4382.85,4384.91,4377.87,4380.08,1065,9,0
2026-08-18 17:45:00+00:00,4379.66,4388.51,4378.16,4386.93,1016,8,0
2026-08-18 17:50:00+00:00,4386.97,4388.95,4372.74,4379.3,1080,8,0
2026-08-18 17:55:00+00:00,4379.31,4382.8,4363.73,4366.43,1124,9,0
2026-08-18 18:00:00+00:00,4366.44,4375.89,4365.78,4374.93,1164,14,0
2026-08-18 18:05:00+00:00,4374.9,4376.75,4364.38,4365.06,1048,8,0
2026-08-18 18:10:00+00:00,4365.19,4367.24,4358.1,4360.0,1070,8,0
2026-08-18 18:15:00+00:00,4360.07,4365.37,4355.15,4355.15,1070,8,0
2026-08-18 18:20:00+00:00,4355.13,4357.07,4351.71,4354.49,1087,11,0
2026-08-18 18:25:00+00:00,4354.49,4359.59,4353.25,4354.23,1038,8,0
2026-08-18 18:30:00+00:00,4354.3,4361.93,4353.87,4359.22,1057,8,0
2026-08-18 18:35:00+00:00,4359.23,4361.57,4355.97,4360.63,1021,8,0
2026-08-18 18:40:00+00:00,4360.49,4361.18,4355.93,4357.73,940,8,0
2026-08-18 18:45:00+00:00,4357.87,4364.24,4357.87,4363.33,931,9,0
2026-08-18 18:50:00+00:00,4363.24,4365.83,4360.5,4363.86,878,8,0
2026-08-18 18:55:00+00:00,4363.78,4365.04,4362.57,4364.14,809,9,0
2026-08-18 19:00:00+00:00,4364.05,4368.53,4364.05,4366.8,807,9,0
2026-08-18 19:05:00+00:00,4367.11,4370.84,4366.14,4370.62,816,11,0
2026-08-18 19:10:00+00:00,4370.61,4370.85,4366.79,4367.01,721,9,0
2026-08-18 19:15:00+00:00,4367.0,4367.64,4363.8,4366.45,820,9,0
2026-08-18 19:20:00+00:00,4366.46,4368.88,4365.87,4367.51,759,9,0
2026-08-18 19:25:00+00:00,4367.55,4368.32,4363.56,4364.26,777,9,0
2026-08-18 19:30:00+00:00,4364.16,4366.74,4363.33,4365.59,817,13,0
2026-08-18 19:35:00+00:00,4365.71,4367.05,4363.08,4365.01,748,8,0
2026-08-18 19:40:00+00:00,4365.1,4367.83,4364.7,4366.59,728,8,0
2026-08-18 19:45:00+00:00,4366.61,4366.95,4362.47,4362.75,731,8,0
2026-08-18 19:50:00+00:00,4362.82,4368.05,4362.34,4367.8,721,8,0
2026-08-18 19:55:00+00:00,4367.92,4367.92,4362.49,4363.26,753,8,0
2026-08-18 20:00:00+00:00,4363.21,4365.03,4362.87,4363.84,828,8,0
2026-08-18 20:05:00+00:00,4363.79,4365.53,4363.7,4365.06,701,8,0
2026-08-18 20:10:00+00:00,4365.23,4366.41,4364.1,4366.23,666,8,0
2026-08-18 20:15:00+00:00,4366.24,4367.54,4362.45,4363.53,706,9,0
2026-08-18 20:20:00+00:00,4363.47,4366.74,4363.47,4366.73,726,8,0
2026-08-18 20:25:00+00:00,4366.76,4367.52,4363.03,4364.73,752,8,0
2026-08-18 20:30:00+00:00,4364.7,4365.4,4360.63,4363.78,712,8,0
2026-08-18 20:35:00+00:00,4363.72,4364.58,4360.24,4361.95,735,8,0
2026-08-18 20:40:00+00:00,4361.93,4364.29,4357.96,4358.0,708,8,0
2026-08-18 20:45:00+00:00,4357.94,4359.66,4356.3,4358.06,652,8,0
2026-08-18 20:50:00+00:00,4358.03,4359.78,4357.88,4358.74,593,8,0
2026-08-18 20:55:00+00:00,4358.8,4359.15,4356.78,4357.73,694,8,0
2026-08-18 21:00:00+00:00,4357.93,4357.93,4352.72,4353.48,740,13,0
2026-08-18 21:05:00+00:00,4353.49,4355.76,4352.28,4354.83,660,8,0
2026-08-18 21:10:00+00:00,4355.03,4357.34,4352.16,4357.05,648,8,0
2026-08-18 21:15:00+00:00,4357.07,4358.37,4356.03,4358.21,642,8,0
2026-08-18 21:20:00+00:00,4358.22,4358.68,4354.94,4356.18,611,8,0
2026-08-18 21:25:00+00:00,4356.19,4360.21,4355.72,4359.53,648,8,0
2026-08-18 21:30:00+00:00,4359.51,4359.87,4357.27,4358.96,596,8,0
2026-08-18 21:35:00+00:00,4358.97,4359.53,4357.64,4358.97,566,8,0
2026-08-18 21:40:00+00:00,4359.08,4359.08,4352.74,4353.54,591,9,0
2026-08-18 21:45:00+00:00,4353.58,4354.84,4352.11,4353.14,567,8,0
2026-08-18 21:50:00+00:00,4353.17,4354.48,4353.14,4353.93,445,8,0
2026-08-18 21:55:00+00:00,4353.94,4355.23,4353.18,4353.55,542,8,0
2026-08-18 22:00:00+00:00,4353.6,4357.32,4353.38,4354.02,556,9,0
2026-08-18 22:05:00+00:00,4354.39,4356.26,4354.08,4354.62,458,8,0
2026-08-18 22:10:00+00:00,4354.6,4357.65,4353.93,4356.33,541,8,0
2026-08-18 22:15:00+00:00,4356.31,4357.98,4353.31,4353.89,522,8,0
2026-08-18 22:20:00+00:00,4353.9,4355.63,4351.95,4352.37,526,9,0
2026-08-18 22:25:00+00:00,4352.38,4355.06,4351.8,4354.07,549,8,0
2026-08-18 22:30:00+00:00,4354.1,4356.76,4353.15,4354.1,601,8,0
2026-08-18 22:35:00+00:00,4354.1,4355.36,4353.5,4354.92,559,8,0
2026-08-18 22:40:00+00:00,4354.9,4357.66,4349.97,4350.01,652,8,0
2026-08-18 22:45:00+00:00,4349.74,4353.16,4343.84,4346.0,839,11,0
2026-08-18 22:50:00+00:00,4346.03,4346.77,4342.1,4345.33,899,13,0
2026-08-18 22:55:00+00:00,4345.38,4346.36,4338.54,4344.89,959,13,0
2026-08-18 23:00:00+00:00,4344.83,4345.77,4341.86,4343.24,587,9,0
2026-08-18 23:05:00+00:00,4343.23,4343.73,4341.85,4342.25,405,8,0
2026-08-18 23:10:00+00:00,4342.23,4342.81,4339.88,4341.29,395,8,0
2026-08-18 23:15:00+00:00,4341.34,4341.62,4339.14,4341.14,315,9,0
2026-08-18 23:20:00+00:00,4341.19,4341.19,4332.84,4337.0,503,11,0
2026-08-18 23:25:00+00:00,4336.99,4337.82,4335.88,4337.15,321,8,0
2026-08-18 23:30:00+00:00,4337.16,4338.8,4335.83,4338.57,363,9,0
2026-08-18 23:35:00+00:00,4338.58,4338.85,4336.71,4338.58,276,8,0
2026-08-18 23:40:00+00:00,4338.54,4338.54,4331.76,4332.85,374,19,0
2026-08-18 23:45:00+00:00,4332.8,4333.84,4329.93,4333.81,544,19,0
2026-08-18 23:50:00+00:00,4333.65,4334.93,4330.87,4334.93,442,21,0
2026-08-18 23:55:00+00:00,4335.09,4336.18,4333.22,4335.19,401,21,0
2026-08-19 01:00:00+00:00,4335.27,4341.81,4335.01,4341.69,371,23,0
2026-08-19 01:05:00+00:00,4341.7,4343.51,4340.62,4342.82,344,34,0
2026-08-19 01:10:00+00:00,4342.78,4343.69,4340.7,4341.28,340,31,0
2026-08-19 01:15:00+00:00,4341.3,4342.47,4338.91,4339.26,496,21,0
2026-08-19 01:20:00+00:00,4339.27,4340.45,4333.88,4335.26,535,21,0
2026-08-19 01:25:00+00:00,4335.25,4339.16,4334.57,4336.27,467,21,0
2026-08-19 01:30:00+00:00,4336.33,4336.61,4335.25,4335.87,351,14,0
2026-08-19 01:35:00+00:00,4335.91,4336.54,4333.69,4333.94,356,14,0
2026-08-19 01:40:00+00:00,4333.93,4334.87,4332.93,4333.89,417,20,0
2026-08-19 01:45:00+00:00,4333.9,4334.9,4333.43,4334.9,303,18,0
2026-08-19 01:50:00+00:00,4334.89,4335.66,4333.98,4335.08,429,20,0
2026-08-19 01:55:00+00:00,4335.07,4335.12,4333.16,4333.83,303,17,0
2026-08-19 02:00:00+00:00,4333.95,4336.23,4332.95,4335.9,379,16,0
2026-08-19 02:05:00+00:00,4335.91,4338.45,4334.61,4335.2,447,15,0
2026-08-19 02:10:00+00:00,4335.14,4335.37,4332.73,4334.14,496,17,0
2026-08-19 02:15:00+00:00,4333.85,4334.95,4332.37,4332.43,423,11,0
2026-08-19 02:20:00+00:00,4332.42,4337.38,4330.83,4332.72,478,11,0
2026-08-19 02:25:00+00:00,4332.65,4333.6,4330.01,4330.6,537,15,0
2026-08-19 02:30:00+00:00,4330.47,4332.69,4327.22,4330.97,608,16,0
2026-08-19 02:35:00+00:00,4330.82,4331.83,4327.25,4328.93,503,16,0
2026-08-19 02:40:00+00:00,4328.92,4330.49,4328.16,4329.89,474,13,0
2026-08-19 02:45:00+00:00,4329.88,4332.13,4329.63,4330.99,551,13,0
2026-08-19 02:50:00+00:00,4331.01,4334.14,4330.04,4333.95,453,13,0
2026-08-19 02:55:00+00:00,4333.98,4333.98,4331.48,4333.09,466,13,0
2026-08-19 03:00:00+00:00,4332.47,4340.64,4331.65,4336.88,854,18,0
2026-08-19 03:05:00+00:00,4336.87,4341.08,4336.06,4339.99,800,19,0
2026-08-19 03:10:00+00:00,4340.0,4344.97,4338.3,4343.05,777,19,0
2026-08-19 03:15:00+00:00,4343.0,4346.38,4342.98,4343.65,761,15,0
2026-08-19 03:20:00+00:00,4343.66,4346.18,4341.81,4343.27,727,19,0
2026-08-19 03:25:00+00:00,4343.22,4343.8,4339.24,4343.03,750,13,0
2026-08-19 03:30:00+00:00,4342.96,4345.69,4339.71,4340.71,736,14,0
2026-08-19 03:35:00+00:00,4340.7,4346.82,4340.6,4344.53,729,15,0
2026-08-19 03:40:00+00:00,4344.85,4347.22,4343.21,4343.67,643,13,0
2026-08-19 03:45:00+00:00,4343.73,4344.44,4342.49,4342.82,668,13,0
2026-08-19 03:50:00+00:00,4342.81,4344.74,4341.37,4341.45,884,15,0
2026-08-19 03:55:00+00:00,4341.49,4342.45,4337.18,4338.12,839,19,0
2026-08-19 04:00:00+00:00,4338.18,4339.77,4324.59,4332.54,1117,19,0
2026-08-19 04:05:00+00:00,4332.53,4342.75,4331.41,4340.47,996,19,0
2026-08-19 04:10:00+00:00,4340.34,4343.91,4337.15,4343.71,902,19,0
2026-08-19 04:15:00+00:00,4343.78,4346.22,4334.66,4337.9,1023,19,0
2026-08-19 04:20:00+00:00,4337.95,4340.08,4333.1,4337.36,972,19,0
2026-08-19 04:25:00+00:00,4337.37,4342.58,4335.59,4342.38,856,17,0
2026-08-19 04:30:00+00:00,4342.2,4351.13,4342.2,4350.57,934,17,0
2026-08-19 04:35:00+00:00,4350.63,4356.35,4350.23,4355.25,906,18,0
2026-08-19 04:40:00+00:00,4355.38,4357.6,4354.18,4355.52,808,19,0
2026-08-19 04:45:00+00:00,4355.57,4356.65,4350.88,4350.9,832,19,0
2026-08-19 04:50:00+00:00,4351.11,4355.02,4350.6,4353.23,723,18,0
2026-08-19 04:55:00+00:00,4353.36,4356.68,4352.84,4356.47,741,18,0
2026-08-19 05:00:00+00:00,4356.48,4357.24,4351.72,4354.41,695,18,0
2026-08-19 05:05:00+00:00,4354.46,4357.1,4352.93,4355.8,671,17,0
2026-08-19 05:10:00+00:00,4355.74,4355.96,4352.61,4353.62,639,17,0
2026-08-19 05:15:00+00:00,4353.7,4360.49,4352.55,4358.86,847,19,0
2026-08-19 05:20:00+00:00,4358.86,4361.99,4358.07,4359.96,636,13,0
2026-08-19 05:25:00+00:00,4359.91,4361.26,4359.15,4359.7,521,13,0
2026-08-19 05:30:00+00:00,4359.83,4360.24,4355.62,4356.8,822,19,0
2026-08-19 05:35:00+00:00,4356.84,4358.3,4354.11,4355.18,804,15,0
2026-08-19 05:40:00+00:00,4355.09,4358.21,4354.76,4355.11,693,13,0
2026-08-19 05:45:00+00:00,4355.19,4357.15,4354.07,4355.58,731,13,0
2026-08-19 05:50:00+00:00,4355.55,4356.41,4352.93,4353.95,713,13,0
2026-08-19 05:55:00+00:00,4353.97,4354.92,4351.56,4354.85,714,17,0
2026-08-19 06:00:00+00:00,4354.87,4355.98,4352.68,4355.52,732,17,0
2026-08-19 06:05:00+00:00,4355.58,4355.58,4351.95,4353.66,657,13,0
2026-08-19 06:10:00+00:00,4353.66,4355.28,4353.44,4354.47,570,15,0
2026-08-19 06:15:00+00:00,4354.51,4356.13,4351.95,4352.8,601,13,0
2026-08-19 06:20:00+00:00,4352.81,4355.75,4351.87,4355.65,535,13,0
2026-08-19 06:25:00+00:00,4355.69,4357.81,4355.69,4357.08,501,14,0
2026-08-19 06:30:00+00:00,4357.22,4358.36,4355.94,4356.96,423,15,0
2026-08-19 06:35:00+00:00,4356.85,4360.36,4356.85,4358.1,351,14,0
2026-08-19 06:40:00+00:00,4358.11,4358.72,4357.06,4358.5,415,14,0
2026-08-19 06:45:00+00:00,4358.52,4358.82,4356.35,4357.8,408,18,0
2026-08-19 06:50:00+00:00,4357.82,4358.42,4355.67,4355.67,351,17,0
2026-08-19 06:55:00+00:00,4355.7,4356.54,4354.74,4354.94,331,17,0
2026-08-19 07:00:00+00:00,4355.16,4356.14,4353.41,4353.88,358,19,0
2026-08-19 07:05:00+00:00,4353.87,4354.79,4353.02,4354.41,267,17,0
2026-08-19 07:10:00+00:00,4354.5,4354.89,4353.57,4354.65,324,17,0
2026-08-19 07:15:00+00:00,4354.66,4354.95,4350.13,4352.33,486,15,0
2026-08-19 07:20:00+00:00,4352.34,4352.78,4350.86,4351.6,540,18,0
2026-08-19 07:25:00+00:00,4351.64,4351.64,4350.2,4351.16,404,15,0
2026-08-19 07:30:00+00:00,4351.18,4352.06,4349.66,4349.66,511,16,0
2026-08-19 07:35:00+00:00,4349.75,4350.61,4346.56,4346.56,466,13,0
2026-08-19 07:40:00+00:00,4346.59,4347.48,4344.99,4346.63,473,14,0
2026-08-19 07:45:00+00:00,4346.52,4347.09,4345.86,4346.54,389,13,0
2026-08-19 07:50:00+00:00,4346.55,4346.62,4343.92,4344.89,407,13,0
2026-08-19 07:55:00+00:00,4344.9,4348.51,4344.52,4348.47,471,13,0
2026-08-19 08:00:00+00:00,4348.37,4350.64,4346.31,4347.15,620,13,0
2026-08-19 08:05:00+00:00,4347.16,4347.73,4342.42,4342.48,611,15,0
2026-08-19 08:10:00+00:00,4342.46,4342.76,4338.83,4338.88,589,11,0
2026-08-19 08:15:00+00:00,4338.89,4339.57,4336.69,4337.67,496,11,0
2026-08-19 08:20:00+00:00,4337.68,4342.46,4337.48,4341.45,575,16,0
2026-08-19 08:25:00+00:00,4341.48,4345.26,4340.63,4345.23,513,11,0
2026-08-19 08:30:00+00:00,4345.21,4345.38,4336.88,4338.41,998,17,0
2026-08-19 08:35:00+00:00,4338.36,4342.93,4336.74,4342.9,809,17,0
2026-08-19 08:40:00+00:00,4342.82,4343.56,4339.93,4342.22,726,16,0
2026-08-19 08:45:00+00:00,4342.23,4342.25,4335.2,4337.05,781,17,0
2026-08-19 08:50:00+00:00,4337.06,4337.98,4335.14,4335.41,773,17,0
2026-08-19 08:55:00+00:00,4335.43,4338.8,4335.16,4335.65,673,11,0
2026-08-19 09:00:00+00:00,4335.33,4341.26,4335.12,4337.43,864,9,0
2026-08-19 09:05:00+00:00,4337.38,4340.37,4335.35,4339.13,835,10,0
2026-08-19 09:10:00+00:00,4338.96,4341.79,4337.12,4337.46,714,8,0
2026-08-19 09:15:00+00:00,4337.45,4346.16,4336.9,4345.23,817,8,0
2026-08-19 09:20:00+00:00,4345.29,4348.26,4344.7,4345.99,767,9,0
2026-08-19 09:25:00+00:00,4345.96,4346.86,4340.55,4343.24,758,9,0
2026-08-19 09:30:00+00:00,4343.22,4343.32,4337.13,4338.66,858,9,0
2026-08-19 09:35:00+00:00,4338.69,4345.63,4338.68,4343.99,699,8,0
2026-08-19 09:40:00+00:00,4343.95,4344.36,4341.5,4341.83,701,8,0
2026-08-19 09:45:00+00:00,4341.84,4344.15,4340.83,4343.81,759,8,0
2026-08-19 09:50:00+00:00,4343.85,4347.87,4343.85,4347.74,762,8,0
2026-08-19 09:55:00+00:00,4347.71,4349.42,4347.42,4348.99,807,8,0
2026-08-19 10:00:00+00:00,4349.18,4351.22,4347.46,4348.06,711,9,0
2026-08-19 10:05:00+00:00,4348.04,4353.45,4347.84,4352.89,672,10,0
2026-08-19 10:10:00+00:00,4352.86,4353.5,4349.82,4350.4,567,8,0
2026-08-19 10:15:00+00:00,4350.5,4351.52,4347.53,4351.04,622,8,0
2026-08-19 10:20:00+00:00,4351.03,4354.98,4349.05,4354.28,654,10,0
2026-08-19 10:25:00+00:00,4354.13,4357.01,4353.97,4356.65,685,8,0
2026-08-19 10:30:00+00:00,4356.67,4360.73,4356.32,4359.54,662,8,0
2026-08-19 10:35:00+00:00,4359.52,4363.14,4357.57,4357.63,624,8,0
2026-08-19 10:40:00+00:00,4357.68,4357.78,4352.81,4354.48,596,8,0
2026-08-19 10:45:00+00:00,4354.44,4357.11,4354.25,4355.96,553,8,0
2026-08-19 10:50:00+00:00,4356.4,4357.6,4354.8,4355.65,545,8,0
2026-08-19 10:55:00+00:00,4355.64,4356.3,4354.68,4354.85,555,8,0
2026-08-19 11:00:00+00:00,4354.79,4357.69,4351.15,4357.05,817,8,0
2026-08-19 11:05:00+00:00,4357.09,4361.17,4356.18,4360.88,749,11,0
2026-08-19 11:10:00+00:00,4360.87,4362.77,4359.97,4361.61,670,9,0
2026-08-19 11:15:00+00:00,4361.64,4362.48,4359.87,4359.89,627,9,0
2026-08-19 11:20:00+00:00,4359.9,4360.19,4357.36,4360.07,681,9,0
2026-08-19 11:25:00+00:00,4360.0,4360.94,4358.3,4360.58,621,11,0
2026-08-19 11:30:00+00:00,4360.98,4361.22,4356.96,4357.15,649,8,0
2026-08-19 11:35:00+00:00,4357.14,4361.01,4356.56,4360.15,602,8,0
2026-08-19 11:40:00+00:00,4360.14,4363.08,4359.44,4362.63,599,9,0
2026-08-19 11:45:00+00:00,4362.64,4363.18,4360.84,4361.73,537,8,0
2026-08-19 11:50:00+00:00,4361.74,4361.98,4358.22,4358.25,625,8,0
2026-08-19 11:55:00+00:00,4358.29,4358.5,4354.88,4355.74,642,8,0
2026-08-19 12:00:00+00:00,4355.73,4359.26,4355.07,4359.07,683,8,0
2026-08-19 12:05:00+00:00,4359.06,4359.84,4355.45,4355.85,628,8,0
2026-08-19 12:10:00+00:00,4355.82,4357.74,4355.53,4356.3,606,8,0
2026-08-19 12:15:00+00:00,4356.31,4356.6,4353.49,4355.27,657,8,0
2026-08-19 12:20:00+00:00,4355.28,4357.11,4353.59,4356.04,635,8,0
2026-08-19 12:25:00+00:00,4356.05,4357.46,4354.12,4356.6,539,8,0
2026-08-19 12:30:00+00:00,4356.63,4357.7,4355.41,4356.55,597,8,0
2026-08-19 12:35:00+00:00,4356.53,4357.35,4356.07,4356.86,517,8,0
2026-08-19 12:40:00+00:00,4356.89,4361.03,4356.68,4358.86,602,8,0
2026-08-19 12:45:00+00:00,4358.85,4361.06,4358.38,4360.8,517,8,0
2026-08-19 12:50:00+00:00,4360.45,4360.84,4358.1,4359.74,541,9,0
2026-08-19 12:55:00+00:00,4359.81,4361.99,4359.22,4361.95,594,8,0
2026-08-19 13:00:00+00:00,4361.91,4363.19,4359.81,4360.03,630,10,0
2026-08-19 13:05:00+00:00,4360.04,4362.77,4359.66,4361.48,515,8,0
2026-08-19 13:10:00+00:00,4361.49,4364.26,4360.93,4363.74,586,8,0
2026-08-19 13:15:00+00:00,4363.81,4368.58,4363.6,4368.58,653,9,0
2026-08-19 13:20:00+00:00,4368.54,4369.13,4366.87,4368.49,603,8,0
2026-08-19 13:25:00+00:00,4368.47,4369.05,4366.73,4368.76,527,8,0
2026-08-19 13:30:00+00:00,4368.76,4369.48,4366.07,4367.17,534,8,0
2026-08-19 13:35:00+00:00,4367.18,4367.81,4366.61,4367.29,443,8,0
2026-08-19 13:40:00+00:00,4367.25,4368.77,4366.8,4368.06,430,8,0
2026-08-19 13:45:00+00:00,4368.05,4369.52,4367.39,4368.51,397,9,0
2026-08-19 13:50:00+00:00,4368.5,4368.86,4367.05,4367.44,423,8,0
2026-08-19 13:55:00+00:00,4367.24,4367.91,4366.28,4367.26,361,8,0
2026-08-19 14:00:00+00:00,4367.27,4370.96,4367.27,4370.94,670,11,0
2026-08-19 14:05:00+00:00,4370.89,4373.69,4370.64,4371.18,635,11,0
2026-08-19 14:10:00+00:00,4371.19,4374.06,4370.78,4373.37,587,10,0
2026-08-19 14:15:00+00:00,4373.33,4374.06,4369.63,4370.45,483,9,0
2026-08-19 14:20:00+00:00,4370.5,4371.01,4368.91,4370.4,507,8,0
2026-08-19 14:25:00+00:00,4370.41,4372.85,4370.02,4370.48,518,8,0
2026-08-19 14:30:00+00:00,4370.38,4371.15,4368.63,4369.44,607,8,0
2026-08-19 14:35:00+00:00,4369.4,4369.94,4366.99,4368.03,551,8,0
2026-08-19 14:40:00+00:00,4367.99,4368.05,4363.24,4363.61,636,8,0
2026-08-19 14:45:00+00:00,4363.57,4367.58,4363.48,4367.42,576,8,0
2026-08-19 14:50:00+00:00,4367.4,4367.41,4363.74,4365.82,515,8,0
2026-08-19 14:55:00+00:00,4365.81,4366.37,4364.23,4364.75,538,8,0
2026-08-19 15:00:00+00:00,4364.67,4365.36,4362.14,4364.24,622,9,0
2026-08-19 15:05:00+00:00,4364.09,4368.3,4363.52,4367.87,671,9,0
2026-08-19 15:10:00+00:00,4367.85,4370.67,4366.81,4368.39,681,8,0
2026-08-19 15:15:00+00:00,4368.37,4370.15,4366.02,4368.12,640,8,0
2026-08-19 15:20:00+00:00,4368.13,4372.99,4367.61,4369.73,888,14,0
2026-08-19 15:25:00+00:00,4369.72,4370.66,4367.28,4368.67,684,8,0
2026-08-19 15:30:00+00:00,4368.79,4384.2,4367.95,4383.89,957,8,0
2026-08-19 15:35:00+00:00,4383.88,4416.64,4382.86,4412.68,1169,14,0
2026-08-19 15:40:00+00:00,4412.66,4420.79,4406.41,4417.17,1172,14,0
2026-08-19 15:45:00+00:00,4417.7,4421.24,4411.09,4417.02,1154,12,0
2026-08-19 15:50:00+00:00,4416.89,4428.69,4411.0,4428.53,1139,12,0
2026-08-19 15:55:00+00:00,4428.74,4442.21,4426.42,4438.82,1129,11,0
2026-08-19 16:00:00+00:00,4438.85,4442.0,4427.2,4427.44,1153,10,0
2026-08-19 16:05:00+00:00,4427.55,4441.46,4424.59,4441.32,1149,8,0
2026-08-19 16:10:00+00:00,4441.58,4460.82,4441.4,4456.3,1128,8,0
2026-08-19 16:15:00+00:00,4456.26,4464.28,4455.79,4460.19,1097,8,0
2026-08-19 16:20:00+00:00,4460.27,4462.87,4455.05,4459.36,1095,8,0
2026-08-19 16:25:00+00:00,4459.3,4461.21,4455.36,4458.45,1090,8,0
2026-08-19 16:30:00+00:00,4458.18,4466.24,4455.35,4461.77,1200,12,0
2026-08-19 16:35:00+00:00,4461.73,4461.88,4442.36,4455.75,1188,11,0
2026-08-19 16:40:00+00:00,4455.68,4464.5,4450.03,4461.06,1180,9,0
2026-08-19 16:45:00+00:00,4460.65,4462.01,4449.75,4450.14,1154,8,0
2026-08-19 16:50:00+00:00,4450.34,4456.34,4445.18,4453.6,1178,8,0
2026-08-19 16:55:00+00:00,4453.61,4463.26,4451.61,4459.79,1161,9,0
2026-08-19 17:00:00+00:00,4459.56,4462.67,4455.34,4460.52,1142,9,0
2026-08-19 17:05:00+00:00,4460.53,4471.98,4460.53,4471.95,1144,9,0
2026-08-19 17:10:00+00:00,4471.99,4475.59,4469.15,4473.78,1148,9,0
2026-08-19 17:15:00+00:00,4473.8,4478.25,4471.54,4471.74,1127,8,0
2026-08-19 17:20:00+00:00,4471.52,4480.35,4470.29,4478.33,1119,8,0
2026-08-19 17:25:00+00:00,4478.42,4487.81,4477.6,4485.98,1102,8,0
2026-08-19 17:30:00+00:00,4486.03,4491.06,4484.05,4487.37,1110,8,0
2026-08-19 17:35:00+00:00,4487.57,4491.64,4486.64,4489.19,1068,8,0
2026-08-19 17:40:00+00:00,4489.25,4498.73,4487.39,4489.69,1116,9,0
2026-08-19 17:45:00+00:00,4489.56,4489.59,4478.15,4479.17,1087,8,0
2026-08-19 17:50:00+00:00,4479.22,4486.8,4478.5,4485.71,1059,8,0
2026-08-19 17:55:00+00:00,4485.69,4489.6,4485.34,4488.23,1016,8,0
2026-08-19 18:00:00+00:00,4488.21,4488.4,4481.11,4484.88,1061,8,0
2026-08-19 18:05:00+00:00,4484.92,4487.16,4482.07,4482.13,994,8,0
2026-08-19 18:10:00+00:00,4482.12,4487.65,4479.86,4485.4,979,8,0
2026-08-19 18:15:00+00:00,4485.57,4487.37,4483.92,4486.12,963,8,0
2026-08-19 18:20:00+00:00,4486.19,4487.93,4481.3,4481.3,977,8,0
2026-08-19 18:25:00+00:00,4481.1,4484.61,4478.21,4483.73,1079,9,0
2026-08-19 18:30:00+00:00,4483.57,4486.13,4480.32,4484.73,1073,8,0
2026-08-19 18:35:00+00:00,4484.74,4488.33,4484.74,4487.02,937,8,0
2026-08-19 18:40:00+00:00,4487.05,4492.49,4484.76,4490.31,987,8,0
2026-08-19 18:45:00+00:00,4490.28,4494.09,4489.87,4490.75,964,9,0
2026-08-19 18:50:00+00:00,4490.69,4492.85,4488.71,4491.29,912,8,0
2026-08-19 18:55:00+00:00,4491.22,4493.89,4490.86,4493.83,886,8,0
2026-08-19 19:00:00+00:00,4493.84,4497.43,4493.33,4493.34,985,11,0
2026-08-19 19:05:00+00:00,4493.41,4497.57,4491.37,4497.15,918,8,0
2026-08-19 19:10:00+00:00,4497.19,4499.03,4496.71,4497.64,823,8,0
2026-08-19 19:15:00+00:00,4497.7,4499.32,4494.36,4494.36,893,8,0
2026-08-19 19:20:00+00:00,4494.38,4495.9,4492.79,4494.04,838,8,0
2026-08-19 19:25:00+00:00,4494.22,4494.84,4489.93,4490.37,883,8,0
2026-08-19 19:30:00+00:00,4490.41,4495.77,4489.91,4495.58,833,8,0
2026-08-19 19:35:00+00:00,4495.59,4496.16,4492.18,4495.22,838,8,0
2026-08-19 19:40:00+00:00,4495.5,4496.3,4493.78,4495.25,827,8,0
2026-08-19 19:45:00+00:00,4495.13,4496.86,4493.59,4494.69,792,8,0
2026-08-19 19:50:00+00:00,4494.7,4497.88,4494.23,4494.53,855,8,0
2026-08-19 19:55:00+00:00,4494.7,4495.3,4493.49,4493.75,846,8,0
2026-08-19 20:00:00+00:00,4493.3,4499.04,4493.3,4496.77,963,8,0
2026-08-19 20:05:00+00:00,4496.8,4497.17,4491.49,4493.12,907,8,0
2026-08-19 20:10:00+00:00,4493.16,4493.84,4489.0,4492.77,905,8,0
2026-08-19 20:15:00+00:00,4492.54,4492.75,4487.31,4489.21,825,8,0
2026-08-19 20:20:00+00:00,4489.31,4490.48,4487.9,4489.36,864,8,0
2026-08-19 20:25:00+00:00,4489.5,4489.57,4486.21,4488.03,889,8,0
2026-08-19 20:30:00+00:00,4488.02,4489.12,4484.43,4488.27,812,8,0
2026-08-19 20:35:00+00:00,4488.23,4490.02,4486.68,4488.51,770,8,0
2026-08-19 20:40:00+00:00,4488.48,4491.64,4487.17,4488.81,771,8,0
2026-08-19 20:45:00+00:00,4488.76,4489.54,4487.72,4488.37,670,8,0
2026-08-19 20:50:00+00:00,4488.36,4489.14,4485.69,4486.31,663,8,0
2026-08-19 20:55:00+00:00,4486.41,4486.98,4484.43,4486.82,633,9,0
2026-08-19 21:00:00+00:00,4486.92,4495.83,4485.64,4495.83,989,13,0
2026-08-19 21:05:00+00:00,4495.79,4496.52,4486.32,4489.02,988,11,0
2026-08-19 21:10:00+00:00,4488.93,4490.3,4486.21,4487.99,848,9,0
2026-08-19 21:15:00+00:00,4488.01,4488.01,4482.47,4484.89,881,9,0
2026-08-19 21:20:00+00:00,4484.97,4485.14,4481.1,4481.48,856,9,0
2026-08-19 21:25:00+00:00,4481.49,4481.91,4472.96,4475.28,985,9,0
2026-08-19 21:30:00+00:00,4475.39,4481.28,4472.16,4480.59,955,10,0
2026-08-19 21:35:00+00:00,4480.62,4484.64,4478.91,4484.39,864,8,0
2026-08-19 21:40:00+00:00,4484.33,4492.17,4483.94,4490.99,861,8,0
2026-08-19 21:45:00+00:00,4490.97,4492.65,4490.04,4492.19,706,8,0
2026-08-19 21:50:00+00:00,4492.18,4496.99,4491.41,4494.36,755,8,0
2026-08-19 21:55:00+00:00,4494.43,4495.81,4494.09,4495.08,788,9,0
2026-08-19 22:00:00+00:00,4495.16,4498.47,4494.47,4496.95,870,9,0
2026-08-19 22:05:00+00:00,4496.97,4505.77,4495.33,4505.18,854,10,0
2026-08-19 22:10:00+00:00,4505.15,4505.41,4502.29,4503.3,871,8,0
2026-08-19 22:15:00+00:00,4503.32,4506.2,4503.2,4504.87,792,8,0
2026-08-19 22:20:00+00:00,4504.71,4505.36,4502.66,4505.36,755,8,0
2026-08-19 22:25:00+00:00,4505.37,4507.69,4503.37,4507.31,822,8,0
2026-08-19 22:30:00+00:00,4507.47,4510.68,4505.9,4509.43,826,8,0
2026-08-19 22:35:00+00:00,4509.47,4510.26,4503.72,4505.79,910,9,0
2026-08-19 22:40:00+00:00,4505.99,4507.66,4502.9,4507.08,816,8,0
2026-08-19 22:45:00+00:00,4507.04,4511.25,4505.3,4511.05,890,8,0
2026-08-19 22:50:00+00:00,4511.02,4512.01,4508.47,4511.49,875,8,0
2026-08-19 22:55:00+00:00,4511.46,4512.25,4508.64,4511.49,891,8,0
2026-08-19 23:00:00+00:00,4511.42,4511.72,4508.96,4509.47,530,8,0
2026-08-19 23:05:00+00:00,4509.44,4510.5,4507.9,4510.49,393,8,0
2026-08-19 23:10:00+00:00,4510.5,4511.99,4505.3,4506.86,499,8,0
2026-08-19 23:15:00+00:00,4506.87,4511.24,4506.49,4510.32,397,9,0
2026-08-19 23:20:00+00:00,4510.34,4515.21,4510.14,4515.14,395,11,0
2026-08-19 23:25:00+00:00,4517.85,4521.91,4517.44,4518.8,668,12,0
2026-08-19 23:30:00+00:00,4518.79,4523.61,4518.1,4521.5,580,10,0
2026-08-19 23:35:00+00:00,4521.49,4521.55,4518.77,4519.74,406,8,0
2026-08-19 23:40:00+00:00,4519.7,4520.81,4518.9,4519.45,372,17,0
2026-08-19 23:45:00+00:00,4519.5,4522.09,4519.5,4520.88,419,17,0
2026-08-19 23:50:00+00:00,4520.98,4523.87,4520.74,4523.83,503,17,0
2026-08-19 23:55:00+00:00,4523.8,4524.27,4521.93,4522.16,497,17,0
2026-08-20 01:00:00+00:00,4523.82,4527.17,4519.32,4521.19,661,12,0
2026-08-20 01:05:00+00:00,4521.17,4523.46,4520.3,4521.06,585,21,0
2026-08-20 01:10:00+00:00,4520.9,4521.47,4518.66,4519.96,545,17,0
2026-08-20 01:15:00+00:00,4519.8,4520.75,4519.1,4520.0,396,17,0
2026-08-20 01:20:00+00:00,4520.01,4521.36,4519.15,4521.36,350,16,0
2026-08-20 01:25:00+00:00,4521.33,4521.47,4519.55,4520.88,309,17,0
2026-08-20 01:30:00+00:00,4520.9,4522.0,4518.17,4519.06,497,17,0
2026-08-20 01:35:00+00:00,4519.07,4520.05,4517.72,4517.98,393,17,0
2026-08-20 01:40:00+00:00,4518.21,4519.47,4517.95,4518.57,344,15,0
2026-08-20 01:45:00+00:00,4518.56,4521.29,4517.83,4519.63,342,15,0
2026-08-20 01:50:00+00:00,4519.64,4521.77,4518.87,4519.69,313,16,0
2026-08-20 01:55:00+00:00,4519.74,4520.02,4516.4,4518.81,380,15,0
2026-08-20 02:00:00+00:00,4518.84,4523.63,4517.39,4521.15,698,17,0
2026-08-20 02:05:00+00:00,4521.13,4523.64,4521.13,4521.93,519,17,0
2026-08-20 02:10:00+00:00,4521.92,4521.92,4519.44,4519.44,360,14,0
2026-08-20 02:15:00+00:00,4519.26,4520.24,4518.18,4520.12,368,14,0
2026-08-20 02:20:00+00:00,4520.07,4520.21,4515.43,4518.99,491,17,0
2026-08-20 02:25:00+00:00,4519.02,4519.22,4516.25,4517.69,339,11,0
2026-08-20 02:30:00+00:00,4517.68,4518.23,4514.92,4514.92,408,11,0
2026-08-20 02:35:00+00:00,4514.29,4516.32,4513.87,4514.01,436,11,0
2026-08-20 02:40:00+00:00,4514.06,4515.39,4513.76,4514.38,357,11,0
2026-08-20 02:45:00+00:00,4514.47,4517.43,4514.18,4514.9,461,11,0
2026-08-20 02:50:00+00:00,4514.87,4515.25,4512.1,4513.03,434,11,0
2026-08-20 02:55:00+00:00,4513.0,4513.25,4511.33,4511.74,466,11,0
2026-08-20 03:00:00+00:00,4511.23,4518.57,4510.32,4514.94,936,16,0
2026-08-20 03:05:00+00:00,4514.84,4518.19,4514.09,4514.99,869,17,0
2026-08-20 03:10:00+00:00,4515.02,4516.39,4512.68,4516.18,736,17,0
2026-08-20 03:15:00+00:00,4516.19,4521.24,4514.36,4517.8,817,17,0
2026-08-20 03:20:00+00:00,4517.84,4517.92,4510.14,4511.87,862,17,0
2026-08-20 03:25:00+00:00,4511.86,4512.51,4508.6,4510.34,719,13,0
2026-08-20 03:30:00+00:00,4510.31,4513.16,4509.29,4511.44,753,11,0
2026-08-20 03:35:00+00:00,4511.47,4511.63,4508.97,4509.31,612,11,0
2026-08-20 03:40:00+00:00,4509.38,4509.49,4503.96,4506.3,688,11,0
2026-08-20 03:45:00+00:00,4506.27,4508.02,4504.71,4507.61,720,17,0
2026-08-20 03:50:00+00:00,4507.62,4510.16,4504.86,4506.25,726,14,0
2026-08-20 03:55:00+00:00,4506.18,4510.44,4504.03,4504.65,781,11,0
2026-08-20 04:00:00+00:00,4504.79,4510.19,4492.79,4493.25,1106,17,0
2026-08-20 04:05:00+00:00,4493.27,4499.48,4491.79,4498.47,1028,17,0
2026-08-20 04:10:00+00:00,4498.49,4498.59,4492.23,4493.25,975,17,0
2026-08-20 04:15:00+00:00,4493.27,4499.46,4493.27,4498.77,983,16,0
2026-08-20 04:20:00+00:00,4498.74,4503.23,4498.74,4502.26,935,15,0
2026-08-20 04:25:00+00:00,4502.29,4503.15,4497.74,4500.77,892,16,0
2026-08-20 04:30:00+00:00,4500.73,4501.2,4495.49,4498.57,1051,17,0
2026-08-20 04:35:00+00:00,4498.5,4499.82,4493.6,4495.53,989,14,0
2026-08-20 04:40:00+00:00,4495.49,4499.36,4493.46,4493.86,899,11,0
2026-08-20 04:45:00+00:00,4493.9,4495.53,4489.02,4489.77,839,11,0
2026-08-20 04:50:00+00:00,4489.75,4490.54,4484.47,4485.15,838,14,0
2026-08-20 04:55:00+00:00,4485.05,4490.68,4484.71,4489.72,916,17,0
2026-08-20 05:00:00+00:00,4489.46,4498.62,4488.66,4497.73,979,17,0
2026-08-20 05:05:00+00:00,4497.76,4499.01,4494.21,4495.42,924,11,0
2026-08-20 05:10:00+00:00,4495.71,4499.67,4495.69,4497.8,838,11,0
2026-08-20 05:15:00+00:00,4497.8,4497.82,4489.55,4491.49,691,11,0
2026-08-20 05:20:00+00:00,4491.54,4494.32,4489.53,4493.93,638,15,0
2026-08-20 05:25:00+00:00,4493.94,4494.83,4491.23,4492.85,591,16,0
2026-08-20 05:30:00+00:00,4492.82,4494.41,4490.89,4491.95,850,17,0
2026-08-20 05:35:00+00:00,4491.85,4493.89,4490.3,4492.78,774,16,0
2026-08-20 05:40:00+00:00,4492.77,4493.91,4490.17,4490.61,706,12,0
2026-08-20 05:45:00+00:00,4490.57,4491.99,4489.06,4489.11,714,14,0
2026-08-20 05:50:00+00:00,4489.08,4494.66,4488.96,4493.59,764,17,0
2026-08-20 05:55:00+00:00,4493.54,4493.54,4490.56,4490.66,684,11,0
2026-08-20 06:00:00+00:00,4490.79,4496.34,4490.78,4495.87,752,11,0
2026-08-20 06:05:00+00:00,4495.91,4497.03,4491.55,4492.23,738,11,0
2026-08-20 06:10:00+00:00,4492.21,4492.75,4488.15,4492.75,797,17,0
2026-08-20 06:15:00+00:00,4492.71,4493.64,4490.52,4492.96,721,15,0
2026-08-20 06:20:00+00:00,4492.94,4496.09,4491.3,4495.27,683,11,0
2026-08-20 06:25:00+00:00,4495.23,4496.58,4493.15,4493.6,642,11,0
2026-08-20 06:30:00+00:00,4493.54,4498.33,4492.36,4498.14,600,15,0
2026-08-20 06:35:00+00:00,4497.96,4497.96,4494.73,4497.46,557,11,0
2026-08-20 06:40:00+00:00,4497.45,4498.74,4496.1,4497.96,487,11,0
2026-08-20 06:45:00+00:00,4497.96,4498.42,4497.02,4498.42,473,13,0
2026-08-20 06:50:00+00:00,4498.43,4500.33,4496.93,4499.89,556,15,0
2026-08-20 06:55:00+00:00,4499.88,4500.9,4498.06,4498.78,529,15,0
2026-08-20 07:00:00+00:00,4498.82,4499.22,4494.88,4495.79,568,17,0
2026-08-20 07:05:00+00:00,4495.78,4497.71,4495.6,4496.92,484,11,0
2026-08-20 07:10:00+00:00,4496.89,4497.51,4496.33,4496.49,437,11,0
2026-08-20 07:15:00+00:00,4496.46,4497.21,4495.1,4496.78,460,14,0
2026-08-20 07:20:00+00:00,4496.71,4497.11,4493.99,4495.31,524,16,0
2026-08-20 07:25:00+00:00,4495.31,4495.31,4489.97,4490.25,512,11,0
2026-08-20 07:30:00+00:00,4490.31,4490.9,4486.83,4488.26,652,17,0
2026-08-20 07:35:00+00:00,4488.27,4488.69,4486.38,4487.1,574,11,0
2026-08-20 07:40:00+00:00,4487.22,4488.71,4486.89,4487.2,394,11,0
2026-08-20 07:45:00+00:00,4487.19,4490.52,4487.03,4490.25,424,11,0
2026-08-20 07:50:00+00:00,4490.24,4491.52,4489.53,4489.97,451,14,0
2026-08-20 07:55:00+00:00,4489.84,4491.37,4488.07,4488.55,483,16,0
2026-08-20 08:00:00+00:00,4488.56,4491.72,4488.24,4491.64,467,11,0
2026-08-20 08:05:00+00:00,4491.66,4494.03,4491.02,4491.02,457,11,0
2026-08-20 08:10:00+00:00,4490.99,4491.69,4484.24,4485.58,635,13,0
2026-08-20 08:15:00+00:00,4485.61,4486.83,4484.25,4484.52,575,17,0
2026-08-20 08:20:00+00:00,4484.55,4487.02,4484.31,4486.38,495,14,0
2026-08-20 08:25:00+00:00,4486.37,4486.37,4482.98,4483.21,552,11,0
2026-08-20 08:30:00+00:00,4483.11,4486.06,4479.51,4480.45,899,17,0
2026-08-20 08:35:00+00:00,4480.43,4481.62,4478.06,4480.44,707,17,0
2026-08-20 08:40:00+00:00,4480.43,4482.17,4479.15,4480.68,712,17,0
2026-08-20 08:45:00+00:00,4480.69,4481.59,4479.15,4481.18,652,13,0
2026-08-20 08:50:00+00:00,4481.22,4481.65,4478.47,4478.56,672,13,0
2026-08-20 08:55:00+00:00,4478.53,4483.22,4477.96,4481.23,692,16,0
2026-08-20 09:00:00+00:00,4481.3,4488.78,4480.07,4488.69,745,11,0
2026-08-20 09:05:00+00:00,4488.62,4491.36,4487.93,4490.17,695,10,0
2026-08-20 09:10:00+00:00,4490.22,4493.42,4489.81,4492.94,718,10,0
2026-08-20 09:15:00+00:00,4492.9,4495.96,4491.94,4493.62,751,9,0
2026-08-20 09:20:00+00:00,4493.63,4494.35,4492.23,4493.2,665,8,0
2026-08-20 09:25:00+00:00,4493.22,4495.23,4492.99,4494.16,595,8,0
2026-08-20 09:30:00+00:00,4494.14,4495.14,4492.42,4495.06,612,9,0
2026-08-20 09:35:00+00:00,4495.03,4495.31,4493.33,4493.71,518,9,0
2026-08-20 09:40:00+00:00,4493.7,4494.38,4491.83,4492.48,624,11,0
2026-08-20 09:45:00+00:00,4492.45,4495.25,4492.45,4493.17,652,10,0
2026-08-20 09:50:00+00:00,4493.21,4493.27,4491.27,4492.0,581,9,0
2026-08-20 09:55:00+00:00,4492.03,4494.29,4491.26,4493.83,627,9,0
2026-08-20 10:00:00+00:00,4493.86,4493.86,4487.61,4488.26,711,10,0
2026-08-20 10:05:00+00:00,4488.63,4490.5,4487.49,4489.14,648,10,0
2026-08-20 10:10:00+00:00,4489.11,4490.45,4487.35,4487.94,609,9,0
2026-08-20 10:15:00+00:00,4487.93,4490.48,4487.01,4487.09,616,8,0
2026-08-20 10:20:00+00:00,4487.14,4488.19,4485.58,4485.58,638,8,0
2026-08-20 10:25:00+00:00,4485.59,4486.21,4483.69,4484.03,657,10,0
2026-08-20 10:30:00+00:00,4484.08,4489.74,4483.53,4489.73,790,14,0
2026-08-20 10:35:00+00:00,4489.74,4491.3,4489.18,4490.12,705,8,0
2026-08-20 10:40:00+00:00,4489.98,4493.4,4489.3,4491.16,723,10,0
2026-08-20 10:45:00+00:00,4491.15,4493.8,4489.32,4489.43,602,8,0
2026-08-20 10:50:00+00:00,4489.41,4491.04,4488.44,4490.98,558,8,0
2026-08-20 10:55:00+00:00,4490.99,4492.35,4489.24,4490.93,680,8,0
2026-08-20 11:00:00+00:00,4490.95,4494.96,4490.64,4492.62,828,12,0
2026-08-20 11:05:00+00:00,4492.61,4494.41,4491.23,4494.16,744,10,0
2026-08-20 11:10:00+00:00,4494.02,4495.31,4491.76,4494.47,644,8,0
2026-08-20 11:15:00+00:00,4494.38,4498.71,4494.1,4495.84,732,8,0
2026-08-20 11:20:00+00:00,4495.86,4498.21,4495.07,4495.67,683,8,0
2026-08-20 11:25:00+00:00,4495.63,4496.25,4490.08,4491.46,710,8,0
2026-08-20 11:30:00+00:00,4491.45,4493.22,4487.26,4493.15,793,11,0
2026-08-20 11:35:00+00:00,4493.16,4495.34,4490.12,4491.65,704,8,0
2026-08-20 11:40:00+00:00,4491.71,4492.88,4490.33,4490.62,656,8,0
2026-08-20 11:45:00+00:00,4490.6,4491.78,4488.02,4488.03,635,8,0
2026-08-20 11:50:00+00:00,4488.18,4491.98,4487.7,4491.71,602,8,0
2026-08-20 11:55:00+00:00,4491.73,4492.08,4487.69,4489.4,594,9,0
2026-08-20 12:00:00+00:00,4489.41,4491.13,4488.53,4490.78,630,10,0
2026-08-20 12:05:00+00:00,4490.79,4493.27,4488.91,4491.64,637,8,0
2026-08-20 12:10:00+00:00,4491.71,4494.04,4491.42,4492.38,639,8,0
2026-08-20 12:15:00+00:00,4492.34,4493.88,4489.25,4489.27,609,8,0
2026-08-20 12:20:00+00:00,4489.32,4492.93,4488.39,4489.92,595,8,0
2026-08-20 12:25:00+00:00,4489.91,4490.86,4488.3,4490.16,532,8,0
2026-08-20 12:30:00+00:00,4490.03,4490.58,4486.96,4487.56,709,12,0
2026-08-20 12:35:00+00:00,4487.57,4488.44,4484.51,4486.17,636,8,0
2026-08-20 12:40:00+00:00,4486.18,4490.3,4486.02,4489.26,587,8,0
2026-08-20 12:45:00+00:00,4489.22,4489.22,4485.16,4485.6,541,8,0
2026-08-20 12:50:00+00:00,4485.57,4486.21,4482.01,4483.91,734,8,0
2026-08-20 12:55:00+00:00,4483.94,4484.59,4481.84,4482.75,601,8,0
2026-08-20 13:00:00+00:00,4482.64,4486.08,4480.73,4485.49,622,8,0
2026-08-20 13:05:00+00:00,4485.43,4489.77,4485.37,4489.57,557,8,0
2026-08-20 13:10:00+00:00,4489.56,4491.39,4488.23,4490.46,563,8,0
2026-08-20 13:15:00+00:00,4490.51,4491.7,4490.02,4490.64,602,8,0
2026-08-20 13:20:00+00:00,4490.63,4490.85,4486.48,4488.97,609,8,0
2026-08-20 13:25:00+00:00,4488.95,4494.09,4488.41,4493.95,637,8,0
2026-08-20 13:30:00+00:00,4493.83,4494.7,4492.57,4493.14,509,8,0
2026-08-20 13:35:00+00:00,4493.13,4494.68,4490.11,4490.51,621,8,0
2026-08-20 13:40:00+00:00,4490.5,4491.26,4490.09,4491.18,517,8,0
2026-08-20 13:45:00+00:00,4491.17,4491.26,4488.74,4490.25,504,8,0
2026-08-20 13:50:00+00:00,4490.21,4490.79,4487.55,4487.97,531,9,0
2026-08-20 13:55:00+00:00,4487.87,4490.54,4487.61,4490.14,565,9,0
2026-08-20 14:00:00+00:00,4490.15,4491.28,4487.65,4488.37,767,14,0
2026-08-20 14:05:00+00:00,4488.29,4488.42,4485.65,4487.43,655,11,0
2026-08-20 14:10:00+00:00,4487.48,4487.7,4482.82,4484.97,628,11,0
2026-08-20 14:15:00+00:00,4484.99,4485.79,4481.19,4482.38,653,9,0
2026-08-20 14:20:00+00:00,4482.37,4487.56,4481.74,4487.56,683,8,0
2026-08-20 14:25:00+00:00,4487.39,4489.79,4484.19,4484.19,636,8,0
2026-08-20 14:30:00+00:00,4484.2,4485.89,4482.66,4484.77,709,8,0
2026-08-20 14:35:00+00:00,4484.97,4486.86,4479.99,4481.75,717,10,0
2026-08-20 14:40:00+00:00,4481.78,4482.54,4474.39,4474.76,813,11,0
2026-08-20 14:45:00+00:00,4474.75,4475.74,4465.84,4471.2,945,14,0
2026-08-20 14:50:00+00:00,4471.16,4472.96,4466.24,4467.24,922,12,0
2026-08-20 14:55:00+00:00,4467.25,4471.06,4465.45,4466.98,845,8,0
2026-08-20 15:00:00+00:00,4466.97,4467.29,4457.31,4458.08,1052,8,0
2026-08-20 15:05:00+00:00,4458.15,4459.22,4450.68,4457.05,1093,11,0
2026-08-20 15:10:00+00:00,4457.03,4466.3,4456.82,4462.6,1014,8,0
2026-08-20 15:15:00+00:00,4462.57,4467.4,4462.31,4467.01,996,9,0
2026-08-20 15:20:00+00:00,4467.0,4467.86,4461.89,4463.66,940,8,0
2026-08-20 15:25:00+00:00,4463.65,4463.65,4456.87,4459.21,862,8,0
2026-08-20 15:30:00+00:00,4459.31,4460.94,4451.0,4453.38,960,8,0
2026-08-20 15:35:00+00:00,4453.19,4463.11,4451.6,4462.92,1009,8,0
2026-08-20 15:40:00+00:00,4462.87,4466.82,4459.92,4466.51,971,8,0
2026-08-20 15:45:00+00:00,4466.48,4471.22,4463.9,4471.19,863,8,0
2026-08-20 15:50:00+00:00,4471.14,4475.41,4469.85,4472.15,823,8,0
2026-08-20 15:55:00+00:00,4472.14,4477.14,4471.84,4474.82,867,8,0
2026-08-20 16:00:00+00:00,4475.01,4484.36,4474.17,4478.28,1078,14,0
2026-08-20 16:05:00+00:00,4478.5,4480.19,4473.18,4473.72,985,9,0
2026-08-20 16:10:00+00:00,4473.74,4475.81,4471.99,4472.99,973,9,0
2026-08-20 16:15:00+00:00,4472.94,4476.02,4471.08,4473.8,996,11,0
2026-08-20 16:20:00+00:00,4473.98,4475.82,4470.73,4473.71,867,8,0
2026-08-20 16:25:00+00:00,4473.58,4473.65,4469.38,4471.0,944,8,0
2026-08-20 16:30:00+00:00,4470.99,4476.56,4468.57,4474.88,1132,15,0
2026-08-20 16:35:00+00:00,4475.01,4485.82,4474.16,4482.95,1136,13,0
2026-08-20 16:40:00+00:00,4483.0,4487.2,4477.13,4485.96,1131,11,0
2026-08-20 16:45:00+00:00,4486.05,4488.59,4479.46,4481.58,1154,11,0
2026-08-20 16:50:00+00:00,4481.57,4485.78,4480.21,4484.89,1074,9,0
2026-08-20 16:55:00+00:00,4484.88,4485.99,4478.68,4480.81,1026,8,0
2026-08-20 17:00:00+00:00,4480.92,4489.91,4480.85,4482.76,1108,11,0
2026-08-20 17:05:00+00:00,4482.41,4485.98,4480.15,4484.66,1075,9,0
2026-08-20 17:10:00+00:00,4484.65,4488.33,4482.86,4484.32,1115,8,0
2026-08-20 17:15:00+00:00,4484.34,4489.07,4481.84,4482.15,1074,8,0
2026-08-20 17:20:00+00:00,4482.16,4493.85,4481.86,4490.8,1112,8,0
2026-08-20 17:25:00+00:00,4490.79,4493.06,4486.83,4491.85,1079,8,0
2026-08-20 17:30:00+00:00,4491.64,4496.93,4491.64,4494.35,1052,8,0
2026-08-20 17:35:00+00:00,4494.47,4500.79,4493.1,4495.87,1042,8,0
2026-08-20 17:40:00+00:00,4495.89,4501.26,4493.78,4499.38,981,8,0
2026-08-20 17:45:00+00:00,4499.3,4508.81,4498.77,4508.13,1000,9,0
2026-08-20 17:50:00+00:00,4508.08,4510.24,4504.87,4509.96,1003,13,0
2026-08-20 17:55:00+00:00,4509.98,4516.03,4509.43,4515.72,1021,8,0
2026-08-20 18:00:00+00:00,4515.71,4536.64,4514.88,4535.7,1144,8,0
2026-08-20 18:05:00+00:00,4535.27,4536.54,4522.88,4525.51,1183,16,0
2026-08-20 18:10:00+00:00,4524.95,4537.6,4522.01,4534.91,1197,14,0
2026-08-20 18:15:00+00:00,4535.11,4540.72,4530.79,4539.42,1163,13,0
2026-08-20 18:20:00+00:00,4539.77,4540.84,4523.73,4526.7,1155,13,0
2026-08-20 18:25:00+00:00,4527.06,4534.07,4525.71,4532.49,1088,11,0
2026-08-20 18:30:00+00:00,4532.43,4533.59,4522.96,4524.06,1095,13,0
2026-08-20 18:35:00+00:00,4523.9,4526.74,4517.4,4518.6,1068,9,0
2026-08-20 18:40:00+00:00,4518.58,4519.59,4510.17,4511.43,1067,9,0
2026-08-20 18:45:00+00:00,4511.51,4521.39,4510.94,4520.19,1083,13,0
2026-08-20 18:50:00+00:00,4520.03,4521.48,4515.71,4518.97,1018,11,0
2026-08-20 18:55:00+00:00,4519.29,4524.17,4517.66,4521.6,964,8,0
2026-08-20 19:00:00+00:00,4521.63,4524.78,4519.33,4519.66,973,8,0
2026-08-20 19:05:00+00:00,4519.63,4522.07,4518.77,4520.01,926,11,0
2026-08-20 19:10:00+00:00,4520.0,4520.34,4510.49,4511.16,949,11,0
2026-08-20 19:15:00+00:00,4510.97,4513.64,4508.92,4512.49,945,11,0
2026-08-20 19:20:00+00:00,4512.53,4513.51,4509.95,4512.37,911,11,0
2026-08-20 19:25:00+00:00,4512.35,4512.38,4506.16,4509.27,895,8,0
2026-08-20 19:30:00+00:00,4509.36,4510.64,4502.99,4510.02,937,9,0
2026-08-20 19:35:00+00:00,4509.95,4512.7,4507.08,4507.31,944,9,0
2026-08-20 19:40:00+00:00,4507.28,4510.3,4507.08,4509.25,853,8,0
2026-08-20 19:45:00+00:00,4509.24,4512.43,4507.43,4511.96,819,8,0
2026-08-20 19:50:00+00:00,4511.97,4513.6,4508.79,4509.48,822,9,0
2026-08-20 19:55:00+00:00,4509.49,4511.08,4507.93,4510.01,835,9,0
2026-08-20 20:00:00+00:00,4510.15,4513.53,4509.93,4511.56,749,11,0
2026-08-20 20:05:00+00:00,4511.6,4511.85,4507.75,4509.96,748,8,0
2026-08-20 20:10:00+00:00,4509.97,4510.59,4507.79,4509.42,735,8,0
2026-08-20 20:15:00+00:00,4509.43,4511.29,4507.9,4508.77,811,8,0
2026-08-20 20:20:00+00:00,4508.79,4514.28,4508.37,4511.32,844,8,0
2026-08-20 20:25:00+00:00,4511.23,4516.59,4509.37,4512.9,884,8,0
2026-08-20 20:30:00+00:00,4512.88,4518.48,4510.89,4518.42,802,8,0
2026-08-20 20:35:00+00:00,4518.26,4518.76,4516.2,4516.74,736,8,0
2026-08-20 20:40:00+00:00,4516.75,4518.36,4516.13,4518.29,685,8,0
2026-08-20 20:45:00+00:00,4518.26,4520.29,4517.28,4519.28,702,8,0
2026-08-20 20:50:00+00:00,4519.12,4520.06,4517.14,4518.68,685,11,0
2026-08-20 20:55:00+00:00,4518.66,4520.46,4517.99,4519.9,644,9,0
2026-08-20 21:00:00+00:00,4519.91,4522.28,4518.25,4521.55,778,13,0
2026-08-20 21:05:00+00:00,4521.77,4522.41,4514.74,4516.61,842,15,0
2026-08-20 21:10:00+00:00,4516.62,4516.62,4509.54,4510.95,894,13,0
2026-08-20 21:15:00+00:00,4510.94,4516.29,4508.37,4516.0,860,13,0
2026-08-20 21:20:00+00:00,4515.9,4518.13,4515.06,4516.5,736,8,0
2026-08-20 21:25:00+00:00,4516.46,4520.23,4516.46,4519.03,709,8,0
2026-08-20 21:30:00+00:00,4519.02,4521.44,4518.56,4519.53,661,8,0
2026-08-20 21:35:00+00:00,4519.48,4523.47,4518.92,4521.22,727,11,0
2026-08-20 21:40:00+00:00,4521.2,4522.03,4519.9,4520.3,689,8,0
2026-08-20 21:45:00+00:00,4520.27,4521.42,4517.99,4521.41,670,8,0
2026-08-20 21:50:00+00:00,4521.47,4525.31,4521.08,4524.67,649,9,0
2026-08-20 21:55:00+00:00,4524.68,4524.96,4521.35,4522.08,708,8,0
2026-08-20 22:00:00+00:00,4522.12,4522.54,4518.26,4521.7,762,8,0
2026-08-20 22:05:00+00:00,4521.69,4526.24,4521.37,4526.18,673,8,0
2026-08-20 22:10:00+00:00,4526.14,4528.13,4524.34,4527.6,663,8,0
2026-08-20 22:15:00+00:00,4527.65,4529.41,4525.62,4525.87,645,8,0
2026-08-20 22:20:00+00:00,4525.93,4528.13,4523.85,4527.15,704,9,0
2026-08-20 22:25:00+00:00,4527.16,4527.74,4522.73,4522.88,628,8,0
2026-08-20 22:30:00+00:00,4522.83,4524.55,4522.02,4524.05,675,8,0
2026-08-20 22:35:00+00:00,4524.08,4529.56,4523.16,4529.01,773,8,0
2026-08-20 22:40:00+00:00,4528.98,4529.01,4526.28,4526.3,665,8,0
2026-08-20 22:45:00+00:00,4526.29,4530.3,4524.96,4528.78,760,8,0
2026-08-20 22:50:00+00:00,4528.82,4532.19,4528.07,4531.05,829,11,0
2026-08-20 22:55:00+00:00,4530.84,4531.52,4526.98,4528.79,905,8,0
2026-08-20 23:00:00+00:00,4528.71,4529.07,4526.03,4527.11,533,8,0
2026-08-20 23:05:00+00:00,4527.13,4527.75,4522.61,4523.01,496,8,0
2026-08-20 23:10:00+00:00,4522.93,4524.99,4522.44,4522.53,407,8,0
2026-08-20 23:15:00+00:00,4522.52,4522.75,4520.88,4521.94,374,8,0
2026-08-20 23:20:00+00:00,4521.89,4522.3,4520.72,4521.36,301,8,0
2026-08-20 23:25:00+00:00,4521.42,4521.93,4520.48,4520.8,349,11,0
2026-08-20 23:30:00+00:00,4520.95,4520.95,4516.8,4517.99,456,11,0
2026-08-20 23:35:00+00:00,4518.02,4518.6,4517.33,4517.9,343,8,0
2026-08-20 23:40:00+00:00,4517.9,4518.73,4517.72,4518.07,269,19,0
2026-08-20 23:45:00+00:00,4518.15,4518.99,4517.94,4518.55,231,19,0
2026-08-20 23:50:00+00:00,4518.24,4521.17,4518.02,4519.69,363,19,0
2026-08-20 23:55:00+00:00,4519.67,4520.24,4518.51,4518.75,358,17,0
2026-08-21 01:00:00+00:00,4522.08,4522.08,4516.98,4519.87,352,16,0
2026-08-21 01:05:00+00:00,4520.15,4520.91,4518.16,4518.35,346,21,0
2026-08-21 01:10:00+00:00,4518.36,4519.64,4516.84,4518.32,290,21,0
2026-08-21 01:15:00+00:00,4518.58,4520.13,4518.58,4519.79,282,21,0
2026-08-21 01:20:00+00:00,4519.73,4520.02,4518.04,4518.45,262,21,0
2026-08-21 01:25:00+00:00,4518.47,4520.86,4518.47,4519.7,375,17,0
2026-08-21 01:30:00+00:00,4519.71,4520.32,4518.52,4520.2,319,14,0
2026-08-21 01:35:00+00:00,4520.25,4522.57,4519.65,4521.59,320,16,0
2026-08-21 01:40:00+00:00,4521.6,4523.6,4521.22,4522.73,366,15,0
2026-08-21 01:45:00+00:00,4522.74,4523.51,4519.62,4522.06,399,17,0
2026-08-21 01:50:00+00:00,4522.09,4524.23,4521.83,4523.88,342,12,0
2026-08-21 01:55:00+00:00,4523.81,4524.36,4523.43,4524.16,299,14,0
2026-08-21 02:00:00+00:00,4524.04,4529.95,4523.51,4529.16,485,13,0
2026-08-21 02:05:00+00:00,4529.17,4530.25,4524.88,4527.13,445,17,0
2026-08-21 02:10:00+00:00,4527.14,4532.77,4527.14,4531.77,457,15,0
2026-08-21 02:15:00+00:00,4531.78,4532.29,4529.44,4531.53,408,14,0
2026-08-21 02:20:00+00:00,4531.49,4531.54,4528.21,4528.81,371,11,0
2026-08-21 02:25:00+00:00,4528.8,4530.45,4522.77,4527.02,485,14,0
2026-08-21 02:30:00+00:00,4527.09,4528.58,4522.32,4523.61,521,17,0
2026-08-21 02:35:00+00:00,4523.62,4524.35,4520.99,4523.57,520,15,0
2026-08-21 02:40:00+00:00,4523.57,4524.86,4523.54,4524.59,332,12,0
2026-08-21 02:45:00+00:00,4524.58,4527.42,4523.28,4527.26,397,14,0
2026-08-21 02:50:00+00:00,4527.23,4527.98,4526.03,4527.59,485,17,0
2026-08-21 02:55:00+00:00,4527.58,4527.63,4525.9,4526.27,471,17,0
2026-08-21 03:00:00+00:00,4526.75,4527.43,4522.25,4522.75,759,17,0
2026-08-21 03:05:00+00:00,4522.7,4523.05,4519.75,4520.17,712,17,0
2026-08-21 03:10:00+00:00,4520.16,4522.98,4517.58,4518.73,745,17,0
2026-08-21 03:15:00+00:00,4518.72,4519.36,4514.72,4517.76,753,17,0
2026-08-21 03:20:00+00:00,4517.77,4519.05,4516.62,4517.67,684,15,0
2026-08-21 03:25:00+00:00,4517.68,4520.7,4513.98,4514.91,694,15,0
2026-08-21 03:30:00+00:00,4514.89,4517.2,4513.21,4514.17,721,17,0
2026-08-21 03:35:00+00:00,4514.25,4515.79,4511.38,4512.82,693,11,0
2026-08-21 03:40:00+00:00,4512.83,4514.32,4510.95,4513.73,653,11,0
2026-08-21 03:45:00+00:00,4513.75,4513.98,4510.06,4511.78,643,17,0
2026-08-21 03:50:00+00:00,4511.73,4512.7,4510.19,4511.08,681,11,0
2026-08-21 03:55:00+00:00,4511.1,4511.62,4509.85,4510.53,675,11,0
2026-08-21 04:00:00+00:00,4510.52,4517.34,4508.82,4513.1,1069,17,0
2026-08-21 04:05:00+00:00,4513.05,4516.27,4512.3,4513.7,1019,17,0
2026-08-21 04:10:00+00:00,4513.96,4521.11,4512.07,4520.83,952,17,0
2026-08-21 04:15:00+00:00,4520.67,4526.78,4520.4,4524.35,883,16,0
2026-08-21 04:20:00+00:00,4524.17,4529.89,4522.56,4526.56,887,14,0
2026-08-21 04:25:00+00:00,4526.43,4530.57,4525.37,4529.47,881,15,0
2026-08-21 04:30:00+00:00,4529.48,4538.91,4528.49,4537.15,970,15,0
2026-08-21 04:35:00+00:00,4537.32,4543.58,4527.06,4529.0,971,17,0
2026-08-21 04:40:00+00:00,4528.84,4529.05,4523.79,4526.44,852,13,0
2026-08-21 04:45:00+00:00,4526.42,4533.18,4526.4,4531.45,746,12,0
2026-08-21 04:50:00+00:00,4531.44,4532.21,4525.5,4526.1,771,17,0
2026-08-21 04:55:00+00:00,4526.06,4530.97,4526.02,4530.63,789,15,0
2026-08-21 05:00:00+00:00,4530.78,4531.14,4521.37,4522.51,820,17,0
2026-08-21 05:05:00+00:00,4522.6,4525.25,4521.12,4522.98,795,14,0
2026-08-21 05:10:00+00:00,4523.01,4523.47,4518.41,4521.34,770,14,0
2026-08-21 05:15:00+00:00,4521.09,4522.5,4520.26,4522.47,578,11,0
2026-08-21 05:20:00+00:00,4522.43,4527.39,4522.33,4527.36,588,11,0
2026-08-21 05:25:00+00:00,4527.32,4529.42,4526.09,4527.27,574,16,0
2026-08-21 05:30:00+00:00,4527.26,4530.81,4525.32,4526.47,851,17,0
2026-08-21 05:35:00+00:00,4526.4,4531.8,4526.36,4531.34,746,16,0
2026-08-21 05:40:00+00:00,4531.32,4538.26,4531.03,4538.09,721,14,0
2026-08-21 05:45:00+00:00,4538.18,4539.55,4535.25,4539.05,719,14,0
2026-08-21 05:50:00+00:00,4538.95,4542.92,4535.02,4540.85,756,11,0
2026-08-21 05:55:00+00:00,4540.86,4541.14,4532.45,4533.75,717,11,0
2026-08-21 06:00:00+00:00,4533.77,4538.11,4532.87,4533.28,742,15,0
2026-08-21 06:05:00+00:00,4533.24,4535.82,4532.09,4534.52,659,11,0
2026-08-21 06:10:00+00:00,4534.51,4536.47,4532.38,4532.54,647,11,0
2026-08-21 06:15:00+00:00,4532.52,4534.53,4531.99,4532.75,617,14,0
2026-08-21 06:20:00+00:00,4532.73,4534.68,4532.39,4533.63,584,13,0
2026-08-21 06:25:00+00:00,4533.62,4534.7,4529.66,4529.66,662,14,0
2026-08-21 06:30:00+00:00,4529.67,4535.79,4529.38,4535.61,567,11,0
2026-08-21 06:35:00+00:00,4535.67,4535.69,4529.27,4529.32,559,11,0
2026-08-21 06:40:00+00:00,4529.3,4529.49,4526.8,4529.13,544,11,0
2026-08-21 06:45:00+00:00,4529.16,4533.81,4528.25,4531.63,470,11,0
2026-08-21 06:50:00+00:00,4531.6,4533.49,4531.46,4533.11,381,11,0
2026-08-21 06:55:00+00:00,4533.2,4535.74,4532.47,4535.42,437,11,0
2026-08-21 07:00:00+00:00,4535.74,4539.17,4535.4,4538.65,537,17,0
2026-08-21 07:05:00+00:00,4538.63,4539.68,4536.12,4538.19,481,15,0
2026-08-21 07:10:00+00:00,4538.2,4541.4,4537.32,4540.27,590,13,0
2026-08-21 07:15:00+00:00,4540.25,4541.28,4537.51,4541.28,570,11,0
2026-08-21 07:20:00+00:00,4541.31,4545.83,4541.05,4543.12,587,11,0
2026-08-21 07:25:00+00:00,4543.17,4547.25,4542.71,4546.8,576,14,0
2026-08-21 07:30:00+00:00,4546.84,4547.91,4543.32,4544.02,582,16,0
2026-08-21 07:35:00+00:00,4544.08,4544.65,4540.79,4541.89,419,11,0
2026-08-21 07:40:00+00:00,4541.86,4543.18,4540.84,4541.75,452,11,0
2026-08-21 07:45:00+00:00,4541.73,4542.15,4540.21,4541.03,424,12,0
2026-08-21 07:50:00+00:00,4540.97,4542.42,4540.82,4541.42,395,16,0
2026-08-21 07:55:00+00:00,4541.43,4542.25,4540.33,4540.61,350,17,0
2026-08-21 08:00:00+00:00,4540.6,4540.72,4536.75,4537.84,532,16,0
2026-08-21 08:05:00+00:00,4537.89,4539.57,4535.33,4536.7,529,16,0
2026-08-21 08:10:00+00:00,4536.76,4537.58,4534.75,4537.23,482,13,0
2026-08-21 08:15:00+00:00,4537.23,4538.68,4531.13,4533.69,596,17,0
2026-08-21 08:20:00+00:00,4533.93,4534.58,4532.69,4533.77,469,14,0
2026-08-21 08:25:00+00:00,4533.87,4534.42,4530.58,4530.58,522,13,0
2026-08-21 08:30:00+00:00,4530.5,4538.27,4529.39,4538.05,877,17,0
2026-08-21 08:35:00+00:00,4538.04,4540.77,4535.38,4536.18,717,16,0
2026-08-21 08:40:00+00:00,4536.36,4543.45,4535.92,4543.36,714,15,0
2026-08-21 08:45:00+00:00,4543.22,4546.55,4541.69,4546.18,692,13,0
2026-08-21 08:50:00+00:00,4546.14,4549.16,4543.26,4547.95,767,13,0
2026-08-21 08:55:00+00:00,4547.94,4556.28,4547.77,4553.67,877,16,0
2026-08-21 09:00:00+00:00,4553.61,4555.22,4547.61,4549.56,900,10,0
2026-08-21 09:05:00+00:00,4549.53,4551.55,4546.96,4548.43,754,9,0
2026-08-21 09:10:00+00:00,4548.44,4550.18,4545.56,4549.03,801,8,0
2026-08-21 09:15:00+00:00,4549.01,4556.6,4549.01,4555.83,812,8,0
2026-08-21 09:20:00+00:00,4555.86,4556.69,4550.12,4550.55,741,8,0
2026-08-21 09:25:00+00:00,4550.56,4558.01,4550.17,4555.57,739,8,0
2026-08-21 09:30:00+00:00,4555.51,4563.56,4554.65,4562.24,855,8,0
2026-08-21 09:35:00+00:00,4561.35,4565.82,4561.35,4564.86,798,8,0
2026-08-21 09:40:00+00:00,4564.92,4565.0,4560.53,4562.58,808,8,0
2026-08-21 09:45:00+00:00,4562.57,4567.54,4562.56,4567.45,756,8,0
2026-08-21 09:50:00+00:00,4567.44,4567.5,4564.33,4564.68,723,8,0
2026-08-21 09:55:00+00:00,4564.74,4567.59,4560.97,4560.97,763,9,0
2026-08-21 10:00:00+00:00,4560.95,4566.09,4559.58,4566.09,699,10,0
2026-08-21 10:05:00+00:00,4566.12,4566.12,4559.17,4559.17,693,8,0
2026-08-21 10:10:00+00:00,4558.96,4561.71,4558.49,4561.52,653,8,0
2026-08-21 10:15:00+00:00,4561.55,4567.02,4559.78,4566.35,651,8,0
2026-08-21 10:20:00+00:00,4566.38,4567.99,4563.09,4563.67,650,8,0
2026-08-21 10:25:00+00:00,4563.64,4564.47,4560.82,4561.7,559,8,0
2026-08-21 10:30:00+00:00,4561.75,4564.75,4560.39,4562.24,652,8,0
2026-08-21 10:35:00+00:00,4562.19,4564.91,4560.11,4564.22,694,8,0
2026-08-21 10:40:00+00:00,4564.15,4566.26,4562.61,4564.38,661,8,0
2026-08-21 10:45:00+00:00,4564.39,4568.01,4562.9,4566.03,685,8,0
2026-08-21 10:50:00+00:00,4566.11,4567.14,4560.9,4561.84,628,8,0
2026-08-21 10:55:00+00:00,4561.85,4564.95,4561.28,4564.25,568,8,0
2026-08-21 11:00:00+00:00,4564.24,4566.6,4561.38,4561.72,624,8,0
2026-08-21 11:05:00+00:00,4561.48,4562.83,4559.23,4561.7,461,8,0
2026-08-21 11:10:00+00:00,4561.72,4567.98,4561.57,4565.64,691,8,0
2026-08-21 11:15:00+00:00,4565.41,4573.16,4563.95,4572.65,699,11,0
2026-08-21 11:20:00+00:00,4572.72,4579.19,4571.74,4577.67,810,10,0
2026-08-21 11:25:00+00:00,4577.64,4581.84,4577.5,4579.37,839,8,0
2026-08-21 11:30:00+00:00,4579.39,4581.44,4577.75,4580.75,792,8,0
2026-08-21 11:35:00+00:00,4580.75,4582.75,4576.49,4579.33,743,8,0
2026-08-21 11:40:00+00:00,4579.35,4584.18,4579.01,4582.44,725,9,0
2026-08-21 11:45:00+00:00,4582.61,4583.53,4580.54,4581.06,637,8,0
2026-08-21 11:50:00+00:00,4581.06,4583.25,4580.45,4581.53,637,9,0
2026-08-21 11:55:00+00:00,4581.54,4584.97,4580.44,4583.99,588,8,0
2026-08-21 12:00:00+00:00,4584.0,4585.99,4582.27,4585.99,691,13,0
2026-08-21 12:05:00+00:00,4586.04,4596.12,4584.68,4595.2,775,11,0
2026-08-21 12:10:00+00:00,4595.69,4600.43,4595.44,4599.24,812,14,0
2026-08-21 12:15:00+00:00,4599.29,4601.93,4593.15,4593.26,799,10,0
2026-08-21 12:20:00+00:00,4593.24,4593.24,4584.85,4586.84,892,10,0
2026-08-21 12:25:00+00:00,4586.82,4587.58,4581.31,4582.5,786,9,0
2026-08-21 12:30:00+00:00,4582.24,4584.46,4582.23,4582.84,743,8,0
2026-08-21 12:35:00+00:00,4582.83,4585.92,4580.83,4585.53,654,8,0
2026-08-21 12:40:00+00:00,4585.43,4586.83,4581.7,4583.08,541,8,0
2026-08-21 12:45:00+00:00,4583.11,4583.66,4580.92,4581.29,524,8,0
2026-08-21 12:50:00+00:00,4581.3,4584.14,4580.44,4584.14,573,8,0
2026-08-21 12:55:00+00:00,4584.15,4585.49,4581.19,4582.55,533,8,0
2026-08-21 13:00:00+00:00,4582.58,4588.92,4581.76,4585.17,666,12,0
2026-08-21 13:05:00+00:00,4585.18,4585.3,4581.44,4583.34,680,8,0
2026-08-21 13:10:00+00:00,4583.33,4584.29,4577.98,4578.77,739,9,0
2026-08-21 13:15:00+00:00,4578.8,4587.25,4578.55,4584.36,723,8,0
2026-08-21 13:20:00+00:00,4584.37,4586.82,4583.22,4586.16,571,8,0
2026-08-21 13:25:00+00:00,4586.12,4589.34,4585.67,4588.06,664,8,0
2026-08-21 13:30:00+00:00,4588.05,4590.4,4585.19,4590.08,610,8,0
2026-08-21 13:35:00+00:00,4589.98,4593.56,4589.5,4593.56,591,8,0
2026-08-21 13:40:00+00:00,4593.38,4594.15,4591.17,4593.22,506,8,0
2026-08-21 13:45:00+00:00,4593.21,4593.66,4590.19,4590.7,562,8,0
2026-08-21 13:50:00+00:00,4590.79,4592.64,4588.46,4590.35,650,9,0
2026-08-21 13:55:00+00:00,4590.53,4591.0,4587.92,4588.54,686,8,0
2026-08-21 14:00:00+00:00,4588.43,4594.82,4587.2,4593.89,717,8,0
2026-08-21 14:05:00+00:00,4593.9,4595.4,4590.94,4592.29,683,8,0
2026-08-21 14:10:00+00:00,4592.31,4593.27,4588.51,4590.61,622,8,0
2026-08-21 14:15:00+00:00,4590.63,4597.82,4590.63,4596.16,647,8,0
2026-08-21 14:20:00+00:00,4596.26,4600.57,4595.46,4597.61,826,8,0
2026-08-21 14:25:00+00:00,4597.21,4599.6,4595.24,4597.93,882,10,0
2026-08-21 14:30:00+00:00,4597.92,4598.37,4592.88,4594.47,843,10,0
2026-08-21 14:35:00+00:00,4594.46,4604.02,4594.46,4596.83,894,12,0
2026-08-21 14:40:00+00:00,4596.71,4597.31,4592.87,4596.67,797,8,0
2026-08-21 14:45:00+00:00,4596.62,4600.02,4596.09,4599.29,704,8,0
2026-08-21 14:50:00+00:00,4599.29,4599.8,4595.26,4597.25,749,8,0
2026-08-21 14:55:00+00:00,4597.32,4598.21,4595.6,4596.58,679,8,0
2026-08-21 15:00:00+00:00,4596.6,4601.12,4593.48,4595.15,899,8,0
2026-08-21 15:05:00+00:00,4595.1,4599.66,4592.2,4593.62,873,12,0
2026-08-21 15:10:00+00:00,4593.71,4593.92,4589.2,4592.62,826,8,0
2026-08-21 15:15:00+00:00,4592.88,4595.86,4586.13,4587.81,854,8,0
2026-08-21 15:20:00+00:00,4587.9,4589.12,4582.04,4585.6,889,8,0
2026-08-21 15:25:00+00:00,4585.62,4586.73,4583.92,4585.16,650,8,0
2026-08-21 15:30:00+00:00,4584.77,4584.78,4576.94,4577.98,841,8,0
2026-08-21 15:35:00+00:00,4578.01,4578.43,4564.42,4564.77,925,8,0
2026-08-21 15:40:00+00:00,4564.65,4575.82,4563.57,4573.77,967,8,0
2026-08-21 15:45:00+00:00,4573.53,4579.56,4573.21,4579.49,828,8,0
2026-08-21 15:50:00+00:00,4579.44,4580.91,4577.11,4579.87,781,8,0
2026-08-21 15:55:00+00:00,4579.88,4580.95,4574.94,4578.03,811,8,0
2026-08-21 16:00:00+00:00,4577.81,4584.52,4575.86,4581.09,1061,11,0
2026-08-21 16:05:00+00:00,4581.1,4583.87,4579.34,4581.01,1002,10,0
2026-08-21 16:10:00+00:00,4581.05,4587.08,4580.39,4584.8,904,8,0
2026-08-21 16:15:00+00:00,4584.88,4587.78,4579.74,4580.85,959,8,0
2026-08-21 16:20:00+00:00,4580.84,4586.83,4579.31,4583.18,833,8,0
2026-08-21 16:25:00+00:00,4583.15,4585.45,4581.58,4584.0,905,8,0
2026-08-21 16:30:00+00:00,4584.16,4586.76,4573.74,4574.21,1178,14,0
2026-08-21 16:35:00+00:00,4574.08,4590.97,4573.5,4587.48,1146,14,0
2026-08-21 16:40:00+00:00,4587.39,4590.57,4584.68,4587.49,1059,12,0
2026-08-21 16:45:00+00:00,4585.74,4592.28,4585.01,4590.18,1032,10,0
2026-08-21 16:50:00+00:00,4590.09,4591.16,4576.86,4581.07,1103,10,0
2026-08-21 16:55:00+00:00,4581.26,4585.64,4580.17,4581.11,1036,8,0
2026-08-21 17:00:00+00:00,4581.06,4588.87,4579.89,4588.52,1077,8,0
2026-08-21 17:05:00+00:00,4588.53,4590.75,4583.29,4587.56,1010,8,0
2026-08-21 17:10:00+00:00,4587.59,4589.99,4585.36,4589.59,986,8,0
2026-08-21 17:15:00+00:00,4589.76,4591.1,4586.54,4590.34,1012,8,0
2026-08-21 17:20:00+00:00,4590.29,4598.28,4589.94,4597.49,1060,12,0
2026-08-21 17:25:00+00:00,4597.66,4603.74,4597.66,4603.63,996,12,0
2026-08-21 17:30:00+00:00,4603.65,4604.18,4589.55,4589.82,1081,12,0
2026-08-21 17:35:00+00:00,4589.73,4593.43,4580.66,4581.14,1153,14,0
2026-08-21 17:40:00+00:00,4581.26,4589.02,4579.83,4582.47,1106,14,0
2026-08-21 17:45:00+00:00,4582.48,4591.83,4580.67,4591.65,1052,10,0
2026-08-21 17:50:00+00:00,4591.53,4595.18,4588.56,4589.52,1013,8,0
2026-08-21 17:55:00+00:00,4589.56,4592.49,4584.2,4591.61,1031,8,0
2026-08-21 18:00:00+00:00,4591.66,4594.36,4587.34,4593.29,1060,12,0
2026-08-21 18:05:00+00:00,4593.3,4598.22,4592.09,4593.95,939,8,0
2026-08-21 18:10:00+00:00,4593.89,4597.85,4593.75,4595.28,926,11,0
2026-08-21 18:15:00+00:00,4595.44,4599.27,4595.21,4597.67,874,9,0
2026-08-21 18:20:00+00:00,4597.59,4602.66,4595.33,4602.44,914,8,0
2026-08-21 18:25:00+00:00,4602.46,4607.49,4600.08,4602.93,1012,8,0
2026-08-21 18:30:00+00:00,4602.92,4606.15,4599.63,4606.05,994,8,0
2026-08-21 18:35:00+00:00,4606.1,4609.01,4605.14,4607.38,925,8,0
2026-08-21 18:40:00+00:00,4607.4,4609.8,4605.73,4608.82,987,8,0
2026-08-21 18:45:00+00:00,4608.85,4610.2,4606.42,4606.98,967,13,0
2026-08-21 18:50:00+00:00,4607.12,4615.02,4606.66,4613.77,933,13,0
2026-08-21 18:55:00+00:00,4613.92,4615.33,4611.66,4615.33,967,9,0
2026-08-21 19:00:00+00:00,4615.32,4618.42,4613.78,4617.78,903,8,0
2026-08-21 19:05:00+00:00,4617.8,4617.98,4609.99,4610.93,983,8,0
2026-08-21 19:10:00+00:00,4610.98,4616.5,4610.96,4615.34,919,8,0
2026-08-21 19:15:00+00:00,4615.31,4616.75,4614.22,4614.9,843,8,0
2026-08-21 19:20:00+00:00,4614.81,4621.04,4612.06,4612.98,989,8,0
2026-08-21 19:25:00+00:00,4613.0,4614.65,4610.61,4614.25,837,9,0
2026-08-21 19:30:00+00:00,4614.28,4616.44,4612.5,4615.87,845,8,0
2026-08-21 19:35:00+00:00,4615.88,4620.64,4614.78,4618.58,861,8,0
2026-08-21 19:40:00+00:00,4618.57,4621.26,4616.54,4620.68,825,8,0
2026-08-21 19:45:00+00:00,4620.69,4624.12,4620.29,4623.06,845,8,0
2026-08-21 19:50:00+00:00,4623.2,4627.47,4623.08,4627.47,835,9,0
2026-08-21 19:55:00+00:00,4627.49,4629.14,4625.96,4628.96,787,8,0
2026-08-21 20:00:00+00:00,4628.93,4630.95,4626.96,4627.64,915,9,0
2026-08-21 20:05:00+00:00,4627.65,4632.22,4626.1,4630.77,856,14,0
2026-08-21 20:10:00+00:00,4630.79,4631.65,4621.75,4623.24,964,13,0
2026-08-21 20:15:00+00:00,4623.25,4625.14,4621.42,4622.38,949,11,0
2026-08-21 20:20:00+00:00,4622.39,4623.66,4614.62,4617.57,943,11,0
2026-08-21 20:25:00+00:00,4617.37,4624.02,4614.76,4622.8,949,8,0
2026-08-21 20:30:00+00:00,4622.81,4623.03,4619.39,4619.88,839,8,0
2026-08-21 20:35:00+00:00,4619.96,4624.78,4619.95,4623.4,718,8,0
2026-08-21 20:40:00+00:00,4623.35,4625.11,4619.41,4619.64,705,8,0
2026-08-21 20:45:00+00:00,4619.7,4619.77,4616.97,4618.58,808,9,0
2026-08-21 20:50:00+00:00,4618.65,4622.49,4618.12,4619.45,728,8,0
2026-08-21 20:55:00+00:00,4619.39,4620.97,4618.79,4620.01,585,8,0
2026-08-21 21:00:00+00:00,4620.13,4625.63,4619.82,4625.43,672,8,0
2026-08-21 21:05:00+00:00,4625.47,4627.49,4623.61,4625.82,693,8,0
2026-08-21 21:10:00+00:00,4625.83,4626.2,4623.35,4623.73,611,8,0
2026-08-21 21:15:00+00:00,4623.75,4626.13,4623.72,4625.84,534,9,0
2026-08-21 21:20:00+00:00,4625.87,4626.82,4624.69,4625.56,499,9,0
2026-08-21 21:25:00+00:00,4625.59,4626.78,4623.67,4624.34,574,11,0
2026-08-21 21:30:00+00:00,4624.15,4624.33,4618.88,4621.35,632,13,0
2026-08-21 21:35:00+00:00,4621.4,4622.24,4618.78,4619.75,697,9,0
2026-08-21 21:40:00+00:00,4619.74,4621.02,4619.68,4620.42,570,8,0
2026-08-21 21:45:00+00:00,4620.36,4625.11,4620.36,4623.95,574,8,0
2026-08-21 21:50:00+00:00,4623.96,4624.33,4622.24,4624.16,534,8,0
2026-08-21 21:55:00+00:00,4624.21,4624.21,4622.56,4623.63,552,8,0
2026-08-21 22:00:00+00:00,4623.73,4624.84,4620.63,4621.29,673,9,0
2026-08-21 22:05:00+00:00,4621.35,4621.46,4617.85,4620.58,649,8,0
2026-08-21 22:10:00+00:00,4620.47,4622.67,4619.84,4622.03,605,8,0
2026-08-21 22:15:00+00:00,4622.04,4622.04,4619.41,4621.81,613,8,0
2026-08-21 22:20:00+00:00,4621.79,4622.62,4621.18,4621.61,552,8,0
2026-08-21 22:25:00+00:00,4621.58,4622.23,4617.05,4617.27,595,8,0
2026-08-21 22:30:00+00:00,4617.28,4619.12,4616.15,4616.45,648,8,0
2026-08-21 22:35:00+00:00,4616.73,4617.75,4615.06,4617.21,667,8,0
2026-08-21 22:40:00+00:00,4617.22,4618.93,4617.15,4617.37,636,8,0
2026-08-21 22:45:00+00:00,4617.42,4622.45,4616.73,4622.03,735,8,0
2026-08-21 22:50:00+00:00,4622.08,4622.99,4620.57,4622.19,687,8,0
2026-08-21 22:55:00+00:00,4622.0,4622.05,4614.83,4616.1,871,8,0
2026-08-21 23:00:00+00:00,4616.26,4616.67,4614.34,4616.65,453,8,0
2026-08-21 23:05:00+00:00,4616.64,4616.74,4614.95,4615.72,400,8,0
2026-08-21 23:10:00+00:00,4615.74,4617.53,4615.06,4616.86,321,8,0
2026-08-21 23:15:00+00:00,4616.9,4617.67,4610.67,4612.04,460,8,0
2026-08-21 23:20:00+00:00,4612.05,4612.85,4609.64,4610.27,476,10,0
2026-08-21 23:25:00+00:00,4610.26,4611.08,4609.52,4610.11,410,10,0
2026-08-21 23:30:00+00:00,4610.12,4611.27,4609.22,4609.75,387,10,0
2026-08-21 23:35:00+00:00,4609.79,4610.97,4606.82,4607.59,398,10,0
2026-08-21 23:40:00+00:00,4607.56,4608.96,4606.99,4607.31,344,21,0
2026-08-21 23:45:00+00:00,4607.37,4608.82,4603.43,4605.85,477,21,0
2026-08-21 23:50:00+00:00,4605.82,4606.44,4602.53,4603.75,493,23,0
2026-08-21 23:55:00+00:00,4603.77,4604.11,4601.98,4602.57,119,46,0
2026-08-24 01:00:00+00:00,4614.19,4624.5,4607.45,4610.15,720,17,0
2026-08-24 01:05:00+00:00,4610.3,4617.56,4608.55,4617.21,616,21,0
2026-08-24 01:10:00+00:00,4617.18,4620.41,4615.69,4617.38,657,21,0
2026-08-24 01:15:00+00:00,4617.41,4618.15,4612.91,4618.15,581,21,0
2026-08-24 01:20:00+00:00,4618.27,4620.86,4615.83,4617.25,524,21,0
2026-08-24 01:25:00+00:00,4617.26,4617.35,4613.09,4614.16,422,21,0
2026-08-24 01:30:00+00:00,4613.8,4616.98,4613.8,4614.69,466,21,0
2026-08-24 01:35:00+00:00,4614.74,4616.73,4611.66,4611.66,437,21,0
2026-08-24 01:40:00+00:00,4611.8,4612.19,4607.08,4610.92,559,21,0
2026-08-24 01:45:00+00:00,4610.93,4611.02,4607.3,4608.56,540,21,0
2026-08-24 01:50:00+00:00,4608.59,4609.05,4607.21,4607.8,448,21,0
2026-08-24 01:55:00+00:00,4607.66,4607.87,4606.09,4606.15,331,21,0
2026-08-24 02:00:00+00:00,4606.19,4609.1,4605.15,4607.45,487,21,0
2026-08-24 02:05:00+00:00,4607.46,4607.84,4604.76,4607.73,364,21,0
2026-08-24 02:10:00+00:00,4607.72,4609.39,4607.51,4607.53,370,21,0
2026-08-24 02:15:00+00:00,4607.52,4608.14,4606.82,4607.47,313,21,0
2026-08-24 02:20:00+00:00,4607.46,4613.16,4607.37,4612.85,432,21,0
2026-08-24 02:25:00+00:00,4612.88,4615.93,4612.19,4615.14,470,21,0
2026-08-24 02:30:00+00:00,4615.12,4618.49,4614.04,4618.1,488,21,0
2026-08-24 02:35:00+00:00,4618.04,4619.24,4613.39,4613.39,467,21,0
2026-08-24 02:40:00+00:00,4613.71,4614.4,4607.65,4608.36,518,21,0
2026-08-24 02:45:00+00:00,4608.41,4615.05,4608.21,4614.94,727,21,0
2026-08-24 02:50:00+00:00,4614.95,4622.52,4614.95,4622.52,677,20,0
2026-08-24 02:55:00+00:00,4622.48,4624.58,4622.19,4624.31,631,16,0
2026-08-24 03:00:00+00:00,4625.34,4627.8,4620.25,4626.97,987,21,0
2026-08-24 03:05:00+00:00,4627.15,4639.03,4627.15,4634.52,991,21,0
2026-08-24 03:10:00+00:00,4634.88,4640.8,4633.67,4637.34,897,21,0
2026-08-24 03:15:00+00:00,4637.37,4640.44,4628.44,4629.22,966,21,0
2026-08-24 03:20:00+00:00,4629.26,4629.96,4611.89,4612.74,982,21,0
2026-08-24 03:25:00+00:00,4612.43,4612.7,4594.76,4604.69,1042,17,0
2026-08-24 03:30:00+00:00,4604.68,4608.55,4602.95,4604.4,976,15,0
2026-08-24 03:35:00+00:00,4602.45,4608.39,4601.05,4601.15,928,16,0
2026-08-24 03:40:00+00:00,4601.16,4607.46,4601.03,4607.06,807,11,0
2026-08-24 03:45:00+00:00,4607.07,4615.28,4603.92,4614.54,865,16,0
2026-08-24 03:50:00+00:00,4614.32,4617.36,4611.65,4617.3,786,15,0
2026-08-24 03:55:00+00:00,4617.14,4623.16,4616.04,4621.84,814,15,0
2026-08-24 04:00:00+00:00,4621.85,4635.16,4618.91,4622.49,1165,17,0
2026-08-24 04:05:00+00:00,4622.47,4630.02,4620.14,4623.02,1068,17,0
2026-08-24 04:10:00+00:00,4623.08,4627.84,4621.96,4622.12,972,14,0
2026-08-24 04:15:00+00:00,4622.13,4625.67,4616.98,4622.07,1047,16,0
2026-08-24 04:20:00+00:00,4621.7,4622.16,4611.18,4614.66,1048,15,0
2026-08-24 04:25:00+00:00,4614.75,4618.02,4612.1,4614.67,1062,17,0
2026-08-24 04:30:00+00:00,4614.62,4614.98,4608.08,4613.83,1041,13,0
2026-08-24 04:35:00+00:00,4614.27,4621.04,4612.56,4614.22,1011,15,0
2026-08-24 04:40:00+00:00,4614.19,4618.31,4608.38,4618.19,972,11,0
2026-08-24 04:45:00+00:00,4618.17,4618.92,4615.11,4618.79,924,13,0
2026-08-24 04:50:00+00:00,4618.82,4630.04,4618.82,4628.79,963,17,0
2026-08-24 04:55:00+00:00,4628.76,4637.61,4626.66,4632.22,970,17,0
2026-08-24 05:00:00+00:00,4632.26,4638.62,4627.94,4636.97,1035,14,0
2026-08-24 05:05:00+00:00,4637.02,4642.97,4634.19,4642.64,976,14,0
2026-08-24 05:10:00+00:00,4642.69,4652.29,4642.54,4650.45,1035,13,0
2026-08-24 05:15:00+00:00,4650.48,4655.33,4649.37,4654.48,812,11,0
2026-08-24 05:20:00+00:00,4654.44,4654.86,4649.41,4654.51,804,11,0
2026-08-24 05:25:00+00:00,4654.54,4655.43,4649.72,4655.24,776,11,0
2026-08-24 05:30:00+00:00,4655.25,4656.57,4649.87,4651.94,983,11,0
2026-08-24 05:35:00+00:00,4652.09,4653.83,4645.05,4645.24,933,11,0
2026-08-24 05:40:00+00:00,4645.22,4645.68,4637.55,4637.59,994,11,0
2026-08-24 05:45:00+00:00,4637.61,4637.78,4627.58,4628.57,967,14,0
2026-08-24 05:50:00+00:00,4628.58,4638.34,4627.86,4638.02,987,11,0
2026-08-24 05:55:00+00:00,4638.13,4644.83,4637.55,4643.67,930,11,0
2026-08-24 06:00:00+00:00,4643.72,4644.17,4637.86,4640.37,856,11,0
2026-08-24 06:05:00+00:00,4640.49,4640.49,4634.77,4637.74,821,11,0
2026-08-24 06:10:00+00:00,4637.71,4639.59,4633.44,4637.25,855,16,0
2026-08-24 06:15:00+00:00,4637.24,4641.44,4637.02,4638.76,804,16,0
2026-08-24 06:20:00+00:00,4638.8,4643.72,4635.5,4642.34,869,17,0
2026-08-24 06:25:00+00:00,4642.38,4648.15,4642.38,4643.82,849,16,0
2026-08-24 06:30:00+00:00,4643.83,4648.23,4643.76,4647.82,771,12,0
2026-08-24 06:35:00+00:00,4648.04,4650.11,4646.96,4647.65,689,11,0
2026-08-24 06:40:00+00:00,4647.66,4648.13,4642.79,4643.03,621,11,0
2026-08-24 06:45:00+00:00,4642.76,4644.78,4642.39,4642.68,579,12,0
2026-08-24 06:50:00+00:00,4642.69,4644.78,4641.19,4641.34,573,16,0
2026-08-24 06:55:00+00:00,4641.39,4643.66,4640.1,4641.62,589,12,0
2026-08-24 07:00:00+00:00,4641.61,4642.54,4637.85,4639.73,669,12,0
2026-08-24 07:05:00+00:00,4639.71,4639.71,4632.61,4633.77,723,15,0
2026-08-24 07:10:00+00:00,4633.74,4638.76,4632.91,4638.4,723,11,0
2026-08-24 07:15:00+00:00,4638.45,4640.85,4634.59,4640.04,656,11,0
2026-08-24 07:20:00+00:00,4640.13,4640.34,4637.42,4637.93,647,11,0
2026-08-24 07:25:00+00:00,4637.88,4641.94,4637.73,4640.41,696,12,0
2026-08-24 07:30:00+00:00,4640.42,4640.75,4633.11,4635.63,700,11,0
2026-08-24 07:35:00+00:00,4635.6,4637.59,4634.78,4636.66,645,11,0
2026-08-24 07:40:00+00:00,4636.69,4638.53,4635.15,4638.21,570,11,0
2026-08-24 07:45:00+00:00,4638.2,4639.05,4636.04,4636.74,577,11,0
2026-08-24 07:50:00+00:00,4636.72,4640.39,4635.93,4639.94,572,11,0
2026-08-24 07:55:00+00:00,4639.96,4640.21,4637.25,4638.91,559,11,0
2026-08-24 08:00:00+00:00,4638.92,4641.73,4638.66,4639.53,668,15,0
2026-08-24 08:05:00+00:00,4639.51,4642.82,4639.16,4639.97,680,16,0
2026-08-24 08:10:00+00:00,4639.96,4643.55,4639.17,4643.55,624,11,0
2026-08-24 08:15:00+00:00,4643.49,4646.55,4641.51,4643.32,658,11,0
2026-08-24 08:20:00+00:00,4643.29,4643.35,4638.19,4638.68,691,11,0
2026-08-24 08:25:00+00:00,4638.67,4642.34,4636.11,4636.11,660,11,0
2026-08-24 08:30:00+00:00,4636.09,4639.64,4629.88,4632.49,1012,17,0
2026-08-24 08:35:00+00:00,4632.59,4638.93,4630.65,4633.12,927,17,0
2026-08-24 08:40:00+00:00,4633.11,4635.68,4631.49,4633.68,935,17,0
2026-08-24 08:45:00+00:00,4633.64,4638.72,4630.33,4638.72,889,17,0
2026-08-24 08:50:00+00:00,4638.74,4643.26,4636.5,4638.59,855,16,0
2026-08-24 08:55:00+00:00,4639.13,4641.54,4637.59,4640.8,831,14,0
2026-08-24 09:00:00+00:00,4640.83,4645.91,4639.37,4645.04,946,10,0
2026-08-24 09:05:00+00:00,4644.94,4651.71,4643.31,4649.05,944,13,0
2026-08-24 09:10:00+00:00,4649.2,4652.45,4647.1,4652.32,891,8,0
2026-08-24 09:15:00+00:00,4652.34,4659.86,4652.08,4656.32,953,12,0
2026-08-24 09:20:00+00:00,4656.3,4658.32,4646.45,4650.07,966,9,0
2026-08-24 09:25:00+00:00,4650.19,4650.19,4640.89,4642.56,904,9,0
2026-08-24 09:30:00+00:00,4642.51,4652.4,4642.29,4650.69,922,8,0
2026-08-24 09:35:00+00:00,4650.71,4653.74,4650.31,4651.31,862,8,0
2026-08-24 09:40:00+00:00,4651.29,4651.92,4641.99,4642.84,858,8,0
2026-08-24 09:45:00+00:00,4642.97,4650.4,4642.94,4649.91,838,9,0
2026-08-24 09:50:00+00:00,4650.05,4653.99,4646.04,4651.43,839,9,0
2026-08-24 09:55:00+00:00,4651.45,4651.5,4649.01,4650.2,799,8,0
2026-08-24 10:00:00+00:00,4650.11,4654.56,4647.57,4648.97,882,10,0
2026-08-24 10:05:00+00:00,4648.96,4650.24,4644.37,4646.67,764,8,0
2026-08-24 10:10:00+00:00,4646.7,4649.43,4644.55,4648.11,801,9,0
2026-08-24 10:15:00+00:00,4648.15,4650.14,4642.67,4645.86,802,8,0
2026-08-24 10:20:00+00:00,4645.87,4647.86,4642.38,4643.44,796,8,0
2026-08-24 10:25:00+00:00,4643.42,4647.5,4642.5,4642.79,806,8,0
2026-08-24 10:30:00+00:00,4642.76,4646.56,4641.4,4646.56,743,8,0
2026-08-24 10:35:00+00:00,4646.57,4647.96,4643.13,4644.45,685,8,0
2026-08-24 10:40:00+00:00,4644.48,4644.93,4634.93,4634.93,894,8,0
2026-08-24 10:45:00+00:00,4634.87,4635.47,4630.48,4631.06,910,14,0
2026-08-24 10:50:00+00:00,4631.15,4637.09,4630.18,4635.91,837,9,0
2026-08-24 10:55:00+00:00,4635.93,4643.87,4635.89,4641.66,741,8,0
2026-08-24 11:00:00+00:00,4641.64,4643.71,4636.74,4640.95,957,9,0
2026-08-24 11:05:00+00:00,4640.91,4646.06,4636.52,4638.45,901,9,0
2026-08-24 11:10:00+00:00,4638.43,4640.36,4635.94,4637.57,823,9,0
2026-08-24 11:15:00+00:00,4637.58,4637.71,4631.68,4636.03,827,8,0
2026-08-24 11:20:00+00:00,4636.05,4638.78,4634.98,4636.03,711,8,0
2026-08-24 11:25:00+00:00,4636.0,4639.68,4629.49,4629.49,770,8,0
2026-08-24 11:30:00+00:00,4629.39,4634.66,4628.84,4634.29,760,8,0
2026-08-24 11:35:00+00:00,4634.32,4637.42,4633.77,4637.37,646,8,0
2026-08-24 11:40:00+00:00,4637.3,4646.15,4636.3,4645.4,730,9,0
2026-08-24 11:45:00+00:00,4645.38,4646.07,4642.24,4643.68,689,10,0
2026-08-24 11:50:00+00:00,4643.73,4644.66,4640.26,4641.57,713,10,0
2026-08-24 11:55:00+00:00,4641.59,4642.36,4636.04,4638.05,673,10,0
2026-08-24 12:00:00+00:00,4638.04,4643.1,4637.23,4642.43,747,11,0
2026-08-24 12:05:00+00:00,4642.44,4644.77,4640.35,4642.18,635,10,0
2026-08-24 12:10:00+00:00,4642.15,4643.69,4639.89,4641.95,612,8,0
2026-08-24 12:15:00+00:00,4641.92,4642.02,4634.95,4636.8,674,8,0
2026-08-24 12:20:00+00:00,4636.73,4639.23,4636.38,4637.09,653,8,0
2026-08-24 12:25:00+00:00,4637.03,4638.55,4635.5,4635.87,574,8,0
2026-08-24 12:30:00+00:00,4635.88,4640.65,4634.53,4635.52,745,11,0
2026-08-24 12:35:00+00:00,4635.43,4637.28,4633.02,4636.81,634,9,0
2026-08-24 12:40:00+00:00,4636.87,4639.84,4636.41,4639.33,607,8,0
2026-08-24 12:45:00+00:00,4639.24,4645.02,4638.95,4644.03,678,8,0
2026-08-24 12:50:00+00:00,4644.05,4645.4,4641.8,4644.24,526,8,0
2026-08-24 12:55:00+00:00,4644.25,4646.04,4643.3,4645.97,523,8,0
2026-08-24 13:00:00+00:00,4645.95,4649.88,4645.78,4648.87,643,9,0
2026-08-24 13:05:00+00:00,4648.88,4649.83,4646.05,4647.04,617,10,0
2026-08-24 13:10:00+00:00,4647.05,4650.06,4645.5,4648.11,673,10,0
2026-08-24 13:15:00+00:00,4648.14,4648.59,4646.3,4646.85,572,8,0
2026-08-24 13:20:00+00:00,4646.83,4647.24,4642.91,4644.97,669,8,0
2026-08-24 13:25:00+00:00,4644.88,4645.63,4642.43,4643.11,663,8,0
2026-08-24 13:30:00+00:00,4643.24,4645.48,4642.77,4645.22,623,8,0
2026-08-24 13:35:00+00:00,4645.31,4648.69,4642.91,4647.83,568,8,0
2026-08-24 13:40:00+00:00,4647.76,4648.09,4643.95,4644.34,608,8,0
2026-08-24 13:45:00+00:00,4644.34,4645.85,4641.82,4645.76,604,8,0
2026-08-24 13:50:00+00:00,4645.77,4647.11,4644.57,4645.73,627,8,0
2026-08-24 13:55:00+00:00,4645.79,4646.81,4642.46,4643.46,608,8,0
2026-08-24 14:00:00+00:00,4643.36,4646.8,4640.03,4645.74,787,13,0
2026-08-24 14:05:00+00:00,4645.76,4646.61,4639.93,4640.36,673,8,0
2026-08-24 14:10:00+00:00,4640.46,4644.71,4639.11,4642.35,658,8,0
2026-08-24 14:15:00+00:00,4642.3,4645.59,4641.75,4644.7,591,8,0
2026-08-24 14:20:00+00:00,4644.65,4645.84,4640.55,4641.5,582,8,0
2026-08-24 14:25:00+00:00,4641.48,4647.49,4640.76,4646.36,629,8,0
2026-08-24 14:30:00+00:00,4646.48,4651.41,4643.51,4651.1,855,14,0
2026-08-24 14:35:00+00:00,4651.98,4669.96,4650.97,4660.74,1116,14,0
2026-08-24 14:40:00+00:00,4660.59,4666.49,4653.93,4658.67,1039,13,0
2026-08-24 14:45:00+00:00,4658.98,4661.43,4648.3,4648.89,941,12,0
2026-08-24 14:50:00+00:00,4648.94,4659.64,4648.37,4659.64,866,12,0
2026-08-24 14:55:00+00:00,4659.68,4660.01,4655.77,4657.84,785,10,0
2026-08-24 15:00:00+00:00,4657.91,4658.36,4650.42,4652.09,899,11,0
2026-08-24 15:05:00+00:00,4652.16,4656.35,4650.06,4654.85,820,11,0
2026-08-24 15:10:00+00:00,4655.13,4660.17,4654.06,4657.39,770,11,0
2026-08-24 15:15:00+00:00,4657.38,4657.38,4652.05,4653.08,786,12,0
2026-08-24 15:20:00+00:00,4652.88,4659.66,4651.79,4657.49,922,13,0
2026-08-24 15:25:00+00:00,4657.5,4662.73,4655.01,4661.87,857,8,0
2026-08-24 15:30:00+00:00,4661.85,4661.85,4645.74,4654.71,919,8,0
2026-08-24 15:35:00+00:00,4654.7,4663.97,4654.42,4662.88,910,11,0
2026-08-24 15:40:00+00:00,4662.95,4668.86,4655.19,4657.48,920,11,0
2026-08-24 15:45:00+00:00,4657.49,4662.06,4654.55,4661.96,805,8,0
2026-08-24 15:50:00+00:00,4661.99,4666.99,4661.53,4666.97,806,8,0
2026-08-24 15:55:00+00:00,4667.01,4667.38,4661.63,4662.87,841,12,0
2026-08-24 16:00:00+00:00,4662.9,4671.15,4661.61,4666.94,1061,12,0
2026-08-24 16:05:00+00:00,4667.19,4674.08,4667.11,4673.53,988,12,0
2026-08-24 16:10:00+00:00,4673.62,4677.86,4673.34,4677.26,1018,13,0
2026-08-24 16:15:00+00:00,4677.14,4677.94,4671.61,4672.35,945,12,0
2026-08-24 16:20:00+00:00,4672.34,4672.7,4667.06,4669.94,976,12,0
2026-08-24 16:25:00+00:00,4669.91,4674.47,4667.62,4672.35,961,9,0
2026-08-24 16:30:00+00:00,4672.38,4680.81,4670.3,4679.69,1174,14,0
2026-08-24 16:35:00+00:00,4679.9,4680.9,4668.06,4670.4,1180,14,0
2026-08-24 16:40:00+00:00,4668.0,4675.05,4658.5,4658.93,1142,14,0
2026-08-24 16:45:00+00:00,4658.89,4678.2,4656.4,4673.81,1168,14,0
2026-08-24 16:50:00+00:00,4673.88,4675.98,4658.25,4666.99,1105,14,0
2026-08-24 16:55:00+00:00,4667.08,4669.07,4659.42,4664.7,1127,11,0
2026-08-24 17:00:00+00:00,4664.75,4667.78,4659.98,4663.69,1131,11,0
2026-08-24 17:05:00+00:00,4663.43,4670.63,4662.41,4670.63,1126,8,0
2026-08-24 17:10:00+00:00,4670.5,4672.11,4662.77,4666.65,1065,8,0
2026-08-24 17:15:00+00:00,4666.53,4667.01,4656.27,4666.56,1125,8,0
2026-08-24 17:20:00+00:00,4666.07,4670.05,4664.85,4666.35,1047,8,0
2026-08-24 17:25:00+00:00,4666.36,4674.31,4665.91,4671.05,988,8,0
2026-08-24 17:30:00+00:00,4671.07,4678.1,4670.08,4677.53,1026,8,0
2026-08-24 17:35:00+00:00,4677.47,4679.57,4674.68,4675.6,971,13,0
2026-08-24 17:40:00+00:00,4675.66,4677.86,4670.63,4672.71,935,13,0
2026-08-24 17:45:00+00:00,4672.73,4674.0,4665.63,4666.38,905,13,0
2026-08-24 17:50:00+00:00,4666.49,4669.11,4657.66,4669.11,1033,15,0
2026-08-24 17:55:00+00:00,4669.23,4676.43,4667.94,4670.61,993,8,0
2026-08-24 18:00:00+00:00,4670.65,4677.3,4665.95,4676.33,1035,8,0
2026-08-24 18:05:00+00:00,4676.38,4677.04,4672.75,4672.75,952,8,0
2026-08-24 18:10:00+00:00,4672.74,4674.28,4670.36,4672.13,891,8,0
2026-08-24 18:15:00+00:00,4672.21,4673.43,4669.03,4673.2,849,11,0
2026-08-24 18:20:00+00:00,4673.21,4673.41,4668.28,4670.18,846,8,0
2026-08-24 18:25:00+00:00,4670.2,4679.34,4669.27,4676.46,955,8,0
2026-08-24 18:30:00+00:00,4676.43,4677.68,4670.07,4672.5,1029,13,0
2026-08-24 18:35:00+00:00,4672.55,4674.64,4667.54,4668.47,922,11,0
2026-08-24 18:40:00+00:00,4668.48,4668.49,4660.1,4660.98,1036,14,0
2026-08-24 18:45:00+00:00,4660.95,4663.47,4645.82,4647.65,1070,15,0
2026-08-24 18:50:00+00:00,4647.73,4655.6,4647.52,4653.38,973,11,0
2026-08-24 18:55:00+00:00,4653.36,4653.36,4640.0,4649.08,1033,11,0
2026-08-24 19:00:00+00:00,4649.07,4661.18,4646.62,4659.62,1070,13,0
2026-08-24 19:05:00+00:00,4659.63,4662.48,4654.92,4655.2,877,8,0
2026-08-24 19:10:00+00:00,4655.21,4658.82,4654.57,4658.23,807,8,0
2026-08-24 19:15:00+00:00,4658.31,4661.25,4656.84,4659.6,834,8,0
2026-08-24 19:20:00+00:00,4659.5,4660.04,4656.12,4656.77,792,9,0
2026-08-24 19:25:00+00:00,4656.79,4659.31,4656.31,4658.93,733,11,0
2026-08-24 19:30:00+00:00,4658.89,4661.41,4658.84,4660.61,770,13,0
2026-08-24 19:35:00+00:00,4660.59,4662.24,4658.87,4659.84,712,13,0
2026-08-24 19:40:00+00:00,4659.7,4661.43,4658.47,4659.7,644,13,0
2026-08-24 19:45:00+00:00,4659.65,4660.06,4655.36,4657.48,772,13,0
2026-08-24 19:50:00+00:00,4657.57,4657.83,4651.28,4651.69,820,13,0
2026-08-24 19:55:00+00:00,4651.68,4651.69,4642.18,4644.85,934,13,0
2026-08-24 20:00:00+00:00,4644.83,4647.49,4641.71,4645.94,941,13,0
2026-08-24 20:05:00+00:00,4645.96,4655.17,4643.95,4652.46,978,11,0
2026-08-24 20:10:00+00:00,4652.24,4654.7,4649.63,4651.75,931,11,0
2026-08-24 20:15:00+00:00,4651.8,4653.97,4647.44,4648.31,921,9,0
2026-08-24 20:20:00+00:00,4648.3,4648.3,4630.68,4636.68,1113,11,0
2026-08-24 20:25:00+00:00,4636.64,4645.02,4633.06,4638.33,1010,9,0
2026-08-24 20:30:00+00:00,4638.5,4641.0,4635.66,4637.55,925,8,0
2026-08-24 20:35:00+00:00,4637.54,4642.98,4636.81,4641.19,897,8,0
2026-08-24 20:40:00+00:00,4641.18,4642.21,4638.69,4638.82,779,8,0
2026-08-24 20:45:00+00:00,4638.72,4639.08,4633.91,4633.91,748,11,0
2026-08-24 20:50:00+00:00,4633.97,4638.68,4632.9,4634.16,833,13,0
2026-08-24 20:55:00+00:00,4634.17,4637.54,4633.09,4636.73,784,11,0
2026-08-24 21:00:00+00:00,4636.66,4641.16,4635.27,4640.86,826,9,0
2026-08-24 21:05:00+00:00,4640.92,4640.93,4625.51,4632.45,878,9,0
2026-08-24 21:10:00+00:00,4632.64,4634.89,4630.12,4632.09,840,8,0
2026-08-24 21:15:00+00:00,4632.05,4634.32,4627.62,4628.05,892,11,0
2026-08-24 21:20:00+00:00,4628.01,4636.59,4626.82,4636.59,828,8,0
2026-08-24 21:25:00+00:00,4636.33,4642.2,4636.33,4640.38,836,8,0
2026-08-24 21:30:00+00:00,4640.4,4641.84,4632.14,4632.14,789,8,0
2026-08-24 21:35:00+00:00,4632.41,4633.46,4625.42,4630.27,900,9,0
2026-08-24 21:40:00+00:00,4630.21,4635.45,4630.16,4634.53,739,8,0
2026-08-24 21:45:00+00:00,4634.44,4634.99,4631.63,4633.33,722,8,0
2026-08-24 21:50:00+00:00,4633.26,4635.36,4633.13,4633.76,665,8,0
2026-08-24 21:55:00+00:00,4633.75,4637.65,4633.75,4636.62,669,8,0
2026-08-24 22:00:00+00:00,4636.58,4641.45,4636.35,4639.26,711,11,0
2026-08-24 22:05:00+00:00,4639.19,4640.7,4636.52,4637.89,647,8,0
2026-08-24 22:10:00+00:00,4638.15,4638.35,4635.85,4636.71,658,8,0
2026-08-24 22:15:00+00:00,4636.69,4643.32,4636.34,4643.32,664,8,0
2026-08-24 22:20:00+00:00,4643.3,4645.31,4642.34,4642.46,661,8,0
2026-08-24 22:25:00+00:00,4642.45,4642.99,4640.09,4641.5,666,8,0
2026-08-24 22:30:00+00:00,4641.43,4642.44,4640.22,4641.03,744,8,0
2026-08-24 22:35:00+00:00,4640.94,4646.98,4640.8,4645.53,746,8,0
2026-08-24 22:40:00+00:00,4645.56,4651.49,4645.48,4650.76,787,9,0
2026-08-24 22:45:00+00:00,4650.77,4655.84,4650.61,4655.74,815,8,0
2026-08-24 22:50:00+00:00,4655.8,4656.63,4652.04,4653.83,811,9,0
2026-08-24 22:55:00+00:00,4653.87,4654.77,4650.95,4652.33,900,8,0
2026-08-24 23:00:00+00:00,4652.51,4655.78,4651.39,4655.04,562,8,0
2026-08-24 23:05:00+00:00,4655.03,4655.55,4654.26,4654.65,354,8,0
2026-08-24 23:10:00+00:00,4654.7,4656.01,4651.07,4651.36,379,8,0
2026-08-24 23:15:00+00:00,4651.27,4654.44,4651.23,4652.28,304,8,0
2026-08-24 23:20:00+00:00,4652.43,4653.28,4651.35,4651.35,331,8,0
2026-08-24 23:25:00+00:00,4651.36,4651.4,4649.0,4649.37,244,8,0
2026-08-24 23:30:00+00:00,4649.33,4650.01,4648.51,4648.81,236,8,0
2026-08-24 23:35:00+00:00,4648.82,4649.21,4648.14,4648.66,247,9,0
2026-08-24 23:40:00+00:00,4648.63,4648.67,4647.29,4647.79,208,19,0
2026-08-24 23:45:00+00:00,4647.8,4650.88,4647.2,4650.3,345,19,0
2026-08-24 23:50:00+00:00,4650.22,4651.45,4649.08,4651.08,312,17,0
2026-08-24 23:55:00+00:00,4651.14,4652.61,4649.85,4651.61,397,17,0
2026-08-25 01:00:00+00:00,4654.46,4656.52,4651.98,4655.86,503,19,0
2026-08-25 01:05:00+00:00,4655.91,4660.67,4655.19,4658.85,479,19,0
2026-08-25 01:10:00+00:00,4658.83,4659.89,4657.84,4658.67,315,19,0
2026-08-25 01:15:00+00:00,4658.7,4659.54,4658.03,4658.04,257,19,0
2026-08-25 01:20:00+00:00,4658.01,4658.85,4657.48,4658.45,280,19,0
2026-08-25 01:25:00+00:00,4658.4,4658.41,4656.84,4657.73,224,19,0
2026-08-25 01:30:00+00:00,4657.79,4659.18,4657.29,4659.17,265,19,0
2026-08-25 01:35:00+00:00,4659.16,4661.15,4658.93,4660.6,243,19,0
2026-08-25 01:40:00+00:00,4660.58,4661.58,4660.32,4661.57,225,19,0
2026-08-25 01:45:00+00:00,4661.5,4662.47,4660.9,4662.43,226,19,0
2026-08-25 01:50:00+00:00,4662.44,4665.03,4662.39,4664.67,292,19,0
2026-08-25 01:55:00+00:00,4664.68,4668.44,4664.08,4667.73,287,18,0
2026-08-25 02:00:00+00:00,4667.71,4669.47,4667.64,4668.45,305,16,0
2026-08-25 02:05:00+00:00,4668.39,4669.38,4666.87,4669.38,332,18,0
2026-08-25 02:10:00+00:00,4669.37,4672.28,4668.93,4672.21,347,17,0
2026-08-25 02:15:00+00:00,4672.22,4676.78,4672.22,4674.8,438,17,0
2026-08-25 02:20:00+00:00,4674.82,4675.39,4673.61,4674.67,343,17,0
2026-08-25 02:25:00+00:00,4674.67,4674.72,4669.24,4669.31,441,14,0
2026-08-25 02:30:00+00:00,4669.32,4673.03,4667.73,4672.46,457,18,0
2026-08-25 02:35:00+00:00,4672.47,4676.96,4671.62,4675.31,400,15,0
2026-08-25 02:40:00+00:00,4675.33,4676.85,4675.14,4676.51,493,15,0
2026-08-25 02:45:00+00:00,4676.5,4677.58,4675.02,4677.12,601,18,0
2026-08-25 02:50:00+00:00,4677.2,4682.5,4677.0,4679.3,693,19,0
2026-08-25 02:55:00+00:00,4679.27,4680.47,4677.77,4679.86,561,17,0
2026-08-25 03:00:00+00:00,4679.43,4689.11,4676.97,4677.47,979,17,0
2026-08-25 03:05:00+00:00,4677.16,4687.19,4675.46,4681.68,954,17,0
2026-08-25 03:10:00+00:00,4681.65,4691.29,4679.93,4690.55,839,17,0
2026-08-25 03:15:00+00:00,4690.5,4691.26,4681.1,4681.13,884,16,0
2026-08-25 03:20:00+00:00,4681.22,4683.19,4679.53,4680.16,812,11,0
2026-08-25 03:25:00+00:00,4680.2,4684.1,4677.08,4682.66,824,13,0
2026-08-25 03:30:00+00:00,4682.73,4693.22,4682.31,4688.4,924,17,0
2026-08-25 03:35:00+00:00,4688.88,4696.4,4688.21,4695.75,830,11,0
2026-08-25 03:40:00+00:00,4695.77,4697.06,4692.49,4693.92,831,12,0
2026-08-25 03:45:00+00:00,4694.06,4695.13,4688.11,4692.79,916,11,0
2026-08-25 03:50:00+00:00,4692.8,4694.08,4688.18,4688.92,838,11,0
2026-08-25 03:55:00+00:00,4688.8,4689.48,4684.39,4684.45,730,11,0
2026-08-25 04:00:00+00:00,4684.65,4685.12,4671.56,4677.01,1107,17,0
2026-08-25 04:05:00+00:00,4677.04,4680.42,4671.01,4678.56,969,17,0
2026-08-25 04:10:00+00:00,4678.58,4680.0,4674.8,4678.32,917,16,0
2026-08-25 04:15:00+00:00,4678.17,4680.11,4673.22,4677.9,938,14,0
2026-08-25 04:20:00+00:00,4677.89,4678.02,4666.14,4666.82,966,14,0
2026-08-25 04:25:00+00:00,4666.87,4672.68,4664.32,4669.66,922,16,0
2026-08-25 04:30:00+00:00,4669.52,4674.63,4667.02,4668.22,954,12,0
2026-08-25 04:35:00+00:00,4668.23,4674.55,4666.76,4668.21,915,11,0
2026-08-25 04:40:00+00:00,4668.2,4673.38,4667.63,4670.64,918,12,0
2026-08-25 04:45:00+00:00,4670.65,4675.7,4665.14,4674.81,917,11,0
2026-08-25 04:50:00+00:00,4674.72,4674.91,4663.75,4665.14,938,11,0
2026-08-25 04:55:00+00:00,4665.12,4665.34,4656.64,4657.66,952,11,0
2026-08-25 05:00:00+00:00,4658.02,4661.44,4650.5,4651.35,1042,11,0
2026-08-25 05:05:00+00:00,4651.31,4651.32,4639.62,4644.65,1113,17,0
2026-08-25 05:10:00+00:00,4644.64,4645.75,4638.44,4642.19,1012,16,0
2026-08-25 05:15:00+00:00,4641.94,4650.07,4641.13,4649.66,863,11,0
2026-08-25 05:20:00+00:00,4649.63,4655.73,4649.53,4654.25,806,11,0
2026-08-25 05:25:00+00:00,4654.32,4656.8,4652.79,4656.43,758,14,0
2026-08-25 05:30:00+00:00,4656.32,4656.33,4642.78,4646.18,1048,15,0
2026-08-25 05:35:00+00:00,4646.23,4647.23,4639.79,4643.19,919,16,0
2026-08-25 05:40:00+00:00,4643.3,4647.41,4631.08,4631.44,927,15,0
2026-08-25 05:45:00+00:00,4630.99,4637.45,4630.26,4632.62,1005,17,0
2026-08-25 05:50:00+00:00,4632.79,4635.56,4618.09,4626.88,1011,17,0
2026-08-25 05:55:00+00:00,4626.85,4629.26,4620.99,4629.26,1022,17,0
2026-08-25 06:00:00+00:00,4629.57,4631.36,4622.32,4623.95,983,16,0
2026-08-25 06:05:00+00:00,4623.97,4637.57,4622.77,4635.35,937,14,0
2026-08-25 06:10:00+00:00,4635.03,4637.59,4631.49,4633.35,888,15,0
2026-08-25 06:15:00+00:00,4633.36,4636.25,4631.68,4635.32,832,17,0
2026-08-25 06:20:00+00:00,4635.16,4636.73,4632.2,4634.44,830,17,0
2026-08-25 06:25:00+00:00,4634.48,4638.01,4634.45,4637.42,804,17,0
2026-08-25 06:30:00+00:00,4637.41,4640.8,4635.77,4639.99,656,17,0
2026-08-25 06:35:00+00:00,4640.0,4640.89,4634.38,4635.21,589,17,0
2026-08-25 06:40:00+00:00,4635.32,4636.98,4633.7,4634.22,620,17,0
2026-08-25 06:45:00+00:00,4634.09,4634.87,4631.31,4633.31,652,17,0
2026-08-25 06:50:00+00:00,4633.29,4634.37,4631.38,4633.05,580,15,0
2026-08-25 06:55:00+00:00,4632.93,4635.4,4631.97,4633.31,566,16,0
2026-08-25 07:00:00+00:00,4633.32,4635.32,4630.52,4634.61,689,13,0
2026-08-25 07:05:00+00:00,4634.66,4636.08,4633.91,4635.73,549,12,0
2026-08-25 07:10:00+00:00,4635.78,4637.36,4634.84,4636.76,558,15,0
2026-08-25 07:15:00+00:00,4636.73,4636.75,4633.09,4634.1,572,17,0
2026-08-25 07:20:00+00:00,4634.16,4635.25,4630.68,4632.42,586,17,0
2026-08-25 07:25:00+00:00,4632.48,4632.52,4628.56,4630.43,561,14,0
2026-08-25 07:30:00+00:00,4630.45,4632.32,4625.92,4629.32,698,13,0
2026-08-25 07:35:00+00:00,4629.31,4630.94,4626.1,4626.9,656,16,0
2026-08-25 07:40:00+00:00,4626.94,4627.11,4623.47,4625.53,676,15,0
2026-08-25 07:45:00+00:00,4625.5,4626.4,4624.16,4626.01,690,15,0
2026-08-25 07:50:00+00:00,4625.93,4628.45,4623.77,4626.66,654,16,0
2026-08-25 07:55:00+00:00,4626.71,4627.11,4625.3,4625.38,640,13,0
2026-08-25 08:00:00+00:00,4625.47,4628.88,4623.73,4628.86,733,17,0
2026-08-25 08:05:00+00:00,4628.84,4638.62,4628.76,4635.21,772,17,0
2026-08-25 08:10:00+00:00,4635.38,4638.8,4635.38,4637.66,644,13,0
2026-08-25 08:15:00+00:00,4637.57,4643.8,4637.57,4643.8,647,13,0
2026-08-25 08:20:00+00:00,4643.79,4645.85,4642.67,4643.95,667,11,0
2026-08-25 08:25:00+00:00,4643.96,4647.55,4642.53,4646.02,616,13,0
2026-08-25 08:30:00+00:00,4646.18,4646.68,4638.98,4642.13,919,17,0
2026-08-25 08:35:00+00:00,4642.25,4646.09,4641.83,4642.57,792,16,0
2026-08-25 08:40:00+00:00,4642.58,4642.91,4637.66,4638.65,833,15,0
2026-08-25 08:45:00+00:00,4638.56,4641.96,4635.57,4639.14,776,16,0
2026-08-25 08:50:00+00:00,4639.19,4643.47,4636.59,4643.41,824,16,0
2026-08-25 08:55:00+00:00,4643.42,4645.58,4641.19,4642.57,803,11,0
2026-08-25 09:00:00+00:00,4642.68,4645.92,4641.02,4644.15,861,8,0
2026-08-25 09:05:00+00:00,4644.05,4648.1,4643.88,4647.83,761,8,0
2026-08-25 09:10:00+00:00,4647.73,4650.07,4647.65,4649.24,751,8,0
2026-08-25 09:15:00+00:00,4649.31,4649.31,4646.33,4647.12,699,8,0
2026-08-25 09:20:00+00:00,4647.18,4651.7,4645.16,4651.13,759,9,0
2026-08-25 09:25:00+00:00,4651.14,4653.0,4649.55,4649.73,720,9,0
2026-08-25 09:30:00+00:00,4649.75,4653.07,4648.67,4651.1,752,8,0
2026-08-25 09:35:00+00:00,4651.05,4652.27,4647.88,4649.32,779,10,0
2026-08-25 09:40:00+00:00,4649.33,4652.28,4647.54,4647.71,703,8,0
2026-08-25 09:45:00+00:00,4647.42,4648.9,4646.17,4647.44,659,8,0
2026-08-25 09:50:00+00:00,4647.45,4647.76,4641.21,4641.24,734,8,0
2026-08-25 09:55:00+00:00,4640.98,4641.42,4636.82,4637.92,738,12,0
2026-08-25 10:00:00+00:00,4637.99,4640.42,4636.49,4639.52,778,14,0
2026-08-25 10:05:00+00:00,4639.53,4641.64,4636.18,4640.8,795,12,0
2026-08-25 10:10:00+00:00,4640.82,4641.4,4637.4,4639.41,640,8,0
2026-08-25 10:15:00+00:00,4639.43,4642.49,4637.69,4640.9,725,8,0
2026-08-25 10:20:00+00:00,4640.7,4643.39,4639.17,4640.36,631,8,0
2026-08-25 10:25:00+00:00,4640.37,4640.72,4634.12,4634.17,625,8,0
2026-08-25 10:30:00+00:00,4634.18,4638.51,4633.81,4634.81,641,10,0
2026-08-25 10:35:00+00:00,4634.8,4636.36,4633.58,4636.24,673,8,0
2026-08-25 10:40:00+00:00,4636.25,4639.75,4634.89,4638.99,594,8,0
2026-08-25 10:45:00+00:00,4639.09,4640.24,4634.06,4635.46,558,8,0
2026-08-25 10:50:00+00:00,4635.47,4636.54,4630.84,4631.01,720,8,0
2026-08-25 10:55:00+00:00,4631.08,4631.2,4629.5,4629.72,630,8,0
2026-08-25 11:00:00+00:00,4629.75,4630.84,4624.99,4625.51,922,8,0
2026-08-25 11:05:00+00:00,4625.42,4628.68,4619.89,4622.91,797,11,0
2026-08-25 11:10:00+00:00,4622.85,4626.26,4622.48,4626.2,709,10,0
2026-08-25 11:15:00+00:00,4626.25,4629.88,4625.65,4627.84,687,9,0
2026-08-25 11:20:00+00:00,4627.83,4644.93,4626.5,4643.81,865,8,0
2026-08-25 11:25:00+00:00,4643.38,4643.38,4631.48,4632.56,925,11,0
2026-08-25 11:30:00+00:00,4632.54,4634.9,4631.42,4633.96,876,11,0
2026-08-25 11:35:00+00:00,4634.01,4634.7,4628.89,4629.71,782,11,0
2026-08-25 11:40:00+00:00,4629.64,4631.77,4625.42,4631.77,722,10,0
2026-08-25 11:45:00+00:00,4631.68,4633.29,4627.1,4627.57,656,10,0
2026-08-25 11:50:00+00:00,4627.61,4627.93,4624.74,4626.08,675,12,0
2026-08-25 11:55:00+00:00,4626.23,4630.16,4625.87,4629.84,685,12,0
2026-08-25 12:00:00+00:00,4629.81,4629.81,4624.39,4626.18,804,13,0
2026-08-25 12:05:00+00:00,4626.17,4632.9,4624.56,4632.5,772,12,0
2026-08-25 12:10:00+00:00,4632.49,4632.56,4628.88,4630.09,695,10,0
2026-08-25 12:15:00+00:00,4630.07,4633.09,4629.66,4631.46,706,11,0
2026-08-25 12:20:00+00:00,4631.32,4631.9,4629.15,4629.45,668,8,0
2026-08-25 12:25:00+00:00,4629.44,4629.5,4625.36,4625.93,662,8,0
2026-08-25 12:30:00+00:00,4626.09,4638.8,4623.77,4637.41,817,14,0
2026-08-25 12:35:00+00:00,4636.84,4636.84,4629.3,4630.07,881,11,0
2026-08-25 12:40:00+00:00,4630.08,4638.71,4629.2,4636.85,807,11,0
2026-08-25 12:45:00+00:00,4636.83,4640.25,4636.24,4639.86,732,11,0
2026-08-25 12:50:00+00:00,4640.01,4642.1,4637.68,4637.77,779,10,0
2026-08-25 12:55:00+00:00,4637.75,4639.51,4635.54,4636.11,718,10,0
2026-08-25 13:00:00+00:00,4636.06,4636.76,4632.83,4633.93,689,9,0
2026-08-25 13:05:00+00:00,4634.03,4636.74,4633.18,4635.36,646,9,0
2026-08-25 13:10:00+00:00,4635.33,4638.51,4633.55,4635.55,633,9,0
2026-08-25 13:15:00+00:00,4635.47,4638.98,4635.0,4637.0,541,10,0
2026-08-25 13:20:00+00:00,4637.02,4638.42,4635.41,4635.5,571,12,0
2026-08-25 13:25:00+00:00,4635.48,4637.61,4633.16,4633.72,584,11,0
2026-08-25 13:30:00+00:00,4633.79,4636.98,4632.94,4635.58,619,12,0
2026-08-25 13:35:00+00:00,4635.54,4638.38,4633.84,4637.7,546,10,0
2026-08-25 13:40:00+00:00,4637.71,4641.01,4637.2,4637.82,570,9,0
2026-08-25 13:45:00+00:00,4637.73,4641.02,4637.4,4638.24,549,8,0
2026-08-25 13:50:00+00:00,4638.29,4641.96,4637.06,4641.25,558,8,0
2026-08-25 13:55:00+00:00,4641.26,4642.38,4639.47,4639.48,590,8,0
2026-08-25 14:00:00+00:00,4639.42,4640.75,4637.73,4640.38,640,8,0
2026-08-25 14:05:00+00:00,4640.34,4643.33,4636.7,4640.45,649,8,0
2026-08-25 14:10:00+00:00,4640.46,4642.9,4639.4,4642.84,659,13,0
2026-08-25 14:15:00+00:00,4642.88,4645.13,4641.52,4643.93,655,10,0
2026-08-25 14:20:00+00:00,4644.02,4644.73,4640.79,4642.46,603,10,0
2026-08-25 14:25:00+00:00,4642.45,4642.78,4639.14,4641.49,582,10,0
2026-08-25 14:30:00+00:00,4641.63,4644.62,4640.66,4643.22,680,11,0
2026-08-25 14:35:00+00:00,4643.2,4644.82,4642.2,4644.82,616,9,0
2026-08-25 14:40:00+00:00,4644.84,4645.24,4640.46,4640.67,628,8,0
2026-08-25 14:45:00+00:00,4640.73,4646.09,4640.69,4644.71,663,8,0
2026-08-25 14:50:00+00:00,4644.74,4647.41,4641.62,4643.57,747,11,0
2026-08-25 14:55:00+00:00,4643.78,4645.01,4642.01,4642.54,644,8,0
2026-08-25 15:00:00+00:00,4642.49,4642.71,4635.08,4636.73,796,8,0
2026-08-25 15:05:00+00:00,4636.7,4638.43,4635.53,4637.18,721,11,0
2026-08-25 15:10:00+00:00,4637.09,4642.02,4636.21,4639.31,726,8,0
2026-08-25 15:15:00+00:00,4639.33,4639.33,4633.17,4635.6,730,9,0
2026-08-25 15:20:00+00:00,4635.67,4639.39,4632.0,4633.71,731,10,0
2026-08-25 15:25:00+00:00,4633.75,4637.6,4633.13,4637.51,690,8,0
2026-08-25 15:30:00+00:00,4637.4,4637.73,4632.81,4633.11,785,8,0
2026-08-25 15:35:00+00:00,4633.07,4634.83,4630.71,4630.74,700,8,0
2026-08-25 15:40:00+00:00,4630.69,4640.52,4630.23,4638.46,784,8,0
2026-08-25 15:45:00+00:00,4638.45,4642.59,4637.41,4640.41,734,8,0
2026-08-25 15:50:00+00:00,4640.34,4644.3,4639.88,4641.09,680,8,0
2026-08-25 15:55:00+00:00,4641.1,4641.3,4638.63,4640.88,648,8,0
2026-08-25 16:00:00+00:00,4640.84,4641.17,4630.06,4634.1,1037,8,0
2026-08-25 16:05:00+00:00,4634.3,4636.08,4627.46,4630.35,961,12,0
2026-08-25 16:10:00+00:00,4630.27,4633.12,4622.18,4622.41,1054,12,0
2026-08-25 16:15:00+00:00,4622.39,4628.04,4619.84,4625.94,999,9,0
2026-08-25 16:20:00+00:00,4625.98,4626.27,4612.72,4614.54,1018,11,0
2026-08-25 16:25:00+00:00,4614.53,4618.79,4608.83,4610.35,1015,13,0
2026-08-25 16:30:00+00:00,4610.34,4623.54,4609.86,4621.55,1122,13,0
2026-08-25 16:35:00+00:00,4621.56,4621.71,4609.68,4615.42,1113,14,0
2026-08-25 16:40:00+00:00,4615.67,4621.41,4610.93,4612.88,1112,8,0
2026-08-25 16:45:00+00:00,4612.84,4615.18,4605.4,4606.91,1102,8,0
2026-08-25 16:50:00+00:00,4606.96,4611.75,4606.01,4606.88,1094,11,0
2026-08-25 16:55:00+00:00,4606.89,4617.09,4605.32,4615.98,1001,8,0
2026-08-25 17:00:00+00:00,4616.07,4620.89,4613.29,4618.24,1069,8,0
2026-08-25 17:05:00+00:00,4618.27,4624.25,4617.5,4621.66,1064,8,0
2026-08-25 17:10:00+00:00,4622.36,4625.86,4621.31,4622.16,1022,8,0
2026-08-25 17:15:00+00:00,4622.4,4625.63,4619.08,4620.18,1012,8,0
2026-08-25 17:20:00+00:00,4620.3,4626.04,4618.7,4625.6,1048,8,0
2026-08-25 17:25:00+00:00,4625.72,4628.39,4623.59,4623.92,958,8,0
2026-08-25 17:30:00+00:00,4623.94,4631.52,4614.01,4629.4,1068,9,0
2026-08-25 17:35:00+00:00,4629.7,4637.75,4629.63,4637.66,958,8,0
2026-08-25 17:40:00+00:00,4637.34,4638.68,4631.18,4637.33,985,11,0
2026-08-25 17:45:00+00:00,4637.26,4640.02,4635.47,4636.47,949,11,0
2026-08-25 17:50:00+00:00,4636.45,4638.22,4632.71,4634.79,914,14,0
2026-08-25 17:55:00+00:00,4634.74,4637.24,4633.18,4635.58,896,14,0
2026-08-25 18:00:00+00:00,4635.63,4637.24,4631.45,4632.91,942,15,0
2026-08-25 18:05:00+00:00,4632.93,4634.69,4631.25,4633.23,934,14,0
2026-08-25 18:10:00+00:00,4633.25,4635.28,4631.42,4633.17,864,15,0
2026-08-25 18:15:00+00:00,4633.35,4639.45,4630.28,4638.91,936,11,0
2026-08-25 18:20:00+00:00,4638.81,4644.7,4638.74,4640.64,886,8,0
2026-08-25 18:25:00+00:00,4640.68,4643.36,4637.1,4639.72,847,8,0
2026-08-25 18:30:00+00:00,4639.84,4651.22,4639.83,4648.82,979,9,0
2026-08-25 18:35:00+00:00,4648.85,4658.35,4648.18,4655.96,1088,15,0
2026-08-25 18:40:00+00:00,4655.95,4659.43,4654.55,4656.22,969,14,0
2026-08-25 18:45:00+00:00,4656.2,4657.24,4651.07,4651.72,948,9,0
2026-08-25 18:50:00+00:00,4651.7,4652.39,4649.06,4650.45,880,8,0
2026-08-25 18:55:00+00:00,4650.46,4653.96,4648.95,4652.65,836,11,0
2026-08-25 19:00:00+00:00,4652.65,4653.31,4647.8,4648.22,905,9,0
2026-08-25 19:05:00+00:00,4648.18,4649.3,4644.87,4644.87,794,8,0
2026-08-25 19:10:00+00:00,4644.91,4646.05,4642.8,4644.77,817,11,0
2026-08-25 19:15:00+00:00,4644.76,4647.24,4641.82,4643.05,819,13,0
2026-08-25 19:20:00+00:00,4643.16,4643.48,4637.97,4640.06,816,8,0
2026-08-25 19:25:00+00:00,4640.04,4642.58,4639.28,4640.72,693,8,0
2026-08-25 19:30:00+00:00,4640.73,4642.27,4638.49,4638.59,805,8,0
2026-08-25 19:35:00+00:00,4638.62,4645.76,4637.44,4644.82,772,8,0
2026-08-25 19:40:00+00:00,4644.75,4645.42,4643.24,4644.55,693,8,0
2026-08-25 19:45:00+00:00,4644.38,4646.45,4642.1,4645.4,749,8,0
2026-08-25 19:50:00+00:00,4645.42,4646.69,4643.82,4643.82,650,9,0
2026-08-25 19:55:00+00:00,4643.81,4644.87,4640.44,4643.32,719,9,0
2026-08-25 20:00:00+00:00,4643.47,4643.73,4638.55,4640.45,823,9,0
2026-08-25 20:05:00+00:00,4640.4,4640.5,4635.32,4636.14,705,8,0
2026-08-25 20:10:00+00:00,4636.13,4639.92,4634.25,4637.82,737,8,0
2026-08-25 20:15:00+00:00,4637.89,4642.94,4634.46,4642.8,683,8,0
2026-08-25 20:20:00+00:00,4642.68,4645.09,4637.96,4639.23,714,8,0
2026-08-25 20:25:00+00:00,4639.21,4641.09,4636.13,4637.22,821,8,0
2026-08-25 20:30:00+00:00,4637.11,4639.55,4636.31,4638.3,715,8,0
2026-08-25 20:35:00+00:00,4638.28,4643.09,4638.12,4642.8,666,8,0
2026-08-25 20:40:00+00:00,4642.83,4644.61,4641.37,4642.94,653,8,0
2026-08-25 20:45:00+00:00,4642.92,4646.71,4642.76,4645.95,645,8,0
2026-08-25 20:50:00+00:00,4646.04,4646.14,4642.73,4645.03,544,8,0
2026-08-25 20:55:00+00:00,4644.97,4648.41,4644.85,4648.41,578,9,0
2026-08-25 21:00:00+00:00,4648.42,4648.54,4644.52,4644.75,671,9,0
2026-08-25 21:05:00+00:00,4644.83,4647.84,4644.27,4646.35,609,8,0
2026-08-25 21:10:00+00:00,4646.36,4650.38,4646.05,4647.12,555,8,0
2026-08-25 21:15:00+00:00,4647.13,4649.03,4646.31,4649.0,547,8,0
2026-08-25 21:20:00+00:00,4648.98,4649.57,4648.25,4649.0,539,8,0
2026-08-25 21:25:00+00:00,4648.96,4650.47,4648.88,4649.95,543,8,0
2026-08-25 21:30:00+00:00,4649.97,4650.01,4646.39,4647.49,575,8,0
2026-08-25 21:35:00+00:00,4647.47,4648.56,4645.98,4648.05,563,8,0
2026-08-25 21:40:00+00:00,4648.04,4650.39,4647.76,4649.23,535,8,0
2026-08-25 21:45:00+00:00,4649.24,4651.68,4649.21,4651.05,293,8,0
2026-08-25 21:50:00+00:00,4650.93,4651.1,4650.13,4650.98,186,8,0
2026-08-25 21:55:00+00:00,4650.91,4655.0,4650.81,4654.52,584,8,0
2026-08-25 22:00:00+00:00,4654.5,4657.93,4653.44,4654.14,686,11,0
2026-08-25 22:05:00+00:00,4654.1,4660.27,4653.67,4659.33,664,10,0
2026-08-25 22:10:00+00:00,4659.32,4663.05,4659.13,4662.31,691,9,0
2026-08-25 22:15:00+00:00,4662.2,4668.05,4661.94,4666.5,759,9,0
2026-08-25 22:20:00+00:00,4666.4,4667.03,4663.11,4664.33,690,8,0
2026-08-25 22:25:00+00:00,4664.34,4664.34,4659.24,4660.19,645,8,0
2026-08-25 22:30:00+00:00,4660.49,4661.04,4657.92,4658.36,637,12,0
2026-08-25 22:35:00+00:00,4658.32,4659.6,4657.15,4658.7,633,12,0
2026-08-25 22:40:00+00:00,4658.71,4663.74,4658.48,4661.36,665,12,0
2026-08-25 22:45:00+00:00,4661.29,4663.97,4659.67,4663.72,638,12,0
2026-08-25 22:50:00+00:00,4663.71,4666.75,4661.21,4664.47,828,16,0
2026-08-25 22:55:00+00:00,4664.48,4666.76,4660.29,4666.18,891,14,0
2026-08-25 23:00:00+00:00,4666.21,4666.8,4663.74,4664.4,622,12,0
2026-08-25 23:05:00+00:00,4664.58,4667.73,4662.1,4667.73,575,12,0
2026-08-25 23:10:00+00:00,4667.71,4668.26,4665.17,4665.28,566,12,0
2026-08-25 23:15:00+00:00,4665.15,4665.9,4664.68,4665.38,476,12,0
2026-08-25 23:20:00+00:00,4665.34,4666.94,4665.02,4665.52,440,12,0
2026-08-25 23:25:00+00:00,4665.55,4665.56,4661.11,4661.68,529,13,0
2026-08-25 23:30:00+00:00,4661.64,4663.38,4660.72,4660.98,479,13,0
2026-08-25 23:35:00+00:00,4661.06,4661.78,4660.56,4660.75,379,12,0
2026-08-25 23:40:00+00:00,4660.69,4661.2,4659.38,4660.77,414,23,0
2026-08-25 23:45:00+00:00,4660.78,4661.39,4659.91,4660.28,422,23,0
2026-08-25 23:50:00+00:00,4660.31,4660.71,4658.63,4658.98,425,23,0
2026-08-25 23:55:00+00:00,4658.88,4659.36,4656.14,4657.92,538,23,0
2026-08-26 01:00:00+00:00,4657.0,4660.85,4655.3,4660.82,508,19,0
2026-08-26 01:05:00+00:00,4660.75,4661.18,4659.62,4660.53,307,18,0
2026-08-26 01:10:00+00:00,4660.59,4664.07,4660.2,4663.93,312,18,0
2026-08-26 01:15:00+00:00,4663.92,4665.97,4663.81,4665.51,294,19,0
2026-08-26 01:20:00+00:00,4665.46,4665.97,4664.3,4665.76,234,19,0
2026-08-26 01:25:00+00:00,4665.79,4666.07,4664.86,4666.03,209,19,0
2026-08-26 01:30:00+00:00,4666.02,4668.28,4666.02,4668.28,340,19,0
2026-08-26 01:35:00+00:00,4668.29,4670.07,4666.48,4669.35,395,19,0
2026-08-26 01:40:00+00:00,4669.45,4669.57,4668.18,4669.35,260,17,0
2026-08-26 01:45:00+00:00,4669.32,4671.92,4669.07,4671.39,337,17,0
2026-08-26 01:50:00+00:00,4671.26,4672.95,4671.26,4671.75,315,17,0
2026-08-26 01:55:00+00:00,4671.72,4672.72,4671.7,4671.88,281,16,0
2026-08-26 02:00:00+00:00,4671.86,4672.75,4669.67,4671.43,398,17,0
2026-08-26 02:05:00+00:00,4671.41,4671.79,4668.45,4668.45,397,17,0
2026-08-26 02:10:00+00:00,4668.5,4669.03,4666.49,4667.33,370,11,0
2026-08-26 02:15:00+00:00,4667.34,4667.4,4665.79,4666.64,255,11,0
2026-08-26 02:20:00+00:00,4666.63,4666.63,4661.08,4661.08,479,11,0
2026-08-26 02:25:00+00:00,4661.09,4661.21,4659.48,4660.27,411,11,0
2026-08-26 02:30:00+00:00,4660.27,4660.62,4657.73,4659.55,413,11,0
2026-08-26 02:35:00+00:00,4659.56,4660.05,4658.62,4658.62,297,11,0
2026-08-26 02:40:00+00:00,4658.61,4659.01,4654.91,4655.41,487,11,0
2026-08-26 02:45:00+00:00,4655.39,4657.97,4654.5,4655.05,609,17,0
2026-08-26 02:50:00+00:00,4655.01,4656.23,4653.34,4654.09,542,17,0
2026-08-26 02:55:00+00:00,4654.05,4654.75,4652.51,4654.34,491,14,0
2026-08-26 03:00:00+00:00,4655.32,4656.88,4651.63,4652.47,836,17,0
2026-08-26 03:05:00+00:00,4652.44,4654.11,4651.59,4653.64,756,17,0
2026-08-26 03:10:00+00:00,4653.65,4654.72,4651.09,4651.3,615,17,0
2026-08-26 03:15:00+00:00,4651.28,4654.97,4650.43,4651.42,628,17,0
2026-08-26 03:20:00+00:00,4651.35,4651.46,4644.96,4645.34,665,15,0
2026-08-26 03:25:00+00:00,4645.35,4647.5,4643.08,4646.65,657,17,0
2026-08-26 03:30:00+00:00,4646.66,4650.05,4643.93,4644.94,722,16,0
2026-08-26 03:35:00+00:00,4644.95,4645.21,4638.56,4639.78,721,17,0
2026-08-26 03:40:00+00:00,4639.8,4639.96,4636.39,4637.0,681,13,0
2026-08-26 03:45:00+00:00,4637.03,4638.86,4636.62,4636.94,730,13,0
2026-08-26 03:50:00+00:00,4636.89,4639.57,4635.25,4636.78,729,14,0
2026-08-26 03:55:00+00:00,4636.72,4639.7,4636.65,4638.23,656,11,0
2026-08-26 04:00:00+00:00,4638.26,4647.12,4631.87,4646.98,1026,17,0
2026-08-26 04:05:00+00:00,4646.76,4648.56,4641.73,4645.19,908,17,0
2026-08-26 04:10:00+00:00,4645.31,4647.18,4641.68,4644.88,840,16,0
2026-08-26 04:15:00+00:00,4644.9,4651.13,4644.9,4646.4,840,16,0
2026-08-26 04:20:00+00:00,4646.36,4649.92,4645.23,4645.23,846,17,0
2026-08-26 04:25:00+00:00,4645.22,4648.64,4644.2,4644.34,789,16,0
2026-08-26 04:30:00+00:00,4644.33,4646.16,4639.88,4639.99,978,17,0
2026-08-26 04:35:00+00:00,4640.05,4647.61,4640.05,4646.15,861,15,0
2026-08-26 04:40:00+00:00,4646.34,4647.88,4640.64,4645.51,851,15,0
2026-08-26 04:45:00+00:00,4645.52,4651.85,4643.88,4651.85,855,11,0
2026-08-26 04:50:00+00:00,4651.84,4654.5,4651.37,4652.65,883,11,0
2026-08-26 04:55:00+00:00,4652.67,4661.67,4652.45,4657.83,869,11,0
2026-08-26 05:00:00+00:00,4657.84,4661.28,4655.76,4660.81,895,16,0
2026-08-26 05:05:00+00:00,4660.62,4662.53,4659.46,4661.28,796,11,0
2026-08-26 05:10:00+00:00,4661.39,4662.41,4658.73,4660.95,752,11,0
2026-08-26 05:15:00+00:00,4660.97,4662.22,4660.09,4661.95,562,11,0
2026-08-26 05:20:00+00:00,4661.9,4662.5,4659.75,4660.13,527,13,0
2026-08-26 05:25:00+00:00,4660.01,4660.8,4657.0,4659.79,634,14,0
2026-08-26 05:30:00+00:00,4659.77,4664.73,4658.38,4664.45,839,17,0
2026-08-26 05:35:00+00:00,4664.48,4666.51,4660.32,4664.4,808,16,0
2026-08-26 05:40:00+00:00,4664.36,4671.49,4662.94,4668.06,813,14,0
2026-08-26 05:45:00+00:00,4668.14,4669.88,4666.23,4666.61,742,11,0
2026-08-26 05:50:00+00:00,4666.63,4667.64,4661.28,4661.91,717,11,0
2026-08-26 05:55:00+00:00,4661.9,4662.03,4658.84,4659.2,658,11,0
2026-08-26 06:00:00+00:00,4659.27,4659.48,4654.31,4657.65,766,17,0
2026-08-26 06:05:00+00:00,4657.62,4658.01,4649.55,4650.12,756,14,0
2026-08-26 06:10:00+00:00,4650.11,4650.19,4647.12,4647.9,672,11,0
2026-08-26 06:15:00+00:00,4647.87,4648.29,4645.55,4646.94,679,12,0
2026-08-26 06:20:00+00:00,4647.01,4650.36,4646.71,4648.59,726,11,0
2026-08-26 06:25:00+00:00,4648.56,4650.15,4647.29,4649.88,658,11,0
2026-08-26 06:30:00+00:00,4649.77,4650.87,4649.31,4649.63,580,11,0
2026-08-26 06:35:00+00:00,4649.64,4650.89,4646.51,4647.95,531,13,0
2026-08-26 06:40:00+00:00,4647.92,4648.67,4644.93,4644.93,502,11,0
2026-08-26 06:45:00+00:00,4645.01,4645.01,4642.22,4644.58,504,11,0
2026-08-26 06:50:00+00:00,4644.54,4645.09,4642.87,4643.92,451,11,0
2026-08-26 06:55:00+00:00,4643.91,4644.18,4642.29,4642.29,444,11,0
2026-08-26 07:00:00+00:00,4642.28,4643.92,4642.14,4642.48,467,17,0
2026-08-26 07:05:00+00:00,4642.44,4643.43,4641.48,4643.34,364,14,0
2026-08-26 07:10:00+00:00,4643.32,4643.53,4642.14,4642.14,376,15,0
2026-08-26 07:15:00+00:00,4642.12,4642.89,4641.03,4641.62,396,16,0
2026-08-26 07:20:00+00:00,4641.65,4642.56,4641.05,4642.26,427,14,0
2026-08-26 07:25:00+00:00,4642.19,4642.4,4640.78,4641.81,368,11,0
2026-08-26 07:30:00+00:00,4641.85,4642.86,4640.77,4641.37,403,11,0
2026-08-26 07:35:00+00:00,4641.36,4641.83,4639.97,4639.99,408,11,0
2026-08-26 07:40:00+00:00,4639.96,4641.8,4639.41,4640.48,379,11,0
2026-08-26 07:45:00+00:00,4640.45,4640.82,4638.45,4639.73,458,12,0
2026-08-26 07:50:00+00:00,4639.72,4641.42,4639.18,4640.36,460,11,0
2026-08-26 07:55:00+00:00,4640.39,4641.29,4639.1,4640.2,453,11,0
2026-08-26 08:00:00+00:00,4640.23,4643.8,4639.73,4642.02,561,15,0
2026-08-26 08:05:00+00:00,4642.03,4645.85,4641.71,4645.62,506,17,0
2026-08-26 08:10:00+00:00,4645.45,4645.66,4641.34,4643.35,455,16,0
2026-08-26 08:15:00+00:00,4643.38,4644.69,4641.41,4643.47,536,15,0
2026-08-26 08:20:00+00:00,4643.42,4644.51,4641.85,4643.89,492,12,0
2026-08-26 08:25:00+00:00,4643.93,4645.37,4642.64,4643.37,487,11,0
2026-08-26 08:30:00+00:00,4643.38,4649.53,4641.22,4645.67,872,17,0
2026-08-26 08:35:00+00:00,4645.64,4645.94,4638.59,4641.55,852,17,0
2026-08-26 08:40:00+00:00,4641.53,4644.49,4637.99,4638.14,735,17,0
2026-08-26 08:45:00+00:00,4638.05,4640.52,4635.5,4637.48,792,17,0
2026-08-26 08:50:00+00:00,4637.62,4640.26,4636.98,4638.87,713,15,0
2026-08-26 08:55:00+00:00,4638.91,4639.57,4636.96,4639.56,712,15,0
2026-08-26 09:00:00+00:00,4639.62,4641.49,4636.22,4640.91,831,9,0
2026-08-26 09:05:00+00:00,4640.99,4641.05,4637.39,4639.15,699,8,0
2026-08-26 09:10:00+00:00,4639.13,4639.13,4636.12,4637.53,683,8,0
2026-08-26 09:15:00+00:00,4637.51,4637.82,4631.25,4634.05,773,8,0
2026-08-26 09:20:00+00:00,4634.2,4634.56,4626.04,4627.03,849,8,0
2026-08-26 09:25:00+00:00,4627.07,4628.96,4624.79,4626.79,776,8,0
2026-08-26 09:30:00+00:00,4626.81,4630.71,4625.75,4630.47,775,8,0
2026-08-26 09:35:00+00:00,4630.52,4631.17,4627.21,4630.68,734,8,0
2026-08-26 09:40:00+00:00,4630.69,4634.09,4629.91,4633.32,696,8,0
2026-08-26 09:45:00+00:00,4633.27,4636.81,4633.25,4635.07,627,8,0
2026-08-26 09:50:00+00:00,4635.0,4635.69,4632.48,4633.3,668,9,0
2026-08-26 09:55:00+00:00,4633.29,4634.49,4630.53,4634.24,693,10,0
2026-08-26 10:00:00+00:00,4634.28,4639.17,4634.24,4638.98,756,11,0
2026-08-26 10:05:00+00:00,4638.99,4639.26,4633.17,4635.27,645,8,0
2026-08-26 10:10:00+00:00,4635.32,4636.98,4633.52,4636.47,641,8,0
2026-08-26 10:15:00+00:00,4636.48,4637.56,4633.76,4634.03,631,8,0
2026-08-26 10:20:00+00:00,4634.01,4635.31,4632.11,4634.19,598,8,0
2026-08-26 10:25:00+00:00,4634.17,4635.97,4630.86,4631.37,591,8,0
2026-08-26 10:30:00+00:00,4631.41,4636.41,4631.09,4633.51,649,8,0
2026-08-26 10:35:00+00:00,4633.47,4634.37,4630.12,4630.53,564,8,0
2026-08-26 10:40:00+00:00,4630.52,4631.68,4628.94,4631.65,563,8,0
2026-08-26 10:45:00+00:00,4631.69,4634.82,4630.67,4631.81,589,9,0
2026-08-26 10:50:00+00:00,4631.82,4631.83,4627.64,4628.47,605,8,0
2026-08-26 10:55:00+00:00,4628.48,4629.99,4626.56,4629.1,616,8,0
2026-08-26 11:00:00+00:00,4628.99,4630.26,4626.66,4628.59,710,11,0
2026-08-26 11:05:00+00:00,4628.58,4629.61,4625.74,4627.71,642,9,0
2026-08-26 11:10:00+00:00,4627.68,4628.48,4625.74,4625.75,685,8,0
2026-08-26 11:15:00+00:00,4625.73,4628.31,4622.86,4624.97,709,8,0
2026-08-26 11:20:00+00:00,4624.98,4626.44,4622.27,4626.31,621,8,0
2026-08-26 11:25:00+00:00,4626.33,4629.51,4625.74,4629.51,623,9,0
2026-08-26 11:30:00+00:00,4629.65,4630.67,4625.07,4628.24,692,11,0
2026-08-26 11:35:00+00:00,4628.25,4630.41,4628.02,4629.12,571,8,0
2026-08-26 11:40:00+00:00,4629.11,4629.67,4628.01,4629.43,520,8,0
2026-08-26 11:45:00+00:00,4629.45,4629.68,4627.01,4628.22,484,8,0
2026-08-26 11:50:00+00:00,4628.27,4628.92,4627.41,4627.63,461,8,0
2026-08-26 11:55:00+00:00,4627.64,4628.57,4626.08,4628.26,578,8,0
2026-08-26 12:00:00+00:00,4628.28,4630.93,4625.93,4625.93,628,12,0
2026-08-26 12:05:00+00:00,4625.98,4627.6,4624.17,4624.31,601,11,0
2026-08-26 12:10:00+00:00,4624.3,4627.81,4624.05,4624.99,565,9,0
2026-08-26 12:15:00+00:00,4625.02,4625.21,4621.08,4621.32,666,8,0
2026-08-26 12:20:00+00:00,4621.29,4621.43,4618.51,4619.08,596,8,0
2026-08-26 12:25:00+00:00,4619.07,4619.54,4616.29,4616.84,645,8,0
2026-08-26 12:30:00+00:00,4617.06,4622.29,4616.8,4621.04,659,8,0
2026-08-26 12:35:00+00:00,4621.08,4621.42,4620.09,4620.44,488,8,0
2026-08-26 12:40:00+00:00,4620.42,4622.32,4619.58,4622.08,502,9,0
2026-08-26 12:45:00+00:00,4622.07,4625.63,4621.87,4624.32,530,9,0
2026-08-26 12:50:00+00:00,4624.33,4625.23,4622.97,4624.16,566,11,0
2026-08-26 12:55:00+00:00,4624.21,4625.17,4623.34,4623.36,480,10,0
2026-08-26 13:00:00+00:00,4623.31,4623.93,4620.38,4623.41,545,11,0
2026-08-26 13:05:00+00:00,4623.39,4623.42,4620.63,4621.99,445,8,0
2026-08-26 13:10:00+00:00,4622.04,4622.06,4617.75,4619.01,470,8,0
2026-08-26 13:15:00+00:00,4619.0,4620.41,4617.15,4617.31,504,9,0
2026-08-26 13:20:00+00:00,4617.3,4620.01,4616.21,4618.61,527,12,0
2026-08-26 13:25:00+00:00,4618.62,4618.62,4613.31,4614.85,561,11,0
2026-08-26 13:30:00+00:00,4614.98,4619.51,4614.65,4619.37,494,11,0
2026-08-26 13:35:00+00:00,4619.33,4624.12,4618.52,4624.07,507,9,0
2026-08-26 13:40:00+00:00,4624.08,4624.11,4620.95,4622.32,522,8,0
2026-08-26 13:45:00+00:00,4622.38,4623.81,4622.28,4623.53,436,8,0
2026-08-26 13:50:00+00:00,4623.56,4623.97,4621.71,4622.72,439,10,0
2026-08-26 13:55:00+00:00,4622.69,4622.69,4618.93,4620.2,429,9,0
2026-08-26 14:00:00+00:00,4620.22,4621.85,4619.42,4620.81,596,14,0
2026-08-26 14:05:00+00:00,4620.8,4620.88,4616.91,4617.75,510,8,0
2026-08-26 14:10:00+00:00,4617.75,4619.14,4616.62,4618.52,495,8,0
2026-08-26 14:15:00+00:00,4618.51,4622.97,4618.42,4622.1,534,8,0
2026-08-26 14:20:00+00:00,4622.09,4622.98,4616.58,4616.91,555,8,0
2026-08-26 14:25:00+00:00,4616.87,4621.7,4616.81,4620.64,648,8,0
2026-08-26 14:30:00+00:00,4620.63,4622.85,4618.56,4619.09,598,12,0
2026-08-26 14:35:00+00:00,4619.03,4619.87,4617.29,4618.31,617,8,0
2026-08-26 14:40:00+00:00,4618.33,4619.59,4617.44,4619.09,489,8,0
2026-08-26 14:45:00+00:00,4619.12,4619.18,4616.97,4618.3,608,8,0
2026-08-26 14:50:00+00:00,4618.46,4620.2,4617.53,4619.57,589,8,0
2026-08-26 14:55:00+00:00,4619.58,4625.29,4619.16,4624.8,580,8,0
2026-08-26 15:00:00+00:00,4624.77,4629.26,4623.88,4627.1,781,13,0
2026-08-26 15:05:00+00:00,4627.19,4629.76,4626.91,4627.25,671,8,0
2026-08-26 15:10:00+00:00,4627.22,4628.0,4625.19,4625.76,663,8,0
2026-08-26 15:15:00+00:00,4625.75,4630.07,4624.62,4628.99,661,8,0
2026-08-26 15:20:00+00:00,4629.03,4629.54,4625.13,4625.89,726,8,0
2026-08-26 15:25:00+00:00,4626.14,4630.5,4625.62,4630.47,674,8,0
2026-08-26 15:30:00+00:00,4630.26,4633.03,4612.22,4623.14,1079,8,0
2026-08-26 15:35:00+00:00,4623.33,4625.91,4618.1,4622.04,985,13,0
2026-08-26 15:40:00+00:00,4622.06,4625.37,4614.54,4622.63,983,12,0
2026-08-26 15:45:00+00:00,4622.57,4624.96,4618.5,4623.73,882,12,0
2026-08-26 15:50:00+00:00,4623.97,4626.35,4611.43,4616.29,953,12,0
2026-08-26 15:55:00+00:00,4616.23,4618.54,4613.05,4614.6,992,11,0
2026-08-26 16:00:00+00:00,4614.59,4621.45,4609.58,4612.27,1088,10,0
2026-08-26 16:05:00+00:00,4612.2,4617.32,4608.45,4609.24,1059,10,0
2026-08-26 16:10:00+00:00,4609.2,4613.01,4608.6,4611.02,997,10,0
2026-08-26 16:15:00+00:00,4611.13,4613.64,4597.98,4611.83,1010,12,0
2026-08-26 16:20:00+00:00,4611.61,4614.24,4604.19,4608.93,998,10,0
2026-08-26 16:25:00+00:00,4608.95,4612.35,4605.09,4610.85,969,8,0
2026-08-26 16:30:00+00:00,4611.04,4618.57,4610.07,4615.6,1111,13,0
2026-08-26 16:35:00+00:00,4615.55,4616.62,4612.27,4613.25,1107,12,0
2026-08-26 16:40:00+00:00,4613.08,4622.66,4611.73,4619.38,1051,11,0
2026-08-26 16:45:00+00:00,4619.34,4624.82,4618.04,4624.78,1045,8,0
2026-08-26 16:50:00+00:00,4624.73,4628.1,4621.92,4623.01,1053,11,0
2026-08-26 16:55:00+00:00,4623.13,4631.19,4623.13,4630.86,1025,8,0
2026-08-26 17:00:00+00:00,4630.84,4632.85,4622.12,4623.99,1095,8,0
2026-08-26 17:05:00+00:00,4624.06,4625.94,4620.77,4622.9,1025,8,0
2026-08-26 17:10:00+00:00,4622.91,4627.04,4619.53,4620.26,952,8,0
2026-08-26 17:15:00+00:00,4620.38,4624.27,4619.51,4622.7,941,10,0
2026-08-26 17:20:00+00:00,4622.76,4626.07,4618.66,4620.29,969,9,0
2026-08-26 17:25:00+00:00,4620.36,4620.52,4615.58,4615.95,984,11,0
2026-08-26 17:30:00+00:00,4615.96,4618.75,4614.12,4617.49,979,10,0
2026-08-26 17:35:00+00:00,4617.63,4618.6,4612.27,4616.9,904,9,0
2026-08-26 17:40:00+00:00,4616.99,4622.87,4616.98,4622.04,869,8,0
2026-08-26 17:45:00+00:00,4622.12,4622.8,4611.84,4612.78,957,8,0
2026-08-26 17:50:00+00:00,4612.76,4614.3,4606.12,4607.79,937,8,0
2026-08-26 17:55:00+00:00,4607.71,4612.3,4602.88,4602.88,988,8,0
2026-08-26 18:00:00+00:00,4602.92,4605.39,4593.15,4598.16,1053,14,0
2026-08-26 18:05:00+00:00,4598.35,4598.66,4588.44,4597.87,1045,12,0
2026-08-26 18:10:00+00:00,4597.78,4599.95,4588.17,4588.87,1003,10,0
2026-08-26 18:15:00+00:00,4588.99,4594.07,4583.19,4591.36,1058,12,0
2026-08-26 18:20:00+00:00,4591.38,4594.2,4589.25,4591.69,953,8,0
2026-08-26 18:25:00+00:00,4591.79,4598.15,4590.99,4594.83,934,8,0
2026-08-26 18:30:00+00:00,4594.77,4598.25,4594.62,4598.25,915,8,0
2026-08-26 18:35:00+00:00,4598.24,4601.44,4597.35,4601.44,845,10,0
2026-08-26 18:40:00+00:00,4601.45,4604.75,4600.31,4604.71,807,10,0
2026-08-26 18:45:00+00:00,4604.75,4609.3,4604.56,4608.28,871,11,0
2026-08-26 18:50:00+00:00,4608.31,4608.49,4598.44,4600.53,956,13,0
2026-08-26 18:55:00+00:00,4600.48,4604.02,4595.82,4595.82,900,12,0
2026-08-26 19:00:00+00:00,4595.81,4598.93,4590.62,4597.51,944,9,0
2026-08-26 19:05:00+00:00,4597.34,4601.18,4596.94,4599.24,827,8,0
2026-08-26 19:10:00+00:00,4599.23,4599.96,4596.91,4599.74,811,8,0
2026-08-26 19:15:00+00:00,4599.7,4600.33,4596.56,4598.82,810,8,0
2026-08-26 19:20:00+00:00,4598.8,4599.76,4594.13,4596.55,781,8,0
2026-08-26 19:25:00+00:00,4596.56,4597.82,4594.6,4595.36,731,8,0
2026-08-26 19:30:00+00:00,4595.56,4596.91,4593.53,4594.97,681,8,0
2026-08-26 19:35:00+00:00,4594.78,4595.88,4586.08,4586.27,744,8,0
2026-08-26 19:40:00+00:00,4586.41,4591.26,4584.88,4588.2,798,8,0
2026-08-26 19:45:00+00:00,4588.23,4594.65,4588.1,4594.65,757,8,0
2026-08-26 19:50:00+00:00,4594.82,4596.79,4588.72,4588.89,796,8,0
2026-08-26 19:55:00+00:00,4588.86,4591.36,4587.8,4590.89,773,8,0
2026-08-26 20:00:00+00:00,4590.87,4593.09,4590.53,4592.42,744,8,0
2026-08-26 20:05:00+00:00,4592.41,4595.37,4589.94,4593.55,768,8,0
2026-08-26 20:10:00+00:00,4593.54,4595.23,4592.5,4594.76,682,8,0
2026-08-26 20:15:00+00:00,4594.78,4595.99,4593.55,4595.98,677,9,0
2026-08-26 20:20:00+00:00,4596.0,4598.85,4595.7,4596.55,792,10,0
2026-08-26 20:25:00+00:00,4596.56,4598.48,4594.24,4597.61,767,9,0
2026-08-26 20:30:00+00:00,4597.78,4602.25,4596.87,4600.89,756,8,0
2026-08-26 20:35:00+00:00,4600.9,4601.31,4596.12,4596.71,570,8,0
2026-08-26 20:40:00+00:00,4596.66,4599.34,4595.82,4597.15,638,8,0
2026-08-26 20:45:00+00:00,4597.22,4598.81,4596.22,4598.28,578,8,0
2026-08-26 20:50:00+00:00,4598.27,4599.23,4597.19,4597.39,510,8,0
2026-08-26 20:55:00+00:00,4597.36,4597.82,4594.29,4597.82,675,10,0
2026-08-26 21:00:00+00:00,4597.79,4603.26,4596.74,4602.88,713,9,0
2026-08-26 21:05:00+00:00,4602.98,4604.6,4600.58,4602.24,674,8,0
2026-08-26 21:10:00+00:00,4602.22,4603.66,4599.95,4600.21,524,8,0
2026-08-26 21:15:00+00:00,4600.2,4600.54,4594.88,4595.63,660,8,0
2026-08-26 21:20:00+00:00,4595.64,4595.82,4592.8,4593.87,662,8,0
2026-08-26 21:25:00+00:00,4593.96,4595.36,4593.0,4594.77,675,8,0
2026-08-26 21:30:00+00:00,4594.68,4595.68,4593.35,4593.47,639,8,0
2026-08-26 21:35:00+00:00,4593.44,4596.44,4592.48,4594.34,552,8,0
2026-08-26 21:40:00+00:00,4594.32,4597.42,4593.85,4596.77,533,8,0
2026-08-26 21:45:00+00:00,4596.78,4597.74,4595.94,4596.9,531,8,0
2026-08-26 21:50:00+00:00,4596.88,4597.74,4596.26,4596.49,465,8,0
2026-08-26 21:55:00+00:00,4596.46,4596.46,4593.38,4593.73,595,9,0
2026-08-26 22:00:00+00:00,4593.79,4595.01,4591.18,4592.14,652,11,0
2026-08-26 22:05:00+00:00,4592.13,4593.43,4591.01,4592.96,577,8,0
2026-08-26 22:10:00+00:00,4592.94,4595.64,4592.89,4594.41,613,8,0
2026-08-26 22:15:00+00:00,4594.43,4595.6,4591.76,4591.8,581,8,0
2026-08-26 22:20:00+00:00,4591.78,4594.43,4590.72,4594.43,543,8,0
2026-08-26 22:25:00+00:00,4594.42,4599.01,4594.36,4598.44,643,8,0
2026-08-26 22:30:00+00:00,4598.43,4601.61,4596.05,4596.79,594,8,0
2026-08-26 22:35:00+00:00,4596.77,4598.1,4596.39,4596.78,571,8,0
2026-08-26 22:40:00+00:00,4596.77,4596.92,4594.29,4595.65,536,8,0
2026-08-26 22:45:00+00:00,4595.66,4596.46,4594.83,4595.11,560,8,0
2026-08-26 22:50:00+00:00,4595.08,4595.36,4592.42,4593.65,657,8,0
2026-08-26 22:55:00+00:00,4593.68,4594.79,4592.42,4594.24,738,8,0
2026-08-26 23:00:00+00:00,4594.25,4594.86,4592.83,4594.07,549,8,0
2026-08-26 23:05:00+00:00,4594.05,4596.69,4593.96,4594.35,473,8,0
2026-08-26 23:10:00+00:00,4594.43,4595.04,4591.7,4591.72,416,8,0
2026-08-26 23:15:00+00:00,4591.7,4591.89,4589.12,4589.48,503,8,0
2026-08-26 23:20:00+00:00,4589.44,4589.69,4584.07,4589.62,841,11,0
2026-08-26 23:25:00+00:00,4589.63,4592.01,4589.43,4591.39,488,8,0
2026-08-26 23:30:00+00:00,4591.27,4591.95,4590.37,4591.72,417,8,0
2026-08-26 23:35:00+00:00,4591.81,4593.5,4591.8,4593.5,456,8,0
2026-08-26 23:40:00+00:00,4593.46,4593.46,4591.22,4591.98,375,17,0
2026-08-26 23:45:00+00:00,4591.74,4593.43,4591.49,4593.39,354,17,0
2026-08-26 23:50:00+00:00,4593.21,4593.82,4592.26,4592.9,384,17,0
2026-08-26 23:55:00+00:00,4592.94,4594.58,4592.72,4592.72,420,17,0
2026-08-27 01:00:00+00:00,4596.76,4606.87,4595.27,4603.63,501,10,0
2026-08-27 01:05:00+00:00,4603.46,4605.09,4603.3,4604.14,433,17,0
2026-08-27 01:10:00+00:00,4604.15,4605.37,4601.95,4602.61,388,17,0
2026-08-27 01:15:00+00:00,4602.57,4612.27,4602.5,4610.69,578,17,0
2026-08-27 01:20:00+00:00,4610.68,4613.3,4606.11,4606.63,462,17,0
2026-08-27 01:25:00+00:00,4606.68,4610.47,4605.56,4610.47,386,14,0
2026-08-27 01:30:00+00:00,4611.25,4611.57,4609.62,4609.62,387,13,0
2026-08-27 01:35:00+00:00,4609.59,4611.21,4608.85,4610.02,422,13,0
2026-08-27 01:40:00+00:00,4610.01,4611.59,4608.98,4610.83,427,16,0
2026-08-27 01:45:00+00:00,4610.84,4611.8,4607.87,4609.01,362,17,0
2026-08-27 01:50:00+00:00,4609.0,4609.43,4607.01,4607.44,316,11,0
2026-08-27 01:55:00+00:00,4607.45,4609.78,4606.93,4609.31,328,11,0
2026-08-27 02:00:00+00:00,4609.33,4612.02,4606.92,4608.38,449,17,0
2026-08-27 02:05:00+00:00,4608.43,4612.32,4608.2,4611.39,383,13,0
2026-08-27 02:10:00+00:00,4611.7,4615.67,4611.55,4615.57,413,11,0
2026-08-27 02:15:00+00:00,4615.56,4620.71,4614.45,4620.71,415,14,0
2026-08-27 02:20:00+00:00,4620.72,4622.3,4620.54,4621.41,404,11,0
2026-08-27 02:25:00+00:00,4621.45,4622.38,4619.76,4620.19,408,11,0
2026-08-27 02:30:00+00:00,4620.18,4621.08,4618.32,4621.08,482,11,0
2026-08-27 02:35:00+00:00,4621.04,4624.83,4619.18,4624.83,406,11,0
2026-08-27 02:40:00+00:00,4624.48,4624.7,4622.41,4622.75,359,11,0
2026-08-27 02:45:00+00:00,4622.74,4624.88,4621.06,4623.35,567,16,0
2026-08-27 02:50:00+00:00,4623.37,4624.65,4620.95,4621.29,381,11,0
2026-08-27 02:55:00+00:00,4621.27,4624.14,4620.86,4623.67,478,11,0
2026-08-27 03:00:00+00:00,4623.76,4627.1,4622.67,4624.41,662,11,0
2026-08-27 03:05:00+00:00,4624.4,4624.43,4618.13,4618.99,620,14,0
2026-08-27 03:10:00+00:00,4618.98,4619.3,4616.22,4617.98,600,12,0
2026-08-27 03:15:00+00:00,4617.99,4619.6,4613.39,4619.32,605,11,0
2026-08-27 03:20:00+00:00,4619.27,4621.12,4618.56,4620.08,587,11,0
2026-08-27 03:25:00+00:00,4620.04,4621.53,4617.3,4619.15,590,11,0
2026-08-27 03:30:00+00:00,4619.14,4619.14,4613.28,4613.61,512,14,0
2026-08-27 03:35:00+00:00,4613.56,4615.23,4610.33,4612.83,610,14,0
2026-08-27 03:40:00+00:00,4612.81,4613.62,4605.67,4606.34,630,17,0
2026-08-27 03:45:00+00:00,4606.46,4611.11,4606.33,4609.81,612,15,0
2026-08-27 03:50:00+00:00,4609.82,4609.97,4600.76,4602.82,671,13,0
2026-08-27 03:55:00+00:00,4602.75,4605.45,4602.14,4605.32,737,13,0
2026-08-27 04:00:00+00:00,4605.26,4615.09,4602.57,4614.41,983,17,0
2026-08-27 04:05:00+00:00,4614.42,4619.92,4612.33,4616.58,907,17,0
2026-08-27 04:10:00+00:00,4616.59,4625.06,4616.59,4624.93,782,17,0
2026-08-27 04:15:00+00:00,4624.92,4625.03,4617.17,4622.52,754,17,0
2026-08-27 04:20:00+00:00,4622.22,4625.3,4619.02,4625.25,819,16,0
2026-08-27 04:25:00+00:00,4625.23,4625.29,4618.83,4618.91,709,16,0
2026-08-27 04:30:00+00:00,4618.9,4622.82,4618.13,4621.89,788,17,0
2026-08-27 04:35:00+00:00,4621.91,4630.33,4620.14,4628.56,849,17,0
2026-08-27 04:40:00+00:00,4628.63,4631.66,4622.26,4624.11,951,17,0
2026-08-27 04:45:00+00:00,4624.17,4631.63,4623.95,4630.03,886,14,0
2026-08-27 04:50:00+00:00,4630.02,4635.62,4629.31,4635.06,785,13,0
2026-08-27 04:55:00+00:00,4635.09,4640.99,4634.83,4640.27,751,11,0
2026-08-27 05:00:00+00:00,4640.29,4643.27,4638.36,4639.01,782,11,0
2026-08-27 05:05:00+00:00,4639.06,4642.69,4638.49,4642.53,703,11,0
2026-08-27 05:10:00+00:00,4642.52,4642.52,4639.09,4640.85,697,11,0
2026-08-27 05:15:00+00:00,4640.79,4640.86,4638.23,4639.1,528,14,0
2026-08-27 05:20:00+00:00,4639.14,4640.79,4637.26,4637.35,522,15,0
2026-08-27 05:25:00+00:00,4637.38,4637.85,4632.95,4633.43,619,15,0
2026-08-27 05:30:00+00:00,4633.37,4634.04,4628.73,4629.7,827,17,0
2026-08-27 05:35:00+00:00,4629.69,4630.8,4625.01,4628.52,843,17,0
2026-08-27 05:40:00+00:00,4628.4,4628.88,4623.83,4627.53,746,14,0
2026-08-27 05:45:00+00:00,4627.48,4630.65,4624.57,4629.35,688,11,0
2026-08-27 05:50:00+00:00,4629.42,4631.57,4628.07,4629.66,619,11,0
2026-08-27 05:55:00+00:00,4629.35,4631.18,4628.74,4629.88,617,15,0
2026-08-27 06:00:00+00:00,4629.83,4634.78,4628.59,4634.76,714,14,0
2026-08-27 06:05:00+00:00,4634.77,4635.35,4630.16,4630.36,596,11,0
2026-08-27 06:10:00+00:00,4630.41,4635.11,4629.53,4634.45,654,11,0
2026-08-27 06:15:00+00:00,4634.5,4635.64,4633.22,4633.84,593,11,0
2026-08-27 06:20:00+00:00,4633.83,4638.84,4633.54,4638.07,631,11,0
2026-08-27 06:25:00+00:00,4638.16,4638.21,4634.75,4635.31,586,13,0
2026-08-27 06:30:00+00:00,4635.35,4635.59,4633.39,4633.84,547,12,0
2026-08-27 06:35:00+00:00,4633.84,4634.39,4632.03,4632.36,483,12,0
2026-08-27 06:40:00+00:00,4632.3,4632.37,4628.81,4629.29,451,14,0
2026-08-27 06:45:00+00:00,4629.31,4629.61,4626.75,4627.57,503,14,0
2026-08-27 06:50:00+00:00,4627.6,4627.8,4625.73,4626.77,420,16,0
2026-08-27 06:55:00+00:00,4626.76,4627.03,4624.4,4625.45,455,15,0
2026-08-27 07:00:00+00:00,4625.52,4627.26,4624.73,4626.5,491,16,0
2026-08-27 07:05:00+00:00,4626.52,4626.92,4624.55,4625.44,456,11,0
2026-08-27 07:10:00+00:00,4625.45,4626.2,4624.42,4625.37,460,11,0
2026-08-27 07:15:00+00:00,4625.39,4626.98,4623.91,4623.98,432,11,0
2026-08-27 07:20:00+00:00,4624.05,4624.82,4622.83,4623.2,450,11,0
2026-08-27 07:25:00+00:00,4623.19,4624.17,4620.55,4620.77,521,11,0
2026-08-27 07:30:00+00:00,4620.76,4620.84,4618.56,4618.66,541,11,0
2026-08-27 07:35:00+00:00,4618.69,4620.2,4617.53,4618.14,530,11,0
2026-08-27 07:40:00+00:00,4618.15,4619.99,4617.26,4619.28,471,11,0
2026-08-27 07:45:00+00:00,4619.17,4620.57,4617.7,4620.15,525,11,0
2026-08-27 07:50:00+00:00,4620.18,4620.63,4619.05,4619.81,506,11,0
2026-08-27 07:55:00+00:00,4619.84,4620.01,4617.8,4618.76,518,11,0
2026-08-27 08:00:00+00:00,4618.77,4620.17,4616.2,4620.17,581,12,0
2026-08-27 08:05:00+00:00,4620.11,4621.36,4618.75,4619.99,537,13,0
2026-08-27 08:10:00+00:00,4619.98,4621.34,4619.32,4620.01,466,11,0
2026-08-27 08:15:00+00:00,4619.98,4621.52,4618.36,4619.79,493,11,0
2026-08-27 08:20:00+00:00,4619.8,4621.09,4618.34,4620.46,446,11,0
2026-08-27 08:25:00+00:00,4620.47,4621.46,4617.11,4617.23,523,11,0
2026-08-27 08:30:00+00:00,4617.22,4619.78,4609.3,4611.1,954,17,0
2026-08-27 08:35:00+00:00,4611.16,4612.82,4608.23,4611.25,766,17,0
2026-08-27 08:40:00+00:00,4611.18,4611.18,4604.85,4605.3,870,17,0
2026-08-27 08:45:00+00:00,4605.32,4609.6,4604.62,4606.37,789,17,0
2026-08-27 08:50:00+00:00,4606.26,4608.76,4600.94,4602.97,813,15,0
2026-08-27 08:55:00+00:00,4603.08,4607.78,4601.95,4607.03,794,15,0
2026-08-27 09:00:00+00:00,4606.99,4607.52,4599.66,4603.75,804,13,0
2026-08-27 09:05:00+00:00,4603.73,4605.5,4601.23,4605.1,773,8,0
2026-08-27 09:10:00+00:00,4605.11,4607.05,4600.52,4605.96,753,8,0
2026-08-27 09:15:00+00:00,4605.97,4607.58,4604.0,4606.63,744,8,0
2026-08-27 09:20:00+00:00,4606.62,4610.0,4606.24,4609.68,691,8,0
2026-08-27 09:25:00+00:00,4609.64,4610.44,4607.09,4610.4,698,9,0
2026-08-27 09:30:00+00:00,4610.34,4611.78,4605.43,4607.63,774,11,0
2026-08-27 09:35:00+00:00,4607.62,4608.3,4604.82,4607.89,677,9,0
2026-08-27 09:40:00+00:00,4607.87,4609.02,4606.86,4607.69,582,8,0
2026-08-27 09:45:00+00:00,4607.68,4609.7,4603.73,4604.41,705,11,0
2026-08-27 09:50:00+00:00,4604.4,4606.24,4601.45,4601.81,775,12,0
2026-08-27 09:55:00+00:00,4601.86,4602.53,4598.05,4600.33,776,8,0
2026-08-27 10:00:00+00:00,4600.35,4603.7,4598.6,4603.35,812,14,0
2026-08-27 10:05:00+00:00,4603.27,4605.86,4602.38,4602.72,684,8,0
2026-08-27 10:10:00+00:00,4602.87,4603.88,4601.31,4603.88,736,8,0
2026-08-27 10:15:00+00:00,4603.89,4603.89,4595.92,4597.6,714,8,0
2026-08-27 10:20:00+00:00,4597.57,4598.81,4596.08,4596.83,599,8,0
2026-08-27 10:25:00+00:00,4596.82,4599.59,4593.57,4599.41,690,8,0
2026-08-27 10:30:00+00:00,4599.38,4601.36,4595.04,4596.19,678,8,0
2026-08-27 10:35:00+00:00,4596.25,4598.31,4595.03,4596.6,676,8,0
2026-08-27 10:40:00+00:00,4596.45,4598.36,4595.71,4597.79,580,8,0
2026-08-27 10:45:00+00:00,4597.84,4599.22,4596.31,4597.45,622,8,0
2026-08-27 10:50:00+00:00,4597.47,4599.58,4595.74,4598.09,619,9,0
2026-08-27 10:55:00+00:00,4598.08,4602.51,4598.02,4600.12,631,8,0
2026-08-27 11:00:00+00:00,4600.16,4606.09,4599.99,4605.42,717,8,0
2026-08-27 11:05:00+00:00,4605.4,4606.81,4602.75,4603.3,691,8,0
2026-08-27 11:10:00+00:00,4603.15,4604.8,4602.96,4603.26,658,9,0
2026-08-27 11:15:00+00:00,4603.25,4606.16,4602.83,4603.8,629,11,0
2026-08-27 11:20:00+00:00,4603.76,4603.86,4600.16,4603.45,622,8,0
2026-08-27 11:25:00+00:00,4603.46,4603.97,4601.0,4601.15,567,8,0
2026-08-27 11:30:00+00:00,4601.12,4601.83,4599.01,4599.09,602,8,0
2026-08-27 11:35:00+00:00,4599.08,4599.69,4597.39,4598.32,679,8,0
2026-08-27 11:40:00+00:00,4598.35,4598.95,4594.65,4596.13,653,8,0
2026-08-27 11:45:00+00:00,4595.96,4598.79,4595.59,4598.34,570,9,0
2026-08-27 11:50:00+00:00,4598.38,4600.12,4597.89,4599.69,584,8,0
2026-08-27 11:55:00+00:00,4599.7,4602.26,4598.79,4598.97,564,8,0
2026-08-27 12:00:00+00:00,4599.04,4600.64,4593.72,4594.68,750,14,0
2026-08-27 12:05:00+00:00,4594.64,4597.24,4594.07,4596.24,686,11,0
2026-08-27 12:10:00+00:00,4596.25,4598.82,4595.34,4596.06,642,8,0
2026-08-27 12:15:00+00:00,4596.06,4597.12,4594.94,4595.46,602,8,0
2026-08-27 12:20:00+00:00,4595.47,4597.04,4595.18,4596.86,539,8,0
2026-08-27 12:25:00+00:00,4596.87,4599.31,4593.7,4597.52,820,13,0
2026-08-27 12:30:00+00:00,4597.71,4599.17,4593.1,4593.9,737,11,0
2026-08-27 12:35:00+00:00,4593.91,4594.14,4579.66,4584.51,788,9,0
2026-08-27 12:40:00+00:00,4584.44,4584.45,4581.14,4582.28,686,11,0
2026-08-27 12:45:00+00:00,4582.33,4584.34,4580.71,4582.62,601,10,0
2026-08-27 12:50:00+00:00,4582.69,4585.88,4581.33,4582.44,601,11,0
2026-08-27 12:55:00+00:00,4582.53,4582.68,4579.13,4580.28,700,11,0
2026-08-27 13:00:00+00:00,4580.29,4580.98,4569.08,4572.48,815,13,0
2026-08-27 13:05:00+00:00,4572.44,4576.43,4570.04,4575.99,658,8,0
2026-08-27 13:10:00+00:00,4576.59,4581.97,4576.59,4581.67,683,8,0
2026-08-27 13:15:00+00:00,4581.6,4583.38,4577.54,4580.91,610,9,0
2026-08-27 13:20:00+00:00,4580.86,4582.42,4580.11,4582.29,549,8,0
2026-08-27 13:25:00+00:00,4582.3,4582.53,4580.14,4580.43,571,11,0
2026-08-27 13:30:00+00:00,4580.42,4580.82,4578.38,4578.93,512,12,0
2026-08-27 13:35:00+00:00,4578.94,4579.18,4576.49,4576.89,632,14,0
2026-08-27 13:40:00+00:00,4576.9,4585.91,4576.3,4585.76,678,9,0
2026-08-27 13:45:00+00:00,4585.67,4587.92,4585.67,4586.92,644,10,0
2026-08-27 13:50:00+00:00,4586.89,4589.36,4586.29,4589.04,589,9,0
2026-08-27 13:55:00+00:00,4589.07,4590.53,4588.36,4590.15,577,8,0
2026-08-27 14:00:00+00:00,4590.19,4591.17,4587.34,4588.8,684,9,0
2026-08-27 14:05:00+00:00,4588.83,4591.23,4588.83,4590.76,628,8,0
2026-08-27 14:10:00+00:00,4590.74,4592.56,4589.83,4592.56,580,8,0
2026-08-27 14:15:00+00:00,4592.53,4592.76,4591.18,4592.41,555,8,0
2026-08-27 14:20:00+00:00,4592.42,4596.44,4592.35,4596.44,597,12,0
2026-08-27 14:25:00+00:00,4596.43,4596.82,4592.93,4594.46,601,8,0
2026-08-27 14:30:00+00:00,4594.47,4598.99,4593.92,4595.73,738,8,0
2026-08-27 14:35:00+00:00,4595.79,4597.19,4594.06,4597.04,709,11,0
2026-08-27 14:40:00+00:00,4596.98,4599.78,4596.76,4598.04,634,8,0
2026-08-27 14:45:00+00:00,4597.66,4597.8,4594.82,4595.29,661,8,0
2026-08-27 14:50:00+00:00,4595.27,4599.97,4594.55,4599.96,659,8,0
2026-08-27 14:55:00+00:00,4599.93,4600.37,4597.08,4598.44,698,9,0
2026-08-27 15:00:00+00:00,4598.42,4601.14,4597.92,4598.39,805,10,0
2026-08-27 15:05:00+00:00,4598.42,4598.55,4593.95,4595.2,689,8,0
2026-08-27 15:10:00+00:00,4595.18,4595.48,4592.56,4592.71,652,8,0
2026-08-27 15:15:00+00:00,4592.73,4596.16,4591.77,4594.82,734,8,0
2026-08-27 15:20:00+00:00,4594.83,4600.61,4594.76,4595.85,772,8,0
2026-08-27 15:25:00+00:00,4595.86,4596.65,4592.72,4595.6,642,8,0
2026-08-27 15:30:00+00:00,4595.71,4596.71,4593.17,4593.49,623,8,0
2026-08-27 15:35:00+00:00,4593.61,4595.79,4588.01,4589.11,779,11,0
2026-08-27 15:40:00+00:00,4589.07,4590.35,4587.17,4587.53,756,9,0
2026-08-27 15:45:00+00:00,4587.6,4587.95,4583.26,4583.48,750,8,0
2026-08-27 15:50:00+00:00,4583.48,4584.99,4580.51,4584.71,739,8,0
2026-08-27 15:55:00+00:00,4584.72,4588.06,4583.43,4586.01,742,8,0
2026-08-27 16:00:00+00:00,4585.87,4590.0,4580.47,4588.5,1087,14,0
2026-08-27 16:05:00+00:00,4588.49,4590.81,4586.01,4586.84,993,12,0
2026-08-27 16:10:00+00:00,4586.83,4590.63,4584.41,4585.26,907,11,0
2026-08-27 16:15:00+00:00,4585.3,4588.86,4583.04,4586.71,888,9,0
2026-08-27 16:20:00+00:00,4586.7,4588.75,4585.48,4587.62,908,11,0
2026-08-27 16:25:00+00:00,4587.66,4593.34,4587.21,4589.4,987,10,0
2026-08-27 16:30:00+00:00,4590.28,4592.98,4575.6,4575.66,1138,14,0
2026-08-27 16:35:00+00:00,4575.7,4581.3,4574.18,4575.68,1111,12,0
2026-08-27 16:40:00+00:00,4575.55,4583.53,4572.38,4578.65,1064,11,0
2026-08-27 16:45:00+00:00,4578.73,4579.7,4566.3,4577.09,1096,11,0
2026-08-27 16:50:00+00:00,4577.04,4582.9,4570.69,4572.28,1101,8,0
2026-08-27 16:55:00+00:00,4572.26,4575.84,4571.36,4572.61,1077,9,0
2026-08-27 17:00:00+00:00,4572.51,4575.96,4568.61,4575.5,1085,9,0
2026-08-27 17:05:00+00:00,4575.52,4579.23,4571.77,4574.9,1080,8,0
2026-08-27 17:10:00+00:00,4574.83,4577.87,4572.34,4573.78,982,8,0
2026-08-27 17:15:00+00:00,4573.79,4582.54,4573.78,4579.44,962,8,0
2026-08-27 17:20:00+00:00,4579.46,4584.16,4575.18,4578.08,1010,8,0
2026-08-27 17:25:00+00:00,4578.2,4581.7,4574.06,4581.32,942,9,0
2026-08-27 17:30:00+00:00,4581.26,4586.21,4581.26,4585.9,934,8,0
2026-08-27 17:35:00+00:00,4585.92,4591.16,4585.85,4589.4,942,8,0
2026-08-27 17:40:00+00:00,4589.42,4597.34,4586.87,4594.97,1033,14,0
2026-08-27 17:45:00+00:00,4595.19,4598.23,4592.43,4593.31,1010,8,0
2026-08-27 17:50:00+00:00,4593.27,4594.07,4590.98,4591.41,939,8,0
2026-08-27 17:55:00+00:00,4591.37,4593.18,4588.19,4591.35,982,8,0
2026-08-27 18:00:00+00:00,4591.32,4595.33,4591.19,4594.02,942,11,0
2026-08-27 18:05:00+00:00,4594.08,4595.21,4591.03,4592.08,915,8,0
2026-08-27 18:10:00+00:00,4592.15,4595.26,4591.88,4592.27,803,8,0
2026-08-27 18:15:00+00:00,4592.57,4598.0,4592.57,4597.18,886,8,0
2026-08-27 18:20:00+00:00,4597.17,4597.27,4589.36,4590.34,886,8,0
2026-08-27 18:25:00+00:00,4590.36,4595.57,4588.84,4593.06,884,8,0
2026-08-27 18:30:00+00:00,4593.03,4598.71,4592.19,4597.06,884,13,0
2026-08-27 18:35:00+00:00,4597.12,4599.54,4596.01,4599.54,797,8,0
2026-08-27 18:40:00+00:00,4599.57,4605.68,4599.45,4601.22,951,8,0
2026-08-27 18:45:00+00:00,4601.23,4604.57,4600.26,4604.36,907,8,0
2026-08-27 18:50:00+00:00,4604.32,4609.95,4603.38,4609.43,924,8,0
2026-08-27 18:55:00+00:00,4609.41,4611.28,4608.18,4610.41,921,8,0
2026-08-27 19:00:00+00:00,4610.44,4613.0,4609.18,4611.65,883,8,0
2026-08-27 19:05:00+00:00,4611.64,4611.64,4606.04,4607.39,866,8,0
2026-08-27 19:10:00+00:00,4607.32,4608.59,4605.29,4605.42,797,8,0
2026-08-27 19:15:00+00:00,4605.38,4606.38,4603.24,4603.9,803,10,0
2026-08-27 19:20:00+00:00,4603.87,4608.13,4603.87,4606.54,737,12,0
2026-08-27 19:25:00+00:00,4606.51,4608.69,4606.04,4607.62,752,10,0
2026-08-27 19:30:00+00:00,4607.66,4608.94,4606.02,4608.93,744,10,0
2026-08-27 19:35:00+00:00,4608.91,4612.9,4607.99,4611.77,791,10,0
2026-08-27 19:40:00+00:00,4611.8,4611.85,4610.07,4611.27,706,10,0
2026-08-27 19:45:00+00:00,4611.28,4614.09,4610.3,4611.03,856,10,0
2026-08-27 19:50:00+00:00,4611.01,4616.88,4610.24,4616.19,761,10,0
2026-08-27 19:55:00+00:00,4616.23,4616.47,4612.62,4614.93,711,10,0
2026-08-27 20:00:00+00:00,4614.92,4616.47,4612.28,4613.96,854,10,0
2026-08-27 20:05:00+00:00,4614.01,4614.13,4610.66,4611.17,767,10,0
2026-08-27 20:10:00+00:00,4611.15,4612.2,4609.36,4610.95,726,10,0
2026-08-27 20:15:00+00:00,4610.97,4611.27,4609.2,4609.76,717,10,0
2026-08-27 20:20:00+00:00,4609.75,4611.93,4609.6,4611.76,728,10,0
2026-08-27 20:25:00+00:00,4611.75,4612.01,4608.85,4610.25,757,10,0
2026-08-27 20:30:00+00:00,4610.28,4611.55,4609.25,4609.96,795,10,0
2026-08-27 20:35:00+00:00,4610.01,4612.08,4608.61,4611.91,674,10,0
2026-08-27 20:40:00+00:00,4611.98,4615.06,4609.86,4611.91,702,10,0
2026-08-27 20:45:00+00:00,4611.46,4612.19,4607.45,4610.62,869,13,0
2026-08-27 20:50:00+00:00,4610.63,4611.01,4607.57,4608.72,799,11,0
2026-08-27 20:55:00+00:00,4608.73,4609.81,4605.9,4607.19,794,10,0
2026-08-27 21:00:00+00:00,4607.37,4608.08,4602.21,4603.23,900,10,0
2026-08-27 21:05:00+00:00,4603.11,4608.02,4602.81,4604.63,820,13,0
2026-08-27 21:10:00+00:00,4604.61,4606.48,4603.79,4605.55,818,8,0
2026-08-27 21:15:00+00:00,4605.6,4607.86,4604.88,4607.86,779,8,0
2026-08-27 21:20:00+00:00,4607.88,4607.98,4603.25,4603.54,775,8,0
2026-08-27 21:25:00+00:00,4603.52,4603.57,4601.72,4601.74,797,8,0
2026-08-27 21:30:00+00:00,4601.67,4603.74,4601.03,4602.28,697,8,0
2026-08-27 21:35:00+00:00,4602.1,4605.08,4601.75,4604.34,669,8,0
2026-08-27 21:40:00+00:00,4604.33,4604.8,4603.76,4604.42,625,8,0
2026-08-27 21:45:00+00:00,4604.43,4606.81,4604.3,4605.8,598,8,0
2026-08-27 21:50:00+00:00,4605.79,4611.16,4604.92,4609.29,701,11,0
2026-08-27 21:55:00+00:00,4609.25,4610.78,4608.8,4610.38,629,8,0
2026-08-27 22:00:00+00:00,4610.39,4616.68,4610.39,4613.55,732,9,0
2026-08-27 22:05:00+00:00,4613.53,4618.02,4612.79,4616.97,791,9,0
2026-08-27 22:10:00+00:00,4616.99,4617.06,4614.93,4615.65,623,8,0
2026-08-27 22:15:00+00:00,4615.64,4616.13,4609.64,4611.47,709,8,0
2026-08-27 22:20:00+00:00,4611.49,4611.62,4606.49,4607.38,665,8,0
2026-08-27 22:25:00+00:00,4607.43,4608.29,4604.31,4605.84,625,8,0
2026-08-27 22:30:00+00:00,4605.83,4608.0,4604.82,4607.19,732,8,0
2026-08-27 22:35:00+00:00,4607.21,4608.35,4606.78,4607.75,656,8,0
2026-08-27 22:40:00+00:00,4607.74,4610.14,4607.74,4609.82,603,8,0
2026-08-27 22:45:00+00:00,4609.83,4612.64,4608.54,4610.36,641,8,0
2026-08-27 22:50:00+00:00,4610.32,4610.33,4606.75,4608.19,749,8,0
2026-08-27 22:55:00+00:00,4608.15,4609.76,4605.41,4609.28,816,8,0
2026-08-27 23:00:00+00:00,4609.25,4609.6,4604.75,4605.16,502,8,0
2026-08-27 23:05:00+00:00,4605.17,4605.25,4603.91,4604.19,405,8,0
2026-08-27 23:10:00+00:00,4604.18,4606.11,4603.74,4604.89,409,8,0
2026-08-27 23:15:00+00:00,4604.84,4605.41,4604.52,4605.32,279,8,0
2026-08-27 23:20:00+00:00,4605.34,4605.44,4604.7,4604.81,215,8,0
2026-08-27 23:25:00+00:00,4604.8,4604.8,4602.76,4603.68,314,9,0
2026-08-27 23:30:00+00:00,4603.7,4604.09,4603.19,4603.48,214,11,0
2026-08-27 23:35:00+00:00,4603.49,4603.58,4602.05,4603.29,246,9,0
2026-08-27 23:40:00+00:00,4603.28,4604.45,4603.15,4603.84,214,19,0
2026-08-27 23:45:00+00:00,4603.82,4604.6,4602.11,4604.6,362,19,0
2026-08-27 23:50:00+00:00,4604.65,4604.75,4600.86,4601.03,441,19,0
2026-08-27 23:55:00+00:00,4601.01,4601.72,4600.03,4600.92,366,19,0
2026-08-28 01:00:00+00:00,4603.89,4607.5,4601.27,4601.99,419,8,0
2026-08-28 01:05:00+00:00,4602.08,4605.34,4601.25,4605.04,369,15,0
2026-08-28 01:10:00+00:00,4605.03,4605.28,4603.95,4604.86,294,15,0
2026-08-28 01:15:00+00:00,4604.79,4606.28,4604.44,4605.98,296,16,0
2026-08-28 01:20:00+00:00,4605.99,4608.36,4605.97,4608.27,306,17,0
2026-08-28 01:25:00+00:00,4608.28,4608.33,4606.46,4607.79,318,17,0
2026-08-28 01:30:00+00:00,4607.72,4609.09,4606.85,4608.76,305,17,0
2026-08-28 01:35:00+00:00,4608.73,4609.33,4607.95,4609.33,266,16,0
2026-08-28 01:40:00+00:00,4609.27,4610.09,4607.33,4607.82,279,17,0
2026-08-28 01:45:00+00:00,4607.81,4608.06,4606.9,4607.63,224,17,0
2026-08-28 01:50:00+00:00,4607.59,4610.07,4606.72,4609.03,246,15,0
2026-08-28 01:55:00+00:00,4609.04,4610.82,4609.04,4610.74,219,12,0
2026-08-28 02:00:00+00:00,4610.73,4611.44,4609.07,4609.36,276,16,0
2026-08-28 02:05:00+00:00,4609.35,4609.58,4606.7,4607.08,249,14,0
2026-08-28 02:10:00+00:00,4605.46,4605.54,4602.92,4602.94,391,16,0
2026-08-28 02:15:00+00:00,4602.96,4603.54,4602.27,4602.77,262,14,0
2026-08-28 02:20:00+00:00,4602.78,4603.3,4600.11,4602.45,321,14,0
2026-08-28 02:25:00+00:00,4602.49,4602.76,4600.15,4601.01,296,12,0
2026-08-28 02:30:00+00:00,4601.02,4601.59,4599.38,4599.41,320,11,0
2026-08-28 02:35:00+00:00,4599.5,4602.3,4598.62,4601.23,352,11,0
2026-08-28 02:40:00+00:00,4601.22,4601.59,4599.32,4599.81,257,11,0
2026-08-28 02:45:00+00:00,4599.76,4599.77,4595.86,4596.66,443,13,0
2026-08-28 02:50:00+00:00,4596.63,4596.63,4594.76,4595.16,432,11,0
2026-08-28 02:55:00+00:00,4595.18,4595.45,4594.39,4594.63,411,11,0
2026-08-28 03:00:00+00:00,4594.35,4600.08,4593.27,4596.74,738,17,0
2026-08-28 03:05:00+00:00,4596.77,4600.09,4596.21,4600.03,628,17,0
2026-08-28 03:10:00+00:00,4599.83,4602.46,4599.63,4600.63,540,15,0
2026-08-28 03:15:00+00:00,4600.62,4600.77,4593.27,4593.56,666,16,0
2026-08-28 03:20:00+00:00,4593.36,4595.71,4591.41,4593.71,614,16,0
2026-08-28 03:25:00+00:00,4593.58,4593.95,4590.58,4593.95,577,11,0
2026-08-28 03:30:00+00:00,4593.99,4594.26,4588.12,4589.54,578,12,0
2026-08-28 03:35:00+00:00,4589.53,4590.29,4588.29,4589.71,594,11,0
2026-08-28 03:40:00+00:00,4589.7,4591.35,4589.03,4591.07,573,11,0
2026-08-28 03:45:00+00:00,4591.09,4591.09,4586.51,4587.33,585,11,0
2026-08-28 03:50:00+00:00,4587.34,4589.34,4586.76,4587.53,593,11,0
2026-08-28 03:55:00+00:00,4587.62,4588.79,4585.7,4588.76,551,11,0
2026-08-28 04:00:00+00:00,4588.79,4595.96,4586.47,4595.0,989,15,0
2026-08-28 04:05:00+00:00,4594.86,4600.29,4591.32,4600.23,839,17,0
2026-08-28 04:10:00+00:00,4599.99,4602.2,4592.25,4592.65,862,16,0
2026-08-28 04:15:00+00:00,4593.92,4598.06,4591.49,4596.23,855,17,0
2026-08-28 04:20:00+00:00,4595.96,4597.26,4591.16,4591.16,802,13,0
2026-08-28 04:25:00+00:00,4590.8,4593.47,4583.93,4585.62,946,17,0
2026-08-28 04:30:00+00:00,4585.63,4589.08,4583.97,4587.55,914,15,0
2026-08-28 04:35:00+00:00,4587.36,4588.86,4580.47,4580.84,907,14,0
2026-08-28 04:40:00+00:00,4580.84,4582.87,4578.4,4582.23,881,11,0
2026-08-28 04:45:00+00:00,4582.12,4582.44,4577.76,4582.42,888,11,0
2026-08-28 04:50:00+00:00,4582.35,4583.19,4575.84,4576.9,814,11,0
2026-08-28 04:55:00+00:00,4577.01,4578.71,4575.45,4575.91,718,14,0
2026-08-28 05:00:00+00:00,4575.9,4577.93,4575.19,4577.11,753,16,0
2026-08-28 05:05:00+00:00,4577.15,4581.5,4577.1,4580.5,707,15,0
2026-08-28 05:10:00+00:00,4580.51,4582.7,4578.49,4581.25,707,17,0
2026-08-28 05:15:00+00:00,4581.26,4581.4,4578.7,4581.3,420,14,0
2026-08-28 05:20:00+00:00,4581.31,4584.53,4580.39,4584.18,512,14,0
2026-08-28 05:25:00+00:00,4584.14,4584.87,4582.91,4583.38,534,17,0
2026-08-28 05:30:00+00:00,4583.39,4587.09,4583.23,4585.26,769,17,0
2026-08-28 05:35:00+00:00,4585.25,4589.66,4585.25,4588.23,661,14,0
2026-08-28 05:40:00+00:00,4588.24,4588.43,4583.93,4585.08,692,16,0
2026-08-28 05:45:00+00:00,4585.06,4586.39,4582.38,4586.29,673,14,0
2026-08-28 05:50:00+00:00,4586.27,4587.28,4584.73,4586.05,640,11,0
2026-08-28 05:55:00+00:00,4586.04,4586.59,4583.04,4586.31,583,11,0
2026-08-28 06:00:00+00:00,4586.35,4587.95,4584.47,4587.32,688,11,0
2026-08-28 06:05:00+00:00,4587.42,4588.34,4585.18,4586.37,613,11,0
2026-08-28 06:10:00+00:00,4586.42,4587.92,4582.87,4584.16,651,11,0
2026-08-28 06:15:00+00:00,4584.17,4588.78,4584.17,4587.21,613,14,0
2026-08-28 06:20:00+00:00,4587.18,4589.66,4585.75,4589.48,562,13,0
2026-08-28 06:25:00+00:00,4589.51,4589.99,4586.62,4587.98,671,16,0
2026-08-28 06:30:00+00:00,4587.97,4588.32,4583.37,4584.39,509,11,0
2026-08-28 06:35:00+00:00,4584.35,4584.35,4582.42,4582.78,426,11,0
2026-08-28 06:40:00+00:00,4582.91,4583.55,4581.03,4581.91,442,13,0
2026-08-28 06:45:00+00:00,4581.9,4582.07,4579.57,4580.6,509,13,0
2026-08-28 06:50:00+00:00,4580.61,4580.9,4578.65,4579.12,354,13,0
2026-08-28 06:55:00+00:00,4579.17,4580.06,4578.87,4579.93,360,15,0
2026-08-28 07:00:00+00:00,4579.92,4580.43,4578.84,4579.17,462,16,0
2026-08-28 07:05:00+00:00,4579.26,4579.51,4577.99,4579.15,348,15,0
2026-08-28 07:10:00+00:00,4579.13,4580.38,4578.92,4579.39,391,17,0
2026-08-28 07:15:00+00:00,4579.38,4583.36,4578.78,4583.2,453,17,0
2026-08-28 07:20:00+00:00,4583.23,4584.53,4582.7,4584.45,414,13,0
2026-08-28 07:25:00+00:00,4584.51,4585.31,4583.13,4584.76,373,11,0
2026-08-28 07:30:00+00:00,4584.75,4584.75,4581.72,4581.72,356,11,0
2026-08-28 07:35:00+00:00,4581.71,4581.96,4578.14,4578.39,464,11,0
2026-08-28 07:40:00+00:00,4578.4,4580.24,4578.2,4579.93,345,11,0
2026-08-28 07:45:00+00:00,4579.94,4582.19,4578.31,4580.81,375,11,0
2026-08-28 07:50:00+00:00,4580.82,4582.55,4580.82,4582.08,288,11,0
2026-08-28 07:55:00+00:00,4582.09,4585.22,4581.44,4584.32,337,11,0
2026-08-28 08:00:00+00:00,4584.37,4585.3,4582.16,4582.44,443,14,0
2026-08-28 08:05:00+00:00,4582.53,4582.85,4579.06,4579.13,494,11,0
2026-08-28 08:10:00+00:00,4579.18,4580.6,4578.36,4579.94,448,11,0
2026-08-28 08:15:00+00:00,4579.93,4581.9,4579.08,4581.85,368,11,0
2026-08-28 08:20:00+00:00,4581.84,4584.49,4580.7,4584.18,377,11,0
2026-08-28 08:25:00+00:00,4584.17,4586.24,4582.51,4584.15,475,12,0
2026-08-28 08:30:00+00:00,4584.07,4584.07,4577.67,4578.94,863,17,0
2026-08-28 08:35:00+00:00,4578.95,4579.47,4574.87,4574.87,803,17,0
2026-08-28 08:40:00+00:00,4574.84,4576.19,4571.68,4572.74,695,17,0
2026-08-28 08:45:00+00:00,4572.76,4575.7,4571.74,4573.77,666,17,0
2026-08-28 08:50:00+00:00,4573.86,4577.07,4573.83,4576.85,618,16,0
2026-08-28 08:55:00+00:00,4576.84,4577.37,4572.66,4573.29,637,16,0
2026-08-28 09:00:00+00:00,4573.3,4577.45,4572.43,4576.95,841,14,0
2026-08-28 09:05:00+00:00,4576.93,4580.67,4574.29,4580.64,688,12,0
2026-08-28 09:10:00+00:00,4580.65,4583.52,4580.6,4581.89,756,12,0
2026-08-28 09:15:00+00:00,4581.87,4584.96,4580.75,4582.86,698,13,0
2026-08-28 09:20:00+00:00,4582.71,4585.54,4582.13,4583.56,667,13,0
2026-08-28 09:25:00+00:00,4583.52,4585.56,4583.27,4584.97,604,13,0
2026-08-28 09:30:00+00:00,4584.99,4586.3,4582.91,4584.03,682,13,0
2026-08-28 09:35:00+00:00,4584.01,4588.08,4583.92,4586.31,680,14,0
2026-08-28 09:40:00+00:00,4586.28,4588.49,4584.44,4588.32,708,14,0
2026-08-28 09:45:00+00:00,4588.3,4600.01,4588.24,4600.01,921,14,0
2026-08-28 09:50:00+00:00,4599.69,4606.72,4596.71,4604.24,1014,14,0
2026-08-28 09:55:00+00:00,4604.17,4613.25,4603.98,4612.67,920,14,0
2026-08-28 10:00:00+00:00,4612.74,4613.4,4605.73,4607.02,892,14,0
2026-08-28 10:05:00+00:00,4606.98,4607.4,4599.27,4600.97,823,12,0
2026-08-28 10:10:00+00:00,4600.81,4603.38,4596.73,4600.77,805,12,0
2026-08-28 10:15:00+00:00,4600.51,4606.58,4599.58,4606.05,776,11,0
2026-08-28 10:20:00+00:00,4606.07,4610.14,4605.85,4607.51,742,11,0
2026-08-28 10:25:00+00:00,4607.52,4609.77,4606.82,4607.59,623,9,0
2026-08-28 10:30:00+00:00,4607.58,4611.85,4607.22,4611.46,649,8,0
2026-08-28 10:35:00+00:00,4611.66,4614.38,4609.77,4610.54,717,10,0
2026-08-28 10:40:00+00:00,4610.58,4610.81,4608.49,4609.3,584,11,0
2026-08-28 10:45:00+00:00,4609.31,4611.43,4607.56,4610.12,627,12,0
2026-08-28 10:50:00+00:00,4610.23,4613.06,4610.05,4611.66,522,13,0
2026-08-28 10:55:00+00:00,4611.63,4613.45,4609.78,4611.9,530,13,0
2026-08-28 11:00:00+00:00,4611.84,4614.63,4610.79,4612.5,735,12,0
2026-08-28 11:05:00+00:00,4612.55,4613.05,4610.0,4611.81,621,12,0
2026-08-28 11:10:00+00:00,4611.78,4613.05,4611.01,4611.76,570,12,0
2026-08-28 11:15:00+00:00,4611.77,4612.39,4609.24,4609.37,587,12,0
2026-08-28 11:20:00+00:00,4609.4,4611.54,4608.16,4611.07,619,11,0
2026-08-28 11:25:00+00:00,4611.06,4611.48,4608.8,4609.07,553,12,0
2026-08-28 11:30:00+00:00,4609.06,4611.48,4608.3,4609.72,637,12,0
2026-08-28 11:35:00+00:00,4609.75,4611.49,4606.66,4607.54,632,14,0
2026-08-28 11:40:00+00:00,4607.41,4607.78,4603.4,4603.69,548,9,0
2026-08-28 11:45:00+00:00,4603.67,4603.67,4601.18,4602.08,605,9,0
2026-08-28 11:50:00+00:00,4602.0,4606.2,4601.73,4604.67,571,11,0
2026-08-28 11:55:00+00:00,4604.69,4605.03,4601.29,4602.91,494,8,0
2026-08-28 12:00:00+00:00,4602.9,4604.27,4602.23,4604.08,625,8,0
2026-08-28 12:05:00+00:00,4604.09,4604.31,4601.51,4601.75,613,8,0
2026-08-28 12:10:00+00:00,4601.78,4602.99,4600.79,4601.7,553,8,0
2026-08-28 12:15:00+00:00,4601.65,4602.7,4600.51,4602.31,562,8,0
2026-08-28 12:20:00+00:00,4602.25,4604.05,4601.08,4603.11,564,9,0
2026-08-28 12:25:00+00:00,4603.12,4603.26,4600.52,4601.82,586,10,0
2026-08-28 12:30:00+00:00,4601.83,4604.13,4601.82,4602.56,586,13,0
2026-08-28 12:35:00+00:00,4602.58,4605.05,4601.02,4603.8,545,13,0
2026-08-28 12:40:00+00:00,4603.86,4604.92,4602.74,4604.08,506,8,0
2026-08-28 12:45:00+00:00,4604.03,4605.23,4603.14,4604.59,508,8,0
2026-08-28 12:50:00+00:00,4604.6,4607.18,4604.48,4607.15,554,8,0
2026-08-28 12:55:00+00:00,4607.11,4607.41,4605.15,4605.15,483,8,0
2026-08-28 13:00:00+00:00,4605.2,4606.39,4603.49,4605.7,571,8,0
2026-08-28 13:05:00+00:00,4605.66,4607.55,4605.53,4607.43,504,12,0
2026-08-28 13:10:00+00:00,4607.4,4608.95,4606.97,4608.61,577,12,0
2026-08-28 13:15:00+00:00,4608.65,4609.89,4604.38,4604.45,559,14,0
2026-08-28 13:20:00+00:00,4604.43,4604.52,4602.7,4604.34,486,8,0
2026-08-28 13:25:00+00:00,4604.33,4605.32,4602.12,4605.07,554,8,0
2026-08-28 13:30:00+00:00,4605.12,4607.76,4605.0,4607.34,545,9,0
2026-08-28 13:35:00+00:00,4607.33,4607.33,4603.06,4603.83,547,8,0
2026-08-28 13:40:00+00:00,4603.8,4604.22,4601.98,4602.84,525,8,0
2026-08-28 13:45:00+00:00,4602.81,4603.22,4599.99,4600.99,523,10,0
2026-08-28 13:50:00+00:00,4601.02,4601.27,4597.6,4598.21,581,14,0
2026-08-28 13:55:00+00:00,4598.23,4600.47,4597.84,4600.09,534,10,0
2026-08-28 14:00:00+00:00,4600.11,4601.33,4597.44,4598.76,673,11,0
2026-08-28 14:05:00+00:00,4598.78,4599.01,4595.02,4595.84,641,13,0
2026-08-28 14:10:00+00:00,4595.94,4598.78,4595.26,4598.78,625,8,0
2026-08-28 14:15:00+00:00,4598.8,4601.19,4598.37,4600.09,596,10,0
2026-08-28 14:20:00+00:00,4600.13,4600.47,4598.06,4600.41,555,8,0
2026-08-28 14:25:00+00:00,4600.4,4600.99,4597.66,4598.98,552,8,0
2026-08-28 14:30:00+00:00,4598.99,4600.84,4597.92,4598.59,609,11,0
2026-08-28 14:35:00+00:00,4598.61,4598.9,4593.55,4593.56,671,10,0
2026-08-28 14:40:00+00:00,4593.34,4595.01,4591.36,4594.6,632,10,0
2026-08-28 14:45:00+00:00,4594.71,4596.04,4593.31,4594.57,598,8,0
2026-08-28 14:50:00+00:00,4594.56,4595.95,4593.61,4594.45,587,8,0
2026-08-28 14:55:00+00:00,4594.44,4594.47,4591.56,4593.33,616,8,0
2026-08-28 15:00:00+00:00,4593.34,4595.78,4590.93,4594.61,706,10,0
2026-08-28 15:05:00+00:00,4594.52,4595.74,4592.06,4594.37,712,8,0
2026-08-28 15:10:00+00:00,4594.36,4597.01,4592.42,4594.46,707,8,0
2026-08-28 15:15:00+00:00,4594.38,4595.74,4592.54,4594.49,671,8,0
2026-08-28 15:20:00+00:00,4594.43,4601.65,4594.16,4601.47,715,8,0
2026-08-28 15:25:00+00:00,4601.46,4603.8,4600.15,4601.44,689,8,0
2026-08-28 15:30:00+00:00,4601.39,4602.19,4591.94,4593.18,839,8,0
2026-08-28 15:35:00+00:00,4593.38,4593.7,4589.06,4589.41,904,14,0
2026-08-28 15:40:00+00:00,4589.43,4592.61,4589.42,4591.89,791,10,0
2026-08-28 15:45:00+00:00,4591.88,4595.26,4590.3,4594.12,784,11,0
2026-08-28 15:50:00+00:00,4594.1,4597.24,4592.01,4596.33,743,8,0
2026-08-28 15:55:00+00:00,4596.36,4602.59,4596.36,4601.82,815,8,0
2026-08-28 16:00:00+00:00,4601.73,4603.44,4596.21,4599.43,1081,8,0
2026-08-28 16:05:00+00:00,4599.38,4605.39,4598.89,4600.28,971,10,0
2026-08-28 16:10:00+00:00,4600.3,4601.13,4597.84,4599.06,874,8,0
2026-08-28 16:15:00+00:00,4598.96,4599.82,4594.06,4598.59,923,8,0
2026-08-28 16:20:00+00:00,4598.18,4600.93,4596.15,4600.86,923,8,0
2026-08-28 16:25:00+00:00,4600.85,4604.25,4599.29,4603.45,933,8,0
2026-08-28 16:30:00+00:00,4603.47,4605.27,4598.63,4604.64,1083,13,0
2026-08-28 16:35:00+00:00,4604.77,4607.27,4600.41,4605.77,1056,11,0
2026-08-28 16:40:00+00:00,4605.78,4607.58,4601.57,4604.61,939,8,0
2026-08-28 16:45:00+00:00,4604.62,4612.14,4604.62,4609.69,1022,8,0
2026-08-28 16:50:00+00:00,4609.63,4612.1,4607.35,4610.2,1065,8,0
2026-08-28 16:55:00+00:00,4610.18,4627.38,4605.91,4606.3,1000,8,0
2026-08-28 17:00:00+00:00,4605.43,4631.88,4574.38,4577.3,970,14,0
2026-08-28 17:05:00+00:00,4577.32,4581.72,4548.83,4574.15,1101,13,0
2026-08-28 17:10:00+00:00,4573.94,4574.73,4543.92,4546.34,1140,13,0
2026-08-28 17:15:00+00:00,4546.33,4566.43,4545.32,4553.54,1160,13,0
2026-08-28 17:20:00+00:00,4553.88,4568.45,4548.43,4557.74,1186,12,0
2026-08-28 17:25:00+00:00,4557.55,4559.35,4530.09,4552.1,1177,12,0
2026-08-28 17:30:00+00:00,4552.07,4570.6,4551.94,4570.6,1193,13,0
2026-08-28 17:35:00+00:00,4570.61,4577.72,4565.36,4565.79,1184,14,0
2026-08-28 17:40:00+00:00,4565.62,4569.34,4558.38,4561.74,1175,15,0
2026-08-28 17:45:00+00:00,4562.0,4563.36,4551.91,4553.03,1166,15,0
2026-08-28 17:50:00+00:00,4552.91,4570.45,4550.56,4570.21,1154,13,0
2026-08-28 17:55:00+00:00,4570.41,4580.42,4569.54,4576.65,1167,14,0
2026-08-28 18:00:00+00:00,4576.61,4582.7,4572.07,4580.1,1176,14,0
2026-08-28 18:05:00+00:00,4579.99,4581.71,4572.23,4573.0,1152,15,0
2026-08-28 18:10:00+00:00,4572.79,4573.91,4556.97,4559.52,1167,14,0
2026-08-28 18:15:00+00:00,4559.3,4564.36,4553.94,4555.07,1162,8,0
2026-08-28 18:20:00+00:00,4555.0,4566.24,4551.57,4565.69,1138,11,0
2026-08-28 18:25:00+00:00,4565.73,4569.36,4559.33,4566.75,1103,8,0
2026-08-28 18:30:00+00:00,4566.73,4567.54,4555.16,4557.58,1132,8,0
2026-08-28 18:35:00+00:00,4557.53,4563.25,4547.72,4547.72,1092,8,0
2026-08-28 18:40:00+00:00,4548.14,4548.88,4533.61,4538.06,1172,14,0
2026-08-28 18:45:00+00:00,4538.5,4545.21,4531.15,4534.95,1164,14,0
2026-08-28 18:50:00+00:00,4535.12,4545.44,4533.64,4539.34,1133,8,0
2026-08-28 18:55:00+00:00,4539.37,4540.8,4524.52,4524.75,1182,16,0
2026-08-28 19:00:00+00:00,4524.85,4529.19,4520.49,4520.91,1165,8,0
2026-08-28 19:05:00+00:00,4520.81,4520.81,4509.04,4509.04,1175,8,0
2026-08-28 19:10:00+00:00,4508.95,4515.22,4497.49,4498.09,1158,8,0
2026-08-28 19:15:00+00:00,4498.06,4503.57,4481.93,4482.29,1162,8,0
2026-08-28 19:20:00+00:00,4482.03,4483.56,4464.5,4468.65,1184,8,0
2026-08-28 19:25:00+00:00,4469.0,4481.37,4465.04,4480.31,1163,8,0
2026-08-28 19:30:00+00:00,4480.25,4487.35,4471.4,4474.11,1174,8,0
2026-08-28 19:35:00+00:00,4474.12,4486.18,4473.75,4484.78,1150,8,0
2026-08-28 19:40:00+00:00,4484.88,4486.4,4466.34,4468.76,1153,8,0
2026-08-28 19:45:00+00:00,4468.98,4481.67,4468.98,4481.67,1149,8,0
2026-08-28 19:50:00+00:00,4481.72,4485.01,4479.64,4480.68,1099,8,0
2026-08-28 19:55:00+00:00,4480.74,4482.61,4475.26,4479.48,1086,8,0
2026-08-28 20:00:00+00:00,4479.47,4480.77,4473.38,4475.75,1107,8,0
2026-08-28 20:05:00+00:00,4475.74,4482.83,4474.88,4480.35,1056,8,0
2026-08-28 20:10:00+00:00,4480.17,4480.83,4471.2,4480.72,1057,8,0
2026-08-28 20:15:00+00:00,4480.69,4482.06,4475.09,4480.87,1037,8,0
2026-08-28 20:20:00+00:00,4480.85,4486.53,4479.84,4484.9,1051,8,0
2026-08-28 20:25:00+00:00,4484.89,4486.14,4475.9,4478.16,1028,8,0
2026-08-28 20:30:00+00:00,4478.01,4481.33,4473.36,4478.69,1002,8,0
2026-08-28 20:35:00+00:00,4478.7,4481.68,4471.16,4471.78,965,8,0
2026-08-28 20:40:00+00:00,4471.84,4474.96,4460.34,4467.64,1041,8,0
2026-08-28 20:45:00+00:00,4467.57,4475.61,4466.91,4474.07,975,8,0
2026-08-28 20:50:00+00:00,4474.02,4475.68,4471.87,4472.7,872,8,0
2026-08-28 20:55:00+00:00,4472.68,4472.68,4466.55,4469.35,889,8,0
2026-08-28 21:00:00+00:00,4469.34,4471.67,4460.3,4460.6,984,8,0
2026-08-28 21:05:00+00:00,4460.63,4466.43,4459.72,4461.81,1020,8,0
2026-08-28 21:10:00+00:00,4461.85,4464.86,4459.76,4461.25,972,8,0
2026-08-28 21:15:00+00:00,4461.17,4462.73,4454.01,4458.87,1002,8,0
2026-08-28 21:20:00+00:00,4458.88,4463.35,4452.69,4453.67,1010,8,0
2026-08-28 21:25:00+00:00,4453.61,4462.63,4452.64,4456.26,1075,8,0
2026-08-28 21:30:00+00:00,4456.23,4458.67,4452.2,4457.03,971,8,0
2026-08-28 21:35:00+00:00,4457.19,4457.34,4451.69,4452.86,933,8,0
2026-08-28 21:40:00+00:00,4452.87,4455.17,4445.51,4451.2,957,8,0
2026-08-28 21:45:00+00:00,4451.23,4455.03,4448.5,4453.38,918,8,0
2026-08-28 21:50:00+00:00,4453.28,4456.87,4451.73,4454.11,925,8,0
2026-08-28 21:55:00+00:00,4454.14,4458.29,4452.65,4456.98,932,8,0
2026-08-28 22:00:00+00:00,4456.9,4461.97,4453.08,4458.05,1011,8,0
2026-08-28 22:05:00+00:00,4458.01,4462.69,4456.98,4462.01,926,8,0
2026-08-28 22:10:00+00:00,4461.99,4462.11,4454.58,4457.04,909,8,0
2026-08-28 22:15:00+00:00,4457.03,4460.73,4455.22,4460.12,843,8,0
2026-08-28 22:20:00+00:00,4460.17,4462.12,4457.49,4459.48,790,8,0
2026-08-28 22:25:00+00:00,4459.49,4463.59,4459.46,4462.26,763,8,0
2026-08-28 22:30:00+00:00,4462.12,4464.89,4461.01,4463.04,842,8,0
2026-08-28 22:35:00+00:00,4463.08,4467.02,4462.02,4466.38,759,8,0
2026-08-28 22:40:00+00:00,4466.42,4466.89,4464.57,4465.08,693,8,0
2026-08-28 22:45:00+00:00,4465.06,4465.11,4455.08,4457.54,865,8,0
2026-08-28 22:50:00+00:00,4457.52,4459.65,4453.05,4457.19,920,8,0
2026-08-28 22:55:00+00:00,4457.2,4461.34,4456.54,4458.17,913,8,0
2026-08-28 23:00:00+00:00,4458.26,4462.76,4455.38,4460.52,762,8,0
2026-08-28 23:05:00+00:00,4460.53,4461.65,4460.08,4460.57,557,8,0
2026-08-28 23:10:00+00:00,4460.56,4461.51,4457.42,4457.76,513,8,0
2026-08-28 23:15:00+00:00,4457.77,4460.56,4457.74,4458.31,391,8,0
2026-08-28 23:20:00+00:00,4458.33,4458.33,4453.78,4454.61,440,8,0
2026-08-28 23:25:00+00:00,4454.62,4458.38,4453.91,4458.1,362,8,0
2026-08-28 23:30:00+00:00,4458.16,4458.33,4455.58,4456.51,388,8,0
2026-08-28 23:35:00+00:00,4456.22,4457.48,4455.43,4455.76,387,8,0
2026-08-28 23:40:00+00:00,4455.82,4457.21,4453.87,4457.15,341,19,0
2026-08-28 23:45:00+00:00,4457.1,4459.86,4455.87,4459.25,399,19,0
2026-08-28 23:50:00+00:00,4459.3,4460.04,4453.51,4454.45,442,19,0
2026-08-28 23:55:00+00:00,4453.74,4456.24,4453.07,4454.85,336,18,0
2026-08-31 01:00:00+00:00,4434.38,4446.78,4426.41,4446.05,740,13,0
2026-08-31 01:05:00+00:00,4446.14,4456.71,4446.01,4456.18,735,17,0
2026-08-31 01:10:00+00:00,4455.89,4459.62,4454.96,4459.11,679,17,0
2026-08-31 01:15:00+00:00,4459.09,4463.01,4456.16,4462.17,600,17,0
2026-08-31 01:20:00+00:00,4462.22,4466.02,4460.73,4462.27,581,17,0
2026-08-31 01:25:00+00:00,4462.48,4465.58,4458.12,4459.59,507,17,0
2026-08-31 01:30:00+00:00,4459.56,4459.82,4453.06,4453.12,524,17,0
2026-08-31 01:35:00+00:00,4453.07,4461.52,4453.05,4460.43,461,17,0
2026-08-31 01:40:00+00:00,4460.37,4462.45,4456.89,4457.88,405,17,0
2026-08-31 01:45:00+00:00,4457.84,4460.37,4457.02,4459.75,359,17,0
2026-08-31 01:50:00+00:00,4459.73,4459.92,4458.59,4458.95,262,17,0
2026-08-31 01:55:00+00:00,4458.78,4462.46,4458.78,4461.47,320,17,0
2026-08-31 02:00:00+00:00,4461.45,4463.06,4459.85,4462.37,437,17,0
2026-08-31 02:05:00+00:00,4462.38,4466.75,4462.11,4465.36,479,17,0
2026-08-31 02:10:00+00:00,4465.32,4465.61,4459.98,4460.68,438,17,0
2026-08-31 02:15:00+00:00,4460.67,4463.96,4460.22,4463.24,427,17,0
2026-08-31 02:20:00+00:00,4463.34,4465.24,4458.98,4459.8,490,17,0
2026-08-31 02:25:00+00:00,4459.75,4459.89,4455.29,4457.58,528,17,0
2026-08-31 02:30:00+00:00,4457.6,4457.9,4451.44,4454.74,637,17,0
2026-08-31 02:35:00+00:00,4454.75,4454.78,4450.3,4450.43,508,16,0
2026-08-31 02:40:00+00:00,4450.34,4451.28,4446.69,4447.57,555,15,0
2026-08-31 02:45:00+00:00,4447.6,4447.6,4436.1,4439.63,898,17,0
2026-08-31 02:50:00+00:00,4439.61,4447.85,4439.61,4447.53,734,16,0
2026-08-31 02:55:00+00:00,4447.56,4460.33,4447.56,4458.43,795,16,0
2026-08-31 03:00:00+00:00,4460.01,4461.91,4453.42,4458.39,950,17,0
2026-08-31 03:05:00+00:00,4458.43,4459.9,4454.43,4456.9,826,15,0
2026-08-31 03:10:00+00:00,4456.86,4463.43,4455.18,4461.99,814,12,0
2026-08-31 03:15:00+00:00,4461.98,4465.17,4459.37,4459.69,729,11,0
2026-08-31 03:20:00+00:00,4459.66,4460.66,4456.79,4458.34,655,11,0
2026-08-31 03:25:00+00:00,4458.42,4458.43,4452.28,4456.88,720,12,0
2026-08-31 03:30:00+00:00,4456.87,4466.04,4456.78,4462.58,751,15,0
2026-08-31 03:35:00+00:00,4462.6,4470.65,4462.58,4470.36,680,13,0
2026-08-31 03:40:00+00:00,4470.35,4472.04,4464.15,4465.28,693,13,0
2026-08-31 03:45:00+00:00,4465.3,4468.93,4464.14,4465.55,678,11,0
2026-08-31 03:50:00+00:00,4465.74,4466.48,4462.75,4466.42,686,11,0
2026-08-31 03:55:00+00:00,4466.25,4467.05,4455.74,4456.28,752,15,0
2026-08-31 04:00:00+00:00,4456.37,4463.31,4438.09,4462.51,1139,17,0
2026-08-31 04:05:00+00:00,4462.38,4462.97,4439.05,4439.55,1091,17,0
2026-08-31 04:10:00+00:00,4439.64,4444.86,4436.06,4444.09,1058,17,0
2026-08-31 04:15:00+00:00,4443.8,4452.4,4442.22,4452.34,1023,17,0
2026-08-31 04:20:00+00:00,4452.35,4454.25,4444.22,4449.85,990,15,0
2026-08-31 04:25:00+00:00,4449.78,4449.78,4443.28,4443.99,948,14,0
2026-08-31 04:30:00+00:00,4443.96,4450.41,4436.59,4441.38,1036,15,0
2026-08-31 04:35:00+00:00,4441.31,4450.6,4439.66,4449.12,993,15,0
2026-08-31 04:40:00+00:00,4449.15,4453.84,4443.46,4450.85,998,12,0
2026-08-31 04:45:00+00:00,4450.87,4452.61,4437.41,4437.53,970,11,0
2026-08-31 04:50:00+00:00,4437.46,4444.53,4436.29,4444.53,947,12,0
2026-08-31 04:55:00+00:00,4444.52,4446.67,4439.77,4440.34,890,11,0
2026-08-31 05:00:00+00:00,4440.38,4441.38,4418.62,4426.84,1017,13,0
2026-08-31 05:05:00+00:00,4426.83,4433.94,4425.14,4428.71,970,14,0
2026-08-31 05:10:00+00:00,4428.8,4432.59,4422.84,4424.43,933,13,0
2026-08-31 05:15:00+00:00,4424.34,4425.11,4419.16,4421.76,830,14,0
2026-08-31 05:20:00+00:00,4421.84,4427.21,4421.11,4427.2,791,11,0
2026-08-31 05:25:00+00:00,4427.14,4428.02,4423.02,4423.08,793,11,0
2026-08-31 05:30:00+00:00,4423.05,4426.43,4411.22,4411.52,1019,17,0
2026-08-31 05:35:00+00:00,4411.38,4412.07,4405.59,4408.15,971,17,0
2026-08-31 05:40:00+00:00,4408.18,4408.18,4402.09,4402.95,947,15,0
2026-08-31 05:45:00+00:00,4402.99,4406.95,4396.54,4401.56,912,11,0
2026-08-31 05:50:00+00:00,4401.6,4417.15,4399.54,4416.71,921,11,0
2026-08-31 05:55:00+00:00,4416.72,4422.98,4416.41,4422.98,850,11,0
2026-08-31 06:00:00+00:00,4422.96,4426.9,4421.84,4422.41,830,13,0
2026-08-31 06:05:00+00:00,4422.59,4426.52,4422.0,4425.5,737,16,0
2026-08-31 06:10:00+00:00,4425.53,4428.27,4424.41,4428.27,691,16,0
2026-08-31 06:15:00+00:00,4428.28,4432.49,4427.89,4427.93,808,17,0
2026-08-31 06:20:00+00:00,4427.9,4434.0,4427.69,4430.89,675,17,0
2026-08-31 06:25:00+00:00,4430.92,4431.86,4426.38,4427.79,738,17,0
2026-08-31 06:30:00+00:00,4427.77,4427.77,4423.46,4423.63,619,16,0
2026-08-31 06:35:00+00:00,4423.58,4425.13,4419.95,4420.73,636,15,0
2026-08-31 06:40:00+00:00,4420.68,4424.1,4420.39,4422.91,509,13,0
2026-08-31 06:45:00+00:00,4422.96,4425.2,4422.77,4424.01,507,16,0
2026-08-31 06:50:00+00:00,4424.02,4426.92,4423.92,4424.31,472,14,0
2026-08-31 06:55:00+00:00,4424.28,4424.66,4421.56,4422.56,467,14,0
2026-08-31 07:00:00+00:00,4422.67,4422.79,4418.55,4418.55,524,14,0
2026-08-31 07:05:00+00:00,4418.69,4419.0,4416.94,4418.37,487,17,0
2026-08-31 07:10:00+00:00,4418.41,4422.59,4417.17,4421.27,502,15,0
2026-08-31 07:15:00+00:00,4421.15,4421.57,4418.04,4418.36,508,16,0
2026-08-31 07:20:00+00:00,4418.41,4419.49,4416.08,4418.12,544,15,0
2026-08-31 07:25:00+00:00,4418.21,4420.61,4415.91,4415.98,494,13,0
2026-08-31 07:30:00+00:00,4415.89,4416.52,4412.97,4416.39,489,12,0
2026-08-31 07:35:00+00:00,4416.34,4421.97,4416.07,4420.44,557,17,0
2026-08-31 07:40:00+00:00,4420.34,4420.48,4417.18,4420.19,541,11,0
2026-08-31 07:45:00+00:00,4420.23,4421.51,4419.11,4419.32,502,11,0
2026-08-31 07:50:00+00:00,4419.31,4421.13,4418.83,4420.65,448,11,0
2026-08-31 07:55:00+00:00,4420.68,4424.95,4419.31,4424.56,549,15,0
2026-08-31 08:00:00+00:00,4424.57,4427.06,4422.34,4423.77,590,17,0
2026-08-31 08:05:00+00:00,4423.71,4423.95,4419.22,4420.35,568,15,0
2026-08-31 08:10:00+00:00,4420.36,4425.39,4419.64,4422.8,591,15,0
2026-08-31 08:15:00+00:00,4422.74,4428.02,4422.17,4428.02,591,11,0
2026-08-31 08:20:00+00:00,4427.98,4434.55,4427.98,4434.01,671,11,0
2026-08-31 08:25:00+00:00,4433.94,4440.74,4432.64,4440.36,688,11,0
2026-08-31 08:30:00+00:00,4440.97,4442.01,4430.71,4433.08,958,17,0
2026-08-31 08:35:00+00:00,4433.0,4436.76,4432.04,4434.31,815,16,0
2026-08-31 08:40:00+00:00,4434.33,4439.06,4432.83,4437.64,789,17,0
2026-08-31 08:45:00+00:00,4437.65,4441.36,4435.23,4435.49,786,17,0
2026-08-31 08:50:00+00:00,4435.5,4439.55,4434.25,4437.26,765,13,0
2026-08-31 08:55:00+00:00,4437.23,4443.76,4435.41,4442.94,761,11,0
2026-08-31 09:00:00+00:00,4443.04,4443.09,4432.96,4433.34,859,8,0
2026-08-31 09:05:00+00:00,4433.33,4433.35,4429.42,4432.29,809,8,0
2026-08-31 09:10:00+00:00,4432.2,4435.39,4432.01,4432.15,717,8,0
2026-08-31 09:15:00+00:00,4432.19,4438.37,4431.45,4438.0,797,9,0
2026-08-31 09:20:00+00:00,4438.04,4439.11,4434.9,4437.73,758,11,0
2026-08-31 09:25:00+00:00,4437.75,4438.13,4434.65,4435.94,689,8,0
2026-08-31 09:30:00+00:00,4436.0,4437.04,4431.32,4434.23,787,8,0
2026-08-31 09:35:00+00:00,4434.19,4440.86,4433.91,4440.41,702,8,0
2026-08-31 09:40:00+00:00,4440.4,4441.17,4438.87,4439.35,622,8,0
2026-08-31 09:45:00+00:00,4439.38,4442.62,4439.05,4441.79,701,10,0
2026-08-31 09:50:00+00:00,4441.77,4441.77,4437.46,4440.15,724,11,0
2026-08-31 09:55:00+00:00,4440.18,4440.18,4436.66,4439.52,696,9,0
2026-08-31 10:00:00+00:00,4439.35,4440.44,4437.02,4439.52,739,10,0
2026-08-31 10:05:00+00:00,4439.65,4441.8,4436.81,4437.91,632,8,0
2026-08-31 10:10:00+00:00,4437.9,4439.93,4435.64,4436.13,595,8,0
2026-08-31 10:15:00+00:00,4436.09,4440.9,4435.18,4439.09,638,8,0
2026-08-31 10:20:00+00:00,4439.17,4445.76,4438.56,4445.07,744,8,0
2026-08-31 10:25:00+00:00,4445.14,4448.18,4443.7,4443.91,618,8,0
2026-08-31 10:30:00+00:00,4444.02,4446.58,4441.28,4444.29,704,10,0
2026-08-31 10:35:00+00:00,4444.3,4444.82,4441.94,4443.35,602,8,0
2026-08-31 10:40:00+00:00,4443.36,4447.17,4441.42,4446.62,570,8,0
2026-08-31 10:45:00+00:00,4446.6,4447.82,4443.34,4444.56,542,8,0
2026-08-31 10:50:00+00:00,4444.57,4444.67,4442.08,4444.13,543,10,0
2026-08-31 10:55:00+00:00,4444.12,4444.96,4440.91,4443.26,589,11,0
2026-08-31 11:00:00+00:00,4443.52,4449.51,4442.97,4448.42,762,9,0
2026-08-31 11:05:00+00:00,4448.43,4448.72,4441.96,4442.06,617,8,0
2026-08-31 11:10:00+00:00,4442.83,4442.87,4437.05,4438.82,630,8,0
2026-08-31 11:15:00+00:00,4438.84,4440.36,4436.19,4439.8,671,8,0
2026-08-31 11:20:00+00:00,4439.79,4440.25,4437.5,4437.53,564,8,0
2026-08-31 11:25:00+00:00,4437.52,4441.3,4437.52,4440.49,631,8,0
2026-08-31 11:30:00+00:00,4440.45,4440.45,4435.96,4436.12,610,8,0
2026-08-31 11:35:00+00:00,4435.98,4438.26,4435.37,4436.76,566,8,0
2026-08-31 11:40:00+00:00,4436.72,4437.37,4434.5,4435.46,559,8,0
2026-08-31 11:45:00+00:00,4435.47,4436.74,4434.43,4436.43,502,10,0
2026-08-31 11:50:00+00:00,4436.41,4436.96,4433.88,4434.15,516,10,0
2026-08-31 11:55:00+00:00,4434.16,4436.13,4434.14,4435.62,501,8,0
2026-08-31 12:00:00+00:00,4435.83,4438.94,4435.61,4438.88,565,8,0
2026-08-31 12:05:00+00:00,4438.87,4441.28,4436.5,4436.51,525,8,0
2026-08-31 12:10:00+00:00,4436.8,4442.97,4435.9,4442.94,595,8,0
2026-08-31 12:15:00+00:00,4442.98,4444.22,4440.79,4441.09,512,8,0
2026-08-31 12:20:00+00:00,4441.07,4441.36,4438.8,4439.5,514,8,0
2026-08-31 12:25:00+00:00,4439.52,4439.89,4438.15,4439.2,466,8,0
2026-08-31 12:30:00+00:00,4439.19,4444.28,4439.08,4444.24,526,8,0
2026-08-31 12:35:00+00:00,4444.25,4444.67,4441.58,4441.69,482,8,0
2026-08-31 12:40:00+00:00,4441.68,4443.46,4440.84,4443.08,413,8,0
2026-08-31 12:45:00+00:00,4443.12,4444.89,4442.57,4443.02,511,8,0
2026-08-31 12:50:00+00:00,4442.97,4444.3,4441.01,4443.67,477,9,0
2026-08-31 12:55:00+00:00,4443.66,4445.5,4442.49,4445.22,451,8,0
2026-08-31 13:00:00+00:00,4445.27,4447.72,4444.87,4447.72,590,10,0
2026-08-31 13:05:00+00:00,4447.48,4453.62,4447.2,4448.31,690,13,0
2026-08-31 13:10:00+00:00,4448.27,4451.69,4446.27,4451.59,661,13,0
2026-08-31 13:15:00+00:00,4451.64,4452.08,4446.47,4448.2,585,10,0
2026-08-31 13:20:00+00:00,4448.27,4449.85,4447.39,4447.39,504,8,0
2026-08-31 13:25:00+00:00,4447.47,4448.95,4446.86,4448.48,583,9,0
2026-08-31 13:30:00+00:00,4448.49,4450.23,4447.67,4448.65,574,8,0
2026-08-31 13:35:00+00:00,4448.63,4451.28,4447.84,4450.11,541,8,0
2026-08-31 13:40:00+00:00,4450.09,4451.72,4448.79,4451.02,538,8,0
2026-08-31 13:45:00+00:00,4450.97,4451.41,4449.46,4450.93,499,8,0
2026-08-31 13:50:00+00:00,4450.94,4455.51,4450.67,4453.46,580,8,0
2026-08-31 13:55:00+00:00,4453.71,4455.61,4453.55,4453.85,531,8,0
2026-08-31 14:00:00+00:00,4453.86,4456.91,4453.5,4456.15,650,8,0
2026-08-31 14:05:00+00:00,4456.13,4457.14,4453.2,4456.75,568,8,0
2026-08-31 14:10:00+00:00,4456.72,4457.62,4453.71,4453.81,506,8,0
2026-08-31 14:15:00+00:00,4453.78,4457.21,4452.78,4456.57,550,8,0
2026-08-31 14:20:00+00:00,4456.55,4458.5,4456.18,4458.19,557,9,0
2026-08-31 14:25:00+00:00,4458.07,4464.08,4458.0,4463.4,625,11,0
2026-08-31 14:30:00+00:00,4463.34,4463.96,4458.73,4458.73,673,14,0
2026-08-31 14:35:00+00:00,4458.72,4459.77,4454.85,4455.7,611,9,0
2026-08-31 14:40:00+00:00,4455.88,4459.4,4453.63,4454.88,697,11,0
2026-08-31 14:45:00+00:00,4454.84,4455.76,4452.91,4453.32,602,8,0
2026-08-31 14:50:00+00:00,4453.26,4454.75,4452.58,4452.86,610,8,0
2026-08-31 14:55:00+00:00,4452.92,4456.33,4452.92,4455.49,579,8,0
2026-08-31 15:00:00+00:00,4455.47,4459.26,4455.02,4458.46,691,8,0
2026-08-31 15:05:00+00:00,4458.48,4460.94,4451.49,4457.09,736,8,0
2026-08-31 15:10:00+00:00,4456.95,4459.78,4454.96,4457.21,730,11,0
2026-08-31 15:15:00+00:00,4457.22,4458.75,4455.07,4456.53,667,12,0
2026-08-31 15:20:00+00:00,4456.52,4457.42,4450.35,4452.7,749,12,0
2026-08-31 15:25:00+00:00,4452.75,4454.42,4447.35,4447.7,947,13,0
2026-08-31 15:30:00+00:00,4447.74,4449.96,4445.86,4446.76,838,8,0
2026-08-31 15:35:00+00:00,4446.69,4447.34,4441.87,4441.98,827,8,0
2026-08-31 15:40:00+00:00,4442.06,4442.47,4439.11,4440.63,830,8,0
2026-08-31 15:45:00+00:00,4440.55,4440.55,4435.9,4438.21,771,8,0
2026-08-31 15:50:00+00:00,4438.18,4441.47,4436.95,4437.11,727,8,0
2026-08-31 15:55:00+00:00,4437.12,4439.49,4435.55,4435.8,775,9,0
2026-08-31 16:00:00+00:00,4435.78,4440.04,4433.89,4437.89,1022,14,0
2026-08-31 16:05:00+00:00,4437.59,4445.76,4436.33,4444.99,896,10,0
2026-08-31 16:10:00+00:00,4445.0,4446.65,4442.87,4445.9,855,8,0
2026-08-31 16:15:00+00:00,4446.08,4448.27,4441.44,4443.01,833,8,0
2026-08-31 16:20:00+00:00,4442.99,4443.76,4439.35,4440.92,774,8,0
2026-08-31 16:25:00+00:00,4440.91,4447.19,4440.58,4445.59,874,11,0
2026-08-31 16:30:00+00:00,4445.74,4447.22,4437.83,4438.42,1072,14,0
2026-08-31 16:35:00+00:00,4438.41,4443.08,4435.76,4437.01,1082,13,0
2026-08-31 16:40:00+00:00,4436.82,4437.84,4432.03,4433.68,1082,12,0
2026-08-31 16:45:00+00:00,4433.66,4433.67,4424.85,4425.46,1050,12,0
2026-08-31 16:50:00+00:00,4425.55,4429.18,4419.47,4424.06,1078,11,0
2026-08-31 16:55:00+00:00,4424.44,4424.72,4415.73,4417.42,1022,9,0
2026-08-31 17:00:00+00:00,4418.18,4423.79,4416.29,4420.89,1101,14,0
2026-08-31 17:05:00+00:00,4420.87,4427.33,4419.9,4426.61,1048,8,0
2026-08-31 17:10:00+00:00,4426.6,4427.12,4420.68,4427.02,1058,8,0
2026-08-31 17:15:00+00:00,4426.99,4430.69,4424.25,4427.23,1026,8,0
2026-08-31 17:20:00+00:00,4427.21,4427.21,4416.49,4418.82,1029,8,0
2026-08-31 17:25:00+00:00,4419.01,4423.14,4417.59,4420.26,995,8,0
2026-08-31 17:30:00+00:00,4420.25,4428.4,4419.31,4424.96,1010,8,0
2026-08-31 17:35:00+00:00,4424.96,4436.2,4424.84,4433.48,1016,8,0
2026-08-31 17:40:00+00:00,4433.48,4435.73,4431.51,4432.96,979,8,0
2026-08-31 17:45:00+00:00,4433.0,4435.87,4428.27,4428.72,984,8,0
2026-08-31 17:50:00+00:00,4428.67,4433.43,4426.07,4432.94,1020,8,0
2026-08-31 17:55:00+00:00,4432.9,4436.17,4431.13,4431.66,1032,10,0
2026-08-31 18:00:00+00:00,4431.58,4436.45,4428.5,4428.69,1021,8,0
2026-08-31 18:05:00+00:00,4428.68,4434.24,4428.21,4433.85,999,8,0
2026-08-31 18:10:00+00:00,4433.89,4437.63,4431.95,4435.34,985,8,0
2026-08-31 18:15:00+00:00,4435.33,4437.88,4429.15,4431.61,966,8,0
2026-08-31 18:20:00+00:00,4431.64,4435.6,4428.95,4433.01,908,8,0
2026-08-31 18:25:00+00:00,4433.06,4434.6,4430.68,4432.95,903,8,0
2026-08-31 18:30:00+00:00,4432.98,4434.17,4428.89,4430.47,1017,13,0
2026-08-31 18:35:00+00:00,4430.38,4432.49,4427.2,4429.89,939,8,0
2026-08-31 18:40:00+00:00,4429.88,4431.45,4426.39,4427.45,881,8,0
2026-08-31 18:45:00+00:00,4427.46,4433.55,4427.21,4431.8,921,11,0
2026-08-31 18:50:00+00:00,4431.56,4432.69,4426.99,4428.19,858,8,0
2026-08-31 18:55:00+00:00,4428.2,4428.91,4424.66,4426.18,898,8,0
2026-08-31 19:00:00+00:00,4426.21,4432.56,4423.76,4430.34,932,8,0
2026-08-31 19:05:00+00:00,4430.3,4436.23,4429.87,4434.24,891,10,0
2026-08-31 19:10:00+00:00,4434.22,4437.08,4432.87,4434.78,819,10,0
2026-08-31 19:15:00+00:00,4434.76,4436.79,4434.37,4434.86,717,9,0
2026-08-31 19:20:00+00:00,4434.85,4436.35,4433.32,4436.01,746,8,0
2026-08-31 19:25:00+00:00,4435.95,4438.66,4435.16,4438.43,611,8,0
2026-08-31 19:30:00+00:00,4438.4,4440.22,4435.42,4436.42,805,8,0
2026-08-31 19:35:00+00:00,4436.37,4436.37,4431.34,4432.1,800,8,0
2026-08-31 19:40:00+00:00,4432.11,4437.57,4431.36,4435.77,799,8,0
2026-08-31 19:45:00+00:00,4435.74,4436.94,4432.41,4433.9,743,8,0
2026-08-31 19:50:00+00:00,4433.89,4437.48,4433.71,4434.06,688,8,0
2026-08-31 19:55:00+00:00,4434.05,4434.34,4432.26,4433.26,638,8,0
2026-08-31 20:00:00+00:00,4433.21,4434.51,4431.21,4432.52,787,8,0
2026-08-31 20:05:00+00:00,4432.53,4432.97,4430.81,4431.74,710,8,0
2026-08-31 20:10:00+00:00,4431.65,4435.2,4431.55,4433.81,672,8,0
2026-08-31 20:15:00+00:00,4433.57,4436.26,4432.96,4435.8,648,8,0
2026-08-31 20:20:00+00:00,4435.79,4436.98,4432.78,4432.98,740,8,0
2026-08-31 20:25:00+00:00,4433.05,4435.08,4428.93,4430.71,850,8,0
2026-08-31 20:30:00+00:00,4430.57,4434.88,4430.13,4432.86,795,10,0
2026-08-31 20:35:00+00:00,4432.88,4435.6,4432.88,4433.76,701,8,0
2026-08-31 20:40:00+00:00,4433.75,4436.79,4433.06,4436.3,660,8,0
2026-08-31 20:45:00+00:00,4436.28,4439.82,4435.59,4438.53,705,9,0
2026-08-31 20:50:00+00:00,4438.6,4439.73,4437.27,4437.53,637,8,0
2026-08-31 20:55:00+00:00,4437.55,4438.01,4435.85,4436.74,576,8,0
2026-08-31 21:00:00+00:00,4436.73,4436.97,4431.17,4432.57,801,8,0
2026-08-31 21:05:00+00:00,4432.61,4433.13,4431.16,4431.43,593,8,0
2026-08-31 21:10:00+00:00,4431.42,4433.71,4430.57,4433.71,621,8,0
2026-08-31 21:15:00+00:00,4433.67,4434.47,4431.68,4432.01,539,8,0
2026-08-31 21:20:00+00:00,4431.97,4433.22,4431.79,4432.99,514,8,0
2026-08-31 21:25:00+00:00,4433.0,4433.09,4429.86,4430.1,732,10,0
2026-08-31 21:30:00+00:00,4430.09,4430.09,4426.52,4427.79,732,11,0
2026-08-31 21:35:00+00:00,4427.8,4428.89,4427.0,4428.45,706,10,0
2026-08-31 21:40:00+00:00,4428.42,4430.53,4427.73,4429.32,651,8,0
2026-08-31 21:45:00+00:00,4429.38,4433.19,4429.37,4433.04,603,8,0
2026-08-31 21:50:00+00:00,4433.06,4434.78,4432.65,4433.29,568,8,0
2026-08-31 21:55:00+00:00,4433.33,4433.87,4430.42,4430.82,629,8,0
2026-08-31 22:00:00+00:00,4430.87,4432.8,4428.86,4430.56,697,10,0
2026-08-31 22:05:00+00:00,4430.51,4434.41,4430.46,4434.41,545,8,0
2026-08-31 22:10:00+00:00,4434.52,4435.18,4432.69,4433.77,538,8,0
2026-08-31 22:15:00+00:00,4433.7,4434.15,4433.32,4433.75,484,8,0
2026-08-31 22:20:00+00:00,4433.72,4439.6,4432.92,4439.16,568,10,0
2026-08-31 22:25:00+00:00,4439.14,4442.43,4438.19,4440.45,641,12,0
2026-08-31 22:30:00+00:00,4440.5,4441.22,4439.51,4440.65,640,8,0
2026-08-31 22:35:00+00:00,4440.67,4445.28,4440.17,4442.88,762,10,0
2026-08-31 22:40:00+00:00,4442.9,4443.29,4439.03,4442.95,674,8,0
2026-08-31 22:45:00+00:00,4442.96,4449.05,4441.54,4448.79,756,8,0
2026-08-31 22:50:00+00:00,4448.77,4452.93,4447.54,4450.36,862,11,0
2026-08-31 22:55:00+00:00,4450.37,4453.62,4447.89,4453.18,904,8,0
2026-08-31 23:00:00+00:00,4453.34,4455.81,4452.63,4452.92,747,8,0
2026-08-31 23:05:00+00:00,4452.88,4453.33,4451.54,4452.33,491,8,0
2026-08-31 23:10:00+00:00,4452.32,4452.93,4449.89,4450.13,393,9,0
2026-08-31 23:15:00+00:00,4450.12,4450.43,4448.92,4449.02,330,10,0
2026-08-31 23:20:00+00:00,4448.98,4448.98,4446.92,4447.77,303,10,0
2026-08-31 23:25:00+00:00,4447.85,4448.22,4446.96,4447.27,284,11,0
2026-08-31 23:30:00+00:00,4447.2,4448.66,4446.81,4448.07,302,9,0
2026-08-31 23:35:00+00:00,4448.18,4449.29,4447.87,4448.29,206,8,0
2026-08-31 23:40:00+00:00,4448.26,4448.78,4447.49,4448.16,234,17,0
2026-08-31 23:45:00+00:00,4448.17,4448.38,4446.82,4447.29,207,17,0
2026-08-31 23:50:00+00:00,4447.25,4448.31,4446.56,4448.17,271,17,0
2026-08-31 23:55:00+00:00,4448.22,4449.17,4447.14,4447.6,343,17,0
2026-09-01 01:00:00+00:00,4448.36,4454.55,4447.32,4454.28,405,12,0
2026-09-01 01:05:00+00:00,4454.11,4455.74,4452.05,4455.54,370,17,0
2026-09-01 01:10:00+00:00,4455.51,4455.75,4451.72,4451.78,439,17,0
2026-09-01 01:15:00+00:00,4451.85,4452.2,4450.29,4450.29,287,17,0
2026-09-01 01:20:00+00:00,4450.19,4450.19,4448.06,4448.06,237,17,0
2026-09-01 01:25:00+00:00,4448.08,4450.62,4447.8,4449.93,295,17,0
2026-09-01 01:30:00+00:00,4449.89,4451.25,4448.89,4450.29,247,17,0
2026-09-01 01:35:00+00:00,4450.15,4450.15,4448.24,4448.52,264,16,0
2026-09-01 01:40:00+00:00,4448.5,4449.03,4447.35,4447.95,186,15,0
2026-09-01 01:45:00+00:00,4447.94,4448.29,4446.04,4447.09,227,14,0
2026-09-01 01:50:00+00:00,4447.1,4447.48,4445.67,4445.94,252,17,0
2026-09-01 01:55:00+00:00,4445.95,4447.88,4445.84,4447.0,240,15,0
2026-09-01 02:00:00+00:00,4447.02,4447.24,4445.9,4446.06,311,16,0
2026-09-01 02:05:00+00:00,4446.12,4446.8,4445.78,4446.3,289,11,0
2026-09-01 02:10:00+00:00,4446.26,4446.75,4443.93,4444.17,262,11,0
2026-09-01 02:15:00+00:00,4444.18,4444.2,4443.1,4443.38,233,11,0
2026-09-01 02:20:00+00:00,4443.39,4443.54,4441.87,4443.15,257,12,0
2026-09-01 02:25:00+00:00,4443.34,4444.37,4442.87,4443.33,224,11,0
2026-09-01 02:30:00+00:00,4443.36,4447.91,4443.22,4445.69,326,11,0
2026-09-01 02:35:00+00:00,4445.64,4446.43,4444.55,4445.01,262,16,0
2026-09-01 02:40:00+00:00,4444.94,4446.55,4443.23,4445.77,315,13,0
2026-09-01 02:45:00+00:00,4445.68,4449.48,4445.68,4446.52,509,17,0
2026-09-01 02:50:00+00:00,4446.53,4451.86,4446.38,4450.88,388,17,0
2026-09-01 02:55:00+00:00,4450.87,4452.45,4448.68,4452.43,501,15,0
2026-09-01 03:00:00+00:00,4453.27,4454.18,4446.69,4453.92,835,17,0
2026-09-01 03:05:00+00:00,4454.02,4456.02,4450.99,4455.33,832,17,0
2026-09-01 03:10:00+00:00,4455.34,4458.05,4452.81,4455.22,754,17,0
2026-09-01 03:15:00+00:00,4455.26,4458.15,4452.71,4457.67,731,16,0
2026-09-01 03:20:00+00:00,4457.6,4461.45,4457.53,4457.88,694,15,0
2026-09-01 03:25:00+00:00,4457.78,4461.14,4456.99,4460.17,583,14,0
2026-09-01 03:30:00+00:00,4460.24,4460.98,4456.29,4457.37,541,15,0
2026-09-01 03:35:00+00:00,4457.34,4457.35,4453.3,4455.16,581,17,0
2026-09-01 03:40:00+00:00,4455.15,4456.47,4452.03,4453.31,609,16,0
2026-09-01 03:45:00+00:00,4453.27,4456.84,4452.39,4455.95,677,16,0
2026-09-01 03:50:00+00:00,4455.96,4461.44,4455.45,4457.04,667,17,0
2026-09-01 03:55:00+00:00,4457.0,4457.32,4451.2,4453.68,728,11,0
2026-09-01 04:00:00+00:00,4453.69,4456.84,4448.02,4449.83,1079,17,0
2026-09-01 04:05:00+00:00,4449.78,4450.67,4446.67,4447.21,899,17,0
2026-09-01 04:10:00+00:00,4447.15,4449.0,4445.49,4446.49,913,17,0
2026-09-01 04:15:00+00:00,4446.36,4447.73,4443.25,4443.39,889,16,0
2026-09-01 04:20:00+00:00,4443.25,4444.69,4438.72,4440.4,767,14,0
2026-09-01 04:25:00+00:00,4440.36,4440.64,4437.94,4439.79,782,14,0
2026-09-01 04:30:00+00:00,4439.8,4442.93,4436.44,4442.75,867,15,0
2026-09-01 04:35:00+00:00,4442.78,4445.6,4441.1,4444.48,845,16,0
2026-09-01 04:40:00+00:00,4444.17,4445.68,4440.88,4445.64,741,11,0
2026-09-01 04:45:00+00:00,4445.76,4446.61,4440.63,4440.99,796,11,0
2026-09-01 04:50:00+00:00,4441.09,4443.26,4439.43,4441.42,777,13,0
2026-09-01 04:55:00+00:00,4441.38,4444.44,4440.96,4444.36,771,11,0
2026-09-01 05:00:00+00:00,4444.35,4446.8,4442.75,4446.8,814,17,0
2026-09-01 05:05:00+00:00,4446.92,4448.7,4441.91,4442.02,791,11,0
2026-09-01 05:10:00+00:00,4441.97,4449.12,4441.93,4445.19,758,11,0
2026-09-01 05:15:00+00:00,4444.97,4446.79,4444.87,4446.65,477,11,0
2026-09-01 05:20:00+00:00,4446.69,4448.23,4442.56,4443.0,510,11,0
2026-09-01 05:25:00+00:00,4443.03,4443.47,4440.4,4440.5,608,14,0
2026-09-01 05:30:00+00:00,4440.58,4441.01,4435.24,4437.47,837,15,0
2026-09-01 05:35:00+00:00,4437.56,4437.56,4432.3,4433.43,901,17,0
2026-09-01 05:40:00+00:00,4433.53,4437.08,4431.67,4431.89,749,12,0
2026-09-01 05:45:00+00:00,4431.67,4436.11,4427.85,4435.23,839,14,0
2026-09-01 05:50:00+00:00,4435.28,4440.21,4434.52,4439.41,704,11,0
2026-09-01 05:55:00+00:00,4439.31,4443.16,4438.67,4443.16,649,11,0
2026-09-01 06:00:00+00:00,4443.12,4444.04,4439.66,4440.9,792,13,0
2026-09-01 06:05:00+00:00,4440.93,4442.26,4439.5,4440.75,598,11,0
2026-09-01 06:10:00+00:00,4440.78,4441.97,4438.53,4439.98,595,12,0
2026-09-01 06:15:00+00:00,4439.94,4440.38,4436.47,4436.47,618,11,0
2026-09-01 06:20:00+00:00,4436.5,4436.81,4432.46,4432.81,727,13,0
2026-09-01 06:25:00+00:00,4432.78,4436.18,4431.83,4434.0,615,12,0
2026-09-01 06:30:00+00:00,4434.04,4436.67,4433.42,4436.4,566,11,0
2026-09-01 06:35:00+00:00,4435.88,4437.69,4433.55,4437.56,493,11,0
2026-09-01 06:40:00+00:00,4437.55,4438.81,4437.25,4438.55,476,11,0
2026-09-01 06:45:00+00:00,4438.51,4442.94,4438.49,4441.38,439,11,0
2026-09-01 06:50:00+00:00,4441.35,4443.25,4440.92,4441.88,413,11,0
2026-09-01 06:55:00+00:00,4441.86,4441.86,4436.77,4436.77,447,11,0
2026-09-01 07:00:00+00:00,4436.7,4437.67,4435.72,4436.95,481,11,0
2026-09-01 07:05:00+00:00,4436.94,4437.31,4431.65,4431.99,482,13,0
2026-09-01 07:10:00+00:00,4432.0,4432.25,4430.19,4431.13,536,16,0
2026-09-01 07:15:00+00:00,4431.12,4433.67,4429.75,4430.31,554,11,0
2026-09-01 07:20:00+00:00,4430.18,4432.5,4429.73,4432.17,376,11,0
2026-09-01 07:25:00+00:00,4432.14,4433.2,4429.62,4429.69,436,11,0
2026-09-01 07:30:00+00:00,4429.67,4430.29,4428.61,4430.05,473,16,0
2026-09-01 07:35:00+00:00,4430.07,4430.51,4429.01,4429.64,444,11,0
2026-09-01 07:40:00+00:00,4429.54,4430.06,4426.75,4427.78,490,11,0
2026-09-01 07:45:00+00:00,4427.81,4429.44,4425.61,4427.05,547,17,0
2026-09-01 07:50:00+00:00,4427.06,4429.61,4425.52,4429.16,481,16,0
2026-09-01 07:55:00+00:00,4429.19,4429.19,4425.61,4426.62,506,11,0
2026-09-01 08:00:00+00:00,4426.59,4431.46,4426.22,4431.19,579,14,0
2026-09-01 08:05:00+00:00,4431.16,4432.64,4430.26,4430.82,433,11,0
2026-09-01 08:10:00+00:00,4430.82,4431.31,4428.91,4429.37,473,13,0
2026-09-01 08:15:00+00:00,4429.36,4430.61,4425.46,4425.81,533,16,0
2026-09-01 08:20:00+00:00,4425.84,4427.82,4425.84,4427.18,520,15,0
2026-09-01 08:25:00+00:00,4427.19,4428.25,4425.91,4426.7,570,11,0
2026-09-01 08:30:00+00:00,4426.83,4435.35,4424.16,4435.26,940,17,0
2026-09-01 08:35:00+00:00,4435.24,4442.78,4433.38,4439.43,860,17,0
2026-09-01 08:40:00+00:00,4439.42,4443.57,4438.44,4442.82,847,17,0
2026-09-01 08:45:00+00:00,4442.74,4445.92,4441.27,4445.49,832,15,0
2026-09-01 08:50:00+00:00,4445.47,4445.47,4441.18,4443.12,701,12,0
2026-09-01 08:55:00+00:00,4443.1,4446.02,4440.09,4440.13,713,14,0
2026-09-01 09:00:00+00:00,4440.14,4440.58,4435.59,4436.47,794,10,0
2026-09-01 09:05:00+00:00,4436.52,4438.64,4435.38,4435.59,721,9,0
2026-09-01 09:10:00+00:00,4435.58,4436.49,4431.87,4432.93,745,9,0
2026-09-01 09:15:00+00:00,4432.94,4435.03,4432.66,4433.77,667,8,0
2026-09-01 09:20:00+00:00,4433.93,4434.67,4431.0,4433.04,648,8,0
2026-09-01 09:25:00+00:00,4432.98,4433.37,4427.71,4429.0,654,9,0
2026-09-01 09:30:00+00:00,4429.02,4430.31,4428.5,4429.42,669,10,0
2026-09-01 09:35:00+00:00,4429.43,4433.99,4429.43,4433.38,580,8,0
2026-09-01 09:40:00+00:00,4433.28,4435.22,4432.79,4434.86,595,8,0
2026-09-01 09:45:00+00:00,4434.87,4435.29,4429.37,4429.98,614,8,0
2026-09-01 09:50:00+00:00,4430.03,4430.31,4428.25,4429.97,588,9,0
2026-09-01 09:55:00+00:00,4430.1,4431.04,4429.43,4429.67,546,8,0
2026-09-01 10:00:00+00:00,4429.66,4434.93,4429.47,4434.17,846,8,0
2026-09-01 10:05:00+00:00,4434.15,4434.25,4429.72,4430.53,750,13,0
2026-09-01 10:10:00+00:00,4430.58,4433.14,4429.54,4433.07,750,12,0
2026-09-01 10:15:00+00:00,4433.08,4433.57,4428.6,4429.41,692,11,0
2026-09-01 10:20:00+00:00,4429.42,4432.38,4426.67,4426.8,730,11,0
2026-09-01 10:25:00+00:00,4426.82,4429.73,4425.83,4426.22,765,11,0
2026-09-01 10:30:00+00:00,4426.06,4428.22,4420.15,4425.46,816,11,0
2026-09-01 10:35:00+00:00,4425.46,4425.72,4415.55,4415.55,865,10,0
2026-09-01 10:40:00+00:00,4413.39,4421.81,4411.99,4418.22,816,9,0
2026-09-01 10:45:00+00:00,4418.21,4422.58,4416.98,4422.28,818,9,0
2026-09-01 10:50:00+00:00,4422.29,4423.26,4418.75,4419.13,697,8,0
2026-09-01 10:55:00+00:00,4419.25,4422.26,4417.14,4420.18,758,8,0
2026-09-01 11:00:00+00:00,4420.19,4420.19,4410.44,4411.41,915,11,0
2026-09-01 11:05:00+00:00,4411.29,4418.56,4394.19,4395.84,1065,14,0
2026-09-01 11:10:00+00:00,4395.85,4406.48,4389.61,4405.49,1020,12,0
2026-09-01 11:15:00+00:00,4405.5,4405.77,4394.85,4395.27,911,11,0
2026-09-01 11:20:00+00:00,4395.19,4398.32,4384.17,4385.19,957,12,0
2026-09-01 11:25:00+00:00,4385.15,4387.55,4381.85,4383.28,1009,12,0
2026-09-01 11:30:00+00:00,4383.16,4383.8,4372.86,4374.49,1023,12,0
2026-09-01 11:35:00+00:00,4374.64,4377.01,4370.07,4374.64,1025,11,0
2026-09-01 11:40:00+00:00,4374.59,4381.05,4370.66,4375.57,1002,8,0
2026-09-01 11:45:00+00:00,4375.64,4378.52,4369.47,4377.05,956,8,0
2026-09-01 11:50:00+00:00,4377.09,4377.87,4372.76,4376.86,937,8,0
2026-09-01 11:55:00+00:00,4376.81,4378.05,4370.24,4370.79,856,8,0
2026-09-01 12:00:00+00:00,4370.88,4375.4,4366.5,4374.18,959,10,0
2026-09-01 12:05:00+00:00,4374.14,4375.19,4367.69,4370.02,951,8,0
2026-09-01 12:10:00+00:00,4369.99,4376.15,4369.31,4376.07,875,8,0
2026-09-01 12:15:00+00:00,4376.04,4378.08,4374.7,4376.49,821,8,0
2026-09-01 12:20:00+00:00,4376.43,4377.69,4374.45,4375.32,788,9,0
2026-09-01 12:25:00+00:00,4375.36,4375.36,4370.7,4373.02,833,8,0
2026-09-01 12:30:00+00:00,4372.78,4373.04,4366.7,4370.85,870,12,0
2026-09-01 12:35:00+00:00,4370.87,4371.18,4365.63,4368.1,827,8,0
2026-09-01 12:40:00+00:00,4368.09,4371.7,4366.05,4371.7,782,8,0
2026-09-01 12:45:00+00:00,4371.68,4373.62,4369.65,4369.75,791,8,0
2026-09-01 12:50:00+00:00,4369.69,4371.84,4368.71,4370.56,704,9,0
2026-09-01 12:55:00+00:00,4370.58,4373.29,4364.71,4364.88,792,9,0
2026-09-01 13:00:00+00:00,4364.75,4370.9,4364.25,4368.29,791,10,0
2026-09-01 13:05:00+00:00,4368.37,4374.71,4367.71,4373.12,754,11,0
2026-09-01 13:10:00+00:00,4373.19,4381.85,4373.15,4378.28,739,8,0
2026-09-01 13:15:00+00:00,4378.31,4383.29,4378.31,4381.07,778,8,0
2026-09-01 13:20:00+00:00,4381.09,4385.27,4380.46,4384.47,738,8,0
2026-09-01 13:25:00+00:00,4384.46,4385.57,4383.24,4384.98,639,8,0
2026-09-01 13:30:00+00:00,4384.99,4385.74,4381.79,4383.68,723,9,0
2026-09-01 13:35:00+00:00,4383.67,4385.54,4383.13,4384.27,637,9,0
2026-09-01 13:40:00+00:00,4384.28,4385.99,4381.74,4381.81,604,9,0
2026-09-01 13:45:00+00:00,4381.64,4381.7,4377.08,4378.32,793,14,0
2026-09-01 13:50:00+00:00,4378.27,4378.67,4375.21,4375.82,733,10,0
2026-09-01 13:55:00+00:00,4375.81,4380.14,4375.66,4378.18,690,9,0
2026-09-01 14:00:00+00:00,4378.2,4380.7,4375.95,4380.16,833,11,0
2026-09-01 14:05:00+00:00,4380.18,4382.71,4376.82,4382.1,764,8,0
2026-09-01 14:10:00+00:00,4382.09,4383.08,4376.48,4377.16,738,8,0
2026-09-01 14:15:00+00:00,4377.27,4377.4,4374.93,4376.5,683,8,0
2026-09-01 14:20:00+00:00,4376.21,4381.25,4375.86,4377.89,747,8,0
2026-09-01 14:25:00+00:00,4377.94,4381.96,4376.61,4380.64,747,8,0
2026-09-01 14:30:00+00:00,4380.58,4382.23,4378.34,4380.56,709,8,0
2026-09-01 14:35:00+00:00,4380.55,4384.24,4379.02,4383.71,641,8,0
2026-09-01 14:40:00+00:00,4383.74,4384.79,4382.72,4384.12,697,8,0
2026-09-01 14:45:00+00:00,4384.11,4387.18,4383.6,4385.26,737,8,0
2026-09-01 14:50:00+00:00,4385.18,4386.71,4378.94,4379.18,721,8,0
2026-09-01 14:55:00+00:00,4379.13,4379.13,4372.05,4374.78,835,9,0
2026-09-01 15:00:00+00:00,4374.77,4374.77,4369.77,4371.9,883,11,0
2026-09-01 15:05:00+00:00,4371.87,4372.94,4370.19,4370.93,835,9,0
2026-09-01 15:10:00+00:00,4370.74,4372.5,4366.92,4371.14,865,8,0
2026-09-01 15:15:00+00:00,4371.0,4375.48,4369.96,4370.83,886,10,0
2026-09-01 15:20:00+00:00,4371.03,4371.84,4366.07,4368.16,945,11,0
2026-09-01 15:25:00+00:00,4368.09,4376.05,4367.82,4368.73,867,8,0
2026-09-01 15:30:00+00:00,4368.54,4368.78,4360.43,4360.94,914,8,0
2026-09-01 15:35:00+00:00,4359.07,4360.86,4352.06,4357.9,1001,9,0
2026-09-01 15:40:00+00:00,4357.92,4364.96,4355.37,4364.86,969,9,0
2026-09-01 15:45:00+00:00,4364.84,4369.32,4363.11,4364.61,955,8,0
2026-09-01 15:50:00+00:00,4364.56,4365.35,4362.03,4363.01,833,8,0
2026-09-01 15:55:00+00:00,4362.97,4363.15,4356.22,4356.41,897,8,0
2026-09-01 16:00:00+00:00,4356.29,4357.5,4337.26,4339.54,1136,14,0
2026-09-01 16:05:00+00:00,4339.53,4342.91,4330.09,4331.02,1126,13,0
2026-09-01 16:10:00+00:00,4331.29,4335.42,4326.25,4329.61,1085,11,0
2026-09-01 16:15:00+00:00,4329.57,4333.84,4326.35,4333.83,1037,9,0
2026-09-01 16:20:00+00:00,4333.68,4336.79,4331.04,4335.36,980,8,0
2026-09-01 16:25:00+00:00,4335.38,4343.8,4334.59,4342.17,1003,9,0
2026-09-01 16:30:00+00:00,4342.37,4354.69,4340.52,4352.93,1148,12,0
2026-09-01 16:35:00+00:00,4352.92,4356.49,4346.82,4353.24,1155,8,0
2026-09-01 16:40:00+00:00,4353.07,4362.29,4351.34,4362.01,1085,8,0
2026-09-01 16:45:00+00:00,4361.87,4362.27,4354.28,4361.42,1103,8,0
2026-09-01 16:50:00+00:00,4361.36,4364.83,4356.98,4357.99,1116,8,0
2026-09-01 16:55:00+00:00,4357.95,4367.13,4357.95,4365.7,1048,8,0
2026-09-01 17:00:00+00:00,4364.91,4370.55,4353.47,4354.29,1096,9,0
2026-09-01 17:05:00+00:00,4354.24,4368.65,4354.08,4365.43,1083,8,0
2026-09-01 17:10:00+00:00,4365.56,4369.52,4361.96,4369.37,1102,8,0
2026-09-01 17:15:00+00:00,4369.4,4373.73,4368.28,4370.58,1085,10,0
2026-09-01 17:20:00+00:00,4370.62,4374.84,4370.44,4373.11,1035,10,0
2026-09-01 17:25:00+00:00,4372.91,4373.5,4365.2,4365.31,1000,11,0
2026-09-01 17:30:00+00:00,4365.01,4371.35,4365.01,4371.35,1001,14,0
2026-09-01 17:35:00+00:00,4371.41,4372.46,4365.33,4365.96,1021,12,0
2026-09-01 17:40:00+00:00,4365.95,4367.72,4364.28,4366.98,996,12,0
2026-09-01 17:45:00+00:00,4366.99,4370.24,4361.07,4362.11,1011,12,0
2026-09-01 17:50:00+00:00,4362.16,4368.45,4359.54,4360.76,1015,8,0
2026-09-01 17:55:00+00:00,4360.79,4361.29,4357.68,4361.11,948,8,0
2026-09-01 18:00:00+00:00,4361.41,4363.73,4356.02,4357.6,1031,8,0
2026-09-01 18:05:00+00:00,4357.58,4360.43,4356.42,4359.89,950,9,0
2026-09-01 18:10:00+00:00,4360.12,4362.83,4356.72,4357.2,948,9,0
2026-09-01 18:15:00+00:00,4357.28,4363.82,4356.36,4363.44,963,8,0
2026-09-01 18:20:00+00:00,4363.4,4365.51,4362.04,4362.27,879,8,0
2026-09-01 18:25:00+00:00,4362.25,4365.88,4358.82,4365.78,881,8,0
2026-09-01 18:30:00+00:00,4365.81,4366.87,4362.7,4363.15,935,8,0
2026-09-01 18:35:00+00:00,4363.07,4366.63,4361.68,4364.06,889,8,0
2026-09-01 18:40:00+00:00,4364.08,4370.82,4364.08,4370.81,817,8,0
2026-09-01 18:45:00+00:00,4370.77,4371.47,4368.68,4371.09,841,8,0
2026-09-01 18:50:00+00:00,4371.08,4373.17,4369.58,4373.1,798,8,0
2026-09-01 18:55:00+00:00,4372.92,4373.85,4370.49,4372.96,782,8,0
2026-09-01 19:00:00+00:00,4372.95,4374.75,4371.61,4372.11,833,8,0
2026-09-01 19:05:00+00:00,4372.09,4373.27,4367.84,4367.88,847,9,0
2026-09-01 19:10:00+00:00,4367.89,4368.52,4361.93,4362.04,892,11,0
2026-09-01 19:15:00+00:00,4361.96,4364.99,4358.62,4358.68,1019,15,0
2026-09-01 19:20:00+00:00,4358.66,4358.79,4355.82,4357.97,1060,15,0
2026-09-01 19:25:00+00:00,4357.95,4358.96,4352.57,4352.91,1003,9,0
2026-09-01 19:30:00+00:00,4352.9,4353.18,4347.55,4349.04,1028,11,0
2026-09-01 19:35:00+00:00,4349.11,4355.83,4347.42,4355.56,999,8,0
2026-09-01 19:40:00+00:00,4355.55,4358.04,4352.57,4355.22,952,8,0
2026-09-01 19:45:00+00:00,4355.16,4359.06,4355.05,4357.24,886,8,0
2026-09-01 19:50:00+00:00,4357.25,4358.39,4353.82,4355.21,874,8,0
2026-09-01 19:55:00+00:00,4355.22,4356.18,4351.21,4351.33,797,8,0
2026-09-01 20:00:00+00:00,4351.32,4351.97,4347.27,4347.27,912,9,0
2026-09-01 20:05:00+00:00,4347.28,4348.09,4344.84,4346.32,819,8,0
2026-09-01 20:10:00+00:00,4346.38,4347.48,4344.69,4346.71,826,8,0
2026-09-01 20:15:00+00:00,4346.74,4348.94,4344.3,4346.85,841,15,0
2026-09-01 20:20:00+00:00,4346.86,4348.41,4345.15,4347.7,814,8,0
2026-09-01 20:25:00+00:00,4347.68,4350.1,4343.14,4349.98,1007,13,0
2026-09-01 20:30:00+00:00,4349.98,4351.94,4347.44,4347.66,911,8,0
2026-09-01 20:35:00+00:00,4347.6,4350.73,4345.81,4345.91,849,8,0
2026-09-01 20:40:00+00:00,4345.94,4347.06,4343.16,4344.99,812,9,0
2026-09-01 20:45:00+00:00,4344.78,4345.09,4341.8,4343.67,707,9,0
2026-09-01 20:50:00+00:00,4343.66,4345.29,4342.02,4344.04,670,9,0
2026-09-01 20:55:00+00:00,4344.06,4344.82,4342.69,4343.68,697,11,0
2026-09-01 21:00:00+00:00,4343.72,4345.28,4339.07,4339.64,828,13,0
2026-09-01 21:05:00+00:00,4339.66,4341.08,4336.61,4336.61,740,8,0
2026-09-01 21:10:00+00:00,4336.59,4337.43,4334.53,4336.44,775,8,0
2026-09-01 21:15:00+00:00,4336.43,4341.02,4335.67,4340.78,774,8,0
2026-09-01 21:20:00+00:00,4340.72,4341.72,4339.71,4341.43,748,8,0
2026-09-01 21:25:00+00:00,4341.46,4341.46,4337.13,4337.53,736,8,0
2026-09-01 21:30:00+00:00,4337.54,4337.6,4333.07,4333.85,800,8,0
2026-09-01 21:35:00+00:00,4333.87,4334.23,4329.01,4329.61,801,14,0
2026-09-01 21:40:00+00:00,4329.76,4330.9,4328.15,4329.64,763,8,0
2026-09-01 21:45:00+00:00,4329.66,4331.56,4328.36,4331.56,827,8,0
2026-09-01 21:50:00+00:00,4331.6,4334.31,4329.28,4329.38,808,9,0
2026-09-01 21:55:00+00:00,4329.35,4333.56,4328.36,4331.86,774,8,0
2026-09-01 22:00:00+00:00,4331.77,4332.59,4329.14,4331.86,848,9,0
2026-09-01 22:05:00+00:00,4331.85,4333.91,4329.57,4331.22,836,8,0
2026-09-01 22:10:00+00:00,4331.19,4336.81,4330.71,4336.8,779,8,0
2026-09-01 22:15:00+00:00,4336.81,4337.11,4334.13,4334.74,707,8,0
2026-09-01 22:20:00+00:00,4334.78,4335.04,4332.76,4333.42,701,9,0
2026-09-01 22:25:00+00:00,4333.46,4334.87,4333.41,4333.95,648,8,0
2026-09-01 22:30:00+00:00,4333.94,4334.12,4327.95,4329.97,787,8,0
2026-09-01 22:35:00+00:00,4329.95,4330.53,4323.03,4323.54,737,8,0
2026-09-01 22:40:00+00:00,4323.13,4327.99,4323.12,4326.68,776,9,0
2026-09-01 22:45:00+00:00,4326.66,4329.49,4323.58,4327.39,874,9,0
2026-09-01 22:50:00+00:00,4327.31,4330.4,4326.35,4328.09,804,8,0
2026-09-01 22:55:00+00:00,4328.07,4329.46,4324.41,4326.94,805,9,0
2026-09-01 23:00:00+00:00,4326.72,4329.46,4323.7,4327.85,660,9,0
2026-09-01 23:05:00+00:00,4327.93,4330.78,4327.81,4329.21,524,8,0
2026-09-01 23:10:00+00:00,4329.05,4329.38,4325.63,4325.66,386,8,0
2026-09-01 23:15:00+00:00,4325.68,4328.32,4324.96,4327.79,374,11,0
2026-09-01 23:20:00+00:00,4327.81,4328.62,4326.95,4327.91,322,8,0
2026-09-01 23:25:00+00:00,4327.92,4329.02,4325.23,4326.05,397,9,0
2026-09-01 23:30:00+00:00,4326.04,4327.18,4325.93,4325.97,351,8,0
2026-09-01 23:35:00+00:00,4326.07,4327.91,4325.28,4327.59,304,8,0
2026-09-01 23:40:00+00:00,4327.57,4330.51,4327.17,4327.65,387,19,0
2026-09-01 23:45:00+00:00,4327.63,4329.82,4326.88,4328.4,370,19,0
2026-09-01 23:50:00+00:00,4328.35,4329.29,4327.45,4328.63,313,19,0
2026-09-01 23:55:00+00:00,4328.65,4329.17,4328.08,4328.34,251,19,0
2026-09-02 01:00:00+00:00,4330.96,4334.38,4330.76,4331.14,342,10,0
2026-09-02 01:05:00+00:00,4331.18,4331.18,4328.96,4329.92,296,21,0
2026-09-02 01:10:00+00:00,4329.81,4330.15,4328.46,4329.25,364,21,0
2026-09-02 01:15:00+00:00,4329.29,4329.41,4327.51,4327.66,350,21,0
2026-09-02 01:20:00+00:00,4327.84,4328.71,4327.63,4328.06,286,21,0
2026-09-02 01:25:00+00:00,4327.96,4328.34,4327.24,4327.8,280,21,0
2026-09-02 01:30:00+00:00,4327.85,4328.69,4326.77,4327.34,263,21,0
2026-09-02 01:35:00+00:00,4327.39,4329.54,4327.3,4327.54,232,21,0
2026-09-02 01:40:00+00:00,4327.6,4328.66,4326.3,4328.2,270,21,0
2026-09-02 01:45:00+00:00,4328.15,4328.87,4327.46,4328.22,251,14,0
2026-09-02 01:50:00+00:00,4328.21,4331.07,4327.84,4329.38,324,13,0
2026-09-02 01:55:00+00:00,4329.39,4330.16,4329.2,4329.43,211,11,0
2026-09-02 02:00:00+00:00,4329.4,4329.71,4327.19,4329.61,324,11,0
2026-09-02 02:05:00+00:00,4329.59,4330.74,4328.43,4330.62,350,14,0
2026-09-02 02:10:00+00:00,4330.66,4332.39,4330.35,4330.6,245,11,0
2026-09-02 02:15:00+00:00,4330.59,4331.6,4329.6,4330.37,262,11,0
2026-09-02 02:20:00+00:00,4330.16,4330.91,4326.71,4327.45,331,14,0
2026-09-02 02:25:00+00:00,4327.41,4330.89,4326.18,4330.88,318,11,0
2026-09-02 02:30:00+00:00,4330.89,4333.1,4330.82,4333.06,338,11,0
2026-09-02 02:35:00+00:00,4333.09,4335.69,4331.71,4334.98,373,11,0
2026-09-02 02:40:00+00:00,4335.01,4335.66,4333.38,4333.94,353,11,0
2026-09-02 02:45:00+00:00,4333.69,4333.79,4331.31,4331.59,470,11,0
2026-09-02 02:50:00+00:00,4331.72,4332.63,4329.09,4329.23,386,11,0
2026-09-02 02:55:00+00:00,4329.11,4329.2,4323.05,4324.34,562,15,0
2026-09-02 03:00:00+00:00,4324.55,4330.18,4316.77,4329.43,928,17,0
2026-09-02 03:05:00+00:00,4329.38,4330.43,4318.47,4323.2,887,17,0
2026-09-02 03:10:00+00:00,4323.17,4328.14,4318.81,4328.01,800,17,0
2026-09-02 03:15:00+00:00,4328.19,4334.51,4327.18,4327.8,832,17,0
2026-09-02 03:20:00+00:00,4327.82,4333.63,4324.52,4329.71,853,16,0
2026-09-02 03:25:00+00:00,4329.74,4330.52,4322.82,4325.95,781,15,0
2026-09-02 03:30:00+00:00,4325.85,4325.88,4320.34,4322.94,808,14,0
2026-09-02 03:35:00+00:00,4322.85,4329.94,4322.32,4327.07,768,15,0
2026-09-02 03:40:00+00:00,4326.81,4331.63,4323.77,4330.09,720,15,0
2026-09-02 03:45:00+00:00,4330.12,4331.23,4323.17,4323.63,758,15,0
2026-09-02 03:50:00+00:00,4323.6,4323.6,4314.69,4315.15,700,15,0
2026-09-02 03:55:00+00:00,4314.87,4320.04,4314.87,4316.0,840,17,0
2026-09-02 04:00:00+00:00,4315.73,4322.63,4308.38,4312.13,1139,17,0
2026-09-02 04:05:00+00:00,4311.96,4312.26,4304.99,4308.38,1074,17,0
2026-09-02 04:10:00+00:00,4308.49,4320.84,4308.42,4317.6,995,17,0
2026-09-02 04:15:00+00:00,4317.55,4326.61,4316.34,4320.42,960,16,0
2026-09-02 04:20:00+00:00,4320.4,4323.2,4318.02,4321.7,930,16,0
2026-09-02 04:25:00+00:00,4321.94,4324.41,4315.38,4317.28,909,16,0
2026-09-02 04:30:00+00:00,4317.34,4318.48,4305.21,4309.47,1002,16,0
2026-09-02 04:35:00+00:00,4309.48,4310.01,4305.18,4307.82,943,17,0
2026-09-02 04:40:00+00:00,4307.75,4311.07,4306.67,4309.11,881,16,0
2026-09-02 04:45:00+00:00,4309.17,4309.87,4304.17,4306.31,884,16,0
2026-09-02 04:50:00+00:00,4306.22,4306.44,4290.88,4297.32,978,17,0
2026-09-02 04:55:00+00:00,4297.39,4299.89,4288.66,4290.98,950,15,0
2026-09-02 05:00:00+00:00,4290.97,4296.63,4287.39,4295.68,976,11,0
2026-09-02 05:05:00+00:00,4295.82,4301.85,4291.77,4292.6,871,11,0
2026-09-02 05:10:00+00:00,4292.62,4296.6,4289.39,4296.21,801,11,0
2026-09-02 05:15:00+00:00,4296.33,4301.05,4296.19,4300.55,634,11,0
2026-09-02 05:20:00+00:00,4300.57,4306.32,4300.13,4303.46,721,11,0
2026-09-02 05:25:00+00:00,4303.26,4305.96,4301.69,4304.27,693,13,0
2026-09-02 05:30:00+00:00,4304.91,4309.07,4299.58,4307.83,867,14,0
2026-09-02 05:35:00+00:00,4307.89,4314.72,4306.45,4312.23,822,11,0
2026-09-02 05:40:00+00:00,4312.24,4313.7,4308.99,4309.25,807,11,0
2026-09-02 05:45:00+00:00,4309.24,4311.17,4308.94,4310.51,682,11,0
2026-09-02 05:50:00+00:00,4310.66,4310.8,4305.47,4305.56,710,11,0
2026-09-02 05:55:00+00:00,4305.55,4306.22,4300.27,4302.82,767,17,0
2026-09-02 06:00:00+00:00,4302.83,4304.17,4299.12,4301.11,748,16,0
2026-09-02 06:05:00+00:00,4301.1,4301.1,4296.92,4299.3,778,14,0
2026-09-02 06:10:00+00:00,4299.26,4301.53,4298.15,4300.78,660,11,0
2026-09-02 06:15:00+00:00,4300.75,4302.43,4296.52,4297.73,783,11,0
2026-09-02 06:20:00+00:00,4297.72,4297.73,4289.49,4293.68,807,17,0
2026-09-02 06:25:00+00:00,4293.71,4298.92,4293.1,4293.76,724,11,0
2026-09-02 06:30:00+00:00,4293.71,4293.77,4284.93,4285.13,734,11,0
2026-09-02 06:35:00+00:00,4285.11,4291.8,4282.59,4291.36,767,13,0
2026-09-02 06:40:00+00:00,4291.39,4291.58,4285.35,4288.74,594,11,0
2026-09-02 06:45:00+00:00,4288.61,4299.59,4288.59,4299.3,648,11,0
2026-09-02 06:50:00+00:00,4299.29,4300.84,4296.74,4300.84,620,11,0
2026-09-02 06:55:00+00:00,4300.95,4303.71,4300.3,4303.26,520,11,0
2026-09-02 07:00:00+00:00,4303.26,4305.47,4302.16,4303.85,559,14,0
2026-09-02 07:05:00+00:00,4303.88,4306.65,4303.69,4304.87,499,15,0
2026-09-02 07:10:00+00:00,4304.86,4306.7,4303.76,4304.51,445,15,0
2026-09-02 07:15:00+00:00,4304.35,4305.49,4302.96,4303.24,529,16,0
2026-09-02 07:20:00+00:00,4303.2,4304.74,4301.39,4304.34,509,15,0
2026-09-02 07:25:00+00:00,4304.39,4304.75,4301.77,4302.75,444,14,0
2026-09-02 07:30:00+00:00,4302.78,4307.67,4302.57,4305.38,464,13,0
2026-09-02 07:35:00+00:00,4305.35,4306.53,4303.97,4304.58,423,11,0
2026-09-02 07:40:00+00:00,4304.55,4306.13,4302.67,4304.71,439,11,0
2026-09-02 07:45:00+00:00,4304.73,4306.54,4303.89,4305.57,503,11,0
2026-09-02 07:50:00+00:00,4305.58,4306.93,4305.16,4306.27,380,11,0
2026-09-02 07:55:00+00:00,4306.26,4307.63,4305.92,4307.23,391,11,0
2026-09-02 08:00:00+00:00,4307.24,4308.21,4305.61,4306.44,495,14,0
2026-09-02 08:05:00+00:00,4306.41,4306.57,4303.71,4304.64,526,11,0
2026-09-02 08:10:00+00:00,4304.66,4310.0,4304.66,4310.0,634,17,0
2026-09-02 08:15:00+00:00,4310.01,4313.85,4309.93,4310.81,652,17,0
2026-09-02 08:20:00+00:00,4310.84,4310.86,4306.81,4308.59,615,16,0
2026-09-02 08:25:00+00:00,4308.64,4313.93,4308.64,4313.55,672,16,0
2026-09-02 08:30:00+00:00,4312.9,4324.78,4312.9,4324.49,1003,17,0
2026-09-02 08:35:00+00:00,4324.51,4324.51,4317.88,4318.2,810,17,0
2026-09-02 08:40:00+00:00,4318.28,4323.17,4317.35,4323.1,756,17,0
2026-09-02 08:45:00+00:00,4323.14,4326.18,4322.67,4325.9,738,16,0
2026-09-02 08:50:00+00:00,4325.82,4326.38,4319.47,4320.07,731,17,0
2026-09-02 08:55:00+00:00,4320.05,4322.61,4319.3,4319.88,694,16,0
2026-09-02 09:00:00+00:00,4319.91,4322.38,4317.72,4317.97,880,8,0
2026-09-02 09:05:00+00:00,4318.03,4324.3,4317.57,4324.3,824,8,0
2026-09-02 09:10:00+00:00,4324.2,4329.27,4320.89,4326.5,863,8,0
2026-09-02 09:15:00+00:00,4326.57,4328.58,4321.95,4326.14,840,8,0
2026-09-02 09:20:00+00:00,4326.15,4326.76,4320.84,4326.69,818,8,0
2026-09-02 09:25:00+00:00,4326.65,4327.59,4322.33,4322.72,796,8,0
2026-09-02 09:30:00+00:00,4322.77,4323.91,4318.47,4319.91,808,8,0
2026-09-02 09:35:00+00:00,4320.04,4324.74,4316.9,4324.74,848,8,0
2026-09-02 09:40:00+00:00,4324.73,4326.47,4322.86,4324.56,871,8,0
2026-09-02 09:45:00+00:00,4324.32,4325.02,4316.55,4316.55,832,8,0
2026-09-02 09:50:00+00:00,4316.68,4317.41,4314.71,4316.25,804,8,0
2026-09-02 09:55:00+00:00,4316.26,4321.84,4316.0,4321.67,813,8,0
2026-09-02 10:00:00+00:00,4321.7,4324.29,4319.26,4321.63,902,8,0
2026-09-02 10:05:00+00:00,4321.59,4327.03,4319.21,4326.27,842,8,0
2026-09-02 10:10:00+00:00,4326.27,4331.07,4326.21,4326.81,837,8,0
2026-09-02 10:15:00+00:00,4326.78,4328.56,4325.62,4328.15,804,8,0
2026-09-02 10:20:00+00:00,4328.18,4329.26,4324.99,4328.46,791,8,0
2026-09-02 10:25:00+00:00,4328.44,4328.83,4325.15,4326.88,830,8,0
2026-09-02 10:30:00+00:00,4326.86,4330.12,4325.2,4327.31,749,8,0
2026-09-02 10:35:00+00:00,4327.36,4331.35,4326.32,4326.53,749,8,0
2026-09-02 10:40:00+00:00,4326.54,4327.3,4321.94,4322.9,730,8,0
2026-09-02 10:45:00+00:00,4322.69,4325.09,4321.96,4322.31,751,8,0
2026-09-02 10:50:00+00:00,4322.31,4323.43,4320.59,4322.55,733,8,0
2026-09-02 10:55:00+00:00,4322.32,4323.98,4320.87,4323.25,691,8,0
2026-09-02 11:00:00+00:00,4323.24,4327.63,4322.17,4327.3,834,8,0
2026-09-02 11:05:00+00:00,4327.29,4330.12,4322.9,4329.88,808,8,0
2026-09-02 11:10:00+00:00,4329.92,4331.61,4324.72,4325.77,767,8,0
2026-09-02 11:15:00+00:00,4325.71,4327.75,4324.78,4325.19,729,8,0
2026-09-02 11:20:00+00:00,4325.33,4327.06,4324.14,4326.01,724,8,0
2026-09-02 11:25:00+00:00,4326.02,4326.24,4322.7,4323.24,724,8,0
2026-09-02 11:30:00+00:00,4323.12,4325.84,4320.91,4321.74,752,8,0
2026-09-02 11:35:00+00:00,4321.72,4326.74,4319.51,4324.98,758,8,0
2026-09-02 11:40:00+00:00,4324.93,4326.17,4320.36,4322.02,713,8,0
2026-09-02 11:45:00+00:00,4322.23,4322.58,4319.72,4321.81,701,8,0
2026-09-02 11:50:00+00:00,4321.82,4322.15,4313.27,4314.37,790,8,0
2026-09-02 11:55:00+00:00,4314.64,4317.28,4312.64,4312.85,793,8,0
2026-09-02 12:00:00+00:00,4312.74,4316.64,4312.37,4316.1,823,8,0
2026-09-02 12:05:00+00:00,4316.09,4322.31,4316.08,4318.7,768,8,0
2026-09-02 12:10:00+00:00,4318.74,4318.74,4313.56,4313.94,763,8,0
2026-09-02 12:15:00+00:00,4313.93,4315.2,4313.33,4314.44,714,8,0
2026-09-02 12:20:00+00:00,4314.5,4314.59,4308.9,4309.02,752,8,0
2026-09-02 12:25:00+00:00,4309.02,4309.18,4305.03,4309.11,763,8,0
2026-09-02 12:30:00+00:00,4309.1,4310.53,4307.35,4309.94,731,8,0
2026-09-02 12:35:00+00:00,4309.88,4311.0,4307.75,4308.91,754,8,0
2026-09-02 12:40:00+00:00,4308.94,4311.86,4308.94,4310.05,668,8,0
2026-09-02 12:45:00+00:00,4310.07,4311.44,4309.73,4310.4,701,8,0
2026-09-02 12:50:00+00:00,4310.41,4310.9,4307.98,4308.69,644,8,0
2026-09-02 12:55:00+00:00,4308.64,4310.28,4307.99,4308.56,646,8,0
2026-09-02 13:00:00+00:00,4308.55,4309.65,4304.47,4304.47,692,8,0
2026-09-02 13:05:00+00:00,4304.39,4305.77,4301.86,4303.1,705,8,0
2026-09-02 13:10:00+00:00,4303.13,4308.15,4302.44,4306.79,668,8,0
2026-09-02 13:15:00+00:00,4306.83,4309.72,4306.07,4308.55,647,8,0
2026-09-02 13:20:00+00:00,4308.54,4312.24,4308.54,4310.58,588,8,0
2026-09-02 13:25:00+00:00,4310.6,4312.16,4309.54,4309.91,619,8,0
2026-09-02 13:30:00+00:00,4309.96,4310.7,4307.66,4308.92,614,8,0
2026-09-02 13:35:00+00:00,4308.93,4309.6,4307.22,4308.52,624,8,0
2026-09-02 13:40:00+00:00,4308.53,4310.09,4307.71,4309.43,594,8,0
2026-09-02 13:45:00+00:00,4309.44,4310.43,4308.18,4310.31,526,8,0
2026-09-02 13:50:00+00:00,4310.32,4310.32,4305.25,4308.44,661,8,0
2026-09-02 13:55:00+00:00,4308.43,4309.61,4306.55,4309.33,658,8,0
2026-09-02 14:00:00+00:00,4309.3,4313.03,4307.62,4312.64,790,11,0
2026-09-02 14:05:00+00:00,4312.74,4313.62,4308.1,4313.62,698,11,0
2026-09-02 14:10:00+00:00,4312.74,4324.49,4311.41,4323.1,879,10,0
2026-09-02 14:15:00+00:00,4322.86,4323.18,4315.69,4319.01,917,9,0
2026-09-02 14:20:00+00:00,4319.0,4319.97,4316.34,4319.02,720,8,0
2026-09-02 14:25:00+00:00,4319.07,4323.06,4316.97,4321.85,792,10,0
2026-09-02 14:30:00+00:00,4321.83,4330.17,4321.76,4330.13,765,9,0
2026-09-02 14:35:00+00:00,4330.03,4332.83,4328.98,4332.28,782,11,0
2026-09-02 14:40:00+00:00,4332.27,4332.85,4324.13,4324.84,797,10,0
2026-09-02 14:45:00+00:00,4324.7,4327.33,4323.51,4325.84,726,8,0
2026-09-02 14:50:00+00:00,4325.87,4331.14,4323.47,4330.48,732,8,0
2026-09-02 14:55:00+00:00,4330.49,4332.91,4329.47,4332.34,771,8,0
2026-09-02 15:00:00+00:00,4332.38,4335.73,4329.13,4334.74,920,13,0
2026-09-02 15:05:00+00:00,4334.77,4336.36,4330.46,4333.67,937,10,0
2026-09-02 15:10:00+00:00,4333.88,4334.7,4329.63,4333.2,762,9,0
2026-09-02 15:15:00+00:00,4333.15,4335.03,4330.53,4331.95,830,8,0
2026-09-02 15:20:00+00:00,4331.48,4344.36,4329.99,4338.99,1052,13,0
2026-09-02 15:25:00+00:00,4339.03,4342.21,4334.36,4336.57,884,8,0
2026-09-02 15:30:00+00:00,4336.55,4337.66,4329.94,4329.94,788,8,0
2026-09-02 15:35:00+00:00,4330.07,4333.5,4327.5,4333.36,861,11,0
2026-09-02 15:40:00+00:00,4333.38,4334.91,4331.91,4334.31,775,12,0
2026-09-02 15:45:00+00:00,4334.28,4339.12,4331.78,4339.12,823,13,0
2026-09-02 15:50:00+00:00,4339.19,4339.22,4332.65,4334.32,799,12,0
2026-09-02 15:55:00+00:00,4334.34,4334.78,4330.61,4331.69,814,13,0
2026-09-02 16:00:00+00:00,4331.42,4341.65,4330.87,4338.74,1071,14,0
2026-09-02 16:05:00+00:00,4338.64,4344.16,4338.4,4341.89,960,10,0
2026-09-02 16:10:00+00:00,4341.92,4344.47,4337.61,4339.64,885,8,0
2026-09-02 16:15:00+00:00,4339.55,4344.3,4336.68,4342.26,858,10,0
2026-09-02 16:20:00+00:00,4342.34,4348.24,4342.01,4348.06,904,8,0
2026-09-02 16:25:00+00:00,4348.02,4358.21,4347.63,4358.21,1084,8,0
2026-09-02 16:30:00+00:00,4358.41,4367.31,4357.06,4364.81,1127,14,0
2026-09-02 16:35:00+00:00,4364.75,4368.56,4362.46,4366.87,1130,14,0
2026-09-02 16:40:00+00:00,4367.08,4379.45,4365.05,4378.2,1107,13,0
2026-09-02 16:45:00+00:00,4378.16,4379.31,4368.45,4368.78,1101,11,0
2026-09-02 16:50:00+00:00,4368.61,4378.18,4367.91,4376.73,1097,11,0
2026-09-02 16:55:00+00:00,4376.85,4385.63,4371.86,4385.58,1055,8,0
2026-09-02 17:00:00+00:00,4385.51,4385.68,4378.92,4384.0,1133,10,0
2026-09-02 17:05:00+00:00,4384.1,4396.66,4384.02,4391.08,1136,8,0
2026-09-02 17:10:00+00:00,4391.07,4398.09,4387.13,4387.95,1119,8,0
2026-09-02 17:15:00+00:00,4387.97,4392.64,4385.02,4392.26,1089,8,0
2026-09-02 17:20:00+00:00,4392.29,4397.28,4386.88,4387.27,1063,8,0
2026-09-02 17:25:00+00:00,4387.32,4390.38,4385.44,4387.8,1066,8,0
2026-09-02 17:30:00+00:00,4387.64,4388.17,4382.9,4386.4,1070,9,0
2026-09-02 17:35:00+00:00,4386.55,4387.59,4382.26,4382.86,1027,9,0
2026-09-02 17:40:00+00:00,4382.74,4385.92,4381.36,4385.64,1024,11,0
2026-09-02 17:45:00+00:00,4385.51,4386.88,4378.88,4381.01,982,8,0
2026-09-02 17:50:00+00:00,4381.0,4382.33,4376.05,4376.77,1007,9,0
2026-09-02 17:55:00+00:00,4376.94,4378.46,4374.36,4377.03,936,8,0
2026-09-02 18:00:00+00:00,4376.97,4380.82,4374.11,4377.55,1022,11,0
2026-09-02 18:05:00+00:00,4377.6,4380.58,4374.03,4376.78,1001,10,0
2026-09-02 18:10:00+00:00,4376.69,4378.35,4372.8,4372.87,1009,10,0
2026-09-02 18:15:00+00:00,4373.02,4373.02,4369.19,4370.19,965,8,0
2026-09-02 18:20:00+00:00,4370.27,4371.85,4365.94,4370.38,948,8,0
2026-09-02 18:25:00+00:00,4370.4,4373.29,4367.72,4372.95,989,10,0
2026-09-02 18:30:00+00:00,4372.85,4375.47,4371.41,4371.63,941,9,0
2026-09-02 18:35:00+00:00,4371.62,4372.87,4367.77,4370.68,900,8,0
2026-09-02 18:40:00+00:00,4370.7,4372.45,4366.34,4366.56,870,8,0
2026-09-02 18:45:00+00:00,4366.42,4369.93,4364.91,4368.06,864,8,0
2026-09-02 18:50:00+00:00,4368.15,4369.71,4367.3,4368.63,824,8,0
2026-09-02 18:55:00+00:00,4368.65,4373.92,4368.02,4372.96,843,10,0
2026-09-02 19:00:00+00:00,4373.05,4374.78,4371.38,4373.0,833,11,0
2026-09-02 19:05:00+00:00,4372.99,4373.04,4368.91,4370.49,812,11,0
2026-09-02 19:10:00+00:00,4370.47,4373.18,4370.32,4372.39,737,8,0
2026-09-02 19:15:00+00:00,4372.4,4372.41,4367.89,4370.02,751,9,0
2026-09-02 19:20:00+00:00,4369.99,4370.93,4368.7,4369.53,704,8,0
2026-09-02 19:25:00+00:00,4369.57,4370.2,4367.66,4368.68,715,8,0
2026-09-02 19:30:00+00:00,4368.69,4370.46,4366.96,4366.96,808,11,0
2026-09-02 19:35:00+00:00,4366.97,4368.64,4365.9,4368.2,756,8,0
2026-09-02 19:40:00+00:00,4368.27,4368.27,4364.29,4364.72,711,8,0
2026-09-02 19:45:00+00:00,4364.59,4366.37,4364.31,4365.68,672,8,0
2026-09-02 19:50:00+00:00,4365.43,4370.21,4364.4,4369.6,732,14,0
2026-09-02 19:55:00+00:00,4369.62,4370.64,4368.0,4369.04,672,8,0
2026-09-02 20:00:00+00:00,4369.03,4370.58,4368.17,4370.43,732,8,0
2026-09-02 20:05:00+00:00,4370.41,4371.81,4368.19,4369.99,670,11,0
2026-09-02 20:10:00+00:00,4369.98,4370.58,4367.6,4369.18,653,8,0
2026-09-02 20:15:00+00:00,4369.17,4369.36,4364.77,4365.76,660,8,0
2026-09-02 20:20:00+00:00,4365.68,4367.7,4365.06,4367.51,643,8,0
2026-09-02 20:25:00+00:00,4367.46,4370.62,4367.33,4370.56,713,8,0
2026-09-02 20:30:00+00:00,4370.53,4371.27,4367.86,4368.13,665,8,0
2026-09-02 20:35:00+00:00,4368.07,4369.53,4366.57,4366.57,585,8,0
2026-09-02 20:40:00+00:00,4366.61,4377.66,4366.55,4376.52,769,13,0
2026-09-02 20:45:00+00:00,4376.48,4380.68,4375.46,4376.1,922,11,0
2026-09-02 20:50:00+00:00,4376.09,4377.53,4375.41,4376.22,653,8,0
2026-09-02 20:55:00+00:00,4376.21,4378.43,4375.78,4376.94,573,9,0
2026-09-02 21:00:00+00:00,4376.95,4377.56,4372.24,4375.02,750,11,0
2026-09-02 21:05:00+00:00,4375.0,4375.66,4373.34,4373.59,668,9,0
2026-09-02 21:10:00+00:00,4373.58,4373.99,4370.23,4370.25,588,8,0
2026-09-02 21:15:00+00:00,4370.19,4379.59,4369.29,4377.57,729,8,0
2026-09-02 21:20:00+00:00,4377.48,4379.77,4372.3,4373.13,848,10,0
2026-09-02 21:25:00+00:00,4373.15,4373.85,4371.91,4373.1,691,8,0
2026-09-02 21:30:00+00:00,4373.09,4378.12,4372.84,4376.57,671,9,0
2026-09-02 21:35:00+00:00,4376.58,4378.0,4375.33,4376.23,616,10,0
2026-09-02 21:40:00+00:00,4376.24,4376.58,4372.51,4373.02,575,9,0
2026-09-02 21:45:00+00:00,4373.04,4374.61,4372.57,4373.89,621,10,0
2026-09-02 21:50:00+00:00,4373.99,4375.84,4373.82,4374.69,575,8,0
2026-09-02 21:55:00+00:00,4374.68,4375.31,4372.61,4374.1,548,9,0
2026-09-02 22:00:00+00:00,4374.11,4375.14,4371.77,4374.98,675,8,0
2026-09-02 22:05:00+00:00,4374.99,4377.38,4374.8,4377.07,643,8,0
2026-09-02 22:10:00+00:00,4377.08,4380.24,4376.46,4379.18,593,8,0
2026-09-02 22:15:00+00:00,4379.2,4380.22,4378.23,4379.68,619,8,0
2026-09-02 22:20:00+00:00,4379.67,4381.01,4378.42,4379.94,616,8,0
2026-09-02 22:25:00+00:00,4379.93,4383.08,4379.82,4381.14,663,8,0
2026-09-02 22:30:00+00:00,4381.11,4384.01,4381.11,4383.89,696,8,0
2026-09-02 22:35:00+00:00,4383.83,4384.11,4381.27,4384.05,643,8,0
2026-09-02 22:40:00+00:00,4384.07,4388.65,4383.55,4388.01,681,8,0
2026-09-02 22:45:00+00:00,4388.0,4388.87,4384.97,4386.57,660,8,0
2026-09-02 22:50:00+00:00,4386.59,4389.71,4385.89,4387.47,765,8,0
2026-09-02 22:55:00+00:00,4387.38,4391.2,4386.16,4391.01,802,8,0
2026-09-02 23:00:00+00:00,4391.09,4391.47,4388.74,4390.47,584,8,0
2026-09-02 23:05:00+00:00,4390.46,4391.03,4387.61,4387.88,441,8,0
2026-09-02 23:10:00+00:00,4387.99,4388.51,4385.93,4385.98,431,8,0
2026-09-02 23:15:00+00:00,4386.04,4386.22,4384.13,4385.1,553,10,0
2026-09-02 23:20:00+00:00,4385.11,4385.78,4384.62,4385.59,328,8,0
2026-09-02 23:25:00+00:00,4385.55,4387.78,4385.22,4386.37,334,9,0
2026-09-02 23:30:00+00:00,4386.3,4387.87,4385.79,4387.43,304,8,0
2026-09-02 23:35:00+00:00,4387.45,4387.74,4386.95,4387.49,294,9,0
2026-09-02 23:40:00+00:00,4387.52,4389.8,4387.33,4387.92,327,10,0
2026-09-02 23:45:00+00:00,4387.9,4389.6,4387.63,4389.1,277,17,0
2026-09-02 23:50:00+00:00,4389.06,4390.69,4389.01,4389.29,264,17,0
2026-09-02 23:55:00+00:00,4389.17,4389.24,4387.38,4387.38,320,17,0
2026-09-03 01:00:00+00:00,4386.47,4393.29,4386.42,4391.43,387,17,0
2026-09-03 01:05:00+00:00,4391.33,4391.75,4390.32,4390.58,217,17,0
2026-09-03 01:10:00+00:00,4390.57,4391.44,4389.96,4390.05,200,17,0
2026-09-03 01:15:00+00:00,4390.02,4390.13,4387.97,4388.51,280,17,0
2026-09-03 01:20:00+00:00,4388.6,4389.56,4388.22,4389.56,356,17,0
2026-09-03 01:25:00+00:00,4389.61,4390.87,4389.07,4389.81,293,17,0
2026-09-03 01:30:00+00:00,4389.79,4389.82,4387.81,4388.22,305,17,0
2026-09-03 01:35:00+00:00,4388.24,4388.51,4387.27,4387.67,253,16,0
2026-09-03 01:40:00+00:00,4387.66,4387.95,4384.94,4385.0,277,16,0
2026-09-03 01:45:00+00:00,4385.11,4385.3,4383.57,4383.95,312,17,0
2026-09-03 01:50:00+00:00,4384.09,4385.14,4383.8,4384.41,213,11,0
2026-09-03 01:55:00+00:00,4384.52,4384.96,4384.4,4384.66,173,11,0
2026-09-03 02:00:00+00:00,4384.7,4386.5,4384.28,4386.48,308,15,0
2026-09-03 02:05:00+00:00,4386.47,4386.71,4385.09,4386.66,282,16,0
2026-09-03 02:10:00+00:00,4386.68,4386.74,4383.91,4383.96,277,14,0
2026-09-03 02:15:00+00:00,4384.04,4384.15,4382.37,4382.44,291,11,0
2026-09-03 02:20:00+00:00,4382.45,4383.03,4382.26,4382.93,199,11,0
2026-09-03 02:25:00+00:00,4382.93,4383.05,4381.97,4382.27,189,11,0
2026-09-03 02:30:00+00:00,4382.15,4383.76,4381.66,4383.02,274,15,0
2026-09-03 02:35:00+00:00,4383.05,4383.52,4381.19,4383.37,294,17,0
2026-09-03 02:40:00+00:00,4383.36,4385.35,4383.09,4385.24,298,16,0
2026-09-03 02:45:00+00:00,4385.22,4388.77,4384.77,4386.76,521,17,0
2026-09-03 02:50:00+00:00,4386.69,4387.46,4384.6,4384.76,397,16,0
2026-09-03 02:55:00+00:00,4384.79,4386.87,4384.56,4385.64,379,16,0
2026-09-03 03:00:00+00:00,4385.48,4389.68,4384.82,4389.28,666,17,0
2026-09-03 03:05:00+00:00,4389.44,4390.79,4384.98,4387.13,607,17,0
2026-09-03 03:10:00+00:00,4387.1,4392.48,4387.09,4390.24,596,17,0
2026-09-03 03:15:00+00:00,4390.2,4390.36,4385.31,4386.94,573,16,0
2026-09-03 03:20:00+00:00,4386.95,4387.93,4385.3,4387.88,530,16,0
2026-09-03 03:25:00+00:00,4387.87,4390.22,4387.09,4387.21,557,12,0
2026-09-03 03:30:00+00:00,4387.17,4387.17,4382.97,4382.97,487,11,0
2026-09-03 03:35:00+00:00,4382.82,4389.59,4382.55,4388.95,517,16,0
2026-09-03 03:40:00+00:00,4389.12,4389.64,4387.08,4387.69,507,13,0
2026-09-03 03:45:00+00:00,4387.59,4389.94,4385.75,4389.94,608,11,0
2026-09-03 03:50:00+00:00,4389.95,4393.84,4389.38,4391.58,624,14,0
2026-09-03 03:55:00+00:00,4391.56,4397.68,4390.69,4395.61,613,11,0
2026-09-03 04:00:00+00:00,4395.47,4396.3,4387.4,4395.5,1029,17,0
2026-09-03 04:05:00+00:00,4395.54,4402.99,4392.6,4402.59,925,17,0
2026-09-03 04:10:00+00:00,4402.57,4409.29,4401.0,4401.03,962,17,0
2026-09-03 04:15:00+00:00,4401.39,4403.68,4396.78,4398.28,843,16,0
2026-09-03 04:20:00+00:00,4398.46,4402.9,4395.26,4396.02,859,16,0
2026-09-03 04:25:00+00:00,4395.94,4402.09,4394.05,4401.78,858,16,0
2026-09-03 04:30:00+00:00,4401.69,4409.23,4401.49,4409.13,898,15,0
2026-09-03 04:35:00+00:00,4409.22,4409.39,4404.89,4408.0,809,11,0
2026-09-03 04:40:00+00:00,4408.05,4408.06,4400.41,4400.8,802,11,0
2026-09-03 04:45:00+00:00,4400.75,4408.27,4400.23,4407.52,771,14,0
2026-09-03 04:50:00+00:00,4407.51,4407.82,4404.57,4407.48,744,14,0
2026-09-03 04:55:00+00:00,4407.5,4412.35,4407.15,4410.26,777,16,0
2026-09-03 05:00:00+00:00,4410.27,4415.24,4409.59,4410.76,887,17,0
2026-09-03 05:05:00+00:00,4410.8,4412.79,4409.13,4410.09,835,14,0
2026-09-03 05:10:00+00:00,4410.85,4413.29,4409.6,4411.1,896,11,0
2026-09-03 05:15:00+00:00,4411.16,4413.25,4409.29,4410.24,633,11,0
2026-09-03 05:20:00+00:00,4410.23,4412.55,4406.8,4409.59,681,11,0
2026-09-03 05:25:00+00:00,4409.63,4411.67,4407.77,4411.58,631,11,0
2026-09-03 05:30:00+00:00,4411.53,4417.23,4409.48,4415.4,874,14,0
2026-09-03 05:35:00+00:00,4415.49,4418.07,4414.07,4416.26,800,15,0
2026-09-03 05:40:00+00:00,4416.27,4416.92,4412.64,4413.48,691,11,0
2026-09-03 05:45:00+00:00,4413.63,4417.49,4411.56,4417.28,753,11,0
2026-09-03 05:50:00+00:00,4417.21,4420.11,4415.93,4419.77,826,13,0
2026-09-03 05:55:00+00:00,4419.76,4420.5,4419.02,4420.39,700,11,0
2026-09-03 06:00:00+00:00,4420.36,4425.16,4419.49,4424.37,710,17,0
2026-09-03 06:05:00+00:00,4424.35,4426.16,4424.0,4425.11,701,16,0
2026-09-03 06:10:00+00:00,4425.09,4430.09,4423.98,4428.84,658,14,0
2026-09-03 06:15:00+00:00,4428.83,4430.37,4425.55,4426.48,773,14,0
2026-09-03 06:20:00+00:00,4426.47,4426.94,4424.66,4426.21,659,11,0
2026-09-03 06:25:00+00:00,4426.23,4431.25,4425.35,4429.41,702,13,0
2026-09-03 06:30:00+00:00,4429.37,4432.2,4429.37,4431.7,560,11,0
2026-09-03 06:35:00+00:00,4431.72,4431.9,4429.31,4430.57,503,11,0
2026-09-03 06:40:00+00:00,4430.56,4430.69,4426.66,4426.66,524,11,0
2026-09-03 06:45:00+00:00,4426.64,4428.55,4425.4,4427.15,505,11,0
2026-09-03 06:50:00+00:00,4427.14,4430.65,4426.24,4430.52,478,17,0
2026-09-03 06:55:00+00:00,4430.47,4432.58,4429.7,4431.65,472,11,0
2026-09-03 07:00:00+00:00,4431.52,4431.78,4427.03,4427.11,548,11,0
2026-09-03 07:05:00+00:00,4427.04,4433.79,4425.73,4433.56,648,17,0
2026-09-03 07:10:00+00:00,4433.55,4435.86,4430.78,4431.12,576,14,0
2026-09-03 07:15:00+00:00,4431.19,4431.53,4430.08,4430.91,389,12,0
2026-09-03 07:20:00+00:00,4430.89,4434.13,4430.72,4433.71,375,15,0
2026-09-03 07:25:00+00:00,4433.67,4436.89,4433.67,4436.53,397,11,0
2026-09-03 07:30:00+00:00,4436.64,4437.25,4435.58,4437.11,491,11,0
2026-09-03 07:35:00+00:00,4437.08,4438.37,4436.14,4438.18,422,11,0
2026-09-03 07:40:00+00:00,4438.14,4438.32,4436.7,4438.05,344,14,0
2026-09-03 07:45:00+00:00,4438.06,4438.35,4436.17,4436.26,338,14,0
2026-09-03 07:50:00+00:00,4436.28,4436.49,4435.08,4435.62,330,17,0
2026-09-03 07:55:00+00:00,4435.6,4437.73,4434.09,4437.41,462,17,0
2026-09-03 08:00:00+00:00,4437.34,4440.19,4436.21,4436.68,478,17,0
2026-09-03 08:05:00+00:00,4436.5,4436.57,4430.54,4430.76,587,17,0
2026-09-03 08:10:00+00:00,4430.74,4432.7,4429.0,4429.67,585,17,0
2026-09-03 08:15:00+00:00,4429.73,4430.84,4427.09,4428.3,677,17,0
2026-09-03 08:20:00+00:00,4428.38,4428.67,4422.78,4426.04,811,17,0
2026-09-03 08:25:00+00:00,4425.99,4427.41,4422.89,4424.96,795,17,0
2026-09-03 08:30:00+00:00,4425.05,4432.56,4422.59,4430.74,950,17,0
2026-09-03 08:35:00+00:00,4430.75,4432.48,4425.51,4428.5,865,17,0
2026-09-03 08:40:00+00:00,4428.32,4432.44,4425.75,4432.26,870,17,0
2026-09-03 08:45:00+00:00,4432.29,4436.25,4428.48,4435.24,836,16,0
2026-09-03 08:50:00+00:00,4435.3,4439.2,4432.86,4433.4,815,13,0
2026-09-03 08:55:00+00:00,4433.41,4436.44,4430.44,4431.01,769,11,0
2026-09-03 09:00:00+00:00,4431.08,4433.92,4428.66,4430.45,886,9,0
2026-09-03 09:05:00+00:00,4430.48,4436.24,4429.64,4431.31,943,8,0
2026-09-03 09:10:00+00:00,4431.34,4431.55,4425.86,4426.96,827,8,0
2026-09-03 09:15:00+00:00,4426.98,4430.66,4425.19,4426.13,829,8,0
2026-09-03 09:20:00+00:00,4425.96,4427.1,4418.93,4419.15,802,8,0
2026-09-03 09:25:00+00:00,4419.17,4423.92,4418.84,4421.77,785,8,0
2026-09-03 09:30:00+00:00,4421.59,4423.32,4420.39,4423.24,792,8,0
2026-09-03 09:35:00+00:00,4423.18,4425.88,4422.6,4423.0,775,8,0
2026-09-03 09:40:00+00:00,4422.96,4426.05,4422.68,4425.58,705,8,0
2026-09-03 09:45:00+00:00,4425.57,4428.73,4425.14,4426.31,752,8,0
2026-09-03 09:50:00+00:00,4426.3,4426.3,4422.81,4423.0,710,8,0
2026-09-03 09:55:00+00:00,4422.98,4424.01,4420.6,4420.61,693,8,0
2026-09-03 10:00:00+00:00,4420.59,4431.39,4419.18,4431.31,932,8,0
2026-09-03 10:05:00+00:00,4431.33,4431.6,4423.76,4425.12,889,8,0
2026-09-03 10:10:00+00:00,4425.21,4425.3,4421.81,4422.08,779,8,0
2026-09-03 10:15:00+00:00,4422.07,4426.79,4421.69,4425.31,718,8,0
2026-09-03 10:20:00+00:00,4425.29,4430.19,4424.56,4429.62,697,8,0
2026-09-03 10:25:00+00:00,4429.63,4430.17,4425.41,4426.45,806,8,0
2026-09-03 10:30:00+00:00,4426.43,4428.55,4426.27,4427.84,736,8,0
2026-09-03 10:35:00+00:00,4427.87,4430.66,4423.67,4427.62,845,8,0
2026-09-03 10:40:00+00:00,4427.57,4430.65,4426.62,4426.73,737,8,0
2026-09-03 10:45:00+00:00,4426.72,4428.75,4424.3,4426.4,679,8,0
2026-09-03 10:50:00+00:00,4426.01,4431.01,4424.81,4430.55,731,8,0
2026-09-03 10:55:00+00:00,4430.63,4430.63,4428.17,4428.83,669,8,0
2026-09-03 11:00:00+00:00,4428.82,4441.53,4428.1,4436.93,899,8,0
2026-09-03 11:05:00+00:00,4437.02,4443.56,4435.22,4435.44,1058,8,0
2026-09-03 11:10:00+00:00,4435.36,4435.58,4430.88,4431.35,883,8,0
2026-09-03 11:15:00+00:00,4431.51,4438.68,4430.83,4437.96,815,8,0
2026-09-03 11:20:00+00:00,4437.93,4439.56,4435.38,4437.48,823,8,0
2026-09-03 11:25:00+00:00,4437.51,4438.89,4435.1,4438.31,779,8,0
2026-09-03 11:30:00+00:00,4438.36,4439.6,4435.96,4438.93,789,8,0
2026-09-03 11:35:00+00:00,4439.07,4439.7,4434.35,4434.69,654,8,0
2026-09-03 11:40:00+00:00,4434.32,4435.35,4431.48,4434.19,664,8,0
2026-09-03 11:45:00+00:00,4434.17,4439.99,4434.17,4438.37,714,8,0
2026-09-03 11:50:00+00:00,4438.39,4438.39,4434.38,4435.47,710,8,0
2026-09-03 11:55:00+00:00,4435.46,4437.52,4434.07,4435.0,643,8,0
2026-09-03 12:00:00+00:00,4434.97,4437.79,4434.19,4437.23,753,9,0
2026-09-03 12:05:00+00:00,4437.24,4441.99,4435.14,4440.0,724,8,0
2026-09-03 12:10:00+00:00,4440.03,4440.04,4437.88,4438.26,655,8,0
2026-09-03 12:15:00+00:00,4438.25,4438.31,4434.67,4435.05,703,8,0
2026-09-03 12:20:00+00:00,4435.04,4435.52,4432.29,4432.54,691,8,0
2026-09-03 12:25:00+00:00,4432.61,4435.89,4432.22,4435.28,666,8,0
2026-09-03 12:30:00+00:00,4435.24,4437.67,4433.77,4437.12,741,8,0
2026-09-03 12:35:00+00:00,4437.1,4437.69,4431.06,4432.64,728,8,0
2026-09-03 12:40:00+00:00,4432.7,4434.22,4429.86,4430.04,676,8,0
2026-09-03 12:45:00+00:00,4430.02,4430.41,4427.59,4429.18,608,8,0
2026-09-03 12:50:00+00:00,4429.14,4430.6,4426.88,4427.61,560,8,0
2026-09-03 12:55:00+00:00,4427.59,4429.53,4426.06,4427.76,683,8,0
2026-09-03 13:00:00+00:00,4427.77,4428.63,4425.76,4427.69,747,8,0
2026-09-03 13:05:00+00:00,4427.68,4430.23,4425.58,4425.65,703,8,0
2026-09-03 13:10:00+00:00,4425.67,4426.09,4423.41,4424.76,756,8,0
2026-09-03 13:15:00+00:00,4424.78,4425.96,4422.24,4422.37,690,8,0
2026-09-03 13:20:00+00:00,4422.33,4423.28,4419.65,4420.49,617,8,0
2026-09-03 13:25:00+00:00,4420.47,4424.26,4420.47,4422.64,707,8,0
2026-09-03 13:30:00+00:00,4422.37,4424.25,4420.1,4422.61,725,8,0
2026-09-03 13:35:00+00:00,4422.64,4424.92,4422.07,4424.52,731,8,0
2026-09-03 13:40:00+00:00,4424.5,4426.4,4424.18,4425.86,600,8,0
2026-09-03 13:45:00+00:00,4425.74,4426.68,4424.25,4424.64,545,8,0
2026-09-03 13:50:00+00:00,4424.69,4427.79,4424.25,4427.71,590,8,0
2026-09-03 13:55:00+00:00,4427.75,4428.28,4426.75,4427.28,600,8,0
2026-09-03 14:00:00+00:00,4427.33,4428.98,4424.9,4426.01,765,13,0
2026-09-03 14:05:00+00:00,4426.09,4430.61,4425.7,4430.34,697,12,0
2026-09-03 14:10:00+00:00,4430.3,4432.75,4429.8,4432.75,718,11,0
2026-09-03 14:15:00+00:00,4432.72,4437.67,4432.46,4434.36,816,11,0
2026-09-03 14:20:00+00:00,4434.37,4434.73,4430.81,4431.39,675,8,0
2026-09-03 14:25:00+00:00,4431.44,4435.29,4430.43,4434.45,696,8,0
2026-09-03 14:30:00+00:00,4434.43,4435.42,4427.29,4434.39,745,9,0
2026-09-03 14:35:00+00:00,4434.41,4436.89,4434.34,4436.0,635,9,0
2026-09-03 14:40:00+00:00,4435.78,4439.33,4435.61,4438.82,600,8,0
2026-09-03 14:45:00+00:00,4438.83,4440.75,4436.75,4439.21,713,9,0
2026-09-03 14:50:00+00:00,4439.23,4441.84,4438.11,4440.14,662,11,0
2026-09-03 14:55:00+00:00,4440.15,4444.92,4439.89,4444.23,681,11,0
2026-09-03 15:00:00+00:00,4444.22,4448.59,4441.27,4448.36,858,12,0
2026-09-03 15:05:00+00:00,4448.34,4449.01,4445.1,4448.73,777,10,0
2026-09-03 15:10:00+00:00,4448.76,4450.2,4443.35,4443.99,783,9,0
2026-09-03 15:15:00+00:00,4443.97,4444.53,4440.86,4441.34,785,8,0
2026-09-03 15:20:00+00:00,4441.37,4449.13,4437.92,4446.72,908,9,0
2026-09-03 15:25:00+00:00,4446.58,4449.03,4446.18,4446.62,741,8,0
2026-09-03 15:30:00+00:00,4446.49,4469.89,4446.48,4466.93,1152,8,0
2026-09-03 15:35:00+00:00,4466.85,4478.79,4459.86,4475.83,1132,12,0
2026-09-03 15:40:00+00:00,4475.66,4477.41,4465.0,4467.81,1091,11,0
2026-09-03 15:45:00+00:00,4468.0,4480.28,4465.67,4479.76,1045,11,0
2026-09-03 15:50:00+00:00,4480.01,4492.27,4479.61,4491.52,1070,10,0
2026-09-03 15:55:00+00:00,4491.47,4495.28,4489.94,4493.76,1075,11,0
2026-09-03 16:00:00+00:00,4493.49,4495.99,4488.4,4489.95,1156,14,0
2026-09-03 16:05:00+00:00,4489.98,4493.94,4485.99,4487.91,1066,9,0
2026-09-03 16:10:00+00:00,4488.09,4490.24,4484.86,4485.66,1033,8,0
2026-09-03 16:15:00+00:00,4485.79,4487.9,4479.29,4479.84,1007,9,0
2026-09-03 16:20:00+00:00,4479.87,4484.58,4478.55,4483.67,1009,9,0
2026-09-03 16:25:00+00:00,4483.63,4484.02,4477.04,4480.0,982,9,0
2026-09-03 16:30:00+00:00,4479.99,4482.37,4474.35,4477.57,1159,9,0
2026-09-03 16:35:00+00:00,4477.71,4480.01,4472.63,4475.61,1107,8,0
2026-09-03 16:40:00+00:00,4475.66,4475.68,4468.19,4470.15,1060,8,0
2026-09-03 16:45:00+00:00,4470.1,4470.12,4457.0,4458.39,1084,8,0
2026-09-03 16:50:00+00:00,4458.37,4464.38,4458.12,4463.89,1099,8,0
2026-09-03 16:55:00+00:00,4463.9,4471.4,4462.46,4471.22,1025,8,0
2026-09-03 17:00:00+00:00,4470.93,4470.93,4459.77,4465.35,1096,8,0
2026-09-03 17:05:00+00:00,4465.41,4473.0,4462.56,4464.53,1103,9,0
2026-09-03 17:10:00+00:00,4464.4,4469.91,4461.57,4469.22,1112,10,0
2026-09-03 17:15:00+00:00,4469.29,4477.42,4469.29,4476.57,1105,8,0
2026-09-03 17:20:00+00:00,4476.58,4480.67,4472.25,4475.78,1060,8,0
2026-09-03 17:25:00+00:00,4475.86,4478.2,4470.78,4477.71,1044,8,0
2026-09-03 17:30:00+00:00,4477.42,4479.71,4470.64,4470.68,1034,9,0
2026-09-03 17:35:00+00:00,4470.81,4474.04,4468.72,4469.37,1042,10,0
2026-09-03 17:40:00+00:00,4469.49,4474.98,4466.23,4472.96,1010,9,0
2026-09-03 17:45:00+00:00,4472.95,4480.02,4472.95,4474.35,1004,10,0
2026-09-03 17:50:00+00:00,4474.24,4479.33,4474.21,4476.96,928,8,0
2026-09-03 17:55:00+00:00,4476.95,4485.32,4470.81,4485.32,1067,8,0
2026-09-03 18:00:00+00:00,4485.38,4500.29,4484.3,4498.18,1074,9,0
2026-09-03 18:05:00+00:00,4498.19,4503.99,4496.78,4498.02,1135,11,0
2026-09-03 18:10:00+00:00,4498.03,4504.1,4495.48,4503.61,1042,8,0
2026-09-03 18:15:00+00:00,4503.6,4510.55,4501.81,4509.61,1035,8,0
2026-09-03 18:20:00+00:00,4509.59,4510.9,4503.58,4504.22,1041,8,0
2026-09-03 18:25:00+00:00,4504.19,4508.12,4503.95,4506.69,972,8,0
2026-09-03 18:30:00+00:00,4506.42,4509.42,4499.75,4503.01,1016,8,0
2026-09-03 18:35:00+00:00,4502.96,4504.67,4495.31,4496.58,963,8,0
2026-09-03 18:40:00+00:00,4496.51,4498.29,4494.65,4494.73,881,8,0
2026-09-03 18:45:00+00:00,4494.75,4495.32,4487.38,4488.3,941,8,0
2026-09-03 18:50:00+00:00,4488.35,4491.54,4487.19,4489.69,923,9,0
2026-09-03 18:55:00+00:00,4489.88,4492.77,4485.63,4492.74,874,8,0
2026-09-03 19:00:00+00:00,4492.7,4492.99,4489.81,4490.09,863,8,0
2026-09-03 19:05:00+00:00,4490.18,4493.03,4487.59,4492.16,886,8,0
2026-09-03 19:10:00+00:00,4492.13,4495.28,4491.93,4493.86,827,8,0
2026-09-03 19:15:00+00:00,4493.95,4494.75,4491.35,4493.71,788,8,0
2026-09-03 19:20:00+00:00,4493.77,4494.26,4491.05,4492.99,702,8,0
2026-09-03 19:25:00+00:00,4493.0,4494.4,4490.61,4493.2,850,8,0
2026-09-03 19:30:00+00:00,4493.23,4495.56,4489.78,4491.15,812,8,0
2026-09-03 19:35:00+00:00,4491.12,4491.82,4490.1,4491.22,800,8,0
2026-09-03 19:40:00+00:00,4491.25,4491.37,4486.75,4487.98,779,8,0
2026-09-03 19:45:00+00:00,4487.94,4491.09,4487.41,4488.85,755,8,0
2026-09-03 19:50:00+00:00,4488.84,4490.25,4485.59,4487.24,699,8,0
2026-09-03 19:55:00+00:00,4487.22,4488.68,4485.84,4486.22,696,8,0
2026-09-03 20:00:00+00:00,4486.31,4487.53,4483.3,4487.09,811,8,0
2026-09-03 20:05:00+00:00,4487.16,4488.81,4485.81,4486.04,725,8,0
2026-09-03 20:10:00+00:00,4486.03,4488.33,4485.76,4487.88,659,8,0
2026-09-03 20:15:00+00:00,4487.94,4488.27,4485.22,4487.66,704,8,0
2026-09-03 20:20:00+00:00,4487.65,4490.86,4487.21,4490.35,740,8,0
2026-09-03 20:25:00+00:00,4490.34,4493.24,4489.23,4492.39,746,8,0
2026-09-03 20:30:00+00:00,4492.36,4493.47,4490.37,4491.2,699,8,0
2026-09-03 20:35:00+00:00,4491.26,4493.55,4491.03,4492.53,694,8,0
2026-09-03 20:40:00+00:00,4492.54,4493.51,4491.86,4491.96,534,8,0
2026-09-03 20:45:00+00:00,4491.97,4494.7,4491.0,4491.37,620,8,0
2026-09-03 20:50:00+00:00,4491.44,4491.5,4488.43,4490.12,562,8,0
2026-09-03 20:55:00+00:00,4490.11,4490.6,4486.59,4486.68,582,8,0
2026-09-03 21:00:00+00:00,4486.64,4489.79,4486.64,4489.38,708,8,0
2026-09-03 21:05:00+00:00,4489.36,4489.36,4484.62,4488.33,741,8,0
2026-09-03 21:10:00+00:00,4488.35,4489.14,4484.04,4484.05,707,8,0
2026-09-03 21:15:00+00:00,4484.01,4486.78,4483.99,4486.41,666,8,0
2026-09-03 21:20:00+00:00,4486.4,4488.18,4482.13,4483.62,657,8,0
2026-09-03 21:25:00+00:00,4483.65,4484.58,4479.89,4479.89,777,8,0
2026-09-03 21:30:00+00:00,4479.82,4480.51,4475.79,4478.87,788,8,0
2026-09-03 21:35:00+00:00,4478.98,4482.57,4478.51,4482.23,642,8,0
2026-09-03 21:40:00+00:00,4482.22,4482.49,4480.83,4481.59,580,8,0
2026-09-03 21:45:00+00:00,4481.58,4482.75,4477.75,4478.83,638,8,0
2026-09-03 21:50:00+00:00,4478.81,4479.32,4475.55,4475.58,695,8,0
2026-09-03 21:55:00+00:00,4475.57,4476.41,4474.11,4475.23,711,8,0
2026-09-03 22:00:00+00:00,4475.24,4476.5,4474.02,4474.67,728,8,0
2026-09-03 22:05:00+00:00,4474.69,4476.38,4474.02,4476.29,633,8,0
2026-09-03 22:10:00+00:00,4476.28,4476.97,4472.82,4474.6,724,8,0
2026-09-03 22:15:00+00:00,4474.52,4476.7,4474.09,4476.17,664,10,0
2026-09-03 22:20:00+00:00,4476.3,4476.43,4474.2,4474.31,705,10,0
2026-09-03 22:25:00+00:00,4474.31,4475.85,4472.44,4475.84,599,10,0
2026-09-03 22:30:00+00:00,4475.86,4477.68,4474.19,4474.19,687,10,0
2026-09-03 22:35:00+00:00,4474.12,4476.23,4474.12,4475.33,616,10,0
2026-09-03 22:40:00+00:00,4475.37,4478.86,4475.37,4477.64,618,10,0
2026-09-03 22:45:00+00:00,4477.64,4480.84,4477.61,4479.47,651,10,0
2026-09-03 22:50:00+00:00,4479.48,4479.52,4476.71,4477.78,718,10,0
2026-09-03 22:55:00+00:00,4477.83,4478.68,4473.31,4474.51,803,10,0
2026-09-03 23:00:00+00:00,4475.27,4475.61,4471.66,4471.91,618,10,0
2026-09-03 23:05:00+00:00,4471.97,4473.65,4471.66,4473.13,356,10,0
2026-09-03 23:10:00+00:00,4473.09,4473.3,4471.7,4471.98,348,10,0
2026-09-03 23:15:00+00:00,4471.93,4471.97,4470.5,4471.05,380,10,0
2026-09-03 23:20:00+00:00,4471.08,4471.36,4470.45,4470.71,320,10,0
2026-09-03 23:25:00+00:00,4470.7,4472.33,4470.66,4471.52,323,10,0
2026-09-03 23:30:00+00:00,4471.55,4472.4,4471.17,4472.22,317,10,0
2026-09-03 23:35:00+00:00,4472.2,4472.68,4471.05,4471.62,345,10,0
2026-09-03 23:40:00+00:00,4471.65,4472.81,4471.16,4472.43,243,21,0
2026-09-03 23:45:00+00:00,4472.38,4473.15,4471.72,4472.78,294,21,0
2026-09-03 23:50:00+00:00,4472.81,4474.03,4472.61,4473.52,291,21,0
2026-09-03 23:55:00+00:00,4473.5,4474.39,4472.73,4474.39,257,21,0
2026-09-04 01:00:00+00:00,4473.06,4477.17,4473.0,4476.39,421,23,0
2026-09-04 01:05:00+00:00,4476.35,4477.32,4475.5,4475.78,267,17,0
2026-09-04 01:10:00+00:00,4475.75,4478.41,4474.41,4478.19,373,17,0
2026-09-04 01:15:00+00:00,4478.18,4478.73,4476.42,4476.61,341,17,0
2026-09-04 01:20:00+00:00,4476.62,4476.76,4474.84,4474.84,259,17,0
2026-09-04 01:25:00+00:00,4474.85,4475.67,4474.2,4474.94,242,17,0
2026-09-04 01:30:00+00:00,4474.9,4476.54,4474.17,4474.8,311,17,0
2026-09-04 01:35:00+00:00,4474.71,4474.89,4472.79,4472.83,316,17,0
2026-09-04 01:40:00+00:00,4472.79,4476.39,4472.78,4473.86,337,17,0
2026-09-04 01:45:00+00:00,4473.87,4474.93,4471.43,4474.47,374,16,0
2026-09-04 01:50:00+00:00,4474.39,4475.86,4472.01,4474.43,438,17,0
2026-09-04 01:55:00+00:00,4474.55,4475.24,4473.66,4474.55,208,11,0
2026-09-04 02:00:00+00:00,4474.52,4476.67,4474.41,4476.55,263,13,0
2026-09-04 02:05:00+00:00,4476.59,4477.26,4472.17,4475.46,336,12,0
2026-09-04 02:10:00+00:00,4475.51,4475.74,4473.49,4473.83,224,11,0
2026-09-04 02:15:00+00:00,4473.84,4474.7,4471.29,4473.02,321,12,0
2026-09-04 02:20:00+00:00,4473.01,4473.01,4471.66,4471.94,263,11,0
2026-09-04 02:25:00+00:00,4471.93,4474.16,4471.89,4473.44,275,11,0
2026-09-04 02:30:00+00:00,4473.46,4475.7,4473.2,4474.44,361,16,0
2026-09-04 02:35:00+00:00,4474.43,4477.87,4474.38,4477.45,305,14,0
2026-09-04 02:40:00+00:00,4477.44,4477.92,4476.24,4476.98,261,11,0
2026-09-04 02:45:00+00:00,4476.94,4476.94,4474.59,4474.66,313,17,0
2026-09-04 02:50:00+00:00,4474.68,4479.11,4474.63,4476.81,417,17,0
2026-09-04 02:55:00+00:00,4476.82,4479.89,4476.82,4479.73,389,13,0
2026-09-04 03:00:00+00:00,4479.68,4480.61,4477.86,4480.58,581,14,0
2026-09-04 03:05:00+00:00,4480.63,4482.64,4479.35,4479.65,635,17,0
2026-09-04 03:10:00+00:00,4479.58,4482.86,4479.13,4480.44,497,17,0
2026-09-04 03:15:00+00:00,4480.47,4480.61,4476.11,4476.68,515,11,0
2026-09-04 03:20:00+00:00,4476.67,4479.35,4475.98,4477.59,506,13,0
2026-09-04 03:25:00+00:00,4477.41,4477.41,4473.84,4474.17,505,11,0
2026-09-04 03:30:00+00:00,4474.15,4479.02,4472.32,4478.87,547,14,0
2026-09-04 03:35:00+00:00,4478.92,4479.08,4475.8,4475.89,436,11,0
2026-09-04 03:40:00+00:00,4475.86,4481.72,4475.55,4481.72,522,11,0
2026-09-04 03:45:00+00:00,4481.8,4484.6,4481.3,4481.64,500,14,0
2026-09-04 03:50:00+00:00,4481.38,4484.27,4480.77,4481.38,543,11,0
2026-09-04 03:55:00+00:00,4481.41,4486.46,4481.17,4485.99,589,13,0
2026-09-04 04:00:00+00:00,4485.76,4486.44,4477.39,4477.68,985,17,0
2026-09-04 04:05:00+00:00,4477.55,4479.44,4474.54,4477.31,838,16,0
2026-09-04 04:10:00+00:00,4477.32,4482.31,4473.85,4474.02,731,16,0
2026-09-04 04:15:00+00:00,4474.27,4478.33,4473.85,4475.17,752,13,0
2026-09-04 04:20:00+00:00,4475.19,4478.25,4473.99,4474.32,759,16,0
2026-09-04 04:25:00+00:00,4474.33,4475.51,4467.62,4470.55,845,15,0
2026-09-04 04:30:00+00:00,4470.57,4472.55,4468.74,4469.37,791,13,0
2026-09-04 04:35:00+00:00,4469.38,4476.37,4467.78,4473.13,785,14,0
2026-09-04 04:40:00+00:00,4473.03,4476.46,4470.67,4473.57,743,11,0
2026-09-04 04:45:00+00:00,4473.56,4473.56,4466.68,4468.63,693,11,0
2026-09-04 04:50:00+00:00,4468.39,4473.48,4467.7,4473.19,684,11,0
2026-09-04 04:55:00+00:00,4473.18,4480.12,4473.13,4478.52,720,16,0
2026-09-04 05:00:00+00:00,4478.47,4482.22,4478.09,4480.31,699,15,0
2026-09-04 05:05:00+00:00,4480.26,4480.41,4477.32,4478.33,579,11,0
2026-09-04 05:10:00+00:00,4478.37,4479.89,4476.86,4479.42,621,11,0
2026-09-04 05:15:00+00:00,4479.44,4480.24,4477.12,4478.54,423,13,0
2026-09-04 05:20:00+00:00,4478.55,4478.57,4473.94,4477.06,458,15,0
2026-09-04 05:25:00+00:00,4477.1,4477.62,4471.67,4473.93,526,17,0
2026-09-04 05:30:00+00:00,4473.25,4476.04,4470.93,4470.93,820,17,0
2026-09-04 05:35:00+00:00,4471.0,4477.28,4470.38,4476.51,623,17,0
2026-09-04 05:40:00+00:00,4476.53,4477.29,4470.91,4470.93,649,16,0
2026-09-04 05:45:00+00:00,4470.92,4476.05,4470.24,4475.97,599,12,0
2026-09-04 05:50:00+00:00,4475.99,4479.44,4475.33,4479.38,615,14,0
2026-09-04 05:55:00+00:00,4479.48,4480.91,4475.96,4477.43,564,11,0
2026-09-04 06:00:00+00:00,4477.46,4478.73,4475.75,4476.17,587,11,0
2026-09-04 06:05:00+00:00,4476.15,4476.17,4471.55,4471.97,604,11,0
2026-09-04 06:10:00+00:00,4471.84,4473.56,4470.26,4473.36,511,11,0
2026-09-04 06:15:00+00:00,4473.4,4474.27,4471.45,4472.98,459,11,0
2026-09-04 06:20:00+00:00,4472.95,4474.64,4472.09,4473.68,519,11,0
2026-09-04 06:25:00+00:00,4473.67,4474.47,4471.9,4472.48,508,11,0
2026-09-04 06:30:00+00:00,4472.45,4475.25,4472.22,4474.81,489,11,0
2026-09-04 06:35:00+00:00,4474.75,4474.96,4472.57,4472.87,322,11,0
2026-09-04 06:40:00+00:00,4472.89,4473.22,4469.2,4469.33,433,15,0
2026-09-04 06:45:00+00:00,4469.36,4470.1,4469.03,4469.3,355,11,0
2026-09-04 06:50:00+00:00,4469.31,4470.13,4467.64,4469.51,401,11,0
2026-09-04 06:55:00+00:00,4469.52,4469.93,4467.04,4467.04,352,11,0
2026-09-04 07:00:00+00:00,4467.03,4469.3,4465.52,4468.93,573,15,0
2026-09-04 07:05:00+00:00,4468.87,4469.77,4467.33,4468.15,399,12,0
2026-09-04 07:10:00+00:00,4468.14,4470.06,4467.6,4469.26,416,14,0
2026-09-04 07:15:00+00:00,4469.29,4469.66,4468.41,4469.58,330,11,0
2026-09-04 07:20:00+00:00,4469.57,4470.41,4468.65,4470.13,331,11,0
2026-09-04 07:25:00+00:00,4470.04,4472.39,4469.02,4471.63,380,16,0
2026-09-04 07:30:00+00:00,4471.66,4474.72,4471.66,4472.3,463,13,0
2026-09-04 07:35:00+00:00,4472.29,4474.86,4471.9,4474.39,357,12,0
2026-09-04 07:40:00+00:00,4474.39,4474.86,4473.49,4474.26,329,11,0
2026-09-04 07:45:00+00:00,4474.24,4474.46,4472.74,4473.2,355,12,0
2026-09-04 07:50:00+00:00,4473.14,4474.97,4473.14,4474.37,277,11,0
2026-09-04 07:55:00+00:00,4474.38,4474.58,4473.7,4473.72,289,11,0
2026-09-04 08:00:00+00:00,4473.74,4474.58,4470.84,4470.84,469,16,0
2026-09-04 08:05:00+00:00,4470.83,4471.95,4468.5,4469.26,459,16,0
2026-09-04 08:10:00+00:00,4469.22,4469.58,4467.43,4469.19,417,16,0
2026-09-04 08:15:00+00:00,4469.2,4475.25,4468.78,4473.88,456,17,0
2026-09-04 08:20:00+00:00,4473.79,4474.2,4470.25,4471.03,412,13,0
2026-09-04 08:25:00+00:00,4470.99,4471.27,4468.06,4468.8,443,13,0
2026-09-04 08:30:00+00:00,4467.55,4475.0,4466.81,4473.24,808,17,0
2026-09-04 08:35:00+00:00,4473.25,4476.93,4469.21,4476.39,653,17,0
2026-09-04 08:40:00+00:00,4476.45,4477.61,4470.51,4471.13,640,17,0
2026-09-04 08:45:00+00:00,4471.09,4472.84,4470.65,4470.7,579,15,0
2026-09-04 08:50:00+00:00,4470.76,4470.76,4467.31,4467.93,639,14,0
2026-09-04 08:55:00+00:00,4467.72,4472.14,4467.24,4472.07,607,16,0
2026-09-04 09:00:00+00:00,4472.06,4473.38,4469.13,4470.84,751,14,0
2026-09-04 09:05:00+00:00,4470.85,4471.91,4468.09,4469.7,664,10,0
2026-09-04 09:10:00+00:00,4469.69,4471.62,4466.71,4468.94,695,8,0
2026-09-04 09:15:00+00:00,4468.95,4469.31,4467.28,4468.89,591,8,0
2026-09-04 09:20:00+00:00,4468.9,4471.62,4466.77,4468.11,629,8,0
2026-09-04 09:25:00+00:00,4468.06,4471.86,4467.86,4468.91,621,12,0
2026-09-04 09:30:00+00:00,4468.9,4469.78,4464.58,4464.83,752,14,0
2026-09-04 09:35:00+00:00,4464.9,4466.51,4463.18,4466.26,755,10,0
2026-09-04 09:40:00+00:00,4466.24,4468.58,4464.09,4464.25,682,8,0
2026-09-04 09:45:00+00:00,4464.16,4464.27,4461.51,4461.8,752,8,0
2026-09-04 09:50:00+00:00,4461.81,4464.46,4461.39,4462.6,692,8,0
2026-09-04 09:55:00+00:00,4462.58,4463.48,4460.26,4462.98,691,8,0
2026-09-04 10:00:00+00:00,4463.0,4467.75,4461.67,4466.45,783,10,0
2026-09-04 10:05:00+00:00,4466.49,4469.28,4465.21,4468.61,683,8,0
2026-09-04 10:10:00+00:00,4468.63,4471.2,4467.88,4467.88,661,8,0
2026-09-04 10:15:00+00:00,4467.87,4468.96,4466.75,4468.89,569,8,0
2026-09-04 10:20:00+00:00,4468.88,4469.94,4466.89,4469.65,552,8,0
2026-09-04 10:25:00+00:00,4469.63,4472.83,4468.13,4472.83,585,8,0
2026-09-04 10:30:00+00:00,4472.72,4475.49,4472.72,4474.96,616,8,0
2026-09-04 10:35:00+00:00,4474.91,4476.47,4474.26,4475.14,595,8,0
2026-09-04 10:40:00+00:00,4475.13,4486.3,4474.76,4485.86,743,9,0
2026-09-04 10:45:00+00:00,4485.81,4490.69,4484.76,4488.05,755,14,0
2026-09-04 10:50:00+00:00,4488.06,4488.07,4482.68,4484.69,614,9,0
2026-09-04 10:55:00+00:00,4484.56,4486.28,4481.51,4483.5,686,9,0
2026-09-04 11:00:00+00:00,4483.53,4486.55,4483.31,4483.73,768,9,0
2026-09-04 11:05:00+00:00,4483.79,4483.92,4480.58,4480.92,692,8,0
2026-09-04 11:10:00+00:00,4480.97,4483.95,4479.42,4482.13,651,8,0
2026-09-04 11:15:00+00:00,4482.0,4484.11,4481.33,4482.61,633,8,0
2026-09-04 11:20:00+00:00,4482.63,4484.12,4480.11,4480.22,563,10,0
2026-09-04 11:25:00+00:00,4480.23,4482.41,4479.61,4480.85,592,10,0
2026-09-04 11:30:00+00:00,4481.05,4482.48,4478.08,4480.58,632,14,0
2026-09-04 11:35:00+00:00,4480.59,4481.54,4477.72,4478.56,617,12,0
2026-09-04 11:40:00+00:00,4478.55,4479.09,4477.49,4477.61,553,8,0
2026-09-04 11:45:00+00:00,4477.48,4478.59,4474.83,4474.95,533,8,0
2026-09-04 11:50:00+00:00,4474.92,4477.4,4474.5,4476.83,516,8,0
2026-09-04 11:55:00+00:00,4476.85,4479.73,4476.85,4477.85,496,9,0
2026-09-04 12:00:00+00:00,4477.84,4479.19,4476.57,4478.29,560,11,0
2026-09-04 12:05:00+00:00,4478.32,4478.33,4473.91,4475.09,512,8,0
2026-09-04 12:10:00+00:00,4475.13,4475.13,4469.04,4470.03,543,8,0
2026-09-04 12:15:00+00:00,4470.08,4470.69,4466.87,4466.98,638,12,0
2026-09-04 12:20:00+00:00,4466.91,4467.46,4464.08,4464.56,671,12,0
2026-09-04 12:25:00+00:00,4464.52,4466.69,4463.88,4466.69,637,10,0
2026-09-04 12:30:00+00:00,4466.66,4470.2,4464.63,4466.99,744,14,0
2026-09-04 12:35:00+00:00,4467.15,4469.76,4466.52,4467.89,603,8,0
2026-09-04 12:40:00+00:00,4467.91,4468.53,4465.87,4467.27,517,8,0
2026-09-04 12:45:00+00:00,4467.29,4469.62,4467.29,4469.22,520,8,0
2026-09-04 12:50:00+00:00,4469.25,4469.62,4467.22,4467.22,484,8,0
2026-09-04 12:55:00+00:00,4467.21,4469.66,4465.56,4465.6,576,10,0
2026-09-04 13:00:00+00:00,4465.5,4470.17,4465.5,4469.49,533,10,0
2026-09-04 13:05:00+00:00,4469.48,4470.87,4468.74,4470.66,450,8,0
2026-09-04 13:10:00+00:00,4470.65,4473.21,4469.06,4472.76,500,8,0
2026-09-04 13:15:00+00:00,4472.79,4473.4,4471.17,4471.86,499,9,0
2026-09-04 13:20:00+00:00,4471.87,4471.97,4468.17,4468.35,462,9,0
2026-09-04 13:25:00+00:00,4468.49,4473.24,4468.38,4471.18,581,10,0
2026-09-04 13:30:00+00:00,4471.19,4475.17,4470.87,4473.25,519,11,0
2026-09-04 13:35:00+00:00,4473.24,4473.48,4470.08,4473.35,505,10,0
2026-09-04 13:40:00+00:00,4473.36,4474.1,4472.62,4473.57,469,9,0
2026-09-04 13:45:00+00:00,4473.56,4476.42,4473.53,4474.71,536,9,0
2026-09-04 13:50:00+00:00,4474.81,4475.86,4473.57,4474.73,452,10,0
2026-09-04 13:55:00+00:00,4474.71,4475.07,4472.81,4472.88,443,10,0
2026-09-04 14:00:00+00:00,4472.87,4473.33,4470.47,4471.96,646,14,0
2026-09-04 14:05:00+00:00,4472.03,4472.22,4469.51,4470.76,498,8,0
2026-09-04 14:10:00+00:00,4470.82,4471.31,4469.66,4470.29,510,8,0
2026-09-04 14:15:00+00:00,4470.3,4470.66,4466.38,4466.81,531,8,0
2026-09-04 14:20:00+00:00,4466.82,4470.79,4466.72,4468.88,522,8,0
2026-09-04 14:25:00+00:00,4468.26,4468.26,4465.44,4465.69,517,8,0
2026-09-04 14:30:00+00:00,4465.69,4468.36,4465.29,4465.97,552,8,0
2026-09-04 14:35:00+00:00,4466.0,4469.53,4466.0,4467.99,513,8,0
2026-09-04 14:40:00+00:00,4468.16,4470.33,4466.0,4468.24,558,13,0
2026-09-04 14:45:00+00:00,4468.2,4470.46,4467.23,4467.52,538,8,0
2026-09-04 14:50:00+00:00,4467.53,4470.63,4467.2,4469.06,623,8,0
2026-09-04 14:55:00+00:00,4469.05,4469.89,4465.29,4466.94,526,8,0
2026-09-04 15:00:00+00:00,4466.95,4469.41,4464.91,4468.68,707,14,0
2026-09-04 15:05:00+00:00,4468.9,4470.38,4466.9,4467.34,711,14,0
2026-09-04 15:10:00+00:00,4467.47,4468.97,4464.66,4464.82,707,12,0
2026-09-04 15:15:00+00:00,4464.79,4468.23,4464.49,4468.01,752,10,0
2026-09-04 15:20:00+00:00,4468.0,4470.16,4464.54,4468.11,855,14,0
2026-09-04 15:25:00+00:00,4468.08,4476.19,4467.45,4473.02,901,8,0
2026-09-04 15:30:00+00:00,4472.85,4473.41,4381.06,4394.36,925,10,0
2026-09-04 15:35:00+00:00,4394.75,4397.83,4383.16,4390.95,1127,19,0
2026-09-04 15:40:00+00:00,4391.11,4406.4,4386.39,4394.02,1142,16,0
2026-09-04 15:45:00+00:00,4394.05,4397.58,4381.1,4397.19,1152,19,0
2026-09-04 15:50:00+00:00,4397.22,4409.91,4395.38,4406.02,1119,19,0
2026-09-04 15:55:00+00:00,4406.01,4409.06,4393.04,4394.01,1105,13,0
2026-09-04 16:00:00+00:00,4394.13,4394.77,4366.53,4379.98,1144,13,0
2026-09-04 16:05:00+00:00,4380.1,4390.94,4376.81,4388.99,1110,12,0
2026-09-04 16:10:00+00:00,4388.97,4394.33,4383.16,4394.33,1087,12,0
2026-09-04 16:15:00+00:00,4394.3,4399.93,4391.51,4398.78,1089,13,0
2026-09-04 16:20:00+00:00,4398.79,4407.11,4396.98,4405.25,1031,12,0
2026-09-04 16:25:00+00:00,4405.23,4414.58,4404.35,4412.9,1068,13,0
2026-09-04 16:30:00+00:00,4412.76,4420.62,4412.25,4413.97,1179,14,0
2026-09-04 16:35:00+00:00,4414.02,4417.64,4405.37,4407.52,1167,14,0
2026-09-04 16:40:00+00:00,4407.4,4424.16,4407.25,4423.97,1140,13,0
2026-09-04 16:45:00+00:00,4423.92,4434.72,4418.5,4429.93,1133,9,0
2026-09-04 16:50:00+00:00,4429.9,4431.42,4421.15,4422.59,1110,9,0
2026-09-04 16:55:00+00:00,4423.62,4426.86,4413.3,4413.56,1047,8,0
2026-09-04 17:00:00+00:00,4413.22,4420.19,4412.17,4420.19,1063,8,0
2026-09-04 17:05:00+00:00,4420.52,4427.19,4415.97,4423.85,1106,8,0
2026-09-04 17:10:00+00:00,4423.94,4435.05,4419.27,4434.05,1109,8,0
2026-09-04 17:15:00+00:00,4434.03,4436.97,4429.03,4432.43,1109,8,0
2026-09-04 17:20:00+00:00,4432.34,4435.62,4426.77,4430.72,1092,8,0
2026-09-04 17:25:00+00:00,4430.71,4437.35,4428.98,4429.14,1019,8,0
2026-09-04 17:30:00+00:00,4429.07,4439.83,4429.07,4439.83,1028,8,0
2026-09-04 17:35:00+00:00,4439.62,4442.32,4428.64,4429.67,1013,8,0
2026-09-04 17:40:00+00:00,4429.67,4432.59,4425.52,4428.66,1019,8,0
2026-09-04 17:45:00+00:00,4428.61,4432.04,4422.79,4428.08,1057,9,0
2026-09-04 17:50:00+00:00,4428.05,4428.82,4417.51,4417.73,1050,8,0
2026-09-04 17:55:00+00:00,4417.74,4429.92,4417.21,4427.53,996,8,0
2026-09-04 18:00:00+00:00,4427.54,4430.77,4422.81,4430.24,1017,10,0
2026-09-04 18:05:00+00:00,4429.97,4439.27,4429.79,4436.69,1007,8,0
2026-09-04 18:10:00+00:00,4436.78,4443.62,4434.76,4443.44,975,8,0
2026-09-04 18:15:00+00:00,4443.4,4448.55,4441.29,4448.12,1008,8,0
2026-09-04 18:20:00+00:00,4448.09,4448.98,4440.33,4442.97,996,8,0
2026-09-04 18:25:00+00:00,4442.98,4446.06,4439.7,4439.99,945,8,0
2026-09-04 18:30:00+00:00,4439.96,4444.29,4438.49,4439.9,963,8,0
2026-09-04 18:35:00+00:00,4439.81,4441.15,4437.44,4438.12,896,8,0
2026-09-04 18:40:00+00:00,4438.09,4446.5,4436.97,4442.93,870,8,0
2026-09-04 18:45:00+00:00,4442.94,4445.04,4441.84,4443.8,848,8,0
2026-09-04 18:50:00+00:00,4443.87,4445.9,4439.3,4439.41,841,11,0
2026-09-04 18:55:00+00:00,4439.37,4441.08,4435.67,4436.51,801,8,0
2026-09-04 19:00:00+00:00,4436.71,4440.24,4436.39,4439.42,775,8,0
2026-09-04 19:05:00+00:00,4439.38,4440.37,4433.58,4433.61,824,11,0
2026-09-04 19:10:00+00:00,4433.69,4439.41,4432.38,4438.78,808,9,0
2026-09-04 19:15:00+00:00,4438.79,4443.48,4437.47,4441.57,798,8,0
2026-09-04 19:20:00+00:00,4441.54,4442.48,4435.79,4438.0,785,9,0
2026-09-04 19:25:00+00:00,4437.9,4438.35,4433.34,4434.25,779,8,0
2026-09-04 19:30:00+00:00,4434.27,4438.92,4433.41,4437.48,753,8,0
2026-09-04 19:35:00+00:00,4437.46,4438.46,4436.44,4437.6,693,8,0
2026-09-04 19:40:00+00:00,4437.61,4439.76,4435.51,4438.07,710,9,0
2026-09-04 19:45:00+00:00,4438.09,4440.43,4437.43,4439.82,710,11,0
2026-09-04 19:50:00+00:00,4439.89,4440.31,4435.93,4435.97,670,9,0
2026-09-04 19:55:00+00:00,4435.99,4437.79,4434.76,4436.56,711,9,0
2026-09-04 20:00:00+00:00,4436.42,4436.58,4430.05,4431.41,888,13,0
2026-09-04 20:05:00+00:00,4431.35,4433.79,4430.34,4432.15,765,12,0
2026-09-04 20:10:00+00:00,4432.17,4434.74,4431.91,4434.16,638,8,0
2026-09-04 20:15:00+00:00,4434.1,4438.87,4433.27,4438.36,690,8,0
2026-09-04 20:20:00+00:00,4438.38,4440.39,4431.31,4433.28,771,8,0
2026-09-04 20:25:00+00:00,4433.29,4433.34,4427.53,4428.58,848,13,0
2026-09-04 20:30:00+00:00,4428.69,4429.81,4423.1,4424.07,793,8,0
2026-09-04 20:35:00+00:00,4424.08,4425.33,4421.88,4422.3,725,10,0
2026-09-04 20:40:00+00:00,4422.27,4422.33,4416.48,4417.12,709,8,0
2026-09-04 20:45:00+00:00,4417.26,4420.21,4415.65,4419.54,773,8,0
2026-09-04 20:50:00+00:00,4419.5,4421.38,4418.66,4419.28,725,8,0
2026-09-04 20:55:00+00:00,4419.24,4419.54,4416.2,4416.58,714,8,0
2026-09-04 21:00:00+00:00,4416.6,4417.51,4411.97,4412.66,805,8,0
2026-09-04 21:05:00+00:00,4412.7,4418.16,4412.18,4417.93,768,11,0
2026-09-04 21:10:00+00:00,4417.78,4419.79,4416.4,4419.52,682,10,0
2026-09-04 21:15:00+00:00,4419.54,4422.36,4419.24,4419.33,624,8,0
2026-09-04 21:20:00+00:00,4419.34,4424.78,4419.32,4424.66,614,8,0
2026-09-04 21:25:00+00:00,4424.73,4426.69,4423.53,4424.78,672,8,0
2026-09-04 21:30:00+00:00,4424.81,4425.21,4423.05,4425.11,519,8,0
2026-09-04 21:35:00+00:00,4425.03,4425.21,4421.29,4422.59,571,8,0
2026-09-04 21:40:00+00:00,4422.58,4425.53,4422.07,4422.93,602,11,0
2026-09-04 21:45:00+00:00,4422.91,4424.36,4421.98,4423.85,517,8,0
2026-09-04 21:50:00+00:00,4423.86,4425.49,4423.54,4425.04,524,8,0
2026-09-04 21:55:00+00:00,4425.01,4425.89,4423.06,4423.95,561,8,0
2026-09-04 22:00:00+00:00,4423.98,4425.33,4422.58,4423.51,603,9,0
2026-09-04 22:05:00+00:00,4423.55,4425.41,4422.77,4425.24,521,8,0
2026-09-04 22:10:00+00:00,4425.21,4430.04,4424.82,4428.72,618,8,0
2026-09-04 22:15:00+00:00,4429.17,4432.06,4428.48,4428.9,544,12,0
2026-09-04 22:20:00+00:00,4428.91,4431.14,4426.9,4430.98,462,10,0
2026-09-04 22:25:00+00:00,4430.97,4435.82,4430.14,4435.63,586,8,0
2026-09-04 22:30:00+00:00,4435.58,4438.37,4434.18,4437.7,664,9,0
2026-09-04 22:35:00+00:00,4437.67,4437.69,4435.22,4436.4,527,8,0
2026-09-04 22:40:00+00:00,4436.53,4437.56,4435.02,4436.79,534,8,0
2026-09-04 22:45:00+00:00,4436.99,4437.24,4433.55,4435.24,537,8,0
2026-09-04 22:50:00+00:00,4435.47,4436.33,4434.17,4436.32,633,8,0
2026-09-04 22:55:00+00:00,4436.23,4436.23,4432.75,4434.89,734,8,0
2026-09-04 23:00:00+00:00,4434.87,4435.13,4432.21,4432.72,457,8,0
2026-09-04 23:05:00+00:00,4432.74,4432.77,4431.2,4431.86,333,8,0
2026-09-04 23:10:00+00:00,4431.88,4432.45,4430.97,4431.71,263,8,0
2026-09-04 23:15:00+00:00,4431.72,4431.84,4430.09,4430.98,251,8,0
2026-09-04 23:20:00+00:00,4431.04,4431.32,4430.15,4430.19,240,8,0
2026-09-04 23:25:00+00:00,4430.18,4430.9,4429.51,4430.2,275,8,0
2026-09-04 23:30:00+00:00,4430.17,4430.17,4429.09,4429.55,239,10,0
2026-09-04 23:35:00+00:00,4429.56,4430.89,4429.48,4430.56,197,10,0
2026-09-04 23:40:00+00:00,4430.53,4430.71,4429.23,4430.42,188,17,0
2026-09-04 23:45:00+00:00,4430.51,4430.62,4428.62,4428.71,219,17,0
2026-09-04 23:50:00+00:00,4428.74,4431.31,4428.7,4431.1,221,19,0
2026-09-04 23:55:00+00:00,4430.99,4431.63,4429.45,4429.8,166,21,0
2026-09-07 01:00:00+00:00,4420.4,4428.1,4417.55,4422.33,754,20,0
2026-09-07 01:05:00+00:00,4422.09,4425.85,4422.08,4424.78,412,21,0
2026-09-07 01:10:00+00:00,4424.69,4428.98,4424.3,4428.98,239,19,0
2026-09-07 01:15:00+00:00,4428.91,4430.22,4427.72,4427.98,272,19,0
2026-09-07 01:20:00+00:00,4427.96,4429.84,4427.44,4428.79,288,19,0
2026-09-07 01:25:00+00:00,4428.63,4429.95,4426.93,4428.78,294,19,0
2026-09-07 01:30:00+00:00,4428.79,4430.79,4428.27,4428.28,249,19,0
2026-09-07 01:35:00+00:00,4428.32,4429.77,4427.77,4429.73,235,19,0
2026-09-07 01:40:00+00:00,4429.77,4431.24,4429.46,4430.85,223,19,0
2026-09-07 01:45:00+00:00,4430.84,4435.15,4430.72,4434.04,280,19,0
2026-09-07 01:50:00+00:00,4434.11,4434.36,4431.47,4432.66,238,17,0
2026-09-07 01:55:00+00:00,4432.5,4433.11,4429.23,4429.5,269,17,0
2026-09-07 02:00:00+00:00,4429.51,4431.26,4429.38,4430.11,324,17,0
2026-09-07 02:05:00+00:00,4430.14,4431.32,4429.99,4430.36,243,16,0
2026-09-07 02:10:00+00:00,4430.37,4430.62,4429.6,4429.97,232,17,0
2026-09-07 02:15:00+00:00,4429.96,4430.05,4428.62,4428.8,212,16,0
2026-09-07 02:20:00+00:00,4428.92,4429.35,4425.29,4425.34,363,17,0
2026-09-07 02:25:00+00:00,4425.31,4427.4,4425.28,4427.01,314,17,0
2026-09-07 02:30:00+00:00,4426.77,4428.37,4425.44,4427.99,320,13,0
2026-09-07 02:35:00+00:00,4428.0,4430.41,4427.0,4427.78,330,16,0
2026-09-07 02:40:00+00:00,4427.79,4429.17,4425.25,4429.05,363,16,0
2026-09-07 02:45:00+00:00,4429.07,4433.76,4427.11,4427.38,506,16,0
2026-09-07 02:50:00+00:00,4427.27,4427.93,4422.71,4424.21,480,17,0
2026-09-07 02:55:00+00:00,4424.28,4424.97,4421.23,4423.39,486,17,0
2026-09-07 03:00:00+00:00,4423.4,4426.62,4422.22,4423.24,690,17,0
2026-09-07 03:05:00+00:00,4423.27,4425.24,4421.3,4422.04,630,16,0
2026-09-07 03:10:00+00:00,4422.05,4427.62,4421.24,4425.01,655,16,0
2026-09-07 03:15:00+00:00,4425.12,4428.55,4423.92,4425.89,573,12,0
2026-09-07 03:20:00+00:00,4425.98,4427.35,4424.55,4426.11,513,11,0
2026-09-07 03:25:00+00:00,4426.14,4427.21,4422.29,4422.29,507,13,0
2026-09-07 03:30:00+00:00,4422.24,4422.59,4418.68,4419.26,660,17,0
2026-09-07 03:35:00+00:00,4419.19,4423.85,4418.54,4422.44,579,11,0
2026-09-07 03:40:00+00:00,4422.4,4425.19,4421.2,4424.15,616,11,0
2026-09-07 03:45:00+00:00,4424.14,4429.58,4424.14,4427.42,535,11,0
2026-09-07 03:50:00+00:00,4427.28,4427.46,4421.41,4422.64,562,11,0
2026-09-07 03:55:00+00:00,4422.68,4422.71,4410.22,4412.6,786,11,0
2026-09-07 04:00:00+00:00,4412.65,4415.94,4407.68,4412.09,1083,17,0
2026-09-07 04:05:00+00:00,4412.07,4413.26,4401.73,4403.04,990,17,0
2026-09-07 04:10:00+00:00,4403.02,4406.98,4395.72,4399.79,962,17,0
2026-09-07 04:15:00+00:00,4399.84,4400.31,4391.29,4393.96,972,17,0
2026-09-07 04:20:00+00:00,4394.09,4396.45,4389.87,4396.21,943,16,0
2026-09-07 04:25:00+00:00,4396.11,4403.61,4393.95,4403.38,856,13,0
2026-09-07 04:30:00+00:00,4403.42,4411.3,4403.12,4408.39,903,15,0
2026-09-07 04:35:00+00:00,4408.45,4412.86,4406.42,4411.95,826,17,0
2026-09-07 04:40:00+00:00,4411.99,4412.7,4408.13,4409.83,783,17,0
2026-09-07 04:45:00+00:00,4409.8,4412.94,4408.33,4408.87,709,17,0
2026-09-07 04:50:00+00:00,4408.93,4416.8,4408.73,4414.03,831,17,0
2026-09-07 04:55:00+00:00,4413.76,4414.91,4409.24,4409.54,803,15,0
2026-09-07 05:00:00+00:00,4409.55,4411.02,4405.67,4407.45,756,17,0
2026-09-07 05:05:00+00:00,4407.44,4407.54,4402.95,4404.83,719,11,0
2026-09-07 05:10:00+00:00,4404.87,4406.16,4403.37,4403.72,668,11,0
2026-09-07 05:15:00+00:00,4403.81,4406.92,4403.62,4406.9,502,13,0
2026-09-07 05:20:00+00:00,4406.85,4409.22,4406.53,4409.18,495,15,0
2026-09-07 05:25:00+00:00,4409.19,4409.45,4407.26,4407.75,454,15,0
2026-09-07 05:30:00+00:00,4407.74,4414.49,4407.0,4414.33,870,17,0
2026-09-07 05:35:00+00:00,4414.34,4418.54,4412.93,4417.98,739,16,0
2026-09-07 05:40:00+00:00,4417.99,4418.52,4413.76,4415.04,679,16,0
2026-09-07 05:45:00+00:00,4414.83,4418.98,4413.72,4417.33,708,16,0
2026-09-07 05:50:00+00:00,4417.35,4417.61,4413.57,4414.06,653,14,0
2026-09-07 05:55:00+00:00,4414.03,4414.4,4407.48,4408.92,764,14,0
2026-09-07 06:00:00+00:00,4408.88,4410.44,4407.48,4410.38,751,11,0
2026-09-07 06:05:00+00:00,4410.3,4410.3,4405.62,4406.5,830,13,0
2026-09-07 06:10:00+00:00,4406.33,4408.45,4405.69,4407.74,585,11,0
2026-09-07 06:15:00+00:00,4407.78,4408.88,4404.66,4406.85,594,14,0
2026-09-07 06:20:00+00:00,4406.87,4410.15,4406.24,4409.01,546,11,0
2026-09-07 06:25:00+00:00,4409.24,4409.7,4408.07,4408.7,528,11,0
2026-09-07 06:30:00+00:00,4408.68,4408.83,4406.31,4407.99,501,11,0
2026-09-07 06:35:00+00:00,4408.0,4408.47,4404.89,4405.43,389,11,0
2026-09-07 06:40:00+00:00,4405.39,4405.8,4401.72,4401.88,452,11,0
2026-09-07 06:45:00+00:00,4401.87,4404.94,4401.82,4403.4,381,16,0
2026-09-07 06:50:00+00:00,4403.43,4403.61,4401.23,4402.3,406,16,0
2026-09-07 06:55:00+00:00,4402.33,4404.44,4401.68,4404.23,381,11,0
2026-09-07 07:00:00+00:00,4404.15,4405.11,4401.44,4401.65,462,17,0
2026-09-07 07:05:00+00:00,4401.64,4405.21,4401.49,4405.13,397,15,0
2026-09-07 07:10:00+00:00,4405.06,4407.17,4404.93,4406.59,398,11,0
2026-09-07 07:15:00+00:00,4406.62,4406.73,4402.74,4403.09,370,15,0
2026-09-07 07:20:00+00:00,4403.08,4403.12,4400.67,4400.84,362,11,0
2026-09-07 07:25:00+00:00,4400.81,4402.42,4400.22,4402.27,358,11,0
2026-09-07 07:30:00+00:00,4402.29,4402.58,4397.31,4398.07,431,11,0
2026-09-07 07:35:00+00:00,4398.08,4398.44,4394.49,4395.22,496,11,0
2026-09-07 07:40:00+00:00,4395.23,4397.36,4394.92,4396.78,317,11,0
2026-09-07 07:45:00+00:00,4396.77,4397.61,4395.65,4396.59,338,11,0
2026-09-07 07:50:00+00:00,4396.56,4397.87,4395.72,4396.18,359,11,0
2026-09-07 07:55:00+00:00,4396.18,4398.94,4395.68,4398.04,357,11,0
2026-09-07 08:00:00+00:00,4398.05,4402.42,4397.7,4402.31,406,14,0
2026-09-07 08:05:00+00:00,4402.16,4404.13,4400.39,4401.12,434,11,0
2026-09-07 08:10:00+00:00,4401.12,4402.61,4398.42,4402.61,483,11,0
2026-09-07 08:15:00+00:00,4402.61,4405.42,4401.99,4404.79,411,11,0
2026-09-07 08:20:00+00:00,4404.79,4405.18,4402.46,4405.04,337,11,0
2026-09-07 08:25:00+00:00,4405.0,4411.63,4404.47,4411.09,536,17,0
2026-09-07 08:30:00+00:00,4411.12,4413.1,4405.23,4408.31,885,17,0
2026-09-07 08:35:00+00:00,4408.32,4410.53,4404.95,4405.45,702,17,0
2026-09-07 08:40:00+00:00,4405.46,4405.46,4401.57,4403.93,689,16,0
2026-09-07 08:45:00+00:00,4403.92,4406.49,4402.34,4403.13,619,16,0
2026-09-07 08:50:00+00:00,4403.18,4403.18,4395.42,4396.17,729,16,0
2026-09-07 08:55:00+00:00,4396.22,4397.87,4393.06,4394.01,773,14,0
2026-09-07 09:00:00+00:00,4394.12,4394.67,4385.33,4387.71,892,14,0
2026-09-07 09:05:00+00:00,4387.7,4390.39,4385.42,4389.52,813,11,0
2026-09-07 09:10:00+00:00,4389.45,4393.83,4387.58,4392.03,714,8,0
2026-09-07 09:15:00+00:00,4392.07,4395.9,4391.88,4395.27,600,8,0
2026-09-07 09:20:00+00:00,4395.18,4397.88,4390.02,4397.5,694,8,0
2026-09-07 09:25:00+00:00,4397.4,4398.07,4393.68,4394.44,577,9,0
2026-09-07 09:30:00+00:00,4394.45,4397.99,4393.88,4397.83,568,11,0
2026-09-07 09:35:00+00:00,4397.88,4398.57,4394.02,4397.18,605,11,0
2026-09-07 09:40:00+00:00,4397.13,4399.84,4396.23,4396.33,621,12,0
2026-09-07 09:45:00+00:00,4396.29,4399.23,4396.25,4396.76,617,10,0
2026-09-07 09:50:00+00:00,4396.88,4398.01,4394.64,4395.04,572,8,0
2026-09-07 09:55:00+00:00,4395.01,4395.75,4391.3,4392.79,663,8,0
2026-09-07 10:00:00+00:00,4392.82,4401.16,4391.9,4400.12,733,10,0
2026-09-07 10:05:00+00:00,4400.15,4401.67,4397.95,4400.23,743,13,0
2026-09-07 10:10:00+00:00,4400.23,4401.4,4395.73,4401.27,614,11,0
2026-09-07 10:15:00+00:00,4401.3,4401.97,4397.11,4397.83,680,8,0
2026-09-07 10:20:00+00:00,4397.92,4401.01,4396.14,4398.45,589,9,0
2026-09-07 10:25:00+00:00,4398.4,4399.98,4394.84,4395.34,676,9,0
2026-09-07 10:30:00+00:00,4395.42,4397.49,4393.81,4396.06,626,11,0
2026-09-07 10:35:00+00:00,4395.95,4399.09,4395.03,4395.03,667,9,0
2026-09-07 10:40:00+00:00,4395.02,4396.67,4392.34,4395.95,698,8,0
2026-09-07 10:45:00+00:00,4395.99,4399.48,4394.98,4399.3,625,8,0
2026-09-07 10:50:00+00:00,4399.3,4402.3,4397.89,4401.2,759,8,0
2026-09-07 10:55:00+00:00,4401.19,4406.64,4400.65,4406.38,842,11,0
2026-09-07 11:00:00+00:00,4406.33,4416.71,4405.23,4412.4,837,11,0
2026-09-07 11:05:00+00:00,4412.38,4414.69,4409.75,4413.93,875,11,0
2026-09-07 11:10:00+00:00,4413.92,4417.66,4412.7,4417.08,894,10,0
2026-09-07 11:15:00+00:00,4417.15,4423.51,4417.15,4421.57,782,8,0
2026-09-07 11:20:00+00:00,4421.76,4423.03,4417.97,4417.97,766,9,0
2026-09-07 11:25:00+00:00,4417.96,4420.29,4416.44,4419.77,720,8,0
2026-09-07 11:30:00+00:00,4419.78,4423.81,4418.41,4421.28,802,10,0
2026-09-07 11:35:00+00:00,4421.15,4421.9,4415.58,4415.58,671,8,0
2026-09-07 11:40:00+00:00,4415.57,4416.34,4413.57,4414.66,651,8,0
2026-09-07 11:45:00+00:00,4414.73,4415.22,4413.16,4414.29,608,10,0
2026-09-07 11:50:00+00:00,4414.05,4414.05,4410.54,4411.51,612,11,0
2026-09-07 11:55:00+00:00,4411.5,4411.67,4409.67,4411.01,457,9,0
2026-09-07 12:00:00+00:00,4410.93,4413.68,4410.92,4412.26,489,11,0
2026-09-07 12:05:00+00:00,4412.25,4412.74,4411.24,4412.74,477,10,0
2026-09-07 12:10:00+00:00,4412.72,4413.48,4410.86,4411.11,519,10,0
2026-09-07 12:15:00+00:00,4411.12,4411.88,4406.66,4408.11,556,8,0
2026-09-07 12:20:00+00:00,4408.14,4409.08,4407.68,4408.68,443,9,0
2026-09-07 12:25:00+00:00,4408.61,4409.44,4405.39,4405.44,571,8,0
2026-09-07 12:30:00+00:00,4405.45,4406.44,4403.69,4405.88,617,13,0
2026-09-07 12:35:00+00:00,4405.92,4408.92,4404.52,4408.84,551,8,0
2026-09-07 12:40:00+00:00,4408.8,4410.1,4408.6,4409.62,438,8,0
2026-09-07 12:45:00+00:00,4409.61,4410.25,4409.0,4409.83,349,8,0
2026-09-07 12:50:00+00:00,4409.82,4410.17,4407.07,4408.37,387,11,0
2026-09-07 12:55:00+00:00,4408.4,4408.5,4404.83,4405.73,380,13,0
2026-09-07 13:00:00+00:00,4405.7,4406.25,4404.64,4404.8,393,8,0
2026-09-07 13:05:00+00:00,4404.71,4405.55,4402.73,4404.92,408,8,0
2026-09-07 13:10:00+00:00,4404.91,4404.91,4402.43,4403.21,328,8,0
2026-09-07 13:15:00+00:00,4403.08,4404.5,4402.55,4404.27,357,8,0
2026-09-07 13:20:00+00:00,4404.29,4404.68,4398.03,4398.25,502,8,0
2026-09-07 13:25:00+00:00,4398.21,4398.99,4396.21,4396.31,472,13,0
2026-09-07 13:30:00+00:00,4396.31,4397.26,4394.18,4395.02,444,8,0
2026-09-07 13:35:00+00:00,4395.07,4395.07,4392.51,4394.14,583,9,0
2026-09-07 13:40:00+00:00,4394.13,4399.36,4394.09,4397.77,500,8,0
2026-09-07 13:45:00+00:00,4397.8,4397.96,4394.26,4394.73,464,8,0
2026-09-07 13:50:00+00:00,4394.75,4396.37,4391.82,4391.82,501,8,0
2026-09-07 13:55:00+00:00,4391.84,4393.08,4388.41,4391.7,815,15,0
2026-09-07 14:00:00+00:00,4391.71,4392.51,4389.35,4391.36,709,15,0
2026-09-07 14:05:00+00:00,4391.33,4393.9,4390.57,4391.15,522,13,0
2026-09-07 14:10:00+00:00,4391.14,4394.25,4390.33,4393.74,547,9,0
2026-09-07 14:15:00+00:00,4393.74,4394.15,4391.92,4392.51,478,8,0
2026-09-07 14:20:00+00:00,4392.52,4394.97,4388.85,4390.23,531,11,0
2026-09-07 14:25:00+00:00,4390.19,4390.81,4387.88,4389.52,560,9,0
2026-09-07 14:30:00+00:00,4389.39,4389.84,4381.17,4382.48,762,14,0
2026-09-07 14:35:00+00:00,4382.5,4389.12,4382.14,4388.56,617,13,0
2026-09-07 14:40:00+00:00,4388.57,4388.64,4386.22,4386.7,503,9,0
2026-09-07 14:45:00+00:00,4386.72,4392.1,4386.02,4391.01,463,8,0
2026-09-07 14:50:00+00:00,4391.03,4391.78,4386.59,4387.22,436,11,0
2026-09-07 14:55:00+00:00,4387.24,4388.18,4385.1,4385.29,463,14,0
2026-09-07 15:00:00+00:00,4385.4,4389.26,4385.4,4386.26,493,15,0
2026-09-07 15:05:00+00:00,4386.25,4391.52,4386.25,4390.51,463,11,0
2026-09-07 15:10:00+00:00,4390.55,4393.01,4389.98,4390.81,464,9,0
2026-09-07 15:15:00+00:00,4390.82,4392.93,4390.82,4392.23,411,8,0
2026-09-07 15:20:00+00:00,4392.16,4393.85,4390.45,4393.74,529,8,0
2026-09-07 15:25:00+00:00,4393.7,4395.34,4393.14,4395.34,506,8,0
2026-09-07 15:30:00+00:00,4395.3,4396.96,4394.12,4394.58,515,8,0
2026-09-07 15:35:00+00:00,4394.55,4395.78,4392.74,4395.34,503,8,0
2026-09-07 15:40:00+00:00,4395.29,4397.6,4395.29,4397.05,517,8,0
2026-09-07 15:45:00+00:00,4397.04,4397.7,4395.94,4397.01,494,8,0
2026-09-07 15:50:00+00:00,4397.0,4398.04,4394.34,4394.69,521,8,0
2026-09-07 15:55:00+00:00,4394.73,4397.04,4394.33,4396.8,457,8,0
2026-09-07 16:00:00+00:00,4396.81,4400.38,4395.43,4400.15,890,15,0
2026-09-07 16:05:00+00:00,4400.28,4402.49,4399.29,4402.47,698,11,0
2026-09-07 16:10:00+00:00,4402.51,4404.54,4401.03,4403.97,737,13,0
2026-09-07 16:15:00+00:00,4404.25,4404.25,4401.55,4402.05,640,8,0
2026-09-07 16:20:00+00:00,4402.11,4404.7,4402.11,4403.52,546,8,0
2026-09-07 16:25:00+00:00,4403.64,4405.01,4402.79,4403.82,530,8,0
2026-09-07 16:30:00+00:00,4403.86,4407.46,4403.24,4406.21,668,11,0
2026-09-07 16:35:00+00:00,4406.23,4406.75,4402.56,4403.15,615,8,0
2026-09-07 16:40:00+00:00,4403.16,4403.98,4401.74,4403.43,603,8,0
2026-09-07 16:45:00+00:00,4403.45,4407.78,4403.45,4403.62,688,9,0
2026-09-07 16:50:00+00:00,4403.61,4404.85,4402.48,4404.47,531,8,0
2026-09-07 16:55:00+00:00,4404.65,4404.67,4401.29,4402.61,582,8,0
2026-09-07 17:00:00+00:00,4402.66,4407.88,4401.15,4406.23,740,13,0
2026-09-07 17:05:00+00:00,4406.27,4408.63,4405.68,4407.92,587,8,0
2026-09-07 17:10:00+00:00,4407.93,4408.93,4406.74,4407.13,524,8,0
2026-09-07 17:15:00+00:00,4407.18,4409.08,4406.83,4407.96,525,8,0
2026-09-07 17:20:00+00:00,4407.96,4408.05,4405.14,4405.96,515,8,0
2026-09-07 17:25:00+00:00,4405.98,4408.78,4405.88,4407.11,421,9,0
2026-09-07 17:30:00+00:00,4407.1,4407.45,4405.6,4405.97,516,8,0
2026-09-07 17:35:00+00:00,4406.01,4407.85,4404.72,4405.7,541,11,0
2026-09-07 17:40:00+00:00,4405.78,4412.2,4405.34,4411.15,780,8,0
2026-09-07 17:45:00+00:00,4411.16,4418.52,4410.64,4413.89,988,8,0
2026-09-07 17:50:00+00:00,4413.91,4419.56,4412.34,4416.95,761,15,0
2026-09-07 17:55:00+00:00,4416.96,4417.44,4415.67,4416.15,709,8,0
2026-09-07 18:00:00+00:00,4416.12,4416.65,4412.46,4413.79,768,8,0
2026-09-07 18:05:00+00:00,4413.8,4414.19,4409.26,4413.04,704,10,0
2026-09-07 18:10:00+00:00,4413.02,4414.61,4411.5,4413.9,606,10,0
2026-09-07 18:15:00+00:00,4414.11,4414.8,4412.99,4414.47,567,11,0
2026-09-07 18:20:00+00:00,4414.48,4415.15,4413.21,4414.32,511,13,0
2026-09-07 18:25:00+00:00,4414.31,4414.5,4411.97,4413.15,535,10,0
2026-09-07 18:30:00+00:00,4413.13,4414.46,4411.98,4413.85,442,11,0
2026-09-07 18:35:00+00:00,4413.79,4414.32,4410.92,4410.95,406,11,0
2026-09-07 18:40:00+00:00,4410.96,4412.53,4409.65,4411.94,401,11,0
2026-09-07 18:45:00+00:00,4412.0,4413.24,4411.51,4412.74,403,10,0
2026-09-07 18:50:00+00:00,4412.76,4413.8,4412.39,4413.47,321,10,0
2026-09-07 18:55:00+00:00,4413.28,4415.23,4412.58,4414.4,372,12,0
2026-09-07 19:00:00+00:00,4414.46,4414.92,4412.9,4413.94,333,12,0
2026-09-07 19:05:00+00:00,4413.95,4415.77,4413.74,4415.76,306,11,0
2026-09-07 19:10:00+00:00,4415.73,4416.74,4414.73,4414.8,334,10,0
2026-09-07 19:15:00+00:00,4414.77,4415.32,4412.69,4413.36,358,11,0
2026-09-07 19:20:00+00:00,4413.4,4414.04,4413.15,4413.22,247,10,0
2026-09-07 19:25:00+00:00,4413.29,4414.33,4413.14,4413.64,290,12,0
2026-09-07 19:30:00+00:00,4413.62,4414.03,4412.64,4412.69,270,10,0
2026-09-07 19:35:00+00:00,4412.79,4413.46,4411.86,4412.36,296,11,0
2026-09-07 19:40:00+00:00,4412.38,4414.14,4412.24,4414.11,242,10,0
2026-09-07 19:45:00+00:00,4414.13,4414.53,4412.99,4413.53,208,10,0
2026-09-07 19:50:00+00:00,4413.52,4414.5,4413.06,4413.33,181,10,0
2026-09-07 19:55:00+00:00,4413.28,4414.52,4413.09,4414.51,199,10,0
2026-09-07 20:00:00+00:00,4414.52,4415.1,4413.53,4413.79,119,10,0
2026-09-07 20:05:00+00:00,4413.84,4414.68,4412.36,4412.91,160,10,0
2026-09-07 20:10:00+00:00,4412.92,4413.18,4412.28,4412.38,142,10,0
2026-09-07 20:15:00+00:00,4412.52,4414.0,4412.49,4413.57,138,10,0
2026-09-07 20:20:00+00:00,4413.6,4413.62,4412.29,4412.78,136,10,0
2026-09-07 20:25:00+00:00,4412.78,4412.96,4412.15,4412.31,136,8,0
2026-09-07 20:30:00+00:00,4412.39,4412.62,4409.92,4410.17,172,11,0
2026-09-07 20:35:00+00:00,4410.11,4410.83,4410.0,4410.25,138,8,0
2026-09-07 20:40:00+00:00,4410.27,4410.99,4410.17,4410.97,126,8,0
2026-09-07 20:45:00+00:00,4410.9,4410.9,4409.75,4410.5,170,8,0
2026-09-07 20:50:00+00:00,4410.51,4410.89,4408.78,4409.36,190,8,0
2026-09-07 20:55:00+00:00,4409.32,4409.32,4407.15,4407.17,314,14,0
2026-09-07 21:00:00+00:00,4407.21,4408.6,4405.88,4407.03,304,15,0
2026-09-07 21:05:00+00:00,4407.05,4409.11,4406.77,4408.08,207,8,0
2026-09-07 21:10:00+00:00,4408.09,4408.87,4404.47,4404.91,304,8,0
2026-09-07 21:15:00+00:00,4404.91,4405.22,4403.7,4404.89,262,11,0
2026-09-07 21:20:00+00:00,4404.88,4406.2,4404.29,4405.51,245,10,0
2026-09-07 21:25:00+00:00,4405.48,4406.41,4403.12,4406.24,361,10,0
2026-09-08 01:00:00+00:00,4406.9,4414.63,4406.9,4412.8,439,10,0
2026-09-08 01:05:00+00:00,4412.77,4413.52,4411.87,4412.49,334,23,0
2026-09-08 01:10:00+00:00,4412.47,4413.12,4412.27,4412.49,241,23,0
2026-09-08 01:15:00+00:00,4412.49,4413.27,4412.36,4413.17,192,17,0
2026-09-08 01:20:00+00:00,4413.22,4413.28,4411.09,4411.53,238,17,0
2026-09-08 01:25:00+00:00,4411.51,4411.51,4409.69,4409.76,249,17,0
2026-09-08 01:30:00+00:00,4409.5,4409.54,4408.73,4409.01,244,17,0
2026-09-08 01:35:00+00:00,4409.02,4409.87,4408.47,4408.75,406,17,0
2026-09-08 01:40:00+00:00,4408.75,4409.65,4407.91,4408.18,241,17,0
2026-09-08 01:45:00+00:00,4408.19,4408.47,4406.24,4406.61,219,17,0
2026-09-08 01:50:00+00:00,4406.57,4407.57,4406.55,4407.57,198,17,0
2026-09-08 01:55:00+00:00,4407.79,4407.94,4407.21,4407.58,240,17,0
2026-09-08 02:00:00+00:00,4407.29,4411.99,4407.26,4411.98,332,17,0
2026-09-08 02:05:00+00:00,4412.01,4412.35,4410.41,4410.54,274,17,0
2026-09-08 02:10:00+00:00,4410.53,4411.44,4410.19,4411.03,294,16,0
2026-09-08 02:15:00+00:00,4411.02,4411.48,4409.16,4410.41,437,17,0
2026-09-08 02:20:00+00:00,4410.42,4412.68,4409.77,4410.23,383,16,0
2026-09-08 02:25:00+00:00,4410.24,4412.67,4409.5,4410.82,405,16,0
2026-09-08 02:30:00+00:00,4410.81,4417.87,4410.81,4417.7,434,16,0
2026-09-08 02:35:00+00:00,4417.95,4422.84,4417.61,4420.52,724,17,0
2026-09-08 02:40:00+00:00,4420.47,4427.95,4419.3,4427.5,684,17,0
2026-09-08 02:45:00+00:00,4427.52,4428.09,4423.24,4427.03,625,17,0
2026-09-08 02:50:00+00:00,4427.01,4427.48,4421.84,4421.92,588,15,0
2026-09-08 02:55:00+00:00,4421.88,4424.16,4420.56,4423.4,753,16,0
2026-09-08 03:00:00+00:00,4423.69,4424.88,4418.87,4419.81,988,17,0
2026-09-08 03:05:00+00:00,4419.79,4421.08,4417.73,4420.56,886,17,0
2026-09-08 03:10:00+00:00,4420.51,4420.51,4415.56,4417.63,849,16,0
2026-09-08 03:15:00+00:00,4417.61,4430.35,4416.61,4425.62,905,14,0
2026-09-08 03:20:00+00:00,4425.56,4430.55,4420.06,4421.94,839,15,0
2026-09-08 03:25:00+00:00,4421.89,4423.8,4418.35,4421.93,829,12,0
2026-09-08 03:30:00+00:00,4421.9,4426.56,4421.35,4425.77,811,13,0
2026-09-08 03:35:00+00:00,4425.81,4426.06,4421.64,4423.24,674,11,0
2026-09-08 03:40:00+00:00,4423.45,4426.64,4419.8,4421.99,689,11,0
2026-09-08 03:45:00+00:00,4421.98,4423.39,4417.75,4420.79,676,11,0
2026-09-08 03:50:00+00:00,4420.81,4421.74,4415.7,4421.58,783,11,0
2026-09-08 03:55:00+00:00,4421.59,4427.94,4421.33,4426.88,791,15,0
2026-09-08 04:00:00+00:00,4426.72,4428.98,4417.61,4419.79,1044,17,0
2026-09-08 04:05:00+00:00,4419.71,4422.82,4418.47,4422.66,939,15,0
2026-09-08 04:10:00+00:00,4422.7,4431.79,4421.68,4428.88,985,15,0
2026-09-08 04:15:00+00:00,4428.91,4431.83,4427.34,4428.85,886,15,0
2026-09-08 04:20:00+00:00,4428.93,4435.71,4428.61,4433.97,817,15,0
2026-09-08 04:25:00+00:00,4433.99,4436.52,4432.7,4434.69,740,15,0
2026-09-08 04:30:00+00:00,4434.88,4437.37,4432.16,4432.52,848,17,0
2026-09-08 04:35:00+00:00,4432.49,4433.37,4431.09,4432.99,813,17,0
2026-09-08 04:40:00+00:00,4433.18,4435.82,4432.61,4433.87,792,17,0
2026-09-08 04:45:00+00:00,4433.97,4441.05,4433.97,4441.01,795,16,0
2026-09-08 04:50:00+00:00,4441.03,4441.07,4436.45,4438.95,754,16,0
2026-09-08 04:55:00+00:00,4438.94,4440.09,4436.76,4437.44,727,15,0
2026-09-08 05:00:00+00:00,4437.45,4439.05,4432.76,4434.23,776,17,0
2026-09-08 05:05:00+00:00,4434.27,4434.65,4428.98,4428.98,734,15,0
2026-09-08 05:10:00+00:00,4428.96,4430.88,4426.61,4428.18,791,16,0
2026-09-08 05:15:00+00:00,4428.26,4428.26,4425.87,4426.47,604,11,0
2026-09-08 05:20:00+00:00,4426.46,4429.67,4425.16,4428.56,647,11,0
2026-09-08 05:25:00+00:00,4428.48,4428.9,4424.51,4424.95,615,12,0
2026-09-08 05:30:00+00:00,4424.56,4426.1,4423.03,4424.54,786,14,0
2026-09-08 05:35:00+00:00,4424.54,4424.72,4421.46,4423.78,788,13,0
2026-09-08 05:40:00+00:00,4423.88,4426.9,4422.66,4426.7,725,11,0
2026-09-08 05:45:00+00:00,4426.68,4427.98,4422.79,4423.45,736,13,0
2026-09-08 05:50:00+00:00,4423.4,4425.61,4421.23,4422.96,699,11,0
2026-09-08 05:55:00+00:00,4422.97,4424.79,4422.29,4424.29,665,11,0
2026-09-08 06:00:00+00:00,4424.23,4425.37,4422.52,4425.19,614,12,0
2026-09-08 06:05:00+00:00,4425.29,4430.48,4424.79,4430.2,638,15,0
2026-09-08 06:10:00+00:00,4430.24,4431.73,4428.69,4429.71,661,16,0
2026-09-08 06:15:00+00:00,4429.64,4435.79,4428.74,4435.29,644,12,0
2026-09-08 06:20:00+00:00,4435.25,4440.02,4434.64,4436.86,789,17,0
2026-09-08 06:25:00+00:00,4436.85,4437.72,4431.18,4432.01,773,17,0
2026-09-08 06:30:00+00:00,4432.07,4435.02,4431.01,4431.81,572,13,0
2026-09-08 06:35:00+00:00,4431.62,4432.07,4430.63,4431.05,440,12,0
2026-09-08 06:40:00+00:00,4431.06,4433.18,4430.94,4432.62,388,14,0
2026-09-08 06:45:00+00:00,4432.61,4437.54,4432.46,4436.73,541,17,0
2026-09-08 06:50:00+00:00,4436.68,4437.51,4434.99,4436.82,456,17,0
2026-09-08 06:55:00+00:00,4436.82,4438.81,4436.05,4437.84,467,14,0
2026-09-08 07:00:00+00:00,4437.82,4442.11,4437.82,4441.6,581,17,0
2026-09-08 07:05:00+00:00,4441.59,4442.94,4439.27,4440.54,624,14,0
2026-09-08 07:10:00+00:00,4440.55,4442.71,4439.27,4439.28,461,11,0
2026-09-08 07:15:00+00:00,4439.26,4440.7,4438.05,4438.9,481,11,0
2026-09-08 07:20:00+00:00,4438.89,4438.95,4432.98,4433.63,551,17,0
2026-09-08 07:25:00+00:00,4433.6,4434.07,4431.67,4432.57,514,11,0
2026-09-08 07:30:00+00:00,4432.61,4434.53,4432.31,4433.71,518,13,0
2026-09-08 07:35:00+00:00,4433.72,4434.79,4433.08,4434.3,509,14,0
2026-09-08 07:40:00+00:00,4434.32,4436.55,4434.28,4436.5,471,13,0
2026-09-08 07:45:00+00:00,4436.5,4436.64,4434.61,4434.79,388,11,0
2026-09-08 07:50:00+00:00,4434.95,4435.92,4434.44,4435.1,446,11,0
2026-09-08 07:55:00+00:00,4435.1,4439.87,4434.3,4436.11,550,11,0
2026-09-08 08:00:00+00:00,4436.08,4437.72,4434.45,4434.48,506,11,0
2026-09-08 08:05:00+00:00,4434.42,4434.59,4430.13,4431.03,643,17,0
2026-09-08 08:10:00+00:00,4431.04,4431.46,4427.1,4427.1,685,17,0
2026-09-08 08:15:00+00:00,4427.11,4429.49,4426.41,4429.28,558,13,0
2026-09-08 08:20:00+00:00,4429.27,4431.62,4425.05,4425.05,701,12,0
2026-09-08 08:25:00+00:00,4425.03,4425.41,4420.38,4420.38,679,17,0
2026-09-08 08:30:00+00:00,4420.57,4425.53,4418.14,4423.12,961,17,0
2026-09-08 08:35:00+00:00,4423.14,4427.18,4421.86,4427.09,789,16,0
2026-09-08 08:40:00+00:00,4427.19,4427.24,4425.23,4426.1,706,15,0
2026-09-08 08:45:00+00:00,4426.12,4429.01,4423.53,4425.36,746,16,0
2026-09-08 08:50:00+00:00,4425.24,4425.24,4419.47,4419.63,742,17,0
2026-09-08 08:55:00+00:00,4419.59,4420.82,4417.48,4418.91,826,12,0
2026-09-08 09:00:00+00:00,4418.99,4420.1,4412.94,4415.26,950,13,0
2026-09-08 09:05:00+00:00,4415.32,4415.61,4411.25,4413.47,939,9,0
2026-09-08 09:10:00+00:00,4413.42,4413.52,4408.68,4411.54,920,8,0
2026-09-08 09:15:00+00:00,4411.53,4411.54,4401.78,4401.78,925,8,0
2026-09-08 09:20:00+00:00,4401.7,4406.04,4401.3,4403.63,933,10,0
2026-09-08 09:25:00+00:00,4403.58,4403.98,4399.18,4400.16,923,8,0
2026-09-08 09:30:00+00:00,4400.21,4402.92,4398.76,4402.26,866,8,0
2026-09-08 09:35:00+00:00,4402.17,4404.2,4398.59,4404.18,882,8,0
2026-09-08 09:40:00+00:00,4404.19,4409.06,4404.17,4407.62,697,8,0
2026-09-08 09:45:00+00:00,4407.65,4408.67,4406.38,4408.38,779,8,0
2026-09-08 09:50:00+00:00,4408.34,4409.57,4404.23,4405.41,774,9,0
2026-09-08 09:55:00+00:00,4405.31,4405.58,4403.61,4404.19,846,10,0
2026-09-08 10:00:00+00:00,4404.05,4408.81,4402.77,4408.51,873,12,0
2026-09-08 10:05:00+00:00,4408.35,4409.77,4407.03,4407.23,696,11,0
2026-09-08 10:10:00+00:00,4407.36,4407.81,4402.94,4403.41,786,8,0
2026-09-08 10:15:00+00:00,4403.32,4403.83,4401.29,4403.83,719,8,0
2026-09-08 10:20:00+00:00,4403.86,4404.4,4400.65,4402.38,723,8,0
2026-09-08 10:25:00+00:00,4402.43,4404.51,4401.08,4401.94,711,8,0
2026-09-08 10:30:00+00:00,4401.95,4405.73,4398.29,4398.34,769,8,0
2026-09-08 10:35:00+00:00,4398.18,4399.4,4392.24,4393.84,827,8,0
2026-09-08 10:40:00+00:00,4393.98,4397.57,4391.53,4395.87,769,8,0
2026-09-08 10:45:00+00:00,4395.84,4397.63,4394.29,4394.36,640,8,0
2026-09-08 10:50:00+00:00,4394.38,4394.46,4391.49,4392.29,753,8,0
2026-09-08 10:55:00+00:00,4392.3,4394.83,4390.2,4392.39,718,8,0
2026-09-08 11:00:00+00:00,4392.4,4393.07,4389.18,4391.73,916,8,0
2026-09-08 11:05:00+00:00,4391.71,4396.14,4388.47,4388.61,828,13,0
2026-09-08 11:10:00+00:00,4388.62,4393.23,4388.4,4390.98,690,8,0
2026-09-08 11:15:00+00:00,4391.0,4394.41,4390.7,4394.17,663,8,0
2026-09-08 11:20:00+00:00,4394.11,4394.96,4390.3,4394.87,758,9,0
2026-09-08 11:25:00+00:00,4394.82,4396.89,4394.82,4395.05,812,8,0
2026-09-08 11:30:00+00:00,4395.0,4398.67,4393.62,4398.66,821,11,0
2026-09-08 11:35:00+00:00,4398.67,4398.92,4394.31,4396.26,622,8,0
2026-09-08 11:40:00+00:00,4396.27,4396.31,4391.96,4392.73,759,8,0
2026-09-08 11:45:00+00:00,4392.77,4398.21,4391.07,4393.82,893,14,0
2026-09-08 11:50:00+00:00,4393.8,4394.99,4391.73,4392.83,739,9,0
2026-09-08 11:55:00+00:00,4392.91,4394.49,4391.79,4394.2,718,9,0
2026-09-08 12:00:00+00:00,4394.28,4395.94,4391.43,4395.94,716,9,0
2026-09-08 12:05:00+00:00,4395.89,4397.84,4394.82,4395.23,681,8,0
2026-09-08 12:10:00+00:00,4395.24,4397.93,4395.19,4397.6,613,8,0
2026-09-08 12:15:00+00:00,4397.47,4399.33,4397.02,4397.07,621,9,0
2026-09-08 12:20:00+00:00,4396.86,4397.1,4393.73,4394.79,613,11,0
2026-09-08 12:25:00+00:00,4394.72,4396.47,4392.51,4393.2,698,11,0
2026-09-08 12:30:00+00:00,4393.12,4397.47,4390.92,4395.8,701,11,0
2026-09-08 12:35:00+00:00,4395.81,4397.35,4395.46,4397.21,602,8,0
2026-09-08 12:40:00+00:00,4397.19,4403.33,4397.12,4401.29,858,8,0
2026-09-08 12:45:00+00:00,4401.3,4402.97,4400.94,4402.93,655,8,0
2026-09-08 12:50:00+00:00,4402.92,4405.45,4402.9,4404.39,545,8,0
2026-09-08 12:55:00+00:00,4404.55,4405.02,4402.74,4402.76,565,11,0
2026-09-08 13:00:00+00:00,4402.78,4402.81,4398.23,4398.31,638,14,0
2026-09-08 13:05:00+00:00,4398.3,4398.65,4396.09,4396.3,627,14,0
2026-09-08 13:10:00+00:00,4396.33,4396.6,4393.54,4395.69,668,13,0
2026-09-08 13:15:00+00:00,4396.07,4398.43,4395.87,4398.15,556,8,0
2026-09-08 13:20:00+00:00,4398.11,4406.42,4397.29,4400.41,822,9,0
2026-09-08 13:25:00+00:00,4400.48,4400.93,4398.33,4399.25,570,11,0
2026-09-08 13:30:00+00:00,4399.23,4399.36,4396.99,4396.99,523,11,0
2026-09-08 13:35:00+00:00,4397.08,4397.46,4394.09,4394.98,472,13,0
2026-09-08 13:40:00+00:00,4394.97,4398.32,4394.0,4397.14,571,14,0
2026-09-08 13:45:00+00:00,4397.08,4400.44,4396.9,4399.02,490,13,0
2026-09-08 13:50:00+00:00,4399.03,4400.16,4396.85,4398.88,516,15,0
2026-09-08 13:55:00+00:00,4398.93,4399.84,4395.39,4395.39,581,14,0
2026-09-08 14:00:00+00:00,4395.37,4397.38,4394.94,4395.95,702,14,0
2026-09-08 14:05:00+00:00,4395.98,4398.69,4393.25,4396.55,676,11,0
2026-09-08 14:10:00+00:00,4396.65,4397.07,4391.22,4395.11,722,14,0
2026-09-08 14:15:00+00:00,4395.08,4401.67,4395.03,4401.63,735,9,0
2026-09-08 14:20:00+00:00,4401.57,4401.64,4398.41,4401.07,594,9,0
2026-09-08 14:25:00+00:00,4401.09,4402.98,4400.42,4402.0,597,11,0
2026-09-08 14:30:00+00:00,4402.05,4404.96,4400.62,4404.77,609,13,0
2026-09-08 14:35:00+00:00,4404.78,4407.86,4404.28,4404.85,661,14,0
2026-09-08 14:40:00+00:00,4404.82,4406.85,4403.47,4403.61,645,13,0
2026-09-08 14:45:00+00:00,4403.6,4404.31,4399.26,4399.88,648,8,0
2026-09-08 14:50:00+00:00,4399.76,4402.62,4397.76,4400.51,695,8,0
2026-09-08 14:55:00+00:00,4400.5,4406.62,4400.35,4406.46,674,8,0
2026-09-08 15:00:00+00:00,4406.45,4406.71,4402.44,4402.82,814,15,0
2026-09-08 15:05:00+00:00,4402.83,4404.28,4401.84,4403.77,723,9,0
2026-09-08 15:10:00+00:00,4403.81,4404.03,4390.72,4391.8,930,16,0
2026-09-08 15:15:00+00:00,4391.78,4391.86,4385.34,4391.51,946,16,0
2026-09-08 15:20:00+00:00,4391.53,4396.53,4387.42,4395.08,942,14,0
2026-09-08 15:25:00+00:00,4395.07,4401.91,4394.22,4401.91,863,8,0
2026-09-08 15:30:00+00:00,4401.88,4408.14,4400.79,4405.08,896,8,0
2026-09-08 15:35:00+00:00,4405.16,4405.52,4398.42,4401.24,871,8,0
2026-09-08 15:40:00+00:00,4401.4,4401.85,4395.39,4396.76,833,8,0
2026-09-08 15:45:00+00:00,4396.59,4402.3,4395.7,4402.24,853,13,0
2026-09-08 15:50:00+00:00,4402.25,4403.57,4400.71,4403.41,794,8,0
2026-09-08 15:55:00+00:00,4403.43,4411.74,4403.09,4411.53,868,8,0
2026-09-08 16:00:00+00:00,4411.68,4412.73,4402.67,4406.18,1063,16,0
2026-09-08 16:05:00+00:00,4406.19,4407.02,4402.56,4404.65,981,14,0
2026-09-08 16:10:00+00:00,4404.64,4408.62,4403.99,4408.53,894,8,0
2026-09-08 16:15:00+00:00,4408.51,4410.8,4405.67,4407.96,880,8,0
2026-09-08 16:20:00+00:00,4407.98,4408.92,4403.34,4403.34,845,8,0
2026-09-08 16:25:00+00:00,4403.35,4404.21,4399.16,4400.41,917,8,0
2026-09-08 16:30:00+00:00,4400.34,4405.69,4398.07,4398.3,1096,11,0
2026-09-08 16:35:00+00:00,4398.26,4402.64,4396.0,4400.15,1074,16,0
2026-09-08 16:40:00+00:00,4400.08,4400.08,4390.45,4396.61,1030,13,0
2026-09-08 16:45:00+00:00,4396.63,4402.75,4394.38,4402.75,1065,12,0
2026-09-08 16:50:00+00:00,4402.95,4403.29,4398.09,4403.29,1028,10,0
2026-09-08 16:55:00+00:00,4404.02,4407.45,4396.39,4396.42,1001,10,0
2026-09-08 17:00:00+00:00,4396.51,4402.37,4395.34,4402.04,1050,13,0
2026-09-08 17:05:00+00:00,4402.03,4402.8,4398.32,4399.88,1019,10,0
2026-09-08 17:10:00+00:00,4399.14,4399.62,4392.37,4395.27,1043,10,0
2026-09-08 17:15:00+00:00,4395.26,4401.22,4394.88,4400.5,964,10,0
2026-09-08 17:20:00+00:00,4400.51,4402.76,4396.57,4402.62,931,10,0
2026-09-08 17:25:00+00:00,4402.65,4404.37,4396.25,4396.54,915,10,0
2026-09-08 17:30:00+00:00,4396.67,4399.45,4395.14,4398.44,937,11,0
2026-09-08 17:35:00+00:00,4398.45,4400.68,4395.21,4395.79,955,8,0
2026-09-08 17:40:00+00:00,4395.56,4397.71,4392.8,4397.35,935,9,0
2026-09-08 17:45:00+00:00,4397.37,4399.03,4392.15,4393.48,898,8,0
2026-09-08 17:50:00+00:00,4393.38,4395.74,4389.15,4393.74,952,11,0
2026-09-08 17:55:00+00:00,4393.78,4398.68,4392.3,4398.66,874,8,0
2026-09-08 18:00:00+00:00,4398.88,4406.87,4397.63,4403.36,940,8,0
2026-09-08 18:05:00+00:00,4403.16,4404.03,4400.61,4403.61,840,8,0
2026-09-08 18:10:00+00:00,4403.66,4408.22,4403.66,4404.76,821,8,0
2026-09-08 18:15:00+00:00,4404.78,4409.3,4404.78,4405.98,766,8,0
2026-09-08 18:20:00+00:00,4405.64,4405.79,4396.45,4398.45,894,8,0
2026-09-08 18:25:00+00:00,4398.42,4404.27,4398.23,4399.01,913,9,0
2026-09-08 18:30:00+00:00,4399.03,4404.17,4399.03,4403.95,868,9,0
2026-09-08 18:35:00+00:00,4403.89,4404.08,4398.59,4399.63,757,11,0
2026-09-08 18:40:00+00:00,4399.62,4400.96,4397.33,4399.98,757,8,0
2026-09-08 18:45:00+00:00,4400.08,4400.47,4396.04,4396.99,751,13,0
2026-09-08 18:50:00+00:00,4397.06,4400.35,4396.26,4397.81,716,13,0
2026-09-08 18:55:00+00:00,4397.73,4399.13,4394.75,4394.78,671,8,0
2026-09-08 19:00:00+00:00,4394.75,4395.14,4391.33,4394.84,807,11,0
2026-09-08 19:05:00+00:00,4394.85,4394.85,4380.76,4380.97,759,9,0
2026-09-08 19:10:00+00:00,4381.13,4386.45,4380.74,4386.44,988,11,0
2026-09-08 19:15:00+00:00,4386.48,4387.48,4383.74,4385.28,833,11,0
2026-09-08 19:20:00+00:00,4385.32,4392.79,4385.32,4392.79,778,8,0
2026-09-08 19:25:00+00:00,4392.81,4394.48,4390.88,4394.07,746,8,0
2026-09-08 19:30:00+00:00,4394.03,4396.69,4393.01,4394.71,746,8,0
2026-09-08 19:35:00+00:00,4394.74,4396.38,4393.67,4394.64,605,8,0
2026-09-08 19:40:00+00:00,4394.67,4395.7,4393.6,4394.21,605,9,0
2026-09-08 19:45:00+00:00,4394.17,4394.49,4392.16,4393.84,633,9,0
2026-09-08 19:50:00+00:00,4393.85,4398.31,4392.79,4394.04,793,8,0
2026-09-08 19:55:00+00:00,4394.15,4395.55,4390.46,4393.74,789,8,0
2026-09-08 20:00:00+00:00,4393.68,4401.87,4393.68,4401.46,821,8,0
2026-09-08 20:05:00+00:00,4401.47,4403.69,4397.63,4397.8,823,8,0
2026-09-08 20:10:00+00:00,4397.82,4399.18,4394.64,4395.61,611,8,0
2026-09-08 20:15:00+00:00,4395.59,4397.41,4395.59,4396.7,577,8,0
2026-09-08 20:20:00+00:00,4396.44,4396.44,4392.9,4394.06,642,9,0
2026-09-08 20:25:00+00:00,4394.05,4394.86,4391.95,4393.91,737,13,0
2026-09-08 20:30:00+00:00,4394.06,4395.08,4391.37,4391.53,603,8,0
2026-09-08 20:35:00+00:00,4391.49,4392.88,4389.4,4389.4,673,9,0
2026-09-08 20:40:00+00:00,4389.41,4389.51,4385.54,4385.54,629,8,0
2026-09-08 20:45:00+00:00,4385.5,4387.93,4385.36,4387.13,619,8,0
2026-09-08 20:50:00+00:00,4387.14,4389.39,4387.0,4389.03,595,8,0
2026-09-08 20:55:00+00:00,4389.04,4390.3,4387.88,4389.97,598,8,0
2026-09-08 21:00:00+00:00,4389.98,4390.31,4387.14,4387.14,749,11,0
2026-09-08 21:05:00+00:00,4387.13,4388.25,4384.84,4384.84,728,11,0
2026-09-08 21:10:00+00:00,4384.89,4387.61,4384.12,4387.61,619,8,0
2026-09-08 21:15:00+00:00,4387.62,4387.74,4384.56,4385.62,627,8,0
2026-09-08 21:20:00+00:00,4385.61,4386.89,4384.68,4385.52,665,8,0
2026-09-08 21:25:00+00:00,4385.55,4386.05,4384.36,4385.62,668,8,0
2026-09-08 21:30:00+00:00,4385.6,4385.73,4381.46,4384.26,708,8,0
2026-09-08 21:35:00+00:00,4384.28,4384.86,4382.76,4384.27,594,8,0
2026-09-08 21:40:00+00:00,4384.28,4385.64,4383.5,4385.6,518,8,0
2026-09-08 21:45:00+00:00,4385.59,4386.61,4362.49,4363.62,795,9,0
2026-09-08 21:50:00+00:00,4363.78,4375.9,4358.3,4375.9,1110,13,0
2026-09-08 21:55:00+00:00,4375.83,4378.03,4372.6,4375.66,1014,11,0
2026-09-08 22:00:00+00:00,4375.62,4377.04,4371.72,4374.73,903,11,0
2026-09-08 22:05:00+00:00,4374.94,4375.42,4369.59,4371.49,786,11,0
2026-09-08 22:10:00+00:00,4371.56,4374.2,4370.46,4370.46,753,12,0
2026-09-08 22:15:00+00:00,4370.47,4373.06,4367.78,4367.83,780,12,0
2026-09-08 22:20:00+00:00,4367.75,4369.74,4365.6,4366.06,739,12,0
2026-09-08 22:25:00+00:00,4365.92,4369.46,4365.54,4367.98,728,12,0
2026-09-08 22:30:00+00:00,4367.92,4367.94,4360.67,4363.53,842,13,0
2026-09-08 22:35:00+00:00,4363.63,4368.9,4363.45,4366.47,721,13,0
2026-09-08 22:40:00+00:00,4366.53,4368.62,4365.57,4367.95,644,11,0
2026-09-08 22:45:00+00:00,4367.93,4368.12,4364.42,4366.03,766,12,0
2026-09-08 22:50:00+00:00,4366.12,4366.12,4360.95,4363.69,879,12,0
2026-09-08 22:55:00+00:00,4363.65,4364.27,4356.81,4359.44,890,11,0
2026-09-08 23:00:00+00:00,4359.42,4364.34,4357.64,4357.72,672,10,0
2026-09-08 23:05:00+00:00,4357.61,4358.85,4356.04,4358.06,631,10,0
2026-09-08 23:10:00+00:00,4358.05,4361.94,4357.01,4360.19,503,10,0
2026-09-08 23:15:00+00:00,4360.25,4361.04,4359.32,4360.98,436,10,0
2026-09-08 23:20:00+00:00,4361.09,4361.4,4359.05,4359.05,305,11,0
2026-09-08 23:25:00+00:00,4359.04,4359.61,4355.67,4356.75,435,13,0
2026-09-08 23:30:00+00:00,4356.77,4358.19,4356.41,4358.08,418,10,0
2026-09-08 23:35:00+00:00,4358.04,4358.7,4357.2,4357.59,300,10,0
2026-09-08 23:40:00+00:00,4357.58,4358.34,4357.19,4357.83,250,11,0
2026-09-08 23:45:00+00:00,4357.85,4358.01,4345.93,4347.82,282,21,0
2026-09-08 23:50:00+00:00,4347.76,4355.52,4347.76,4353.61,406,21,0
2026-09-08 23:55:00+00:00,4353.63,4356.26,4353.08,4355.37,269,21,0
2026-09-09 01:00:00+00:00,4360.69,4360.69,4352.46,4357.45,528,15,0
2026-09-09 01:05:00+00:00,4357.48,4357.81,4353.12,4354.23,414,17,0
2026-09-09 01:10:00+00:00,4354.21,4357.24,4353.68,4356.11,392,17,0
2026-09-09 01:15:00+00:00,4356.21,4357.61,4354.68,4355.64,313,17,0
2026-09-09 01:20:00+00:00,4355.65,4355.66,4353.26,4354.07,255,17,0
2026-09-09 01:25:00+00:00,4354.1,4355.39,4353.33,4354.45,294,17,0
2026-09-09 01:30:00+00:00,4354.46,4355.97,4354.32,4354.76,297,17,0
2026-09-09 01:35:00+00:00,4354.71,4355.62,4352.45,4352.63,329,17,0
2026-09-09 01:40:00+00:00,4352.65,4353.9,4350.54,4351.89,435,17,0
2026-09-09 01:45:00+00:00,4351.91,4352.57,4350.96,4352.53,347,17,0
2026-09-09 01:50:00+00:00,4352.47,4353.56,4352.47,4353.4,208,13,0
2026-09-09 01:55:00+00:00,4353.41,4354.31,4352.53,4354.12,250,15,0
2026-09-09 02:00:00+00:00,4354.13,4354.92,4352.84,4353.15,297,17,0
2026-09-09 02:05:00+00:00,4353.12,4354.35,4352.9,4353.92,327,13,0
2026-09-09 02:10:00+00:00,4353.93,4354.47,4351.95,4352.44,302,14,0
2026-09-09 02:15:00+00:00,4352.48,4353.72,4351.95,4353.2,328,11,0
2026-09-09 02:20:00+00:00,4353.21,4354.43,4352.97,4354.04,308,11,0
2026-09-09 02:25:00+00:00,4354.06,4357.61,4353.76,4357.51,429,11,0
2026-09-09 02:30:00+00:00,4357.53,4359.94,4357.13,4359.05,381,11,0
2026-09-09 02:35:00+00:00,4359.03,4359.05,4356.85,4357.21,248,11,0
2026-09-09 02:40:00+00:00,4357.19,4359.05,4356.95,4358.59,344,11,0
2026-09-09 02:45:00+00:00,4358.57,4358.57,4353.11,4353.8,530,17,0
2026-09-09 02:50:00+00:00,4353.85,4353.85,4350.4,4350.56,496,17,0
2026-09-09 02:55:00+00:00,4350.52,4352.74,4349.27,4349.93,551,17,0
2026-09-09 03:00:00+00:00,4349.86,4352.96,4346.53,4349.93,858,17,0
2026-09-09 03:05:00+00:00,4350.16,4350.46,4344.67,4349.18,786,17,0
2026-09-09 03:10:00+00:00,4349.07,4352.57,4347.07,4349.69,717,16,0
2026-09-09 03:15:00+00:00,4349.64,4350.11,4344.58,4348.12,692,16,0
2026-09-09 03:20:00+00:00,4348.04,4348.59,4342.82,4343.02,717,17,0
2026-09-09 03:25:00+00:00,4343.1,4347.24,4341.36,4346.56,666,12,0
2026-09-09 03:30:00+00:00,4346.57,4347.6,4345.21,4346.09,653,13,0
2026-09-09 03:35:00+00:00,4346.08,4349.0,4343.38,4348.68,763,11,0
2026-09-09 03:40:00+00:00,4348.67,4354.51,4347.22,4354.51,655,11,0
2026-09-09 03:45:00+00:00,4354.37,4356.47,4352.5,4355.63,628,11,0
2026-09-09 03:50:00+00:00,4355.64,4360.56,4354.57,4359.36,719,11,0
2026-09-09 03:55:00+00:00,4359.42,4365.2,4358.61,4364.27,659,11,0
2026-09-09 04:00:00+00:00,4364.36,4364.39,4353.83,4357.54,1046,17,0
2026-09-09 04:05:00+00:00,4357.52,4367.07,4357.22,4367.07,956,17,0
2026-09-09 04:10:00+00:00,4366.92,4368.15,4365.23,4367.77,832,15,0
2026-09-09 04:15:00+00:00,4367.87,4368.72,4362.44,4365.69,852,16,0
2026-09-09 04:20:00+00:00,4365.6,4369.1,4364.62,4369.03,830,13,0
2026-09-09 04:25:00+00:00,4369.04,4372.65,4367.84,4371.26,788,11,0
2026-09-09 04:30:00+00:00,4371.28,4376.43,4370.38,4376.25,776,16,0
2026-09-09 04:35:00+00:00,4376.23,4377.43,4373.9,4374.7,783,14,0
2026-09-09 04:40:00+00:00,4374.71,4378.04,4374.31,4376.4,712,16,0
2026-09-09 04:45:00+00:00,4376.46,4378.13,4373.35,4375.48,767,16,0
2026-09-09 04:50:00+00:00,4375.49,4375.98,4371.79,4373.69,740,11,0
2026-09-09 04:55:00+00:00,4373.7,4376.04,4370.9,4373.67,685,13,0
2026-09-09 05:00:00+00:00,4373.71,4373.79,4371.07,4373.24,744,16,0
2026-09-09 05:05:00+00:00,4373.25,4375.58,4370.73,4374.59,755,15,0
2026-09-09 05:10:00+00:00,4374.55,4375.36,4372.65,4373.44,732,11,0
2026-09-09 05:15:00+00:00,4373.46,4376.92,4373.27,4374.69,607,11,0
2026-09-09 05:20:00+00:00,4374.73,4375.11,4372.21,4372.35,520,11,0
2026-09-09 05:25:00+00:00,4371.93,4373.13,4371.67,4372.98,558,11,0
2026-09-09 05:30:00+00:00,4373.06,4373.84,4369.28,4369.37,695,11,0
2026-09-09 05:35:00+00:00,4369.34,4370.85,4367.29,4368.36,688,15,0
2026-09-09 05:40:00+00:00,4368.35,4374.44,4368.35,4374.33,716,16,0
2026-09-09 05:45:00+00:00,4374.27,4378.45,4373.06,4377.01,751,16,0
2026-09-09 05:50:00+00:00,4377.03,4384.39,4376.26,4380.41,894,12,0
2026-09-09 05:55:00+00:00,4380.34,4382.85,4379.81,4382.14,839,11,0
2026-09-09 06:00:00+00:00,4382.19,4382.69,4378.66,4379.54,781,11,0
2026-09-09 06:05:00+00:00,4379.56,4382.11,4378.24,4378.65,681,12,0
2026-09-09 06:10:00+00:00,4378.66,4380.6,4378.51,4379.05,561,12,0
2026-09-09 06:15:00+00:00,4379.05,4379.15,4375.84,4377.14,539,15,0
2026-09-09 06:20:00+00:00,4377.15,4379.3,4377.05,4378.87,459,14,0
2026-09-09 06:25:00+00:00,4378.85,4379.04,4375.61,4378.0,571,16,0
2026-09-09 06:30:00+00:00,4377.99,4378.14,4375.36,4376.51,492,11,0
2026-09-09 06:35:00+00:00,4376.14,4377.92,4376.14,4377.71,378,11,0
2026-09-09 06:40:00+00:00,4377.7,4379.99,4377.5,4378.73,455,11,0
2026-09-09 06:45:00+00:00,4378.72,4378.99,4377.14,4377.87,494,11,0
2026-09-09 06:50:00+00:00,4377.91,4379.13,4376.11,4377.46,493,17,0
2026-09-09 06:55:00+00:00,4377.45,4377.67,4375.22,4375.25,421,12,0
2026-09-09 07:00:00+00:00,4375.34,4376.18,4374.63,4374.68,450,13,0
2026-09-09 07:05:00+00:00,4374.67,4374.72,4371.86,4372.25,477,11,0
2026-09-09 07:10:00+00:00,4372.26,4373.75,4370.68,4373.52,529,11,0
2026-09-09 07:15:00+00:00,4373.47,4374.4,4372.48,4373.64,452,11,0
2026-09-09 07:20:00+00:00,4373.65,4377.33,4372.94,4377.24,529,11,0
2026-09-09 07:25:00+00:00,4377.21,4380.62,4376.97,4380.04,567,11,0
2026-09-09 07:30:00+00:00,4380.05,4380.07,4377.87,4378.69,494,11,0
2026-09-09 07:35:00+00:00,4378.68,4380.06,4377.8,4378.28,396,11,0
2026-09-09 07:40:00+00:00,4378.29,4378.63,4376.37,4378.05,446,11,0
2026-09-09 07:45:00+00:00,4378.05,4380.11,4378.05,4378.81,352,11,0
2026-09-09 07:50:00+00:00,4378.78,4381.38,4377.53,4380.99,438,13,0
2026-09-09 07:55:00+00:00,4381.02,4382.51,4380.23,4381.59,480,12,0
2026-09-09 08:00:00+00:00,4381.6,4384.06,4380.51,4381.56,645,14,0
2026-09-09 08:05:00+00:00,4381.57,4385.16,4381.44,4384.84,514,16,0
2026-09-09 08:10:00+00:00,4384.81,4387.88,4384.77,4387.74,547,13,0
2026-09-09 08:15:00+00:00,4388.07,4388.68,4386.93,4388.25,556,13,0
2026-09-09 08:20:00+00:00,4388.24,4388.31,4383.39,4386.64,644,11,0
2026-09-09 08:25:00+00:00,4386.69,4388.38,4385.23,4385.23,580,11,0
2026-09-09 08:30:00+00:00,4385.1,4388.92,4384.31,4387.57,876,14,0
2026-09-09 08:35:00+00:00,4387.52,4392.58,4386.26,4392.48,735,15,0
2026-09-09 08:40:00+00:00,4392.46,4395.47,4391.69,4395.47,694,14,0
2026-09-09 08:45:00+00:00,4395.48,4397.24,4392.59,4395.78,702,15,0
2026-09-09 08:50:00+00:00,4395.77,4400.28,4395.72,4399.74,699,15,0
2026-09-09 08:55:00+00:00,4399.85,4400.87,4398.76,4398.87,690,11,0
2026-09-09 09:00:00+00:00,4398.84,4404.26,4398.41,4403.04,749,11,0
2026-09-09 09:05:00+00:00,4403.08,4405.27,4399.98,4400.24,723,11,0
2026-09-09 09:10:00+00:00,4400.34,4402.05,4398.91,4401.44,718,11,0
2026-09-09 09:15:00+00:00,4401.41,4403.14,4399.72,4400.01,746,11,0
2026-09-09 09:20:00+00:00,4399.98,4400.57,4397.25,4398.98,737,8,0
2026-09-09 09:25:00+00:00,4398.95,4399.47,4395.26,4398.2,677,8,0
2026-09-09 09:30:00+00:00,4398.33,4403.35,4397.15,4402.94,763,8,0
2026-09-09 09:35:00+00:00,4402.95,4406.01,4402.01,4405.03,690,8,0
2026-09-09 09:40:00+00:00,4404.99,4405.1,4399.83,4400.42,605,8,0
2026-09-09 09:45:00+00:00,4400.41,4401.26,4398.88,4401.23,574,8,0
2026-09-09 09:50:00+00:00,4401.24,4401.61,4399.7,4400.76,569,10,0
2026-09-09 09:55:00+00:00,4400.65,4401.48,4399.64,4400.66,560,9,0
2026-09-09 10:00:00+00:00,4400.64,4402.46,4399.31,4401.53,740,11,0
2026-09-09 10:05:00+00:00,4401.49,4404.4,4401.3,4403.78,586,8,0
2026-09-09 10:10:00+00:00,4403.77,4407.73,4403.3,4406.57,672,8,0
2026-09-09 10:15:00+00:00,4406.37,4406.81,4403.01,4403.75,722,9,0
2026-09-09 10:20:00+00:00,4403.84,4407.72,4403.68,4405.4,712,9,0
2026-09-09 10:25:00+00:00,4405.46,4408.67,4405.03,4407.75,631,8,0
2026-09-09 10:30:00+00:00,4407.73,4408.73,4406.54,4407.47,615,8,0
2026-09-09 10:35:00+00:00,4407.46,4410.3,4406.94,4410.26,605,8,0
2026-09-09 10:40:00+00:00,4410.21,4410.49,4408.4,4410.33,538,8,0
2026-09-09 10:45:00+00:00,4410.35,4412.71,4409.48,4411.9,663,8,0
2026-09-09 10:50:00+00:00,4411.69,4411.7,4408.42,4408.9,698,12,0
2026-09-09 10:55:00+00:00,4408.96,4410.23,4408.65,4409.27,530,8,0
2026-09-09 11:00:00+00:00,4409.28,4409.52,4407.03,4408.48,743,8,0
2026-09-09 11:05:00+00:00,4408.52,4412.0,4407.09,4407.09,677,10,0
2026-09-09 11:10:00+00:00,4407.31,4407.35,4403.8,4403.88,691,8,0
2026-09-09 11:15:00+00:00,4403.91,4404.84,4402.19,4403.81,586,8,0
2026-09-09 11:20:00+00:00,4403.73,4403.83,4400.92,4401.17,550,8,0
2026-09-09 11:25:00+00:00,4401.34,4402.24,4399.68,4399.74,639,8,0
2026-09-09 11:30:00+00:00,4399.68,4403.56,4399.68,4401.92,645,8,0
2026-09-09 11:35:00+00:00,4401.91,4402.5,4399.5,4399.61,570,8,0
2026-09-09 11:40:00+00:00,4399.66,4401.92,4399.04,4399.98,596,9,0
2026-09-09 11:45:00+00:00,4400.0,4402.1,4399.11,4400.36,620,8,0
2026-09-09 11:50:00+00:00,4400.36,4402.09,4399.75,4402.0,547,8,0
2026-09-09 11:55:00+00:00,4402.03,4403.36,4400.43,4400.65,429,8,0
2026-09-09 12:00:00+00:00,4400.69,4402.21,4400.27,4400.98,596,8,0
2026-09-09 12:05:00+00:00,4401.05,4402.31,4399.49,4401.81,589,13,0
2026-09-09 12:10:00+00:00,4401.84,4401.85,4397.87,4398.53,563,8,0
2026-09-09 12:15:00+00:00,4398.56,4400.01,4397.64,4399.94,546,8,0
2026-09-09 12:20:00+00:00,4399.92,4400.21,4397.07,4398.0,594,9,0
2026-09-09 12:25:00+00:00,4397.75,4399.08,4397.11,4398.36,602,10,0
2026-09-09 12:30:00+00:00,4398.38,4398.64,4395.77,4398.04,667,8,0
2026-09-09 12:35:00+00:00,4398.04,4398.64,4397.28,4398.0,468,8,0
2026-09-09 12:40:00+00:00,4398.25,4398.6,4395.42,4396.33,589,8,0
2026-09-09 12:45:00+00:00,4396.34,4396.34,4394.13,4395.05,587,9,0
2026-09-09 12:50:00+00:00,4395.01,4395.01,4391.04,4391.09,638,8,0
2026-09-09 12:55:00+00:00,4391.05,4391.13,4388.71,4390.78,771,8,0
2026-09-09 13:00:00+00:00,4390.73,4391.65,4386.28,4390.17,825,8,0
2026-09-09 13:05:00+00:00,4390.18,4393.26,4390.15,4392.55,630,8,0
2026-09-09 13:10:00+00:00,4392.52,4393.43,4390.01,4391.15,651,8,0
2026-09-09 13:15:00+00:00,4391.14,4394.58,4389.34,4394.47,678,8,0
2026-09-09 13:20:00+00:00,4394.42,4396.01,4393.85,4394.65,566,8,0
2026-09-09 13:25:00+00:00,4394.55,4395.61,4393.13,4394.39,541,8,0
2026-09-09 13:30:00+00:00,4394.34,4397.09,4393.51,4396.39,599,8,0
2026-09-09 13:35:00+00:00,4396.4,4399.32,4396.17,4398.55,571,8,0
2026-09-09 13:40:00+00:00,4398.56,4399.15,4394.49,4395.02,587,8,0
2026-09-09 13:45:00+00:00,4394.89,4399.88,4394.7,4399.15,579,8,0
2026-09-09 13:50:00+00:00,4398.96,4402.25,4398.45,4402.09,688,11,0
2026-09-09 13:55:00+00:00,4402.06,4403.06,4399.68,4399.68,713,11,0
2026-09-09 14:00:00+00:00,4399.71,4403.8,4399.71,4403.63,706,8,0
2026-09-09 14:05:00+00:00,4403.62,4404.29,4402.18,4404.18,499,8,0
2026-09-09 14:10:00+00:00,4404.15,4404.59,4402.73,4403.41,546,8,0
2026-09-09 14:15:00+00:00,4403.58,4404.55,4401.48,4404.07,543,13,0
2026-09-09 14:20:00+00:00,4404.06,4405.78,4402.52,4405.78,582,8,0
2026-09-09 14:25:00+00:00,4405.84,4409.1,4405.84,4408.31,707,11,0
2026-09-09 14:30:00+00:00,4408.27,4408.44,4404.53,4404.64,701,13,0
2026-09-09 14:35:00+00:00,4404.67,4405.49,4403.58,4404.88,611,8,0
2026-09-09 14:40:00+00:00,4404.9,4407.01,4404.88,4405.55,582,8,0
2026-09-09 14:45:00+00:00,4405.64,4414.47,4403.5,4414.16,721,8,0
2026-09-09 14:50:00+00:00,4414.38,4415.28,4406.96,4407.09,900,12,0
2026-09-09 14:55:00+00:00,4407.08,4408.54,4405.97,4407.32,746,10,0
2026-09-09 15:00:00+00:00,4407.4,4409.38,4403.42,4404.26,808,12,0
2026-09-09 15:05:00+00:00,4404.23,4405.77,4400.98,4403.29,800,12,0
2026-09-09 15:10:00+00:00,4403.3,4404.68,4399.06,4399.28,712,11,0
2026-09-09 15:15:00+00:00,4399.29,4400.25,4396.09,4396.52,784,10,0
2026-09-09 15:20:00+00:00,4396.57,4400.26,4394.89,4396.86,843,12,0
2026-09-09 15:25:00+00:00,4396.91,4397.0,4393.72,4393.72,826,8,0
2026-09-09 15:30:00+00:00,4393.7,4397.24,4391.93,4396.35,801,8,0
2026-09-09 15:35:00+00:00,4396.38,4397.61,4391.0,4391.21,852,9,0
2026-09-09 15:40:00+00:00,4391.22,4395.66,4390.95,4395.37,785,11,0
2026-09-09 15:45:00+00:00,4395.33,4399.57,4395.33,4397.45,774,8,0
2026-09-09 15:50:00+00:00,4397.36,4399.1,4396.28,4398.56,765,8,0
2026-09-09 15:55:00+00:00,4398.55,4402.25,4398.39,4400.35,659,8,0
2026-09-09 16:00:00+00:00,4400.16,4408.29,4398.84,4407.23,1013,10,0
2026-09-09 16:05:00+00:00,4407.21,4410.52,4406.94,4409.82,916,10,0
2026-09-09 16:10:00+00:00,4409.81,4413.42,4409.5,4413.08,859,9,0
2026-09-09 16:15:00+00:00,4413.07,4417.81,4410.65,4417.05,904,8,0
2026-09-09 16:20:00+00:00,4417.06,4427.81,4414.4,4427.22,992,10,0
2026-09-09 16:25:00+00:00,4427.4,4430.22,4425.14,4429.47,1012,12,0
2026-09-09 16:30:00+00:00,4429.49,4434.08,4428.16,4430.31,1111,13,0
2026-09-09 16:35:00+00:00,4430.51,4430.7,4419.96,4421.44,1078,14,0
2026-09-09 16:40:00+00:00,4421.43,4422.01,4413.02,4417.2,1065,12,0
2026-09-09 16:45:00+00:00,4417.19,4420.87,4416.08,4420.79,1032,10,0
2026-09-09 16:50:00+00:00,4421.35,4423.72,4415.56,4416.44,1019,10,0
2026-09-09 16:55:00+00:00,4416.45,4416.68,4410.8,4415.13,1043,8,0
2026-09-09 17:00:00+00:00,4415.1,4424.5,4414.43,4423.64,1065,8,0
2026-09-09 17:05:00+00:00,4423.54,4428.61,4421.12,4422.16,998,8,0
2026-09-09 17:10:00+00:00,4422.18,4423.58,4417.95,4423.41,1003,8,0
2026-09-09 17:15:00+00:00,4423.38,4423.38,4414.09,4416.9,1024,8,0
2026-09-09 17:20:00+00:00,4416.91,4417.28,4411.22,4411.22,1013,8,0
2026-09-09 17:25:00+00:00,4410.35,4426.16,4410.31,4425.95,1066,8,0
2026-09-09 17:30:00+00:00,4426.01,4426.04,4420.59,4422.53,936,8,0
2026-09-09 17:35:00+00:00,4422.77,4427.06,4422.72,4426.13,936,10,0
2026-09-09 17:40:00+00:00,4426.12,4426.36,4418.77,4418.94,916,10,0
2026-09-09 17:45:00+00:00,4419.0,4422.31,4418.16,4420.67,910,11,0
2026-09-09 17:50:00+00:00,4420.68,4423.55,4419.34,4419.34,919,12,0
2026-09-09 17:55:00+00:00,4419.37,4420.4,4415.0,4418.68,943,10,0
2026-09-09 18:00:00+00:00,4418.72,4432.13,4395.05,4395.51,1013,10,0
2026-09-09 18:05:00+00:00,4395.27,4398.62,4381.22,4391.93,1107,15,0
2026-09-09 18:10:00+00:00,4391.95,4393.25,4382.96,4390.59,1127,15,0
2026-09-09 18:15:00+00:00,4390.74,4393.71,4380.72,4384.67,1125,15,0
2026-09-09 18:20:00+00:00,4384.64,4388.28,4375.17,4383.13,1103,14,0
2026-09-09 18:25:00+00:00,4383.4,4395.42,4382.98,4394.63,1094,11,0
2026-09-09 18:30:00+00:00,4394.66,4401.32,4392.62,4401.32,1037,11,0
2026-09-09 18:35:00+00:00,4401.14,4407.0,4397.84,4406.6,1022,14,0
2026-09-09 18:40:00+00:00,4406.39,4407.08,4399.45,4403.06,1021,14,0
2026-09-09 18:45:00+00:00,4403.04,4404.71,4399.18,4402.22,993,13,0
2026-09-09 18:50:00+00:00,4402.23,4407.2,4399.61,4401.33,929,14,0
2026-09-09 18:55:00+00:00,4401.22,4401.22,4398.2,4398.38,911,14,0
2026-09-09 19:00:00+00:00,4398.47,4403.11,4397.06,4402.62,916,13,0
2026-09-09 19:05:00+00:00,4402.63,4402.63,4394.89,4395.64,945,13,0
2026-09-09 19:10:00+00:00,4395.65,4398.73,4395.04,4397.91,893,8,0
2026-09-09 19:15:00+00:00,4397.9,4398.32,4391.69,4393.45,899,8,0
2026-09-09 19:20:00+00:00,4393.33,4398.54,4393.31,4398.54,779,9,0
2026-09-09 19:25:00+00:00,4398.62,4402.42,4398.61,4401.71,811,9,0
2026-09-09 19:30:00+00:00,4401.72,4403.77,4399.04,4402.7,796,8,0
2026-09-09 19:35:00+00:00,4402.72,4404.31,4399.33,4404.17,702,8,0
2026-09-09 19:40:00+00:00,4404.14,4407.75,4403.35,4407.38,756,9,0
2026-09-09 19:45:00+00:00,4407.4,4409.31,4406.2,4407.07,830,8,0
2026-09-09 19:50:00+00:00,4407.0,4407.92,4405.61,4407.3,693,8,0
2026-09-09 19:55:00+00:00,4407.33,4410.37,4406.48,4409.66,697,8,0
2026-09-09 20:00:00+00:00,4409.58,4413.85,4408.98,4413.01,880,9,0
2026-09-09 20:05:00+00:00,4413.01,4420.45,4412.83,4418.47,907,11,0
2026-09-09 20:10:00+00:00,4418.45,4419.14,4415.6,4416.7,846,12,0
2026-09-09 20:15:00+00:00,4416.67,4418.47,4415.25,4416.36,757,10,0
2026-09-09 20:20:00+00:00,4416.35,4418.59,4415.77,4418.19,667,10,0
2026-09-09 20:25:00+00:00,4418.2,4420.59,4414.43,4414.8,740,11,0
2026-09-09 20:30:00+00:00,4414.88,4414.94,4411.89,4412.83,729,10,0
2026-09-09 20:35:00+00:00,4412.73,4414.58,4412.14,4413.24,638,10,0
2026-09-09 20:40:00+00:00,4413.25,4417.11,4413.25,4413.61,601,11,0
2026-09-09 20:45:00+00:00,4413.6,4415.15,4413.41,4413.76,531,10,0
2026-09-09 20:50:00+00:00,4413.77,4416.22,4413.39,4415.18,527,10,0
2026-09-09 20:55:00+00:00,4414.89,4416.88,4414.89,4416.06,502,10,0
2026-09-09 21:00:00+00:00,4416.05,4419.03,4416.05,4418.48,710,12,0
2026-09-09 21:05:00+00:00,4418.45,4419.0,4415.83,4418.16,636,11,0
2026-09-09 21:10:00+00:00,4418.13,4421.49,4417.84,4420.38,586,10,0
2026-09-09 21:15:00+00:00,4420.39,4420.69,4418.24,4419.18,586,10,0
2026-09-09 21:20:00+00:00,4419.13,4419.73,4417.12,4417.59,591,10,0
2026-09-09 21:25:00+00:00,4417.58,4417.99,4416.77,4417.84,559,10,0
2026-09-09 21:30:00+00:00,4417.91,4418.32,4413.98,4415.06,669,11,0
2026-09-09 21:35:00+00:00,4415.09,4415.74,4413.52,4414.96,571,11,0
2026-09-09 21:40:00+00:00,4414.97,4416.54,4409.57,4409.84,612,11,0
2026-09-09 21:45:00+00:00,4409.87,4410.11,4406.43,4406.58,690,10,0
2026-09-09 21:50:00+00:00,4406.56,4407.83,4405.16,4405.56,688,10,0
2026-09-09 21:55:00+00:00,4405.63,4406.87,4401.71,4403.14,706,10,0
2026-09-09 22:00:00+00:00,4403.22,4404.11,4396.96,4398.4,788,10,0
2026-09-09 22:05:00+00:00,4398.44,4400.06,4396.98,4399.26,746,11,0
2026-09-09 22:10:00+00:00,4399.25,4400.51,4397.17,4400.25,611,10,0
2026-09-09 22:15:00+00:00,4400.23,4402.3,4398.67,4401.97,686,10,0
2026-09-09 22:20:00+00:00,4401.95,4404.84,4401.69,4404.54,540,10,0
2026-09-09 22:25:00+00:00,4404.52,4404.75,4399.64,4399.64,529,10,0
2026-09-09 22:30:00+00:00,4399.65,4400.89,4398.54,4398.99,538,11,0
2026-09-09 22:35:00+00:00,4398.94,4398.99,4395.74,4397.34,631,11,0
2026-09-09 22:40:00+00:00,4397.35,4399.91,4396.3,4399.83,622,13,0
2026-09-09 22:45:00+00:00,4399.82,4401.45,4399.67,4400.31,606,11,0
2026-09-09 22:50:00+00:00,4400.3,4400.65,4396.41,4398.84,717,10,0
2026-09-09 22:55:00+00:00,4398.67,4400.08,4397.86,4399.22,762,11,0
2026-09-09 23:00:00+00:00,4399.14,4399.36,4396.38,4396.85,463,10,0
2026-09-09 23:05:00+00:00,4396.76,4397.4,4396.48,4397.07,252,10,0
2026-09-09 23:10:00+00:00,4397.09,4398.35,4396.96,4397.33,246,10,0
2026-09-09 23:15:00+00:00,4397.32,4397.49,4394.34,4394.5,296,11,0
2026-09-09 23:20:00+00:00,4394.48,4395.02,4393.54,4394.99,316,11,0
2026-09-09 23:25:00+00:00,4395.05,4396.01,4393.89,4394.81,229,10,0
2026-09-09 23:30:00+00:00,4394.82,4397.57,4394.8,4397.25,256,11,0
2026-09-09 23:35:00+00:00,4397.27,4400.84,4397.08,4399.52,275,11,0
2026-09-09 23:40:00+00:00,4399.47,4400.4,4398.78,4400.16,210,21,0
2026-09-09 23:45:00+00:00,4400.22,4400.98,4399.34,4399.96,197,21,0
2026-09-09 23:50:00+00:00,4400.01,4400.52,4399.48,4400.24,195,21,0
2026-09-09 23:55:00+00:00,4400.29,4402.45,4399.67,4399.68,248,21,0
2026-09-10 01:00:00+00:00,4403.76,4406.48,4403.53,4405.27,265,17,0
2026-09-10 01:05:00+00:00,4405.33,4405.4,4403.26,4404.55,340,17,0
2026-09-10 01:10:00+00:00,4404.26,4406.06,4402.55,4402.86,314,17,0
2026-09-10 01:15:00+00:00,4402.87,4404.4,4402.34,4403.36,218,17,0
2026-09-10 01:20:00+00:00,4403.34,4403.39,4401.39,4401.94,194,17,0
2026-09-10 01:25:00+00:00,4401.89,4403.08,4400.4,4402.62,258,17,0
2026-09-10 01:30:00+00:00,4402.55,4403.8,4401.57,4402.79,370,17,0
2026-09-10 01:35:00+00:00,4402.82,4403.36,4400.03,4400.39,326,17,0
2026-09-10 01:40:00+00:00,4400.5,4402.59,4400.17,4401.52,291,17,0
2026-09-10 01:45:00+00:00,4401.49,4401.69,4397.79,4400.05,386,17,0
2026-09-10 01:50:00+00:00,4400.07,4400.31,4398.61,4398.61,262,15,0
2026-09-10 01:55:00+00:00,4398.62,4401.12,4397.72,4399.71,336,15,0
2026-09-10 02:00:00+00:00,4399.56,4403.04,4399.56,4402.78,421,16,0
2026-09-10 02:05:00+00:00,4402.8,4402.85,4398.44,4400.06,411,11,0
2026-09-10 02:10:00+00:00,4400.05,4402.56,4399.78,4400.71,341,11,0
2026-09-10 02:15:00+00:00,4400.61,4402.19,4397.97,4400.1,376,11,0
2026-09-10 02:20:00+00:00,4400.01,4401.36,4397.03,4397.43,268,11,0
2026-09-10 02:25:00+00:00,4397.46,4399.76,4395.81,4397.64,471,13,0
2026-09-10 02:30:00+00:00,4397.52,4399.19,4393.9,4394.21,414,11,0
2026-09-10 02:35:00+00:00,4394.24,4394.93,4393.7,4394.15,234,11,0
2026-09-10 02:40:00+00:00,4394.2,4394.46,4393.4,4394.4,234,11,0
2026-09-10 02:45:00+00:00,4394.43,4395.31,4393.51,4394.24,479,16,0
2026-09-10 02:50:00+00:00,4394.23,4395.0,4393.5,4394.43,405,15,0
2026-09-10 02:55:00+00:00,4394.42,4394.87,4393.27,4394.25,326,16,0
2026-09-10 03:00:00+00:00,4394.24,4394.24,4389.82,4392.13,662,17,0
2026-09-10 03:05:00+00:00,4392.12,4394.33,4390.19,4393.83,541,17,0
2026-09-10 03:10:00+00:00,4393.84,4397.12,4393.18,4395.06,608,17,0
2026-09-10 03:15:00+00:00,4395.07,4398.52,4394.58,4396.66,622,16,0
2026-09-10 03:20:00+00:00,4396.71,4398.04,4395.44,4395.99,557,15,0
2026-09-10 03:25:00+00:00,4395.98,4397.43,4392.33,4392.98,667,15,0
2026-09-10 03:30:00+00:00,4392.95,4395.01,4391.5,4394.63,583,12,0
2026-09-10 03:35:00+00:00,4394.65,4398.6,4394.65,4398.39,632,16,0
2026-09-10 03:40:00+00:00,4398.45,4401.58,4396.58,4400.99,654,15,0
2026-09-10 03:45:00+00:00,4400.97,4401.02,4397.96,4400.05,590,11,0
2026-09-10 03:50:00+00:00,4400.06,4404.85,4398.08,4402.69,686,11,0
2026-09-10 03:55:00+00:00,4402.69,4403.67,4400.87,4401.19,632,11,0
2026-09-10 04:00:00+00:00,4401.16,4413.23,4400.26,4409.68,1008,17,0
2026-09-10 04:05:00+00:00,4409.6,4418.69,4407.35,4417.94,939,17,0
2026-09-10 04:10:00+00:00,4417.98,4419.01,4411.93,4412.85,863,17,0
2026-09-10 04:15:00+00:00,4412.84,4416.48,4411.57,4415.37,927,17,0
2026-09-10 04:20:00+00:00,4415.36,4415.41,4410.63,4412.5,900,13,0
2026-09-10 04:25:00+00:00,4412.54,4416.54,4410.42,4410.49,862,13,0
2026-09-10 04:30:00+00:00,4410.5,4411.08,4405.19,4407.74,948,13,0
2026-09-10 04:35:00+00:00,4407.94,4410.63,4406.32,4407.26,874,11,0
2026-09-10 04:40:00+00:00,4407.29,4410.45,4407.29,4409.85,860,11,0
2026-09-10 04:45:00+00:00,4410.03,4414.5,4409.04,4413.23,866,17,0
2026-09-10 04:50:00+00:00,4413.19,4414.46,4408.48,4408.88,911,11,0
2026-09-10 04:55:00+00:00,4408.89,4413.06,4408.09,4412.21,932,11,0
2026-09-10 05:00:00+00:00,4412.2,4418.08,4411.79,4415.28,913,12,0
2026-09-10 05:05:00+00:00,4415.23,4418.88,4414.49,4416.59,780,11,0
2026-09-10 05:10:00+00:00,4416.64,4417.19,4412.06,4414.19,818,11,0
2026-09-10 05:15:00+00:00,4414.15,4414.69,4408.15,4409.71,600,11,0
2026-09-10 05:20:00+00:00,4409.76,4413.74,4408.88,4412.79,601,11,0
2026-09-10 05:25:00+00:00,4412.8,4417.7,4412.37,4417.09,605,13,0
2026-09-10 05:30:00+00:00,4417.06,4417.5,4411.23,4416.17,816,16,0
2026-09-10 05:35:00+00:00,4416.06,4420.24,4414.51,4418.45,779,12,0
2026-09-10 05:40:00+00:00,4418.44,4420.82,4417.4,4418.07,696,11,0
2026-09-10 05:45:00+00:00,4418.14,4419.32,4416.84,4417.9,674,17,0
2026-09-10 05:50:00+00:00,4417.93,4420.77,4416.33,4420.68,647,11,0
2026-09-10 05:55:00+00:00,4420.57,4420.57,4417.44,4419.4,624,11,0
2026-09-10 06:00:00+00:00,4419.38,4421.06,4415.48,4417.58,725,15,0
2026-09-10 06:05:00+00:00,4417.44,4417.44,4411.69,4413.39,678,16,0
2026-09-10 06:10:00+00:00,4413.54,4416.55,4412.36,4412.68,703,11,0
2026-09-10 06:15:00+00:00,4412.74,4414.8,4412.26,4414.35,631,11,0
2026-09-10 06:20:00+00:00,4414.27,4414.88,4411.52,4412.26,547,15,0
2026-09-10 06:25:00+00:00,4412.34,4412.54,4409.3,4410.11,618,16,0
2026-09-10 06:30:00+00:00,4410.13,4412.61,4409.68,4411.37,470,11,0
2026-09-10 06:35:00+00:00,4411.36,4411.36,4408.21,4408.72,377,11,0
2026-09-10 06:40:00+00:00,4408.71,4408.79,4407.14,4407.9,350,11,0
2026-09-10 06:45:00+00:00,4407.93,4409.92,4407.93,4409.09,429,11,0
2026-09-10 06:50:00+00:00,4409.05,4409.05,4406.93,4408.12,420,11,0
2026-09-10 06:55:00+00:00,4408.13,4409.44,4407.88,4409.11,389,11,0
2026-09-10 07:00:00+00:00,4409.11,4412.94,4409.11,4412.94,481,15,0
2026-09-10 07:05:00+00:00,4412.78,4414.18,4412.42,4413.11,472,11,0
2026-09-10 07:10:00+00:00,4413.13,4415.52,4412.97,4414.06,442,11,0
2026-09-10 07:15:00+00:00,4413.89,4415.22,4413.89,4414.66,378,11,0
2026-09-10 07:20:00+00:00,4414.67,4415.47,4413.64,4413.79,329,11,0
2026-09-10 07:25:00+00:00,4413.88,4414.76,4410.71,4411.75,352,11,0
2026-09-10 07:30:00+00:00,4411.82,4413.71,4410.71,4411.07,377,11,0
2026-09-10 07:35:00+00:00,4411.12,4411.31,4407.76,4408.25,373,11,0
2026-09-10 07:40:00+00:00,4408.24,4408.69,4405.69,4406.8,452,13,0
2026-09-10 07:45:00+00:00,4406.66,4409.51,4406.38,4409.51,336,11,0
2026-09-10 07:50:00+00:00,4409.52,4411.69,4407.23,4407.23,453,12,0
2026-09-10 07:55:00+00:00,4407.24,4408.77,4406.81,4408.49,343,11,0
2026-09-10 08:00:00+00:00,4408.54,4411.77,4408.24,4409.41,492,11,0
2026-09-10 08:05:00+00:00,4409.39,4414.78,4408.81,4414.54,523,15,0
2026-09-10 08:10:00+00:00,4414.74,4418.93,4414.6,4418.93,554,17,0
2026-09-10 08:15:00+00:00,4418.93,4420.03,4417.12,4418.47,545,14,0
2026-09-10 08:20:00+00:00,4418.5,4419.94,4418.16,4418.95,442,11,0
2026-09-10 08:25:00+00:00,4419.06,4420.7,4417.24,4420.7,431,13,0
2026-09-10 08:30:00+00:00,4420.79,4427.63,4417.55,4425.74,978,17,0
2026-09-10 08:35:00+00:00,4425.75,4427.67,4421.93,4423.23,811,17,0
2026-09-10 08:40:00+00:00,4423.24,4429.59,4422.75,4428.3,714,16,0
2026-09-10 08:45:00+00:00,4428.24,4430.38,4425.98,4425.99,770,15,0
2026-09-10 08:50:00+00:00,4426.26,4428.06,4423.86,4427.06,788,11,0
2026-09-10 08:55:00+00:00,4427.03,4431.26,4425.6,4431.08,785,11,0
2026-09-10 09:00:00+00:00,4431.19,4434.35,4426.8,4426.91,819,14,0
2026-09-10 09:05:00+00:00,4426.89,4427.55,4422.62,4422.62,776,14,0
2026-09-10 09:10:00+00:00,4422.56,4423.19,4416.04,4416.29,671,14,0
2026-09-10 09:15:00+00:00,4416.41,4416.44,4413.15,4414.81,864,14,0
2026-09-10 09:20:00+00:00,4414.82,4416.2,4410.96,4416.09,840,14,0
2026-09-10 09:25:00+00:00,4416.08,4417.6,4413.33,4417.52,766,13,0
2026-09-10 09:30:00+00:00,4417.56,4419.05,4414.9,4415.44,779,10,0
2026-09-10 09:35:00+00:00,4415.3,4418.72,4413.31,4418.66,694,9,0
2026-09-10 09:40:00+00:00,4418.65,4426.98,4418.65,4426.7,741,11,0
2026-09-10 09:45:00+00:00,4426.74,4428.86,4424.27,4424.82,663,9,0
2026-09-10 09:50:00+00:00,4424.81,4428.57,4423.86,4425.07,826,10,0
2026-09-10 09:55:00+00:00,4425.08,4425.62,4423.75,4425.32,661,8,0
2026-09-10 10:00:00+00:00,4425.31,4425.49,4414.89,4415.19,818,8,0
2026-09-10 10:05:00+00:00,4415.26,4416.52,4414.16,4415.21,672,8,0
2026-09-10 10:10:00+00:00,4415.17,4417.36,4413.2,4413.34,699,8,0
2026-09-10 10:15:00+00:00,4413.35,4415.07,4411.75,4412.56,597,8,0
2026-09-10 10:20:00+00:00,4412.55,4413.18,4410.49,4411.58,630,8,0
2026-09-10 10:25:00+00:00,4411.66,4411.82,4408.06,4408.39,657,9,0
2026-09-10 10:30:00+00:00,4408.55,4410.73,4404.14,4404.63,802,12,0
2026-09-10 10:35:00+00:00,4404.62,4407.61,4404.14,4406.19,783,10,0
2026-09-10 10:40:00+00:00,4406.18,4409.74,4405.32,4409.72,678,8,0
2026-09-10 10:45:00+00:00,4409.7,4412.75,4409.05,4411.46,745,8,0
2026-09-10 10:50:00+00:00,4411.38,4415.31,4411.25,4414.76,613,8,0
2026-09-10 10:55:00+00:00,4414.74,4414.81,4411.21,4411.82,597,8,0
2026-09-10 11:00:00+00:00,4411.86,4412.8,4407.49,4407.73,730,9,0
2026-09-10 11:05:00+00:00,4407.61,4409.03,4406.77,4408.99,750,10,0
2026-09-10 11:10:00+00:00,4409.0,4409.8,4404.71,4405.79,721,8,0
2026-09-10 11:15:00+00:00,4405.72,4406.92,4404.82,4406.31,634,8,0
2026-09-10 11:20:00+00:00,4406.33,4407.69,4405.44,4406.38,599,8,0
2026-09-10 11:25:00+00:00,4406.36,4406.39,4403.98,4405.66,708,8,0
2026-09-10 11:30:00+00:00,4405.75,4405.97,4399.92,4399.97,796,12,0
2026-09-10 11:35:00+00:00,4399.96,4401.61,4398.71,4399.74,768,8,0
2026-09-10 11:40:00+00:00,4399.77,4400.49,4394.92,4395.92,789,8,0
2026-09-10 11:45:00+00:00,4396.0,4396.53,4392.48,4392.92,827,12,0
2026-09-10 11:50:00+00:00,4392.94,4398.36,4392.86,4396.79,744,10,0
2026-09-10 11:55:00+00:00,4396.78,4396.78,4393.83,4394.93,716,8,0
2026-09-10 12:00:00+00:00,4394.89,4396.58,4393.33,4395.68,792,11,0
2026-09-10 12:05:00+00:00,4395.66,4396.62,4390.08,4391.38,706,8,0
2026-09-10 12:10:00+00:00,4391.4,4395.02,4391.4,4394.86,648,8,0
2026-09-10 12:15:00+00:00,4394.89,4396.89,4393.59,4395.83,670,8,0
2026-09-10 12:20:00+00:00,4395.79,4396.12,4392.18,4392.82,575,8,0
2026-09-10 12:25:00+00:00,4392.8,4395.53,4391.79,4392.86,635,9,0
2026-09-10 12:30:00+00:00,4392.84,4392.84,4389.69,4392.02,719,12,0
2026-09-10 12:35:00+00:00,4392.03,4393.01,4390.76,4390.81,660,10,0
2026-09-10 12:40:00+00:00,4390.8,4393.09,4388.46,4392.8,722,8,0
2026-09-10 12:45:00+00:00,4393.03,4395.79,4392.58,4395.06,629,8,0
2026-09-10 12:50:00+00:00,4395.07,4395.77,4393.99,4394.9,505,8,0
2026-09-10 12:55:00+00:00,4394.67,4395.16,4393.32,4394.1,578,10,0
2026-09-10 13:00:00+00:00,4394.02,4399.39,4391.82,4398.29,815,11,0
2026-09-10 13:05:00+00:00,4398.23,4400.03,4391.98,4392.8,782,8,0
2026-09-10 13:10:00+00:00,4392.83,4397.3,4390.02,4395.21,841,13,0
2026-09-10 13:15:00+00:00,4395.19,4400.18,4394.43,4398.77,769,10,0
2026-09-10 13:20:00+00:00,4398.83,4399.31,4395.95,4395.96,650,9,0
2026-09-10 13:25:00+00:00,4396.05,4397.31,4393.78,4394.14,724,9,0
2026-09-10 13:30:00+00:00,4394.12,4394.7,4383.67,4384.9,889,10,0
2026-09-10 13:35:00+00:00,4384.89,4385.61,4377.92,4385.51,917,11,0
2026-09-10 13:40:00+00:00,4385.37,4386.55,4383.16,4383.83,804,10,0
2026-09-10 13:45:00+00:00,4383.55,4385.82,4380.38,4382.97,807,9,0
2026-09-10 13:50:00+00:00,4382.83,4383.61,4375.26,4377.22,835,11,0
2026-09-10 13:55:00+00:00,4377.24,4387.64,4377.01,4378.86,950,10,0
2026-09-10 14:00:00+00:00,4378.84,4384.5,4378.05,4383.93,948,12,0
2026-09-10 14:05:00+00:00,4383.86,4384.34,4378.84,4379.57,914,8,0
2026-09-10 14:10:00+00:00,4379.5,4383.76,4375.37,4383.49,882,9,0
2026-09-10 14:15:00+00:00,4383.62,4385.6,4381.28,4383.06,840,8,0
2026-09-10 14:20:00+00:00,4383.08,4383.55,4380.49,4382.9,791,8,0
2026-09-10 14:25:00+00:00,4382.87,4388.71,4382.76,4385.91,763,8,0
2026-09-10 14:30:00+00:00,4385.92,4388.57,4384.54,4386.69,806,8,0
2026-09-10 14:35:00+00:00,4386.71,4389.54,4386.32,4389.46,686,8,0
2026-09-10 14:40:00+00:00,4389.49,4390.76,4384.47,4384.56,744,10,0
2026-09-10 14:45:00+00:00,4384.71,4385.3,4380.76,4381.89,765,11,0
2026-09-10 14:50:00+00:00,4382.47,4382.93,4375.86,4380.48,839,14,0
2026-09-10 14:55:00+00:00,4380.4,4380.4,4374.58,4374.69,946,13,0
2026-09-10 15:00:00+00:00,4374.57,4376.84,4370.69,4372.8,1020,13,0
2026-09-10 15:05:00+00:00,4372.7,4376.59,4369.9,4372.24,967,14,0
2026-09-10 15:10:00+00:00,4372.22,4377.87,4371.87,4375.05,798,12,0
2026-09-10 15:15:00+00:00,4375.05,4377.1,4366.82,4371.87,1014,12,0
2026-09-10 15:20:00+00:00,4371.95,4373.75,4365.86,4367.47,991,10,0
2026-09-10 15:25:00+00:00,4367.45,4368.19,4361.92,4363.42,917,8,0
2026-09-10 15:30:00+00:00,4363.93,4372.31,4340.39,4342.04,1085,8,0
2026-09-10 15:35:00+00:00,4342.21,4343.04,4324.0,4327.71,1144,15,0
2026-09-10 15:40:00+00:00,4327.8,4343.85,4324.43,4341.59,1143,14,0
2026-09-10 15:45:00+00:00,4341.61,4350.16,4339.3,4350.16,1110,13,0
2026-09-10 15:50:00+00:00,4350.08,4355.78,4343.44,4344.16,1095,11,0
2026-09-10 15:55:00+00:00,4344.14,4344.73,4337.39,4340.51,1100,9,0
2026-09-10 16:00:00+00:00,4340.05,4355.36,4339.87,4350.95,1130,8,0
2026-09-10 16:05:00+00:00,4351.01,4353.27,4346.67,4347.65,1123,9,0
2026-09-10 16:10:00+00:00,4347.36,4351.17,4344.08,4344.15,1107,8,0
2026-09-10 16:15:00+00:00,4344.16,4348.97,4341.56,4348.96,1082,8,0
2026-09-10 16:20:00+00:00,4349.06,4355.92,4349.06,4350.28,1074,8,0
2026-09-10 16:25:00+00:00,4350.25,4357.58,4344.92,4357.32,1058,8,0
2026-09-10 16:30:00+00:00,4357.8,4368.07,4352.42,4363.59,1118,8,0
2026-09-10 16:35:00+00:00,4363.29,4371.59,4359.46,4369.59,1127,16,0
2026-09-10 16:40:00+00:00,4369.82,4373.33,4363.95,4364.79,1126,11,0
2026-09-10 16:45:00+00:00,4365.07,4375.83,4364.02,4371.71,1106,9,0
2026-09-10 16:50:00+00:00,4371.69,4374.67,4362.49,4367.27,1084,8,0
2026-09-10 16:55:00+00:00,4367.16,4370.44,4364.53,4365.86,1009,8,0
2026-09-10 17:00:00+00:00,4365.91,4375.13,4365.91,4369.98,1100,8,0
2026-09-10 17:05:00+00:00,4370.03,4371.57,4361.33,4364.38,1107,8,0
2026-09-10 17:10:00+00:00,4364.37,4367.91,4359.13,4359.42,1046,8,0
2026-09-10 17:15:00+00:00,4359.43,4363.11,4354.06,4361.59,1073,8,0
2026-09-10 17:20:00+00:00,4361.52,4373.51,4359.39,4370.02,1069,9,0
2026-09-10 17:25:00+00:00,4371.21,4376.49,4362.71,4363.4,1098,11,0
2026-09-10 17:30:00+00:00,4362.7,4365.5,4360.29,4364.72,1043,9,0
2026-09-10 17:35:00+00:00,4364.69,4370.34,4362.92,4363.07,1084,11,0
2026-09-10 17:40:00+00:00,4363.09,4369.22,4356.34,4356.37,1033,13,0
2026-09-10 17:45:00+00:00,4356.34,4358.98,4354.03,4357.77,1059,13,0
2026-09-10 17:50:00+00:00,4357.92,4361.72,4355.05,4355.18,1029,13,0
2026-09-10 17:55:00+00:00,4355.16,4359.88,4354.13,4358.02,1023,13,0
2026-09-10 18:00:00+00:00,4358.04,4358.4,4352.65,4353.63,1029,14,0
2026-09-10 18:05:00+00:00,4353.6,4358.81,4353.42,4355.68,950,15,0
2026-09-10 18:10:00+00:00,4355.59,4361.43,4355.34,4359.69,974,11,0
2026-09-10 18:15:00+00:00,4359.64,4364.87,4358.67,4363.51,976,11,0
2026-09-10 18:20:00+00:00,4363.52,4367.16,4361.34,4366.03,966,8,0
2026-09-10 18:25:00+00:00,4366.05,4367.78,4363.19,4365.3,899,8,0
2026-09-10 18:30:00+00:00,4365.43,4369.66,4362.41,4369.51,956,9,0
2026-09-10 18:35:00+00:00,4369.48,4372.43,4367.34,4368.62,936,13,0
2026-09-10 18:40:00+00:00,4368.65,4368.95,4364.39,4366.13,868,9,0
2026-09-10 18:45:00+00:00,4366.16,4367.07,4361.29,4367.07,879,11,0
2026-09-10 18:50:00+00:00,4367.08,4370.31,4365.63,4366.07,916,8,0
2026-09-10 18:55:00+00:00,4365.98,4367.55,4364.14,4365.91,910,8,0
2026-09-10 19:00:00+00:00,4365.89,4370.04,4365.08,4367.16,1007,8,0
2026-09-10 19:05:00+00:00,4366.99,4368.85,4359.75,4359.85,952,14,0
2026-09-10 19:10:00+00:00,4359.79,4360.85,4354.16,4359.0,991,14,0
2026-09-10 19:15:00+00:00,4359.01,4361.11,4355.38,4359.27,926,13,0
2026-09-10 19:20:00+00:00,4359.28,4362.86,4359.05,4361.27,865,11,0
2026-09-10 19:25:00+00:00,4361.48,4363.74,4359.93,4363.01,781,9,0
2026-09-10 19:30:00+00:00,4362.95,4365.56,4357.92,4357.94,877,11,0
2026-09-10 19:35:00+00:00,4357.47,4361.33,4355.84,4360.43,953,15,0
2026-09-10 19:40:00+00:00,4360.45,4361.49,4356.33,4356.42,814,9,0
2026-09-10 19:45:00+00:00,4356.55,4363.13,4356.47,4360.24,866,9,0
2026-09-10 19:50:00+00:00,4360.25,4363.93,4360.25,4361.83,836,9,0
2026-09-10 19:55:00+00:00,4361.84,4364.31,4359.76,4364.1,758,8,0
2026-09-10 20:00:00+00:00,4364.17,4367.25,4359.66,4363.63,878,8,0
2026-09-10 20:05:00+00:00,4363.61,4364.64,4360.7,4361.88,823,9,0
2026-09-10 20:10:00+00:00,4362.21,4366.26,4361.49,4362.51,811,8,0
2026-09-10 20:15:00+00:00,4362.61,4364.85,4361.36,4364.27,809,8,0
2026-09-10 20:20:00+00:00,4364.28,4365.59,4362.59,4362.69,800,9,0
2026-09-10 20:25:00+00:00,4363.17,4366.84,4362.65,4365.87,872,11,0
2026-09-10 20:30:00+00:00,4365.83,4366.29,4362.3,4362.71,777,11,0
2026-09-10 20:35:00+00:00,4362.68,4363.99,4358.32,4358.75,769,9,0
2026-09-10 20:40:00+00:00,4358.64,4359.56,4355.38,4359.44,822,13,0
2026-09-10 20:45:00+00:00,4359.46,4360.17,4356.89,4357.71,768,8,0
2026-09-10 20:50:00+00:00,4357.75,4360.29,4357.23,4359.62,722,8,0
2026-09-10 20:55:00+00:00,4359.66,4359.79,4351.23,4352.64,790,9,0
2026-09-10 21:00:00+00:00,4352.82,4356.03,4348.75,4351.06,930,15,0
2026-09-10 21:05:00+00:00,4350.92,4350.93,4342.12,4343.3,948,15,0
2026-09-10 21:10:00+00:00,4343.0,4343.85,4340.44,4340.89,946,15,0
2026-09-10 21:15:00+00:00,4340.86,4344.94,4339.48,4342.23,891,13,0
2026-09-10 21:20:00+00:00,4342.42,4346.34,4342.11,4343.94,834,9,0
2026-09-10 21:25:00+00:00,4343.84,4345.22,4337.72,4339.11,928,9,0
2026-09-10 21:30:00+00:00,4339.06,4339.16,4333.2,4336.06,947,13,0
2026-09-10 21:35:00+00:00,4336.05,4336.82,4333.6,4334.96,795,8,0
2026-09-10 21:40:00+00:00,4334.92,4335.9,4332.66,4334.1,796,8,0
2026-09-10 21:45:00+00:00,4334.09,4334.47,4331.01,4332.57,805,8,0
2026-09-10 21:50:00+00:00,4332.53,4339.32,4330.67,4331.63,1004,15,0
2026-09-10 21:55:00+00:00,4331.65,4336.75,4331.14,4333.25,857,11,0
2026-09-10 22:00:00+00:00,4333.19,4333.19,4314.39,4317.46,1031,13,0
2026-09-10 22:05:00+00:00,4317.31,4324.67,4317.07,4324.52,909,13,0
2026-09-10 22:10:00+00:00,4324.36,4324.54,4319.76,4322.02,893,13,0
2026-09-10 22:15:00+00:00,4322.01,4323.42,4319.06,4320.82,811,8,0
2026-09-10 22:20:00+00:00,4320.8,4329.06,4320.57,4328.57,790,8,0
2026-09-10 22:25:00+00:00,4328.5,4330.65,4326.49,4327.21,804,11,0
2026-09-10 22:30:00+00:00,4327.33,4329.43,4324.82,4326.94,747,11,0
2026-09-10 22:35:00+00:00,4326.95,4327.94,4324.09,4326.95,821,11,0
2026-09-10 22:40:00+00:00,4326.93,4327.87,4323.67,4324.4,749,9,0
2026-09-10 22:45:00+00:00,4324.39,4326.01,4320.91,4323.04,714,8,0
2026-09-10 22:50:00+00:00,4323.02,4324.95,4320.05,4323.87,836,9,0
2026-09-10 22:55:00+00:00,4323.84,4324.63,4322.34,4324.4,821,11,0
2026-09-10 23:00:00+00:00,4324.42,4324.42,4319.98,4321.34,612,11,0
2026-09-10 23:05:00+00:00,4321.33,4323.64,4320.23,4322.86,479,9,0
2026-09-10 23:10:00+00:00,4322.88,4324.25,4322.32,4323.01,448,9,0
2026-09-10 23:15:00+00:00,4323.03,4323.08,4321.72,4321.72,374,9,0
2026-09-10 23:20:00+00:00,4321.71,4321.86,4316.37,4316.78,549,9,0
2026-09-10 23:25:00+00:00,4316.82,4319.09,4316.77,4318.83,472,13,0
2026-09-10 23:30:00+00:00,4318.61,4318.61,4316.44,4316.75,516,13,0
2026-09-10 23:35:00+00:00,4316.78,4318.21,4315.85,4317.06,517,14,0
2026-09-10 23:40:00+00:00,4317.0,4318.18,4315.82,4317.99,357,14,0
2026-09-10 23:45:00+00:00,4318.01,4318.8,4315.23,4315.24,464,19,0
2026-09-10 23:50:00+00:00,4315.5,4317.84,4314.59,4316.98,393,19,0
2026-09-10 23:55:00+00:00,4317.03,4318.93,4316.24,4317.06,417,19,0
2026-09-11 01:00:00+00:00,4320.89,4324.61,4316.94,4322.21,471,19,0
2026-09-11 01:05:00+00:00,4322.22,4323.58,4320.89,4322.92,357,23,0
2026-09-11 01:10:00+00:00,4322.95,4322.95,4320.94,4321.28,339,23,0
2026-09-11 01:15:00+00:00,4321.27,4321.87,4319.58,4319.6,210,23,0
2026-09-11 01:20:00+00:00,4319.6,4321.47,4318.96,4319.78,296,23,0
2026-09-11 01:25:00+00:00,4319.72,4320.26,4318.88,4319.66,358,23,0
2026-09-11 01:30:00+00:00,4319.72,4320.3,4315.69,4318.44,436,23,0
2026-09-11 01:35:00+00:00,4318.43,4318.53,4315.99,4316.0,303,23,0
2026-09-11 01:40:00+00:00,4315.98,4317.96,4313.67,4316.01,404,23,0
2026-09-11 01:45:00+00:00,4316.03,4318.26,4315.2,4318.17,310,19,0
2026-09-11 01:50:00+00:00,4318.18,4319.26,4317.23,4317.79,281,15,0
2026-09-11 01:55:00+00:00,4317.9,4318.7,4317.39,4318.41,305,19,0
2026-09-11 02:00:00+00:00,4318.42,4319.85,4317.41,4318.72,439,16,0
2026-09-11 02:05:00+00:00,4318.66,4319.61,4318.12,4318.74,305,15,0
2026-09-11 02:10:00+00:00,4318.77,4319.81,4316.58,4319.61,341,15,0
2026-09-11 02:15:00+00:00,4319.52,4320.06,4319.16,4319.72,204,15,0
2026-09-11 02:20:00+00:00,4319.67,4320.47,4317.69,4318.27,297,18,0
2026-09-11 02:25:00+00:00,4318.3,4319.21,4317.68,4318.12,274,15,0
2026-09-11 02:30:00+00:00,4318.13,4320.25,4317.22,4318.71,348,18,0
2026-09-11 02:35:00+00:00,4318.65,4318.65,4314.67,4315.92,412,23,0
2026-09-11 02:40:00+00:00,4315.96,4318.13,4315.05,4316.14,413,19,0
2026-09-11 02:45:00+00:00,4316.09,4317.91,4313.97,4315.09,621,20,0
2026-09-11 02:50:00+00:00,4315.12,4316.3,4312.08,4312.59,573,15,0
2026-09-11 02:55:00+00:00,4312.61,4316.2,4311.2,4315.25,553,15,0
2026-09-11 03:00:00+00:00,4315.22,4321.26,4313.16,4319.75,915,16,0
2026-09-11 03:05:00+00:00,4319.65,4323.72,4317.55,4318.44,815,17,0
2026-09-11 03:10:00+00:00,4318.48,4319.55,4315.05,4319.05,746,12,0
2026-09-11 03:15:00+00:00,4319.04,4321.28,4316.96,4319.99,716,12,0
2026-09-11 03:20:00+00:00,4319.95,4321.87,4318.28,4318.91,692,11,0
2026-09-11 03:25:00+00:00,4318.94,4324.11,4317.35,4323.9,702,11,0
2026-09-11 03:30:00+00:00,4323.93,4325.03,4319.77,4321.58,710,11,0
2026-09-11 03:35:00+00:00,4321.38,4325.62,4320.79,4325.32,662,11,0
2026-09-11 03:40:00+00:00,4325.31,4327.6,4321.14,4327.6,734,16,0
2026-09-11 03:45:00+00:00,4327.58,4333.86,4326.86,4332.82,715,11,0
2026-09-11 03:50:00+00:00,4332.95,4333.55,4331.15,4332.11,714,12,0
2026-09-11 03:55:00+00:00,4332.1,4333.52,4329.97,4332.13,736,15,0
2026-09-11 04:00:00+00:00,4332.07,4340.36,4328.15,4340.36,1074,17,0
2026-09-11 04:05:00+00:00,4340.35,4340.35,4333.3,4337.59,982,17,0
2026-09-11 04:10:00+00:00,4337.76,4339.06,4332.76,4333.17,979,16,0
2026-09-11 04:15:00+00:00,4333.16,4337.35,4331.11,4332.08,973,17,0
2026-09-11 04:20:00+00:00,4332.04,4332.23,4320.98,4321.42,954,12,0
2026-09-11 04:25:00+00:00,4321.43,4330.56,4321.42,4328.18,879,11,0
2026-09-11 04:30:00+00:00,4328.1,4333.09,4328.1,4332.51,884,13,0
2026-09-11 04:35:00+00:00,4332.58,4334.81,4329.45,4329.45,840,11,0
2026-09-11 04:40:00+00:00,4329.49,4329.55,4322.62,4326.35,983,16,0
2026-09-11 04:45:00+00:00,4326.79,4329.27,4324.03,4328.97,912,11,0
2026-09-11 04:50:00+00:00,4328.98,4330.08,4324.47,4325.18,883,11,0
2026-09-11 04:55:00+00:00,4325.19,4329.6,4324.42,4329.22,788,11,0
2026-09-11 05:00:00+00:00,4329.23,4332.89,4329.19,4332.64,814,15,0
2026-09-11 05:05:00+00:00,4332.65,4333.51,4327.94,4329.54,769,11,0
2026-09-11 05:10:00+00:00,4329.63,4332.18,4328.98,4330.8,698,11,0
2026-09-11 05:15:00+00:00,4330.79,4334.58,4329.9,4333.81,620,11,0
2026-09-11 05:20:00+00:00,4333.8,4333.81,4327.48,4327.9,655,11,0
2026-09-11 05:25:00+00:00,4327.74,4327.74,4323.55,4325.23,652,13,0
2026-09-11 05:30:00+00:00,4325.18,4326.47,4317.0,4319.09,964,17,0
2026-09-11 05:35:00+00:00,4319.12,4322.73,4316.88,4321.83,867,17,0
2026-09-11 05:40:00+00:00,4321.86,4325.62,4318.82,4318.82,883,17,0
2026-09-11 05:45:00+00:00,4318.83,4325.17,4315.95,4323.79,923,16,0
2026-09-11 05:50:00+00:00,4323.7,4326.76,4322.21,4322.51,820,11,0
2026-09-11 05:55:00+00:00,4322.52,4323.95,4321.07,4322.73,776,11,0
2026-09-11 06:00:00+00:00,4322.7,4326.43,4321.82,4322.26,794,16,0
2026-09-11 06:05:00+00:00,4322.14,4323.32,4315.01,4317.7,885,17,0
2026-09-11 06:10:00+00:00,4317.76,4320.08,4314.57,4319.58,847,11,0
2026-09-11 06:15:00+00:00,4319.57,4321.49,4314.45,4314.77,775,11,0
2026-09-11 06:20:00+00:00,4314.84,4316.2,4304.38,4306.88,932,11,0
2026-09-11 06:25:00+00:00,4306.94,4310.62,4304.87,4309.33,879,14,0
2026-09-11 06:30:00+00:00,4309.24,4311.39,4306.53,4308.69,771,12,0
2026-09-11 06:35:00+00:00,4308.92,4310.76,4306.91,4308.6,695,11,0
2026-09-11 06:40:00+00:00,4308.72,4312.51,4306.97,4308.27,751,11,0
2026-09-11 06:45:00+00:00,4308.28,4308.37,4302.42,4303.06,759,11,0
2026-09-11 06:50:00+00:00,4303.07,4304.23,4300.83,4304.12,746,11,0
2026-09-11 06:55:00+00:00,4304.05,4307.04,4302.48,4303.83,744,11,0
2026-09-11 07:00:00+00:00,4303.93,4309.3,4301.97,4308.73,794,17,0
2026-09-11 07:05:00+00:00,4308.95,4318.64,4308.65,4318.22,785,11,0
2026-09-11 07:10:00+00:00,4318.2,4324.98,4318.19,4321.53,923,16,0
2026-09-11 07:15:00+00:00,4321.54,4321.99,4319.52,4320.78,809,11,0
2026-09-11 07:20:00+00:00,4320.76,4327.04,4320.59,4327.02,726,11,0
2026-09-11 07:25:00+00:00,4327.05,4329.2,4325.93,4328.54,638,11,0
2026-09-11 07:30:00+00:00,4328.64,4330.33,4326.55,4326.73,677,17,0
2026-09-11 07:35:00+00:00,4326.72,4328.45,4325.49,4328.16,677,16,0
2026-09-11 07:40:00+00:00,4328.15,4332.76,4327.51,4330.42,736,17,0
2026-09-11 07:45:00+00:00,4330.41,4332.79,4329.11,4330.74,641,11,0
2026-09-11 07:50:00+00:00,4330.73,4334.94,4330.6,4334.94,687,12,0
2026-09-11 07:55:00+00:00,4334.91,4335.34,4331.36,4331.7,585,11,0
2026-09-11 08:00:00+00:00,4332.0,4332.0,4328.32,4329.36,746,11,0
2026-09-11 08:05:00+00:00,4329.34,4335.0,4328.94,4334.82,697,11,0
2026-09-11 08:10:00+00:00,4334.8,4338.09,4332.44,4338.0,705,11,0
2026-09-11 08:15:00+00:00,4338.04,4339.32,4334.9,4338.3,697,11,0
2026-09-11 08:20:00+00:00,4338.64,4339.29,4335.64,4336.6,601,11,0
2026-09-11 08:25:00+00:00,4336.59,4336.64,4333.53,4334.7,606,16,0
2026-09-11 08:30:00+00:00,4334.68,4340.96,4333.85,4338.29,1000,17,0
2026-09-11 08:35:00+00:00,4338.31,4340.06,4336.33,4338.56,903,17,0
2026-09-11 08:40:00+00:00,4338.54,4342.93,4334.15,4342.83,909,17,0
2026-09-11 08:45:00+00:00,4342.94,4346.89,4339.71,4344.94,875,12,0
2026-09-11 08:50:00+00:00,4344.93,4347.8,4343.08,4347.8,911,15,0
2026-09-11 08:55:00+00:00,4347.88,4351.86,4345.55,4345.67,873,13,0
2026-09-11 09:00:00+00:00,4345.68,4356.08,4345.68,4353.86,946,10,0
2026-09-11 09:05:00+00:00,4353.87,4359.17,4351.91,4355.67,894,12,0
2026-09-11 09:10:00+00:00,4355.71,4360.94,4354.47,4359.07,909,11,0
2026-09-11 09:15:00+00:00,4359.04,4360.49,4356.56,4358.79,857,11,0
2026-09-11 09:20:00+00:00,4358.89,4359.01,4352.59,4352.63,869,11,0
2026-09-11 09:25:00+00:00,4352.62,4353.69,4351.36,4351.6,789,10,0
2026-09-11 09:30:00+00:00,4351.59,4352.52,4347.11,4347.13,838,10,0
2026-09-11 09:35:00+00:00,4347.18,4352.84,4347.18,4352.16,848,9,0
2026-09-11 09:40:00+00:00,4352.17,4353.98,4349.34,4350.67,772,11,0
2026-09-11 09:45:00+00:00,4350.71,4355.36,4349.57,4351.86,802,11,0
2026-09-11 09:50:00+00:00,4351.86,4353.38,4349.95,4353.37,765,10,0
2026-09-11 09:55:00+00:00,4353.3,4353.97,4350.87,4353.01,749,10,0
2026-09-11 10:00:00+00:00,4352.98,4356.05,4351.89,4354.72,857,10,0
2026-09-11 10:05:00+00:00,4354.71,4355.98,4350.15,4351.05,723,10,0
2026-09-11 10:10:00+00:00,4351.23,4355.36,4350.84,4351.54,678,10,0
2026-09-11 10:15:00+00:00,4351.48,4352.48,4350.19,4351.06,734,10,0
2026-09-11 10:20:00+00:00,4351.03,4352.35,4347.85,4349.87,657,10,0
2026-09-11 10:25:00+00:00,4349.9,4349.9,4346.11,4346.4,666,10,0
2026-09-11 10:30:00+00:00,4346.36,4347.76,4344.46,4344.97,650,10,0
2026-09-11 10:35:00+00:00,4345.01,4346.26,4343.23,4343.84,594,10,0
2026-09-11 10:40:00+00:00,4343.8,4346.34,4343.29,4345.09,676,12,0
2026-09-11 10:45:00+00:00,4345.02,4345.07,4342.17,4342.5,690,10,0
2026-09-11 10:50:00+00:00,4342.29,4343.14,4340.61,4342.64,694,10,0
2026-09-11 10:55:00+00:00,4342.61,4345.15,4342.61,4344.9,729,11,0
2026-09-11 11:00:00+00:00,4344.91,4347.21,4342.62,4344.5,846,11,0
2026-09-11 11:05:00+00:00,4344.47,4348.5,4343.64,4345.22,786,13,0
2026-09-11 11:10:00+00:00,4345.57,4349.4,4342.4,4347.39,839,13,0
2026-09-11 11:15:00+00:00,4347.43,4350.31,4346.18,4347.1,819,12,0
2026-09-11 11:20:00+00:00,4346.91,4357.39,4343.77,4352.31,790,10,0
2026-09-11 11:25:00+00:00,4352.28,4354.73,4349.19,4351.66,863,13,0
2026-09-11 11:30:00+00:00,4351.57,4355.95,4351.28,4352.76,759,12,0
2026-09-11 11:35:00+00:00,4352.76,4355.98,4351.28,4354.21,691,12,0
2026-09-11 11:40:00+00:00,4354.24,4356.69,4352.19,4352.65,629,13,0
2026-09-11 11:45:00+00:00,4352.79,4355.05,4352.04,4352.93,703,12,0
2026-09-11 11:50:00+00:00,4352.89,4353.05,4349.49,4351.02,698,12,0
2026-09-11 11:55:00+00:00,4351.0,4351.0,4345.63,4346.97,710,11,0
2026-09-11 12:00:00+00:00,4346.99,4353.99,4346.99,4348.54,753,11,0
2026-09-11 12:05:00+00:00,4348.53,4348.9,4344.58,4344.79,624,8,0
2026-09-11 12:10:00+00:00,4344.8,4345.78,4342.68,4342.68,617,11,0
2026-09-11 12:15:00+00:00,4342.58,4345.26,4341.65,4345.23,578,9,0
2026-09-11 12:20:00+00:00,4345.17,4346.16,4343.51,4344.52,594,11,0
2026-09-11 12:25:00+00:00,4344.5,4345.71,4343.43,4343.7,566,13,0
2026-09-11 12:30:00+00:00,4343.83,4345.06,4341.46,4342.37,688,16,0
2026-09-11 12:35:00+00:00,4342.3,4344.46,4342.16,4342.48,612,8,0
2026-09-11 12:40:00+00:00,4342.33,4343.72,4340.91,4343.48,554,8,0
2026-09-11 12:45:00+00:00,4343.48,4343.93,4342.52,4343.56,519,9,0
2026-09-11 12:50:00+00:00,4343.51,4344.64,4342.79,4343.92,608,11,0
2026-09-11 12:55:00+00:00,4343.93,4347.67,4343.26,4346.27,641,9,0
2026-09-11 13:00:00+00:00,4346.44,4349.21,4341.84,4349.13,792,15,0
2026-09-11 13:05:00+00:00,4349.1,4349.82,4344.95,4345.73,616,11,0
2026-09-11 13:10:00+00:00,4345.74,4347.79,4343.57,4346.19,580,11,0
2026-09-11 13:15:00+00:00,4346.38,4349.75,4345.85,4349.1,600,11,0
2026-09-11 13:20:00+00:00,4349.13,4349.83,4345.95,4348.46,651,11,0
2026-09-11 13:25:00+00:00,4348.47,4349.96,4347.09,4349.2,625,11,0
2026-09-11 13:30:00+00:00,4349.29,4349.67,4347.23,4349.12,643,9,0
2026-09-11 13:35:00+00:00,4349.09,4349.17,4344.24,4346.69,619,9,0
2026-09-11 13:40:00+00:00,4346.7,4346.7,4343.77,4345.09,653,9,0
2026-09-11 13:45:00+00:00,4345.1,4345.36,4341.69,4341.76,618,8,0
2026-09-11 13:50:00+00:00,4341.73,4342.55,4339.81,4340.71,584,8,0
2026-09-11 13:55:00+00:00,4340.7,4340.92,4336.76,4337.34,631,8,0
2026-09-11 14:00:00+00:00,4337.57,4342.55,4337.41,4339.42,775,15,0
2026-09-11 14:05:00+00:00,4339.46,4340.24,4337.01,4337.49,681,8,0
2026-09-11 14:10:00+00:00,4337.51,4338.51,4334.65,4338.1,692,8,0
2026-09-11 14:15:00+00:00,4338.05,4339.06,4336.04,4338.39,682,8,0
2026-09-11 14:20:00+00:00,4338.43,4339.72,4337.0,4338.73,673,8,0
2026-09-11 14:25:00+00:00,4338.7,4341.66,4336.26,4336.49,711,8,0
2026-09-11 14:30:00+00:00,4336.46,4337.22,4331.69,4331.84,671,8,0
2026-09-11 14:35:00+00:00,4331.77,4334.07,4330.27,4332.59,690,8,0
2026-09-11 14:40:00+00:00,4332.56,4334.61,4330.21,4334.61,728,8,0
2026-09-11 14:45:00+00:00,4334.67,4335.68,4333.01,4334.51,751,8,0
2026-09-11 14:50:00+00:00,4334.42,4334.67,4330.84,4330.84,742,8,0
2026-09-11 14:55:00+00:00,4330.73,4333.68,4330.53,4333.15,659,8,0
2026-09-11 15:00:00+00:00,4333.6,4334.59,4329.18,4329.5,795,8,0
2026-09-11 15:05:00+00:00,4329.46,4330.34,4326.4,4327.38,781,8,0
2026-09-11 15:10:00+00:00,4327.3,4332.44,4324.89,4327.76,787,12,0
2026-09-11 15:15:00+00:00,4327.92,4334.08,4327.61,4331.33,788,10,0
2026-09-11 15:20:00+00:00,4330.7,4333.84,4329.23,4329.61,890,12,0
2026-09-11 15:25:00+00:00,4329.64,4343.29,4328.39,4341.31,936,8,0
2026-09-11 15:30:00+00:00,4341.37,4341.65,4292.26,4329.15,1007,8,0
2026-09-11 15:35:00+00:00,4328.98,4351.5,4326.66,4350.07,1107,13,0
2026-09-11 15:40:00+00:00,4350.15,4362.39,4349.16,4353.99,1137,13,0
2026-09-11 15:45:00+00:00,4353.89,4367.61,4352.62,4361.79,1089,13,0
2026-09-11 15:50:00+00:00,4361.74,4382.41,4360.2,4377.77,1110,12,0
2026-09-11 15:55:00+00:00,4377.99,4390.06,4376.78,4388.8,1107,13,0
2026-09-11 16:00:00+00:00,4388.68,4393.48,4384.91,4390.35,1128,13,0
2026-09-11 16:05:00+00:00,4390.17,4394.35,4381.75,4382.83,1119,13,0
2026-09-11 16:10:00+00:00,4382.64,4391.43,4380.7,4389.46,1084,13,0
2026-09-11 16:15:00+00:00,4389.43,4390.26,4381.53,4386.7,1071,13,0
2026-09-11 16:20:00+00:00,4386.68,4389.62,4380.59,4383.22,1038,12,0
2026-09-11 16:25:00+00:00,4383.17,4398.55,4382.67,4390.14,1070,13,0
2026-09-11 16:30:00+00:00,4390.27,4395.59,4381.68,4395.47,1134,12,0
2026-09-11 16:35:00+00:00,4395.52,4400.23,4383.74,4387.79,1111,9,0
2026-09-11 16:40:00+00:00,4390.32,4398.79,4387.12,4394.73,1121,8,0
2026-09-11 16:45:00+00:00,4394.73,4400.56,4390.03,4392.95,1086,8,0
2026-09-11 16:50:00+00:00,4392.96,4394.0,4387.36,4389.35,1065,8,0
2026-09-11 16:55:00+00:00,4389.43,4402.49,4387.25,4401.67,1003,8,0
2026-09-11 17:00:00+00:00,4401.68,4402.34,4381.64,4390.28,1104,12,0
2026-09-11 17:05:00+00:00,4390.38,4392.06,4385.62,4387.64,1097,10,0
2026-09-11 17:10:00+00:00,4387.67,4388.21,4382.13,4383.06,1053,8,0
2026-09-11 17:15:00+00:00,4383.07,4384.59,4375.98,4382.4,1090,11,0
2026-09-11 17:20:00+00:00,4382.43,4385.42,4377.7,4379.18,1074,8,0
2026-09-11 17:25:00+00:00,4379.19,4379.29,4374.46,4375.08,1041,8,0
2026-09-11 17:30:00+00:00,4375.1,4375.56,4371.04,4371.51,1055,10,0
2026-09-11 17:35:00+00:00,4371.53,4372.76,4364.8,4368.07,1042,8,0
2026-09-11 17:40:00+00:00,4368.1,4372.07,4367.8,4371.38,1038,8,0
2026-09-11 17:45:00+00:00,4371.45,4384.16,4371.22,4379.8,1078,12,0
2026-09-11 17:50:00+00:00,4379.52,4384.2,4377.45,4377.86,1026,10,0
2026-09-11 17:55:00+00:00,4377.93,4378.5,4370.65,4370.84,1014,9,0
2026-09-11 18:00:00+00:00,4370.85,4372.69,4366.63,4370.74,1008,9,0
2026-09-11 18:05:00+00:00,4370.75,4370.75,4361.62,4363.27,1010,11,0
2026-09-11 18:10:00+00:00,4363.29,4363.78,4359.28,4362.18,955,11,0
2026-09-11 18:15:00+00:00,4362.46,4366.32,4361.51,4362.26,980,10,0
2026-09-11 18:20:00+00:00,4362.3,4367.93,4362.28,4365.52,963,9,0
2026-09-11 18:25:00+00:00,4365.5,4372.34,4365.25,4370.53,975,11,0
2026-09-11 18:30:00+00:00,4370.57,4375.52,4369.1,4373.21,950,12,0
2026-09-11 18:35:00+00:00,4373.05,4377.12,4370.78,4374.4,936,8,0
2026-09-11 18:40:00+00:00,4374.16,4375.36,4370.55,4373.0,848,8,0
2026-09-11 18:45:00+00:00,4372.94,4373.41,4368.69,4373.1,838,8,0
2026-09-11 18:50:00+00:00,4373.13,4373.77,4366.55,4368.94,890,10,0
2026-09-11 18:55:00+00:00,4368.99,4369.41,4365.23,4367.13,903,9,0
2026-09-11 19:00:00+00:00,4367.11,4372.72,4366.72,4371.73,845,9,0
2026-09-11 19:05:00+00:00,4371.76,4372.64,4366.5,4367.35,838,11,0
2026-09-11 19:10:00+00:00,4367.41,4369.07,4361.03,4361.35,870,11,0
2026-09-11 19:15:00+00:00,4361.42,4363.95,4358.91,4359.43,865,11,0
2026-09-11 19:20:00+00:00,4359.37,4360.94,4351.99,4353.06,904,13,0
2026-09-11 19:25:00+00:00,4353.02,4362.69,4352.75,4354.83,944,13,0
2026-09-11 19:30:00+00:00,4354.88,4365.76,4353.47,4364.38,992,13,0
2026-09-11 19:35:00+00:00,4364.3,4364.34,4359.27,4359.61,867,10,0
2026-09-11 19:40:00+00:00,4359.6,4364.46,4359.01,4363.59,827,8,0
2026-09-11 19:45:00+00:00,4363.57,4365.03,4360.56,4360.8,788,8,0
2026-09-11 19:50:00+00:00,4360.69,4361.76,4360.34,4361.34,699,8,0
2026-09-11 19:55:00+00:00,4361.29,4363.39,4361.18,4361.73,725,8,0
2026-09-11 20:00:00+00:00,4361.74,4364.15,4360.9,4363.33,696,9,0
2026-09-11 20:05:00+00:00,4362.55,4368.54,4361.19,4364.04,730,10,0
2026-09-11 20:10:00+00:00,4364.01,4366.87,4362.13,4365.88,771,12,0
2026-09-11 20:15:00+00:00,4365.54,4368.83,4363.49,4367.91,810,10,0
2026-09-11 20:20:00+00:00,4367.72,4369.32,4365.83,4369.12,777,9,0
2026-09-11 20:25:00+00:00,4369.09,4369.74,4366.16,4367.02,795,8,0
2026-09-11 20:30:00+00:00,4366.93,4370.43,4365.42,4369.1,731,10,0
2026-09-11 20:35:00+00:00,4369.09,4369.65,4362.24,4362.43,665,9,0
2026-09-11 20:40:00+00:00,4362.4,4363.56,4360.05,4362.05,726,9,0
2026-09-11 20:45:00+00:00,4361.81,4362.34,4359.32,4361.55,766,10,0
2026-09-11 20:50:00+00:00,4361.58,4363.8,4360.89,4362.7,670,9,0
2026-09-11 20:55:00+00:00,4362.69,4362.99,4357.93,4358.28,698,8,0
2026-09-11 21:00:00+00:00,4358.26,4359.79,4357.16,4359.78,694,8,0
2026-09-11 21:05:00+00:00,4359.79,4360.1,4353.84,4353.9,723,9,0
2026-09-11 21:10:00+00:00,4353.81,4355.97,4346.03,4346.88,785,12,0
2026-09-11 21:15:00+00:00,4346.72,4352.02,4345.02,4349.9,766,13,0
2026-09-11 21:20:00+00:00,4349.71,4350.25,4344.25,4349.03,918,13,0
2026-09-11 21:25:00+00:00,4349.02,4352.94,4348.64,4350.6,854,12,0
2026-09-11 21:30:00+00:00,4350.58,4351.53,4345.82,4348.17,766,11,0
2026-09-11 21:35:00+00:00,4348.21,4350.31,4346.9,4347.2,675,9,0
2026-09-11 21:40:00+00:00,4347.19,4349.13,4346.78,4347.06,580,8,0
2026-09-11 21:45:00+00:00,4347.09,4347.43,4344.3,4345.21,661,8,0
2026-09-11 21:50:00+00:00,4345.18,4346.87,4344.54,4345.27,639,9,0
2026-09-11 21:55:00+00:00,4345.28,4347.16,4344.93,4346.96,650,9,0
2026-09-11 22:00:00+00:00,4347.35,4348.21,4345.39,4347.69,716,11,0
2026-09-11 22:05:00+00:00,4347.67,4349.22,4344.44,4347.54,623,13,0
2026-09-11 22:10:00+00:00,4347.53,4351.99,4347.06,4351.99,654,14,0
2026-09-11 22:15:00+00:00,4351.93,4353.73,4349.33,4349.53,643,9,0
2026-09-11 22:20:00+00:00,4349.55,4351.57,4349.15,4351.56,586,8,0
2026-09-11 22:25:00+00:00,4351.54,4353.14,4347.42,4347.42,595,11,0
2026-09-11 22:30:00+00:00,4347.58,4348.37,4345.68,4347.66,648,8,0
2026-09-11 22:35:00+00:00,4347.69,4348.53,4346.3,4347.32,544,9,0
2026-09-11 22:40:00+00:00,4347.31,4348.6,4346.06,4346.65,613,11,0
2026-09-11 22:45:00+00:00,4346.59,4346.71,4343.43,4343.47,661,9,0
2026-09-11 22:50:00+00:00,4343.44,4346.21,4343.25,4345.66,661,8,0
2026-09-11 22:55:00+00:00,4345.7,4349.89,4345.42,4349.25,764,9,0
2026-09-11 23:00:00+00:00,4348.95,4351.91,4348.63,4349.32,495,8,0
2026-09-11 23:05:00+00:00,4349.29,4351.13,4349.12,4350.69,334,8,0
2026-09-11 23:10:00+00:00,4350.75,4350.84,4348.79,4348.85,356,8,0
2026-09-11 23:15:00+00:00,4348.8,4349.73,4346.8,4349.73,277,8,0
2026-09-11 23:20:00+00:00,4349.82,4350.8,4349.51,4350.03,299,9,0
2026-09-11 23:25:00+00:00,4349.99,4350.47,4348.98,4349.31,308,8,0
2026-09-11 23:30:00+00:00,4349.3,4349.33,4347.55,4348.17,283,9,0
2026-09-11 23:35:00+00:00,4348.13,4349.55,4347.59,4348.67,273,9,0
2026-09-11 23:40:00+00:00,4348.64,4348.64,4345.8,4346.55,259,19,0
2026-09-11 23:45:00+00:00,4346.61,4349.41,4346.42,4347.6,273,19,0
2026-09-11 23:50:00+00:00,4347.74,4348.57,4345.58,4348.52,291,19,0
2026-09-11 23:55:00+00:00,4348.18,4349.16,4347.69,4348.64,262,16,0
2026-09-14 01:00:00+00:00,4336.88,4341.57,4323.55,4338.93,1045,8,0
2026-09-14 01:05:00+00:00,4338.8,4341.09,4331.07,4331.21,721,19,0
2026-09-14 01:10:00+00:00,4331.36,4334.31,4330.06,4330.98,710,19,0
2026-09-14 01:15:00+00:00,4331.59,4333.92,4329.96,4333.92,604,19,0
2026-09-14 01:20:00+00:00,4333.93,4335.21,4328.43,4329.08,618,19,0
2026-09-14 01:25:00+00:00,4329.19,4336.46,4328.99,4336.3,516,19,0
2026-09-14 01:30:00+00:00,4336.19,4337.82,4334.68,4336.39,473,19,0
2026-09-14 01:35:00+00:00,4336.58,4336.79,4334.97,4335.71,393,19,0
2026-09-14 01:40:00+00:00,4335.63,4337.36,4333.61,4337.13,400,19,0
2026-09-14 01:45:00+00:00,4337.18,4337.82,4335.95,4336.43,246,19,0
2026-09-14 01:50:00+00:00,4336.41,4339.79,4335.17,4339.4,288,19,0
2026-09-14 01:55:00+00:00,4339.39,4339.39,4337.67,4337.77,312,14,0
2026-09-14 02:00:00+00:00,4337.97,4342.24,4337.97,4341.25,358,13,0
2026-09-14 02:05:00+00:00,4341.24,4341.76,4340.6,4341.56,186,13,0
2026-09-14 02:10:00+00:00,4341.55,4342.38,4339.56,4339.56,219,18,0
2026-09-14 02:15:00+00:00,4339.56,4340.52,4337.65,4337.67,288,19,0
2026-09-14 02:20:00+00:00,4337.66,4338.41,4335.74,4338.1,331,19,0
2026-09-14 02:25:00+00:00,4338.11,4340.23,4337.08,4339.31,356,18,0
2026-09-14 02:30:00+00:00,4339.1,4341.96,4339.1,4341.38,312,17,0
2026-09-14 02:35:00+00:00,4341.45,4341.77,4338.69,4340.72,450,19,0
2026-09-14 02:40:00+00:00,4340.67,4341.39,4337.9,4337.9,436,16,0
2026-09-14 02:45:00+00:00,4337.87,4338.23,4332.01,4332.01,730,17,0
2026-09-14 02:50:00+00:00,4331.89,4334.89,4331.89,4333.71,586,13,0
2026-09-14 02:55:00+00:00,4333.66,4335.27,4332.03,4332.79,652,15,0
2026-09-14 03:00:00+00:00,4332.74,4335.66,4329.86,4333.73,865,19,0
2026-09-14 03:05:00+00:00,4333.7,4346.4,4333.7,4345.62,803,19,0
2026-09-14 03:10:00+00:00,4345.61,4347.46,4341.3,4342.66,799,19,0
2026-09-14 03:15:00+00:00,4342.57,4345.0,4339.94,4341.24,733,13,0
2026-09-14 03:20:00+00:00,4341.25,4341.25,4336.93,4338.76,726,13,0
2026-09-14 03:25:00+00:00,4338.67,4340.32,4333.1,4337.86,719,14,0
2026-09-14 03:30:00+00:00,4337.9,4340.48,4336.42,4339.41,755,17,0
2026-09-14 03:35:00+00:00,4339.44,4340.61,4332.97,4332.97,710,13,0
2026-09-14 03:40:00+00:00,4332.88,4338.6,4332.24,4338.18,693,13,0
2026-09-14 03:45:00+00:00,4338.19,4342.56,4337.27,4339.64,765,17,0
2026-09-14 03:50:00+00:00,4339.69,4342.6,4339.61,4342.58,668,13,0
2026-09-14 03:55:00+00:00,4342.64,4343.34,4338.1,4339.08,688,14,0
2026-09-14 04:00:00+00:00,4338.47,4344.6,4331.1,4331.1,1105,19,0
2026-09-14 04:05:00+00:00,4331.0,4336.93,4329.77,4336.53,1064,19,0
2026-09-14 04:10:00+00:00,4336.44,4336.84,4329.56,4331.58,1017,19,0
2026-09-14 04:15:00+00:00,4331.54,4333.51,4326.93,4327.29,1033,18,0
2026-09-14 04:20:00+00:00,4327.14,4337.56,4326.24,4335.12,953,17,0
2026-09-14 04:25:00+00:00,4335.16,4337.84,4330.91,4335.41,929,16,0
2026-09-14 04:30:00+00:00,4335.44,4336.1,4328.37,4331.94,928,17,0
2026-09-14 04:35:00+00:00,4331.84,4344.97,4331.65,4344.56,862,14,0
2026-09-14 04:40:00+00:00,4344.73,4346.56,4337.32,4342.37,894,13,0
2026-09-14 04:45:00+00:00,4342.44,4348.87,4342.44,4345.96,827,13,0
2026-09-14 04:50:00+00:00,4345.94,4350.07,4342.8,4348.08,779,13,0
2026-09-14 04:55:00+00:00,4348.08,4355.15,4346.79,4353.36,814,13,0
2026-09-14 05:00:00+00:00,4353.24,4354.18,4348.59,4349.2,806,17,0
2026-09-14 05:05:00+00:00,4349.17,4354.92,4349.07,4352.32,750,16,0
2026-09-14 05:10:00+00:00,4352.49,4353.92,4348.49,4349.33,643,13,0
2026-09-14 05:15:00+00:00,4349.29,4350.05,4348.22,4349.23,450,16,0
2026-09-14 05:20:00+00:00,4349.24,4353.69,4348.93,4353.19,493,19,0
2026-09-14 05:25:00+00:00,4353.21,4354.04,4351.88,4352.16,492,16,0
2026-09-14 05:30:00+00:00,4352.89,4355.33,4350.58,4354.4,862,19,0
2026-09-14 05:35:00+00:00,4354.2,4354.53,4347.55,4347.95,741,17,0
2026-09-14 05:40:00+00:00,4347.84,4348.0,4343.24,4345.66,781,18,0
2026-09-14 05:45:00+00:00,4345.67,4348.06,4344.59,4345.03,691,13,0
2026-09-14 05:50:00+00:00,4344.97,4345.07,4337.95,4338.27,745,14,0
2026-09-14 05:55:00+00:00,4338.2,4338.2,4329.97,4330.83,809,19,0
2026-09-14 06:00:00+00:00,4330.82,4332.83,4327.54,4332.28,791,17,0
2026-09-14 06:05:00+00:00,4332.34,4335.9,4331.95,4335.82,719,15,0
2026-09-14 06:10:00+00:00,4335.83,4335.98,4332.77,4333.38,652,13,0
2026-09-14 06:15:00+00:00,4333.42,4335.83,4331.93,4335.47,631,13,0
2026-09-14 06:20:00+00:00,4335.51,4336.35,4334.04,4334.81,523,13,0
2026-09-14 06:25:00+00:00,4334.82,4335.46,4333.15,4334.78,615,13,0
2026-09-14 06:30:00+00:00,4334.82,4335.21,4329.96,4330.25,558,18,0
2026-09-14 06:35:00+00:00,4330.24,4332.82,4328.37,4331.9,544,19,0
2026-09-14 06:40:00+00:00,4331.91,4331.91,4327.15,4328.95,538,13,0
2026-09-14 06:45:00+00:00,4329.15,4333.22,4328.62,4332.87,470,13,0
2026-09-14 06:50:00+00:00,4332.88,4333.51,4330.48,4331.94,468,13,0
2026-09-14 06:55:00+00:00,4331.9,4332.67,4329.67,4330.39,502,13,0
2026-09-14 07:00:00+00:00,4330.32,4331.62,4329.93,4331.14,399,13,0
2026-09-14 07:05:00+00:00,4331.13,4331.61,4329.14,4330.76,493,13,0
2026-09-14 07:10:00+00:00,4330.73,4330.99,4329.18,4329.18,367,15,0
2026-09-14 07:15:00+00:00,4329.13,4330.1,4328.86,4329.72,371,17,0
2026-09-14 07:20:00+00:00,4329.68,4330.45,4329.08,4330.1,298,18,0
2026-09-14 07:25:00+00:00,4330.13,4331.61,4329.5,4331.39,415,18,0
2026-09-14 07:30:00+00:00,4331.41,4331.61,4327.66,4327.72,428,19,0
2026-09-14 07:35:00+00:00,4327.73,4329.86,4325.16,4326.7,546,19,0
2026-09-14 07:40:00+00:00,4326.56,4326.57,4323.42,4323.47,568,19,0
2026-09-14 07:45:00+00:00,4323.39,4325.73,4322.22,4324.92,546,18,0
2026-09-14 07:50:00+00:00,4324.92,4328.24,4323.07,4328.11,534,19,0
2026-09-14 07:55:00+00:00,4328.15,4331.56,4328.15,4329.55,483,13,0
2026-09-14 08:00:00+00:00,4329.52,4332.57,4327.07,4332.05,521,13,0
2026-09-14 08:05:00+00:00,4332.02,4332.29,4328.83,4328.94,573,18,0
2026-09-14 08:10:00+00:00,4328.91,4330.73,4326.6,4330.73,524,13,0
2026-09-14 08:15:00+00:00,4330.96,4332.13,4329.6,4329.79,457,13,0
2026-09-14 08:20:00+00:00,4329.7,4330.28,4326.46,4327.29,419,13,0
2026-09-14 08:25:00+00:00,4327.29,4329.03,4326.88,4326.89,425,15,0
2026-09-14 08:30:00+00:00,4326.59,4336.68,4325.53,4332.43,862,19,0
2026-09-14 08:35:00+00:00,4332.4,4337.04,4332.31,4335.14,801,19,0
2026-09-14 08:40:00+00:00,4335.21,4335.29,4326.44,4330.97,864,19,0
2026-09-14 08:45:00+00:00,4331.01,4333.9,4325.29,4326.18,824,19,0
2026-09-14 08:50:00+00:00,4326.32,4334.66,4323.35,4334.63,818,18,0
2026-09-14 08:55:00+00:00,4334.59,4337.4,4332.88,4337.34,760,16,0
2026-09-14 09:00:00+00:00,4337.42,4338.63,4334.32,4334.47,862,8,0
2026-09-14 09:05:00+00:00,4334.36,4336.05,4331.05,4331.11,814,9,0
2026-09-14 09:10:00+00:00,4330.97,4333.84,4327.16,4329.97,782,11,0
2026-09-14 09:15:00+00:00,4329.98,4330.53,4327.75,4330.31,755,8,0
2026-09-14 09:20:00+00:00,4330.12,4331.42,4326.96,4329.48,752,9,0
2026-09-14 09:25:00+00:00,4329.54,4332.52,4328.9,4330.31,716,8,0
2026-09-14 09:30:00+00:00,4330.19,4332.25,4329.22,4330.17,700,8,0
2026-09-14 09:35:00+00:00,4330.21,4332.34,4327.7,4327.73,723,9,0
2026-09-14 09:40:00+00:00,4327.69,4328.12,4325.19,4327.27,744,8,0
2026-09-14 09:45:00+00:00,4327.31,4329.7,4323.99,4324.03,809,13,0
2026-09-14 09:50:00+00:00,4323.9,4325.0,4322.24,4323.17,718,8,0
2026-09-14 09:55:00+00:00,4323.18,4323.27,4320.64,4322.18,762,8,0
2026-09-14 10:00:00+00:00,4322.19,4322.29,4317.62,4321.54,895,9,0
2026-09-14 10:05:00+00:00,4321.48,4323.11,4318.85,4319.06,788,9,0
2026-09-14 10:10:00+00:00,4318.91,4324.19,4318.67,4323.89,731,8,0
2026-09-14 10:15:00+00:00,4323.95,4324.22,4321.54,4323.86,709,8,0
2026-09-14 10:20:00+00:00,4323.76,4323.76,4319.26,4319.76,699,8,0
2026-09-14 10:25:00+00:00,4319.79,4321.63,4316.34,4316.75,754,9,0
2026-09-14 10:30:00+00:00,4316.77,4319.42,4315.98,4317.39,702,8,0
2026-09-14 10:35:00+00:00,4317.47,4318.02,4315.6,4316.96,637,8,0
2026-09-14 10:40:00+00:00,4316.9,4319.46,4316.7,4319.19,694,8,0
2026-09-14 10:45:00+00:00,4319.31,4321.95,4315.96,4317.9,713,9,0
2026-09-14 10:50:00+00:00,4317.83,4319.6,4310.9,4311.4,775,8,0
2026-09-14 10:55:00+00:00,4311.35,4312.51,4308.02,4310.85,754,8,0
2026-09-14 11:00:00+00:00,4310.87,4316.81,4310.82,4314.64,923,8,0
2026-09-14 11:05:00+00:00,4314.75,4318.2,4313.57,4316.0,806,8,0
2026-09-14 11:10:00+00:00,4315.93,4316.31,4312.55,4313.38,755,8,0
2026-09-14 11:15:00+00:00,4313.3,4313.3,4310.27,4311.38,757,8,0
2026-09-14 11:20:00+00:00,4311.25,4314.38,4311.08,4313.27,721,9,0
2026-09-14 11:25:00+00:00,4313.26,4313.8,4310.63,4310.63,738,8,0
2026-09-14 11:30:00+00:00,4310.65,4313.99,4309.66,4312.51,807,9,0
2026-09-14 11:35:00+00:00,4312.61,4315.96,4311.81,4313.31,689,8,0
2026-09-14 11:40:00+00:00,4313.32,4313.97,4309.67,4311.8,734,8,0
2026-09-14 11:45:00+00:00,4311.74,4313.32,4307.18,4309.11,726,8,0
2026-09-14 11:50:00+00:00,4309.18,4309.18,4305.86,4306.32,732,8,0
2026-09-14 11:55:00+00:00,4306.41,4307.24,4303.29,4306.6,727,8,0
2026-09-14 12:00:00+00:00,4306.63,4311.65,4305.2,4309.11,823,16,0
2026-09-14 12:05:00+00:00,4309.1,4311.05,4308.14,4310.35,653,8,0
2026-09-14 12:10:00+00:00,4310.31,4310.35,4305.04,4305.87,702,8,0
2026-09-14 12:15:00+00:00,4305.78,4306.0,4287.09,4292.51,861,8,0
2026-09-14 12:20:00+00:00,4292.67,4292.96,4286.2,4287.73,927,14,0
2026-09-14 12:25:00+00:00,4287.67,4288.4,4280.56,4287.99,937,14,0
2026-09-14 12:30:00+00:00,4287.94,4289.67,4283.36,4287.72,883,13,0
2026-09-14 12:35:00+00:00,4287.7,4288.66,4279.38,4282.15,861,11,0
2026-09-14 12:40:00+00:00,4282.22,4287.21,4280.56,4281.45,887,9,0
2026-09-14 12:45:00+00:00,4281.44,4284.42,4279.28,4281.8,827,9,0
2026-09-14 12:50:00+00:00,4281.84,4287.74,4278.76,4287.47,781,8,0
2026-09-14 12:55:00+00:00,4287.52,4288.29,4284.51,4285.73,799,9,0
2026-09-14 13:00:00+00:00,4285.52,4285.97,4278.38,4281.58,893,13,0
2026-09-14 13:05:00+00:00,4281.58,4286.07,4281.58,4286.07,749,9,0
2026-09-14 13:10:00+00:00,4286.05,4289.29,4285.61,4288.53,659,8,0
2026-09-14 13:15:00+00:00,4288.43,4290.86,4286.07,4290.05,695,13,0
2026-09-14 13:20:00+00:00,4290.04,4290.07,4285.88,4289.05,669,13,0
2026-09-14 13:25:00+00:00,4289.15,4292.58,4289.0,4291.14,568,9,0
2026-09-14 13:30:00+00:00,4291.16,4292.71,4289.31,4291.13,598,9,0
2026-09-14 13:35:00+00:00,4291.12,4293.85,4291.01,4293.41,532,9,0
2026-09-14 13:40:00+00:00,4293.39,4294.93,4293.02,4293.92,556,9,0
2026-09-14 13:45:00+00:00,4293.88,4294.63,4292.0,4292.66,523,14,0
2026-09-14 13:50:00+00:00,4292.74,4293.26,4291.3,4291.72,528,11,0
2026-09-14 13:55:00+00:00,4291.71,4296.52,4290.17,4294.74,648,13,0
2026-09-14 14:00:00+00:00,4294.74,4296.77,4293.39,4296.77,769,14,0
2026-09-14 14:05:00+00:00,4296.81,4296.85,4293.39,4294.86,691,8,0
2026-09-14 14:10:00+00:00,4294.84,4294.85,4291.17,4292.22,647,8,0
2026-09-14 14:15:00+00:00,4292.24,4295.62,4291.17,4295.53,606,8,0
2026-09-14 14:20:00+00:00,4295.53,4296.86,4294.12,4296.74,525,8,0
2026-09-14 14:25:00+00:00,4296.72,4296.79,4295.63,4296.13,470,8,0
2026-09-14 14:30:00+00:00,4296.02,4296.82,4294.03,4294.81,618,13,0
2026-09-14 14:35:00+00:00,4294.82,4295.0,4292.21,4293.13,616,11,0
2026-09-14 14:40:00+00:00,4293.15,4294.87,4292.16,4292.38,627,8,0
2026-09-14 14:45:00+00:00,4292.39,4293.77,4291.78,4293.37,566,8,0
2026-09-14 14:50:00+00:00,4293.36,4293.36,4286.75,4287.52,696,15,0
2026-09-14 14:55:00+00:00,4287.55,4288.28,4284.36,4287.01,693,8,0
2026-09-14 15:00:00+00:00,4287.1,4290.19,4285.1,4287.18,704,15,0
2026-09-14 15:05:00+00:00,4287.17,4294.27,4286.08,4293.62,780,15,0
2026-09-14 15:10:00+00:00,4293.63,4296.71,4292.1,4294.64,743,14,0
2026-09-14 15:15:00+00:00,4294.71,4297.51,4289.98,4290.39,889,14,0
2026-09-14 15:20:00+00:00,4290.3,4290.56,4284.89,4285.92,901,15,0
2026-09-14 15:25:00+00:00,4285.9,4287.93,4283.7,4286.04,847,13,0
2026-09-14 15:30:00+00:00,4286.06,4289.18,4283.42,4288.02,915,13,0
2026-09-14 15:35:00+00:00,4288.02,4289.49,4273.54,4278.22,1090,16,0
2026-09-14 15:40:00+00:00,4278.12,4286.7,4276.54,4283.75,998,13,0
2026-09-14 15:45:00+00:00,4283.3,4283.51,4276.44,4278.68,930,9,0
2026-09-14 15:50:00+00:00,4278.66,4279.11,4267.98,4269.77,920,8,0
2026-09-14 15:55:00+00:00,4269.85,4271.94,4265.92,4271.08,940,13,0
2026-09-14 16:00:00+00:00,4270.97,4272.64,4265.64,4267.82,1088,16,0
2026-09-14 16:05:00+00:00,4267.8,4270.31,4253.63,4260.11,1061,11,0
2026-09-14 16:10:00+00:00,4260.31,4268.49,4259.69,4266.42,983,8,0
2026-09-14 16:15:00+00:00,4266.4,4272.95,4263.9,4272.89,895,8,0
2026-09-14 16:20:00+00:00,4273.16,4277.21,4272.22,4276.04,890,8,0
2026-09-14 16:25:00+00:00,4276.03,4277.68,4271.29,4273.19,900,9,0
2026-09-14 16:30:00+00:00,4275.77,4278.33,4272.05,4272.26,1087,16,0
2026-09-14 16:35:00+00:00,4272.25,4274.84,4268.64,4268.72,1055,14,0
2026-09-14 16:40:00+00:00,4268.67,4275.02,4267.11,4274.8,1037,9,0
2026-09-14 16:45:00+00:00,4275.01,4281.13,4271.88,4276.74,1065,14,0
2026-09-14 16:50:00+00:00,4276.65,4281.04,4270.71,4273.13,1080,11,0
2026-09-14 16:55:00+00:00,4273.14,4275.74,4269.85,4272.73,1004,8,0
2026-09-14 17:00:00+00:00,4272.71,4275.89,4266.11,4267.74,1044,8,0
2026-09-14 17:05:00+00:00,4267.66,4271.44,4265.1,4271.24,1037,8,0
2026-09-14 17:10:00+00:00,4271.23,4282.03,4271.14,4281.94,1024,8,0
2026-09-14 17:15:00+00:00,4281.82,4282.97,4273.02,4276.24,973,8,0
2026-09-14 17:20:00+00:00,4276.12,4276.12,4264.56,4264.91,1019,8,0
2026-09-14 17:25:00+00:00,4264.88,4269.9,4264.16,4269.9,993,9,0
2026-09-14 17:30:00+00:00,4270.04,4271.48,4266.79,4271.42,952,8,0
2026-09-14 17:35:00+00:00,4271.43,4272.23,4267.94,4271.46,936,11,0
2026-09-14 17:40:00+00:00,4271.45,4277.09,4269.15,4276.85,935,8,0
2026-09-14 17:45:00+00:00,4276.82,4279.44,4276.48,4278.39,930,8,0
2026-09-14 17:50:00+00:00,4278.42,4279.18,4274.06,4276.35,936,11,0
2026-09-14 17:55:00+00:00,4276.36,4279.47,4274.77,4279.47,937,9,0
2026-09-14 18:00:00+00:00,4279.74,4279.97,4272.72,4273.03,963,11,0
2026-09-14 18:05:00+00:00,4273.01,4286.51,4272.75,4280.02,1085,15,0
2026-09-14 18:10:00+00:00,4280.28,4282.94,4277.14,4277.14,989,11,0
2026-09-14 18:15:00+00:00,4277.11,4278.84,4272.76,4275.96,947,13,0
2026-09-14 18:20:00+00:00,4276.11,4279.48,4274.32,4279.37,869,13,0
2026-09-14 18:25:00+00:00,4279.4,4284.69,4278.24,4283.63,900,13,0
2026-09-14 18:30:00+00:00,4283.21,4294.36,4282.85,4293.92,1051,15,0
2026-09-14 18:35:00+00:00,4293.94,4297.56,4289.84,4297.3,1069,11,0
2026-09-14 18:40:00+00:00,4297.41,4298.08,4293.06,4294.33,1048,11,0
2026-09-14 18:45:00+00:00,4294.27,4295.02,4287.99,4288.21,955,8,0
2026-09-14 18:50:00+00:00,4288.34,4290.54,4286.42,4289.38,893,8,0
2026-09-14 18:55:00+00:00,4289.4,4291.33,4288.04,4288.15,788,13,0
2026-09-14 19:00:00+00:00,4288.23,4290.24,4286.33,4286.5,798,11,0
2026-09-14 19:05:00+00:00,4286.47,4294.73,4286.45,4294.65,804,15,0
2026-09-14 19:10:00+00:00,4294.84,4297.63,4294.46,4294.46,838,14,0
2026-09-14 19:15:00+00:00,4294.41,4299.35,4294.39,4298.9,813,11,0
2026-09-14 19:20:00+00:00,4298.83,4305.21,4297.51,4304.6,848,9,0
2026-09-14 19:25:00+00:00,4304.58,4305.27,4299.1,4299.44,837,13,0
2026-09-14 19:30:00+00:00,4299.4,4303.4,4298.8,4300.37,810,9,0
2026-09-14 19:35:00+00:00,4300.31,4302.53,4299.28,4302.12,799,8,0
2026-09-14 19:40:00+00:00,4302.36,4307.62,4301.95,4306.11,765,8,0
2026-09-14 19:45:00+00:00,4306.1,4315.36,4304.82,4313.96,965,11,0
2026-09-14 19:50:00+00:00,4313.94,4317.74,4312.43,4316.71,1030,15,0
2026-09-14 19:55:00+00:00,4316.82,4317.51,4314.8,4315.85,844,9,0
2026-09-14 20:00:00+00:00,4315.84,4316.54,4312.44,4314.68,818,8,0
2026-09-14 20:05:00+00:00,4314.66,4314.81,4312.19,4313.62,737,8,0
2026-09-14 20:10:00+00:00,4313.65,4315.82,4311.42,4311.55,785,8,0
2026-09-14 20:15:00+00:00,4311.24,4312.92,4309.35,4309.87,731,9,0
2026-09-14 20:20:00+00:00,4310.07,4312.14,4309.87,4311.41,827,9,0
2026-09-14 20:25:00+00:00,4311.39,4314.12,4310.04,4311.8,827,11,0
2026-09-14 20:30:00+00:00,4311.83,4313.63,4308.99,4309.07,775,14,0
2026-09-14 20:35:00+00:00,4309.03,4311.78,4307.81,4311.29,687,9,0
2026-09-14 20:40:00+00:00,4311.25,4312.06,4309.28,4309.93,729,9,0
2026-09-14 20:45:00+00:00,4309.95,4311.4,4308.97,4309.07,661,9,0
2026-09-14 20:50:00+00:00,4309.08,4313.6,4308.65,4312.38,688,11,0
2026-09-14 20:55:00+00:00,4312.17,4313.87,4310.55,4311.05,672,11,0
2026-09-14 21:00:00+00:00,4311.06,4315.46,4309.97,4310.16,770,11,0
2026-09-14 21:05:00+00:00,4310.33,4311.47,4308.33,4310.38,690,9,0
2026-09-14 21:10:00+00:00,4310.32,4312.86,4310.29,4312.71,601,8,0
2026-09-14 21:15:00+00:00,4312.69,4312.73,4311.37,4311.67,554,8,0
2026-09-14 21:20:00+00:00,4311.66,4312.14,4308.14,4308.16,614,8,0
2026-09-14 21:25:00+00:00,4308.2,4309.51,4306.38,4309.51,707,8,0
2026-09-14 21:30:00+00:00,4309.72,4313.24,4308.6,4311.63,693,13,0
2026-09-14 21:35:00+00:00,4311.56,4313.02,4311.06,4311.06,588,13,0
2026-09-14 21:40:00+00:00,4311.02,4311.02,4309.21,4309.5,520,9,0
2026-09-14 21:45:00+00:00,4309.44,4309.77,4307.26,4308.03,586,9,0
2026-09-14 21:50:00+00:00,4308.01,4308.01,4304.97,4306.59,462,13,0
2026-09-14 21:55:00+00:00,4306.51,4307.88,4305.39,4307.42,617,9,0
2026-09-14 22:00:00+00:00,4307.41,4307.9,4304.73,4306.43,623,9,0
2026-09-14 22:05:00+00:00,4306.39,4306.53,4302.88,4303.83,592,9,0
2026-09-14 22:10:00+00:00,4303.84,4306.72,4303.6,4306.06,498,8,0
2026-09-14 22:15:00+00:00,4306.0,4306.01,4300.31,4301.77,563,8,0
2026-09-14 22:20:00+00:00,4301.78,4302.28,4295.95,4297.37,593,15,0
2026-09-14 22:25:00+00:00,4297.26,4298.52,4296.43,4296.46,599,8,0
2026-09-14 22:30:00+00:00,4296.45,4297.38,4292.9,4293.15,685,8,0
2026-09-14 22:35:00+00:00,4293.25,4294.63,4291.93,4292.04,640,15,0
2026-09-14 22:40:00+00:00,4292.07,4292.31,4290.59,4291.96,648,8,0
2026-09-14 22:45:00+00:00,4291.91,4291.92,4287.86,4287.88,673,8,0
2026-09-14 22:50:00+00:00,4287.87,4288.02,4284.88,4286.46,773,13,0
2026-09-14 22:55:00+00:00,4286.51,4286.76,4282.98,4284.41,789,15,0
2026-09-14 23:00:00+00:00,4284.03,4285.06,4282.38,4284.66,566,8,0
2026-09-14 23:05:00+00:00,4284.65,4286.62,4284.61,4285.79,448,8,0
2026-09-14 23:10:00+00:00,4285.88,4288.51,4285.64,4287.81,390,8,0
2026-09-14 23:15:00+00:00,4288.0,4293.34,4287.99,4293.27,415,8,0
2026-09-14 23:20:00+00:00,4293.58,4295.99,4293.45,4295.83,432,11,0
2026-09-14 23:25:00+00:00,4295.88,4298.31,4295.85,4296.71,395,8,0
2026-09-14 23:30:00+00:00,4296.79,4299.6,4296.77,4299.41,314,8,0
2026-09-14 23:35:00+00:00,4299.34,4299.34,4294.89,4296.23,348,8,0
2026-09-14 23:40:00+00:00,4296.21,4296.69,4294.62,4294.86,325,19,0
2026-09-14 23:45:00+00:00,4294.93,4297.07,4294.89,4296.7,309,19,0
2026-09-14 23:50:00+00:00,4297.0,4297.69,4296.61,4297.59,262,19,0
2026-09-14 23:55:00+00:00,4297.53,4299.43,4297.51,4298.68,294,19,0
2026-09-15 01:00:00+00:00,4298.47,4302.39,4298.47,4299.52,389,8,0
2026-09-15 01:05:00+00:00,4299.55,4300.04,4297.02,4297.8,472,19,0
2026-09-15 01:10:00+00:00,4297.64,4297.68,4296.56,4296.92,360,19,0
2026-09-15 01:15:00+00:00,4297.0,4297.6,4296.08,4296.33,374,18,0
2026-09-15 01:20:00+00:00,4296.34,4298.23,4295.81,4296.05,407,19,0
2026-09-15 01:25:00+00:00,4296.08,4296.22,4292.87,4295.72,342,13,0
2026-09-15 01:30:00+00:00,4295.74,4297.7,4295.43,4296.96,268,14,0
2026-09-15 01:35:00+00:00,4296.85,4298.57,4293.69,4295.77,318,16,0
2026-09-15 01:40:00+00:00,4295.78,4297.63,4293.67,4295.61,482,19,0
2026-09-15 01:45:00+00:00,4295.63,4296.01,4294.4,4295.31,261,14,0
2026-09-15 01:50:00+00:00,4295.43,4298.22,4294.1,4296.12,320,16,0
2026-09-15 01:55:00+00:00,4296.17,4297.21,4293.2,4295.35,402,19,0
2026-09-15 02:00:00+00:00,4295.21,4297.34,4293.15,4293.99,430,13,0
2026-09-15 02:05:00+00:00,4294.02,4294.96,4292.29,4293.35,407,17,0
2026-09-15 02:10:00+00:00,4293.42,4294.06,4291.21,4292.19,446,13,0
2026-09-15 02:15:00+00:00,4292.25,4292.46,4289.13,4289.53,380,13,0
2026-09-15 02:20:00+00:00,4289.5,4290.87,4287.35,4290.38,456,13,0
2026-09-15 02:25:00+00:00,4290.73,4290.85,4287.24,4289.9,435,15,0
2026-09-15 02:30:00+00:00,4289.89,4291.69,4287.98,4290.8,441,13,0
2026-09-15 02:35:00+00:00,4290.72,4291.27,4288.33,4289.26,363,13,0
2026-09-15 02:40:00+00:00,4289.24,4291.69,4288.76,4289.55,319,13,0
2026-09-15 02:45:00+00:00,4289.6,4289.6,4287.32,4288.9,412,13,0
2026-09-15 02:50:00+00:00,4288.95,4289.21,4287.29,4287.71,307,13,0
2026-09-15 02:55:00+00:00,4287.73,4288.78,4287.54,4288.0,391,18,0
2026-09-15 03:00:00+00:00,4287.91,4288.84,4286.07,4286.19,722,19,0
2026-09-15 03:05:00+00:00,4286.18,4288.15,4283.43,4286.36,688,19,0
2026-09-15 03:10:00+00:00,4286.35,4286.96,4283.79,4286.6,648,16,0
2026-09-15 03:15:00+00:00,4286.57,4289.06,4284.31,4284.9,601,19,0
2026-09-15 03:20:00+00:00,4284.91,4287.27,4283.42,4287.24,541,18,0
2026-09-15 03:25:00+00:00,4287.23,4289.43,4285.52,4287.95,661,19,0
2026-09-15 03:30:00+00:00,4287.89,4288.8,4283.13,4284.19,580,15,0
2026-09-15 03:35:00+00:00,4284.18,4290.38,4283.8,4289.9,592,13,0
2026-09-15 03:40:00+00:00,4289.91,4292.83,4289.41,4292.42,577,13,0
2026-09-15 03:45:00+00:00,4292.48,4294.25,4291.63,4294.07,547,13,0
2026-09-15 03:50:00+00:00,4294.03,4296.34,4293.38,4294.14,542,13,0
2026-09-15 03:55:00+00:00,4294.12,4294.22,4292.38,4292.79,559,17,0
2026-09-15 04:00:00+00:00,4292.95,4298.06,4287.72,4295.83,1032,19,0
2026-09-15 04:05:00+00:00,4295.77,4298.3,4292.95,4293.65,892,19,0
2026-09-15 04:10:00+00:00,4293.64,4299.67,4293.6,4299.56,765,19,0
2026-09-15 04:15:00+00:00,4299.52,4305.53,4298.81,4303.89,783,19,0
2026-09-15 04:20:00+00:00,4303.95,4304.27,4301.66,4301.91,738,18,0
2026-09-15 04:25:00+00:00,4301.98,4302.72,4300.17,4301.53,725,17,0
2026-09-15 04:30:00+00:00,4301.67,4305.92,4301.48,4302.49,822,19,0
2026-09-15 04:35:00+00:00,4302.36,4302.54,4295.86,4297.24,890,19,0
2026-09-15 04:40:00+00:00,4297.43,4299.73,4295.19,4298.62,822,16,0
2026-09-15 04:45:00+00:00,4298.61,4301.77,4296.58,4300.22,749,13,0
2026-09-15 04:50:00+00:00,4300.21,4300.38,4294.24,4299.45,826,13,0
2026-09-15 04:55:00+00:00,4299.39,4304.93,4299.36,4304.42,728,13,0
2026-09-15 05:00:00+00:00,4304.81,4311.66,4304.68,4306.87,855,13,0
2026-09-15 05:05:00+00:00,4306.86,4308.9,4306.08,4307.61,752,15,0
2026-09-15 05:10:00+00:00,4307.62,4308.22,4305.17,4307.29,605,13,0
2026-09-15 05:15:00+00:00,4307.26,4307.7,4305.37,4306.28,570,13,0
2026-09-15 05:20:00+00:00,4306.88,4308.77,4305.95,4308.2,507,17,0
2026-09-15 05:25:00+00:00,4308.11,4309.95,4307.95,4309.95,465,17,0
2026-09-15 05:30:00+00:00,4310.02,4312.3,4307.27,4311.65,825,19,0
2026-09-15 05:35:00+00:00,4311.74,4315.12,4309.1,4315.02,708,14,0
2026-09-15 05:40:00+00:00,4314.98,4317.15,4311.4,4311.44,724,17,0
2026-09-15 05:45:00+00:00,4311.31,4317.37,4311.13,4316.72,670,19,0
2026-09-15 05:50:00+00:00,4316.7,4317.21,4311.64,4312.2,705,17,0
2026-09-15 05:55:00+00:00,4312.18,4314.61,4311.89,4314.07,586,17,0
2026-09-15 06:00:00+00:00,4314.13,4314.43,4309.92,4312.34,646,17,0
2026-09-15 06:05:00+00:00,4312.38,4314.01,4311.25,4313.69,658,13,0
2026-09-15 06:10:00+00:00,4313.75,4314.03,4310.53,4310.81,641,13,0
2026-09-15 06:15:00+00:00,4310.84,4313.1,4309.87,4311.74,615,16,0
2026-09-15 06:20:00+00:00,4311.75,4314.27,4310.41,4310.77,530,14,0
2026-09-15 06:25:00+00:00,4310.83,4312.08,4309.96,4310.79,473,13,0
2026-09-15 06:30:00+00:00,4310.81,4312.84,4310.7,4312.78,523,14,0
2026-09-15 06:35:00+00:00,4312.87,4313.52,4309.05,4309.12,513,13,0
2026-09-15 06:40:00+00:00,4309.13,4310.16,4308.14,4308.68,511,13,0
2026-09-15 06:45:00+00:00,4308.66,4310.04,4305.6,4305.65,535,13,0
2026-09-15 06:50:00+00:00,4305.66,4306.06,4303.94,4304.21,509,13,0
2026-09-15 06:55:00+00:00,4304.19,4304.92,4303.36,4303.59,434,13,0
2026-09-15 07:00:00+00:00,4303.4,4304.29,4302.54,4303.16,421,13,0
2026-09-15 07:05:00+00:00,4303.14,4306.0,4302.69,4305.64,497,19,0
2026-09-15 07:10:00+00:00,4305.66,4309.58,4304.35,4307.32,568,19,0
2026-09-15 07:15:00+00:00,4307.37,4308.56,4303.47,4304.18,577,18,0
2026-09-15 07:20:00+00:00,4304.14,4304.95,4302.74,4303.08,477,14,0
2026-09-15 07:25:00+00:00,4303.07,4304.13,4302.72,4303.59,449,13,0
2026-09-15 07:30:00+00:00,4303.6,4304.22,4302.65,4302.79,361,18,0
2026-09-15 07:35:00+00:00,4302.8,4305.06,4300.72,4304.68,499,19,0
2026-09-15 07:40:00+00:00,4304.74,4306.15,4303.58,4305.0,518,17,0
2026-09-15 07:45:00+00:00,4304.98,4306.94,4304.15,4305.5,514,19,0
2026-09-15 07:50:00+00:00,4305.49,4306.17,4304.35,4305.67,531,16,0
2026-09-15 07:55:00+00:00,4305.81,4307.88,4304.54,4304.77,522,13,0
2026-09-15 08:00:00+00:00,4304.81,4307.53,4302.69,4302.89,553,15,0
2026-09-15 08:05:00+00:00,4302.75,4303.67,4301.3,4302.08,551,13,0
2026-09-15 08:10:00+00:00,4302.05,4302.46,4300.44,4301.54,492,13,0
2026-09-15 08:15:00+00:00,4301.55,4301.79,4298.62,4300.1,627,19,0
2026-09-15 08:20:00+00:00,4300.12,4301.28,4297.2,4297.71,584,13,0
2026-09-15 08:25:00+00:00,4297.72,4298.42,4296.42,4297.41,557,13,0
2026-09-15 08:30:00+00:00,4297.41,4300.12,4289.22,4292.76,977,13,0
2026-09-15 08:35:00+00:00,4292.78,4294.83,4291.74,4294.14,814,19,0
2026-09-15 08:40:00+00:00,4294.12,4297.11,4293.66,4296.24,799,18,0
2026-09-15 08:45:00+00:00,4296.22,4299.9,4294.48,4294.75,795,16,0
2026-09-15 08:50:00+00:00,4294.75,4298.8,4294.19,4295.0,718,19,0
2026-09-15 08:55:00+00:00,4294.95,4294.95,4290.73,4291.01,672,16,0
2026-09-15 09:00:00+00:00,4290.87,4294.32,4290.55,4291.74,828,13,0
2026-09-15 09:05:00+00:00,4291.76,4291.76,4286.1,4288.61,905,16,0
2026-09-15 09:10:00+00:00,4288.71,4290.47,4286.02,4289.74,768,15,0
2026-09-15 09:15:00+00:00,4289.75,4292.26,4288.96,4289.98,813,15,0
2026-09-15 09:20:00+00:00,4289.97,4291.55,4288.56,4289.83,743,14,0
2026-09-15 09:25:00+00:00,4289.84,4290.28,4287.21,4289.49,738,13,0
2026-09-15 09:30:00+00:00,4289.45,4289.62,4285.99,4287.12,766,14,0
2026-09-15 09:35:00+00:00,4287.09,4291.19,4287.08,4291.07,655,9,0
2026-09-15 09:40:00+00:00,4291.1,4291.1,4288.67,4290.69,707,15,0
2026-09-15 09:45:00+00:00,4290.8,4294.37,4290.52,4292.42,710,8,0
2026-09-15 09:50:00+00:00,4292.36,4293.86,4292.12,4292.91,646,8,0
2026-09-15 09:55:00+00:00,4292.9,4295.26,4292.59,4293.48,682,8,0
2026-09-15 10:00:00+00:00,4293.45,4295.31,4289.6,4291.44,823,13,0
2026-09-15 10:05:00+00:00,4291.53,4292.28,4288.72,4290.84,779,8,0
2026-09-15 10:10:00+00:00,4290.85,4291.68,4286.6,4288.09,840,13,0
2026-09-15 10:15:00+00:00,4288.1,4292.03,4288.04,4291.71,711,9,0
2026-09-15 10:20:00+00:00,4291.66,4291.81,4287.55,4288.83,757,8,0
2026-09-15 10:25:00+00:00,4288.83,4292.23,4287.69,4291.93,712,8,0
2026-09-15 10:30:00+00:00,4291.95,4292.82,4290.09,4290.43,745,8,0
2026-09-15 10:35:00+00:00,4290.39,4290.39,4285.0,4285.72,737,8,0
2026-09-15 10:40:00+00:00,4285.67,4286.64,4280.91,4283.86,838,8,0
2026-09-15 10:45:00+00:00,4283.8,4289.76,4283.63,4284.83,882,14,0
2026-09-15 10:50:00+00:00,4284.8,4284.99,4276.24,4277.63,898,11,0
2026-09-15 10:55:00+00:00,4277.62,4280.73,4276.24,4280.5,850,11,0
2026-09-15 11:00:00+00:00,4280.57,4280.57,4266.8,4266.84,992,11,0
2026-09-15 11:05:00+00:00,4266.85,4268.69,4264.27,4265.12,904,9,0
2026-09-15 11:10:00+00:00,4265.14,4267.91,4263.71,4267.88,904,8,0
2026-09-15 11:15:00+00:00,4267.79,4273.93,4266.88,4273.71,884,8,0
2026-09-15 11:20:00+00:00,4273.68,4274.84,4271.45,4271.55,801,8,0
2026-09-15 11:25:00+00:00,4271.57,4274.51,4271.02,4273.2,838,8,0
2026-09-15 11:30:00+00:00,4273.23,4274.82,4271.66,4273.14,808,8,0
2026-09-15 11:35:00+00:00,4273.05,4274.76,4270.07,4270.85,754,8,0
2026-09-15 11:40:00+00:00,4270.88,4270.9,4267.16,4267.59,759,8,0
2026-09-15 11:45:00+00:00,4267.6,4269.64,4265.9,4266.45,691,8,0
2026-09-15 11:50:00+00:00,4266.46,4268.12,4265.98,4267.11,680,11,0
2026-09-15 11:55:00+00:00,4267.1,4268.43,4261.37,4262.38,727,11,0
2026-09-15 12:00:00+00:00,4262.35,4266.22,4261.53,4266.02,752,13,0
2026-09-15 12:05:00+00:00,4265.91,4267.0,4264.36,4265.69,731,11,0
2026-09-15 12:10:00+00:00,4265.56,4266.52,4263.52,4265.64,707,8,0
2026-09-15 12:15:00+00:00,4265.62,4268.08,4261.74,4262.64,786,11,0
2026-09-15 12:20:00+00:00,4262.62,4266.42,4262.27,4264.94,779,9,0
2026-09-15 12:25:00+00:00,4264.92,4269.45,4262.85,4266.93,830,13,0
2026-09-15 12:30:00+00:00,4266.96,4267.83,4264.94,4266.74,752,8,0
2026-09-15 12:35:00+00:00,4266.7,4269.26,4265.27,4268.92,636,8,0
2026-09-15 12:40:00+00:00,4268.93,4272.16,4268.05,4269.58,641,8,0
2026-09-15 12:45:00+00:00,4269.6,4272.09,4268.32,4270.58,636,11,0
2026-09-15 12:50:00+00:00,4270.52,4271.37,4268.64,4270.6,654,11,0
2026-09-15 12:55:00+00:00,4270.56,4270.92,4267.91,4268.29,670,11,0
2026-09-15 13:00:00+00:00,4268.33,4273.3,4268.33,4271.41,776,9,0
2026-09-15 13:05:00+00:00,4271.8,4275.59,4271.77,4273.99,656,8,0
2026-09-15 13:10:00+00:00,4274.0,4277.27,4272.25,4273.18,655,9,0
2026-09-15 13:15:00+00:00,4273.15,4273.18,4270.0,4271.55,639,8,0
2026-09-15 13:20:00+00:00,4271.65,4274.61,4270.41,4274.54,585,8,0
2026-09-15 13:25:00+00:00,4274.56,4274.67,4273.18,4274.49,561,8,0
2026-09-15 13:30:00+00:00,4274.51,4275.51,4273.79,4275.11,513,9,0
2026-09-15 13:35:00+00:00,4275.13,4276.36,4273.71,4274.07,490,13,0
2026-09-15 13:40:00+00:00,4274.03,4277.36,4273.69,4274.96,535,13,0
2026-09-15 13:45:00+00:00,4274.95,4277.66,4274.72,4277.5,562,11,0
2026-09-15 13:50:00+00:00,4277.36,4282.64,4277.2,4282.07,565,8,0
2026-09-15 13:55:00+00:00,4282.03,4283.86,4281.17,4281.76,640,9,0
2026-09-15 14:00:00+00:00,4281.64,4282.15,4279.88,4280.41,636,8,0
2026-09-15 14:05:00+00:00,4280.44,4282.63,4278.71,4282.27,602,8,0
2026-09-15 14:10:00+00:00,4282.26,4283.89,4281.67,4283.67,642,8,0
2026-09-15 14:15:00+00:00,4283.71,4285.59,4283.15,4283.57,568,8,0
2026-09-15 14:20:00+00:00,4283.55,4285.05,4282.8,4283.93,628,8,0
2026-09-15 14:25:00+00:00,4283.92,4284.42,4282.56,4283.42,565,8,0
2026-09-15 14:30:00+00:00,4283.43,4284.18,4281.49,4284.18,589,8,0
2026-09-15 14:35:00+00:00,4284.31,4285.0,4280.67,4281.17,638,8,0
2026-09-15 14:40:00+00:00,4281.18,4284.06,4280.38,4282.85,619,8,0
2026-09-15 14:45:00+00:00,4282.86,4285.44,4282.68,4283.78,659,8,0
2026-09-15 14:50:00+00:00,4283.74,4285.09,4282.62,4283.1,616,8,0
2026-09-15 14:55:00+00:00,4283.04,4286.77,4282.51,4284.69,609,8,0
2026-09-15 15:00:00+00:00,4284.46,4284.99,4281.36,4284.63,743,8,0
2026-09-15 15:05:00+00:00,4284.65,4284.65,4277.41,4277.9,763,15,0
2026-09-15 15:10:00+00:00,4277.89,4279.11,4275.98,4278.58,753,14,0
2026-09-15 15:15:00+00:00,4278.56,4279.22,4273.84,4274.16,763,8,0
2026-09-15 15:20:00+00:00,4274.38,4274.63,4271.39,4273.34,836,14,0
2026-09-15 15:25:00+00:00,4273.37,4278.13,4272.86,4277.79,684,8,0
2026-09-15 15:30:00+00:00,4277.78,4283.04,4274.72,4282.83,828,8,0
2026-09-15 15:35:00+00:00,4282.93,4286.12,4279.05,4279.32,862,14,0
2026-09-15 15:40:00+00:00,4279.37,4281.49,4277.95,4281.19,781,9,0
2026-09-15 15:45:00+00:00,4281.27,4291.04,4281.13,4290.54,1017,8,0
2026-09-15 15:50:00+00:00,4290.45,4294.03,4287.45,4293.51,1008,14,0
2026-09-15 15:55:00+00:00,4293.58,4295.8,4285.41,4290.65,1016,14,0
2026-09-15 16:00:00+00:00,4290.28,4294.45,4289.26,4292.89,1046,14,0
2026-09-15 16:05:00+00:00,4292.81,4293.01,4283.95,4285.16,939,8,0
2026-09-15 16:10:00+00:00,4285.32,4288.62,4285.17,4286.06,850,8,0
2026-09-15 16:15:00+00:00,4286.07,4289.53,4285.37,4287.37,846,9,0
2026-09-15 16:20:00+00:00,4287.35,4292.3,4283.77,4292.06,886,13,0
2026-09-15 16:25:00+00:00,4292.12,4293.12,4286.74,4287.31,886,14,0
2026-09-15 16:30:00+00:00,4287.33,4291.73,4284.13,4286.54,1090,14,0
2026-09-15 16:35:00+00:00,4286.68,4294.1,4286.36,4286.42,1022,9,0
2026-09-15 16:40:00+00:00,4286.52,4290.75,4285.3,4289.72,971,9,0
2026-09-15 16:45:00+00:00,4289.57,4295.62,4288.35,4294.76,963,8,0
2026-09-15 16:50:00+00:00,4294.9,4297.08,4292.1,4295.6,983,13,0
2026-09-15 16:55:00+00:00,4295.57,4298.42,4294.65,4294.84,918,8,0
2026-09-15 17:00:00+00:00,4294.88,4298.84,4293.45,4294.03,987,9,0
2026-09-15 17:05:00+00:00,4294.05,4299.68,4293.57,4297.14,981,12,0
2026-09-15 17:10:00+00:00,4297.05,4298.09,4293.57,4294.55,908,10,0
2026-09-15 17:15:00+00:00,4294.66,4295.63,4289.6,4293.94,920,10,0
2026-09-15 17:20:00+00:00,4293.97,4295.17,4286.11,4288.56,939,10,0
2026-09-15 17:25:00+00:00,4288.63,4289.51,4283.13,4284.13,963,10,0
2026-09-15 17:30:00+00:00,4284.04,4284.94,4279.6,4282.89,1030,16,0
2026-09-15 17:35:00+00:00,4283.22,4285.98,4275.67,4277.67,1012,11,0
2026-09-15 17:40:00+00:00,4277.91,4279.24,4276.24,4278.22,943,8,0
2026-09-15 17:45:00+00:00,4278.19,4282.95,4277.02,4278.36,923,8,0
2026-09-15 17:50:00+00:00,4278.38,4280.11,4274.6,4280.04,1008,8,0
2026-09-15 17:55:00+00:00,4280.06,4280.1,4274.99,4277.2,936,8,0
2026-09-15 18:00:00+00:00,4277.18,4283.0,4276.62,4283.0,965,8,0
2026-09-15 18:05:00+00:00,4282.95,4284.23,4281.2,4283.35,884,8,0
2026-09-15 18:10:00+00:00,4283.29,4286.91,4282.49,4286.15,872,8,0
2026-09-15 18:15:00+00:00,4286.13,4288.37,4284.27,4287.09,807,9,0
2026-09-15 18:20:00+00:00,4287.29,4288.06,4283.14,4286.12,835,13,0
2026-09-15 18:25:00+00:00,4286.19,4286.95,4284.07,4284.62,792,9,0
2026-09-15 18:30:00+00:00,4284.8,4286.42,4282.34,4285.78,915,13,0
2026-09-15 18:35:00+00:00,4286.24,4288.75,4284.79,4288.48,841,11,0
2026-09-15 18:40:00+00:00,4288.47,4291.16,4288.04,4288.57,746,8,0
2026-09-15 18:45:00+00:00,4288.58,4289.23,4285.03,4286.68,786,8,0
2026-09-15 18:50:00+00:00,4286.7,4292.11,4286.56,4290.07,861,9,0
2026-09-15 18:55:00+00:00,4290.05,4294.76,4288.04,4289.37,848,8,0
2026-09-15 19:00:00+00:00,4289.37,4291.34,4288.18,4291.19,778,8,0
2026-09-15 19:05:00+00:00,4291.27,4291.67,4289.14,4290.71,722,11,0
2026-09-15 19:10:00+00:00,4290.72,4291.1,4286.3,4286.34,759,11,0
2026-09-15 19:15:00+00:00,4286.33,4288.7,4285.62,4288.55,730,11,0
2026-09-15 19:20:00+00:00,4288.61,4296.82,4288.0,4296.45,864,11,0
2026-09-15 19:25:00+00:00,4296.47,4297.1,4294.65,4295.71,749,13,0
2026-09-15 19:30:00+00:00,4295.72,4297.85,4292.96,4293.02,728,9,0
2026-09-15 19:35:00+00:00,4293.03,4295.88,4291.61,4295.05,660,9,0
2026-09-15 19:40:00+00:00,4294.88,4296.87,4293.03,4296.6,666,8,0
2026-09-15 19:45:00+00:00,4296.62,4297.58,4294.93,4295.43,634,8,0
2026-09-15 19:50:00+00:00,4295.34,4298.32,4295.12,4297.63,609,8,0
2026-09-15 19:55:00+00:00,4297.71,4297.77,4295.28,4295.53,596,8,0
2026-09-15 20:00:00+00:00,4295.57,4296.69,4291.1,4291.38,739,11,0
2026-09-15 20:05:00+00:00,4291.39,4293.86,4290.33,4292.69,698,13,0
2026-09-15 20:10:00+00:00,4292.68,4299.1,4292.68,4295.34,666,8,0
2026-09-15 20:15:00+00:00,4295.17,4296.64,4294.07,4296.17,649,11,0
2026-09-15 20:20:00+00:00,4296.18,4296.62,4292.27,4293.28,658,9,0
2026-09-15 20:25:00+00:00,4293.27,4295.29,4291.67,4293.28,725,9,0
2026-09-15 20:30:00+00:00,4293.4,4298.27,4293.31,4297.48,672,8,0
2026-09-15 20:35:00+00:00,4297.53,4299.03,4295.66,4295.7,592,8,0
2026-09-15 20:40:00+00:00,4295.72,4295.77,4292.39,4293.32,533,8,0
2026-09-15 20:45:00+00:00,4293.3,4295.89,4293.23,4295.06,541,8,0
2026-09-15 20:50:00+00:00,4295.0,4296.24,4294.08,4295.22,541,8,0
2026-09-15 20:55:00+00:00,4295.23,4295.85,4294.38,4294.84,555,8,0
2026-09-15 21:00:00+00:00,4294.95,4296.06,4292.98,4295.23,669,8,0
2026-09-15 21:05:00+00:00,4295.16,4299.02,4294.84,4297.01,650,15,0
2026-09-15 21:10:00+00:00,4297.0,4304.55,4296.56,4302.55,731,13,0
2026-09-15 21:15:00+00:00,4302.73,4307.09,4302.41,4305.67,749,15,0
2026-09-15 21:20:00+00:00,4305.7,4305.83,4303.92,4305.23,754,13,0
2026-09-15 21:25:00+00:00,4305.21,4306.86,4303.83,4305.22,764,11,0
2026-09-15 21:30:00+00:00,4305.2,4305.2,4302.26,4303.36,698,9,0
2026-09-15 21:35:00+00:00,4303.35,4304.1,4302.13,4303.58,605,8,0
2026-09-15 21:40:00+00:00,4303.57,4308.36,4303.31,4304.82,679,8,0
2026-09-15 21:45:00+00:00,4304.86,4308.13,4304.52,4307.03,658,9,0
2026-09-15 21:50:00+00:00,4307.04,4310.4,4307.04,4308.81,642,8,0
2026-09-15 21:55:00+00:00,4308.83,4308.86,4306.63,4308.66,645,8,0
2026-09-15 22:00:00+00:00,4308.72,4310.68,4305.01,4305.01,702,9,0
2026-09-15 22:05:00+00:00,4305.04,4305.48,4302.61,4304.27,624,8,0
2026-09-15 22:10:00+00:00,4304.26,4304.52,4300.31,4300.31,632,8,0
2026-09-15 22:15:00+00:00,4300.29,4302.25,4299.55,4300.26,595,8,0
2026-09-15 22:20:00+00:00,4300.23,4301.62,4298.3,4301.32,609,8,0
2026-09-15 22:25:00+00:00,4301.2,4301.71,4300.23,4301.27,479,8,0
2026-09-15 22:30:00+00:00,4301.16,4302.46,4298.81,4299.58,606,8,0
2026-09-15 22:35:00+00:00,4299.51,4299.95,4298.48,4299.04,500,9,0
2026-09-15 22:40:00+00:00,4299.03,4299.04,4296.91,4296.91,506,9,0
2026-09-15 22:45:00+00:00,4296.88,4299.74,4296.26,4298.93,567,9,0
2026-09-15 22:50:00+00:00,4298.81,4299.81,4295.87,4296.73,545,9,0
2026-09-15 22:55:00+00:00,4296.43,4298.06,4294.32,4297.8,679,9,0
2026-09-15 23:00:00+00:00,4297.81,4299.05,4296.42,4296.52,460,9,0
2026-09-15 23:05:00+00:00,4296.61,4298.27,4295.92,4297.86,365,9,0
2026-09-15 23:10:00+00:00,4297.82,4298.62,4295.72,4296.39,336,8,0
2026-09-15 23:15:00+00:00,4296.35,4296.66,4295.39,4296.12,243,8,0
2026-09-15 23:20:00+00:00,4296.13,4296.92,4294.64,4295.06,305,8,0
2026-09-15 23:25:00+00:00,4295.11,4295.45,4294.16,4295.22,288,9,0
2026-09-15 23:30:00+00:00,4295.3,4296.59,4292.62,4292.62,329,9,0
2026-09-15 23:35:00+00:00,4292.81,4293.21,4291.93,4292.82,238,9,0
2026-09-15 23:40:00+00:00,4292.77,4293.28,4292.21,4293.01,202,19,0
2026-09-15 23:45:00+00:00,4293.04,4293.24,4292.48,4292.67,191,19,0
2026-09-15 23:50:00+00:00,4292.47,4294.39,4291.94,4292.9,305,19,0
2026-09-15 23:55:00+00:00,4292.8,4294.07,4291.62,4291.62,244,19,0
2026-09-16 01:00:00+00:00,4293.17,4295.66,4292.58,4295.32,267,8,0
2026-09-16 01:05:00+00:00,4295.13,4295.68,4294.72,4295.53,194,17,0
2026-09-16 01:10:00+00:00,4295.4,4295.78,4292.87,4292.93,260,17,0
2026-09-16 01:15:00+00:00,4293.08,4294.04,4292.13,4292.25,304,16,0
2026-09-16 01:20:00+00:00,4292.31,4294.72,4291.72,4294.62,334,16,0
2026-09-16 01:25:00+00:00,4294.41,4298.93,4294.17,4298.79,528,17,0
2026-09-16 01:30:00+00:00,4298.83,4298.94,4295.18,4297.5,439,16,0
2026-09-16 01:35:00+00:00,4297.51,4298.2,4297.21,4297.77,268,11,0
2026-09-16 01:40:00+00:00,4297.76,4297.78,4294.47,4294.75,246,14,0
2026-09-16 01:45:00+00:00,4294.69,4295.42,4294.08,4294.18,269,16,0
2026-09-16 01:50:00+00:00,4294.15,4294.47,4293.09,4293.14,215,17,0
2026-09-16 01:55:00+00:00,4293.17,4293.22,4288.89,4288.95,438,17,0
2026-09-16 02:00:00+00:00,4288.87,4289.49,4284.97,4285.12,472,17,0
2026-09-16 02:05:00+00:00,4285.17,4287.34,4285.17,4285.91,337,12,0
2026-09-16 02:10:00+00:00,4285.89,4288.62,4285.38,4286.23,356,16,0
2026-09-16 02:15:00+00:00,4286.13,4287.15,4285.48,4286.99,268,11,0
2026-09-16 02:20:00+00:00,4286.94,4287.25,4284.54,4284.93,226,11,0
2026-09-16 02:25:00+00:00,4284.94,4285.89,4282.11,4284.41,451,17,0
2026-09-16 02:30:00+00:00,4284.43,4287.7,4283.15,4287.03,398,14,0
2026-09-16 02:35:00+00:00,4287.08,4287.4,4282.76,4285.05,490,11,0
2026-09-16 02:40:00+00:00,4285.06,4285.72,4283.71,4284.69,342,11,0
2026-09-16 02:45:00+00:00,4284.71,4286.28,4283.93,4283.93,316,11,0
2026-09-16 02:50:00+00:00,4283.49,4284.69,4283.2,4283.6,362,16,0
2026-09-16 02:55:00+00:00,4283.62,4283.62,4281.17,4283.48,465,12,0
2026-09-16 03:00:00+00:00,4283.49,4283.95,4280.69,4280.85,571,11,0
2026-09-16 03:05:00+00:00,4280.69,4284.65,4280.69,4281.66,528,11,0
2026-09-16 03:10:00+00:00,4281.6,4282.93,4280.64,4282.62,455,11,0
2026-09-16 03:15:00+00:00,4282.61,4285.83,4281.76,4285.57,525,11,0
2026-09-16 03:20:00+00:00,4285.54,4286.31,4283.4,4285.29,446,11,0
2026-09-16 03:25:00+00:00,4285.21,4285.21,4283.24,4284.12,405,11,0
2026-09-16 03:30:00+00:00,4284.08,4284.75,4279.97,4281.55,486,13,0
2026-09-16 03:35:00+00:00,4281.55,4281.71,4279.74,4281.24,405,11,0
2026-09-16 03:40:00+00:00,4281.24,4285.7,4280.81,4283.73,462,11,0
2026-09-16 03:45:00+00:00,4283.68,4285.14,4282.44,4282.93,497,15,0
2026-09-16 03:50:00+00:00,4282.71,4282.72,4278.08,4278.08,558,12,0
2026-09-16 03:55:00+00:00,4278.04,4278.47,4275.53,4277.46,684,16,0
2026-09-16 04:00:00+00:00,4277.44,4284.82,4276.84,4279.93,972,17,0
2026-09-16 04:05:00+00:00,4279.88,4282.51,4278.27,4281.42,778,15,0
2026-09-16 04:10:00+00:00,4281.26,4287.78,4279.19,4287.19,794,15,0
2026-09-16 04:15:00+00:00,4287.21,4290.01,4284.58,4287.34,730,15,0
2026-09-16 04:20:00+00:00,4287.37,4290.58,4287.34,4290.33,707,16,0
2026-09-16 04:25:00+00:00,4290.34,4293.56,4288.91,4290.55,722,12,0
2026-09-16 04:30:00+00:00,4290.46,4291.32,4287.77,4289.21,706,11,0
2026-09-16 04:35:00+00:00,4289.31,4289.8,4286.16,4286.16,643,15,0
2026-09-16 04:40:00+00:00,4286.17,4290.53,4285.81,4288.5,665,11,0
2026-09-16 04:45:00+00:00,4288.52,4289.04,4285.22,4287.9,673,11,0
2026-09-16 04:50:00+00:00,4287.89,4288.92,4283.95,4285.34,669,12,0
2026-09-16 04:55:00+00:00,4285.33,4286.88,4280.02,4282.48,699,11,0
2026-09-16 05:00:00+00:00,4282.46,4287.6,4281.89,4287.55,688,11,0
2026-09-16 05:05:00+00:00,4287.56,4289.47,4284.62,4289.12,706,14,0
2026-09-16 05:10:00+00:00,4289.17,4294.88,4289.17,4292.5,810,16,0
2026-09-16 05:15:00+00:00,4292.36,4294.89,4289.98,4291.75,699,13,0
2026-09-16 05:20:00+00:00,4291.67,4295.73,4290.97,4295.7,547,11,0
2026-09-16 05:25:00+00:00,4295.68,4300.67,4295.42,4298.93,669,11,0
2026-09-16 05:30:00+00:00,4298.96,4311.42,4298.69,4310.15,1039,14,0
2026-09-16 05:35:00+00:00,4310.1,4316.01,4309.26,4311.1,936,16,0
2026-09-16 05:40:00+00:00,4311.12,4313.96,4310.64,4311.03,868,16,0
2026-09-16 05:45:00+00:00,4311.01,4315.84,4310.93,4315.36,841,17,0
2026-09-16 05:50:00+00:00,4315.44,4316.87,4313.78,4316.51,811,16,0
2026-09-16 05:55:00+00:00,4316.65,4323.48,4315.98,4321.74,864,16,0
2026-09-16 06:00:00+00:00,4321.73,4328.63,4321.55,4328.31,862,16,0
2026-09-16 06:05:00+00:00,4328.3,4330.66,4325.72,4327.11,839,13,0
2026-09-16 06:10:00+00:00,4327.14,4338.67,4326.62,4336.92,935,17,0
2026-09-16 06:15:00+00:00,4337.38,4339.61,4335.7,4336.05,813,11,0
2026-09-16 06:20:00+00:00,4335.95,4340.97,4335.5,4336.64,850,11,0
2026-09-16 06:25:00+00:00,4336.65,4338.01,4331.93,4332.0,766,11,0
2026-09-16 06:30:00+00:00,4331.77,4332.56,4328.89,4329.61,757,11,0
2026-09-16 06:35:00+00:00,4329.63,4329.72,4326.36,4327.55,683,15,0
2026-09-16 06:40:00+00:00,4327.57,4329.28,4326.04,4327.11,603,17,0
2026-09-16 06:45:00+00:00,4327.12,4327.88,4323.56,4323.71,606,16,0
2026-09-16 06:50:00+00:00,4323.66,4326.88,4322.79,4326.8,535,16,0
2026-09-16 06:55:00+00:00,4326.71,4327.59,4325.44,4327.13,515,17,0
2026-09-16 07:00:00+00:00,4327.14,4328.51,4326.69,4327.82,525,17,0
2026-09-16 07:05:00+00:00,4327.79,4327.89,4325.78,4326.48,482,14,0
2026-09-16 07:10:00+00:00,4326.52,4327.88,4325.56,4326.97,495,14,0
2026-09-16 07:15:00+00:00,4326.93,4327.46,4323.39,4323.82,497,14,0
2026-09-16 07:20:00+00:00,4323.83,4328.5,4323.83,4326.82,492,11,0
2026-09-16 07:25:00+00:00,4326.81,4327.16,4325.42,4325.77,380,11,0
2026-09-16 07:30:00+00:00,4325.75,4328.3,4325.02,4325.32,438,15,0
2026-09-16 07:35:00+00:00,4325.32,4326.06,4324.84,4326.01,402,12,0
2026-09-16 07:40:00+00:00,4326.0,4326.12,4322.97,4322.98,396,11,0
2026-09-16 07:45:00+00:00,4322.99,4323.49,4320.88,4321.2,426,12,0
2026-09-16 07:50:00+00:00,4321.26,4322.07,4320.67,4321.54,402,16,0
2026-09-16 07:55:00+00:00,4321.54,4322.46,4320.8,4321.95,414,11,0
2026-09-16 08:00:00+00:00,4321.95,4322.95,4320.83,4322.95,516,11,0
2026-09-16 08:05:00+00:00,4323.04,4324.43,4322.44,4323.6,558,17,0
2026-09-16 08:10:00+00:00,4323.58,4324.49,4321.2,4321.67,498,17,0
2026-09-16 08:15:00+00:00,4321.66,4325.85,4321.6,4325.85,450,16,0
2026-09-16 08:20:00+00:00,4325.86,4326.28,4323.3,4323.67,481,15,0
2026-09-16 08:25:00+00:00,4323.69,4326.92,4323.54,4324.97,536,15,0
2026-09-16 08:30:00+00:00,4325.16,4329.21,4324.42,4328.54,859,15,0
2026-09-16 08:35:00+00:00,4328.45,4330.81,4326.78,4328.79,730,17,0
2026-09-16 08:40:00+00:00,4328.82,4332.92,4328.26,4332.82,733,17,0
2026-09-16 08:45:00+00:00,4332.84,4333.68,4328.0,4329.07,756,14,0
2026-09-16 08:50:00+00:00,4329.17,4332.23,4329.1,4329.78,669,15,0
2026-09-16 08:55:00+00:00,4329.75,4331.13,4326.51,4326.51,700,13,0
2026-09-16 09:00:00+00:00,4326.51,4332.07,4322.19,4322.55,885,9,0
2026-09-16 09:05:00+00:00,4322.56,4325.1,4321.6,4324.43,804,8,0
2026-09-16 09:10:00+00:00,4324.44,4327.47,4324.17,4325.86,737,8,0
2026-09-16 09:15:00+00:00,4325.83,4327.28,4324.96,4327.19,723,9,0
2026-09-16 09:20:00+00:00,4327.24,4330.21,4326.72,4328.12,720,9,0
2026-09-16 09:25:00+00:00,4328.05,4328.06,4325.61,4327.01,616,8,0
2026-09-16 09:30:00+00:00,4326.92,4327.37,4324.7,4324.92,688,8,0
2026-09-16 09:35:00+00:00,4324.89,4326.92,4323.8,4325.73,668,8,0
2026-09-16 09:40:00+00:00,4325.71,4328.29,4324.59,4328.07,595,8,0
2026-09-16 09:45:00+00:00,4327.97,4328.31,4325.38,4327.91,632,8,0
2026-09-16 09:50:00+00:00,4328.01,4330.76,4326.79,4328.2,707,8,0
2026-09-16 09:55:00+00:00,4328.18,4333.12,4328.18,4332.95,737,8,0
2026-09-16 10:00:00+00:00,4332.96,4335.85,4332.1,4334.72,825,8,0
2026-09-16 10:05:00+00:00,4334.63,4334.63,4330.12,4333.4,791,8,0
2026-09-16 10:10:00+00:00,4333.32,4335.53,4331.57,4335.46,751,9,0
2026-09-16 10:15:00+00:00,4335.43,4337.59,4333.12,4333.14,715,8,0
2026-09-16 10:20:00+00:00,4333.11,4336.35,4332.19,4334.6,631,8,0
2026-09-16 10:25:00+00:00,4334.29,4336.07,4332.81,4335.65,606,8,0
2026-09-16 10:30:00+00:00,4335.74,4337.14,4333.69,4335.65,718,9,0
2026-09-16 10:35:00+00:00,4335.61,4338.78,4335.61,4338.19,622,8,0
2026-09-16 10:40:00+00:00,4338.33,4339.1,4334.62,4336.23,610,8,0
2026-09-16 10:45:00+00:00,4336.73,4338.11,4334.03,4334.05,642,8,0
2026-09-16 10:50:00+00:00,4334.07,4334.47,4329.26,4329.29,676,8,0
2026-09-16 10:55:00+00:00,4329.3,4330.67,4328.52,4329.35,599,8,0
2026-09-16 11:00:00+00:00,4329.28,4329.61,4325.0,4326.03,827,9,0
2026-09-16 11:05:00+00:00,4326.15,4326.44,4323.95,4325.09,690,8,0
2026-09-16 11:10:00+00:00,4325.06,4327.96,4323.08,4327.51,639,8,0
2026-09-16 11:15:00+00:00,4327.51,4334.68,4326.7,4332.49,759,10,0
2026-09-16 11:20:00+00:00,4332.43,4337.7,4331.17,4334.83,840,10,0
2026-09-16 11:25:00+00:00,4334.82,4335.17,4333.15,4334.12,707,9,0
2026-09-16 11:30:00+00:00,4334.11,4334.31,4326.48,4328.53,725,10,0
2026-09-16 11:35:00+00:00,4328.58,4329.54,4324.39,4324.89,666,10,0
2026-09-16 11:40:00+00:00,4324.94,4328.86,4323.84,4328.35,658,11,0
2026-09-16 11:45:00+00:00,4328.36,4328.99,4327.1,4327.1,645,12,0
2026-09-16 11:50:00+00:00,4327.04,4330.12,4324.92,4329.06,656,13,0
2026-09-16 11:55:00+00:00,4328.98,4331.3,4328.8,4330.4,571,10,0
2026-09-16 12:00:00+00:00,4330.28,4332.37,4329.72,4330.55,634,9,0
2026-09-16 12:05:00+00:00,4330.72,4332.47,4329.87,4331.45,617,11,0
2026-09-16 12:10:00+00:00,4331.48,4332.56,4330.77,4332.12,593,8,0
2026-09-16 12:15:00+00:00,4332.14,4333.98,4329.33,4330.41,593,8,0
2026-09-16 12:20:00+00:00,4330.3,4330.9,4327.6,4327.87,608,8,0
2026-09-16 12:25:00+00:00,4327.86,4333.69,4327.78,4329.75,860,8,0
2026-09-16 12:30:00+00:00,4329.73,4335.3,4329.66,4333.91,746,11,0
2026-09-16 12:35:00+00:00,4333.97,4336.03,4332.86,4334.85,707,10,0
2026-09-16 12:40:00+00:00,4334.89,4337.47,4334.13,4335.09,700,11,0
2026-09-16 12:45:00+00:00,4335.18,4335.66,4331.43,4334.65,658,9,0
2026-09-16 12:50:00+00:00,4334.91,4335.92,4334.4,4335.62,511,8,0
2026-09-16 12:55:00+00:00,4335.61,4339.31,4335.1,4338.23,617,10,0
2026-09-16 13:00:00+00:00,4338.24,4341.86,4338.11,4338.89,688,12,0
2026-09-16 13:05:00+00:00,4338.98,4345.69,4337.7,4345.13,790,11,0
2026-09-16 13:10:00+00:00,4345.18,4349.06,4341.69,4342.9,823,10,0
2026-09-16 13:15:00+00:00,4342.85,4344.32,4341.86,4343.06,660,9,0
2026-09-16 13:20:00+00:00,4342.95,4346.19,4341.88,4342.28,611,8,0
2026-09-16 13:25:00+00:00,4342.25,4348.77,4340.98,4348.05,666,8,0
2026-09-16 13:30:00+00:00,4348.24,4348.69,4345.9,4346.64,626,8,0
2026-09-16 13:35:00+00:00,4347.91,4349.47,4346.76,4347.79,556,8,0
2026-09-16 13:40:00+00:00,4347.81,4349.41,4347.54,4349.16,558,8,0
2026-09-16 13:45:00+00:00,4349.12,4349.52,4347.97,4348.85,510,8,0
2026-09-16 13:50:00+00:00,4348.92,4348.98,4345.59,4346.09,548,10,0
2026-09-16 13:55:00+00:00,4346.04,4349.67,4345.93,4348.3,544,11,0
2026-09-16 14:00:00+00:00,4350.83,4353.32,4348.63,4350.31,910,13,0
2026-09-16 14:05:00+00:00,4350.25,4351.3,4348.66,4349.9,700,12,0
2026-09-16 14:10:00+00:00,4349.74,4350.9,4347.01,4347.19,721,12,0
2026-09-16 14:15:00+00:00,4347.0,4348.34,4346.69,4347.84,589,8,0
2026-09-16 14:20:00+00:00,4347.81,4349.25,4346.62,4348.84,601,9,0
2026-09-16 14:25:00+00:00,4348.86,4353.44,4348.18,4350.91,645,12,0
2026-09-16 14:30:00+00:00,4350.83,4351.68,4348.99,4351.04,652,10,0
2026-09-16 14:35:00+00:00,4350.97,4353.27,4348.77,4350.83,657,10,0
2026-09-16 14:40:00+00:00,4350.84,4350.97,4347.3,4349.75,763,8,0
2026-09-16 14:45:00+00:00,4350.01,4350.84,4346.87,4347.4,583,8,0
2026-09-16 14:50:00+00:00,4347.34,4348.18,4345.66,4347.38,613,8,0
2026-09-16 14:55:00+00:00,4347.36,4348.4,4341.75,4341.86,695,9,0
2026-09-16 15:00:00+00:00,4341.84,4343.8,4340.67,4343.15,757,8,0
2026-09-16 15:05:00+00:00,4343.18,4348.27,4342.31,4347.99,783,8,0
2026-09-16 15:10:00+00:00,4347.98,4347.98,4343.2,4343.45,713,8,0
2026-09-16 15:15:00+00:00,4343.46,4345.78,4340.57,4342.39,782,8,0
2026-09-16 15:20:00+00:00,4342.42,4342.42,4337.98,4338.83,799,8,0
2026-09-16 15:25:00+00:00,4338.85,4341.3,4338.67,4339.54,572,8,0
2026-09-16 15:30:00+00:00,4339.67,4342.29,4335.67,4341.46,792,8,0
2026-09-16 15:35:00+00:00,4341.74,4344.47,4338.82,4343.75,717,8,0
2026-09-16 15:40:00+00:00,4343.66,4345.15,4341.85,4343.9,659,8,0
2026-09-16 15:45:00+00:00,4343.91,4346.92,4342.65,4346.22,642,8,0
2026-09-16 15:50:00+00:00,4346.12,4347.77,4342.68,4345.17,682,12,0
2026-09-16 15:55:00+00:00,4345.08,4348.94,4344.39,4347.66,716,10,0
2026-09-16 16:00:00+00:00,4347.62,4350.06,4345.76,4346.59,976,14,0
2026-09-16 16:05:00+00:00,4346.63,4350.4,4343.84,4348.51,899,12,0
2026-09-16 16:10:00+00:00,4348.44,4357.22,4347.95,4356.57,840,10,0
2026-09-16 16:15:00+00:00,4356.6,4360.5,4353.19,4353.63,899,11,0
2026-09-16 16:20:00+00:00,4353.57,4355.93,4349.56,4353.56,882,10,0
2026-09-16 16:25:00+00:00,4353.96,4355.38,4351.69,4352.15,812,8,0
2026-09-16 16:30:00+00:00,4352.1,4354.25,4348.36,4348.65,1066,13,0
2026-09-16 16:35:00+00:00,4348.89,4350.68,4345.26,4345.49,1062,9,0
2026-09-16 16:40:00+00:00,4345.8,4347.17,4340.42,4340.56,1004,8,0
2026-09-16 16:45:00+00:00,4340.55,4346.6,4340.55,4342.77,968,8,0
2026-09-16 16:50:00+00:00,4342.76,4345.08,4337.76,4338.6,940,8,0
2026-09-16 16:55:00+00:00,4338.61,4339.28,4335.19,4338.71,872,8,0
2026-09-16 17:00:00+00:00,4338.72,4339.18,4328.73,4328.73,993,14,0
2026-09-16 17:05:00+00:00,4328.72,4330.72,4324.27,4329.65,1012,8,0
2026-09-16 17:10:00+00:00,4329.73,4340.12,4329.72,4340.07,982,8,0
2026-09-16 17:15:00+00:00,4340.11,4341.12,4332.17,4332.79,944,8,0
2026-09-16 17:20:00+00:00,4332.67,4336.64,4330.89,4333.79,844,8,0
2026-09-16 17:25:00+00:00,4333.85,4339.0,4332.9,4338.92,845,8,0
2026-09-16 17:30:00+00:00,4338.91,4339.31,4335.32,4337.53,842,9,0
2026-09-16 17:35:00+00:00,4337.49,4342.54,4337.43,4341.09,859,14,0
2026-09-16 17:40:00+00:00,4341.07,4345.96,4340.37,4345.75,886,13,0
2026-09-16 17:45:00+00:00,4345.65,4350.49,4345.1,4350.35,904,14,0
2026-09-16 17:50:00+00:00,4350.37,4354.51,4348.28,4348.42,919,8,0
2026-09-16 17:55:00+00:00,4348.4,4356.06,4347.6,4355.14,924,8,0
2026-09-16 18:00:00+00:00,4355.15,4357.61,4350.66,4350.8,990,9,0
2026-09-16 18:05:00+00:00,4350.78,4357.87,4350.09,4357.38,935,8,0
2026-09-16 18:10:00+00:00,4357.27,4358.0,4353.18,4353.26,972,8,0
2026-09-16 18:15:00+00:00,4353.3,4355.18,4351.54,4353.69,900,8,0
2026-09-16 18:20:00+00:00,4353.77,4353.88,4349.77,4350.12,831,8,0
2026-09-16 18:25:00+00:00,4350.14,4350.23,4344.15,4344.21,804,8,0
2026-09-16 18:30:00+00:00,4344.65,4348.58,4343.07,4347.78,905,13,0
2026-09-16 18:35:00+00:00,4347.86,4352.55,4347.29,4350.01,793,13,0
2026-09-16 18:40:00+00:00,4350.13,4351.2,4349.54,4350.64,691,8,0
2026-09-16 18:45:00+00:00,4350.65,4361.11,4350.19,4353.1,895,11,0
2026-09-16 18:50:00+00:00,4353.11,4355.12,4350.47,4351.72,855,14,0
2026-09-16 18:55:00+00:00,4351.68,4353.52,4350.03,4352.64,738,13,0
2026-09-16 19:00:00+00:00,4352.7,4352.96,4348.12,4348.12,789,9,0
2026-09-16 19:05:00+00:00,4348.02,4349.73,4346.74,4349.72,643,13,0
2026-09-16 19:10:00+00:00,4349.74,4351.2,4348.56,4350.08,653,13,0
2026-09-16 19:15:00+00:00,4351.06,4352.18,4349.16,4349.73,619,9,0
2026-09-16 19:20:00+00:00,4349.72,4350.12,4346.81,4347.72,612,8,0
2026-09-16 19:25:00+00:00,4347.73,4348.24,4344.41,4346.01,663,11,0
2026-09-16 19:30:00+00:00,4346.01,4348.24,4345.12,4347.93,628,11,0
2026-09-16 19:35:00+00:00,4347.85,4348.6,4345.5,4347.37,579,8,0
2026-09-16 19:40:00+00:00,4347.27,4348.43,4346.98,4347.58,575,8,0
2026-09-16 19:45:00+00:00,4347.62,4348.7,4346.13,4346.15,539,8,0
2026-09-16 19:50:00+00:00,4346.01,4346.1,4343.95,4345.9,640,9,0
2026-09-16 19:55:00+00:00,4345.95,4347.66,4345.59,4346.73,598,8,0
2026-09-16 20:00:00+00:00,4346.72,4346.91,4343.24,4344.97,742,9,0
2026-09-16 20:05:00+00:00,4344.98,4346.06,4343.13,4343.41,585,9,0
2026-09-16 20:10:00+00:00,4343.43,4344.01,4341.83,4343.73,544,9,0
2026-09-16 20:15:00+00:00,4343.69,4345.3,4343.14,4344.79,553,8,0
2026-09-16 20:20:00+00:00,4344.82,4345.2,4342.63,4344.6,524,8,0
2026-09-16 20:25:00+00:00,4344.63,4347.6,4344.42,4346.88,647,8,0
2026-09-16 20:30:00+00:00,4346.92,4349.99,4346.17,4349.03,608,13,0
2026-09-16 20:35:00+00:00,4349.01,4349.29,4343.54,4344.0,663,13,0
2026-09-16 20:40:00+00:00,4344.0,4345.3,4343.59,4344.03,588,8,0
2026-09-16 20:45:00+00:00,4344.07,4345.18,4342.71,4344.61,590,12,0
2026-09-16 20:50:00+00:00,4344.65,4350.1,4344.24,4348.02,708,9,0
2026-09-16 20:55:00+00:00,4347.95,4364.49,4347.6,4361.36,828,8,0
2026-09-16 21:00:00+00:00,4358.62,4366.34,4314.74,4323.73,886,8,0
2026-09-16 21:05:00+00:00,4325.39,4344.96,4325.2,4331.96,1093,8,0
2026-09-16 21:10:00+00:00,4331.92,4335.2,4307.97,4310.23,1111,8,0
2026-09-16 21:15:00+00:00,4310.55,4319.74,4306.5,4319.22,1113,10,0
2026-09-16 21:20:00+00:00,4318.78,4323.33,4313.15,4314.97,1133,10,0
2026-09-16 21:25:00+00:00,4315.03,4322.92,4312.39,4322.72,1117,10,0
2026-09-16 21:30:00+00:00,4322.57,4323.66,4280.87,4285.83,1058,8,0
2026-09-16 21:35:00+00:00,4285.47,4291.32,4263.46,4290.47,1073,8,0
2026-09-16 21:40:00+00:00,4290.45,4310.83,4285.18,4301.33,1105,8,0
2026-09-16 21:45:00+00:00,4301.21,4307.53,4291.64,4293.66,1101,10,0
2026-09-16 21:50:00+00:00,4293.65,4296.0,4264.4,4265.6,1118,10,0
2026-09-16 21:55:00+00:00,4265.55,4272.91,4257.53,4260.9,1111,10,0
2026-09-16 22:00:00+00:00,4261.08,4287.15,4260.45,4273.26,1110,14,0
2026-09-16 22:05:00+00:00,4273.24,4273.24,4250.16,4250.45,1111,12,0
2026-09-16 22:10:00+00:00,4250.62,4253.27,4235.52,4253.18,1095,15,0
2026-09-16 22:15:00+00:00,4252.89,4257.73,4240.88,4248.29,1126,11,0
2026-09-16 22:20:00+00:00,4248.23,4253.01,4244.84,4252.88,1128,10,0
2026-09-16 22:25:00+00:00,4252.9,4256.77,4239.09,4252.64,1124,10,0
2026-09-16 22:30:00+00:00,4252.75,4263.38,4252.58,4263.2,1135,10,0
2026-09-16 22:35:00+00:00,4263.1,4265.55,4256.62,4263.66,1145,11,0
2026-09-16 22:40:00+00:00,4263.61,4271.02,4261.37,4265.74,1120,10,0
2026-09-16 22:45:00+00:00,4265.62,4271.79,4264.96,4270.02,1095,11,0
2026-09-16 22:50:00+00:00,4269.89,4276.68,4267.83,4273.07,1052,11,0
2026-09-16 22:55:00+00:00,4273.04,4274.11,4269.43,4272.57,1066,9,0
2026-09-16 23:00:00+00:00,4272.27,4273.81,4267.5,4270.59,892,9,0
2026-09-16 23:05:00+00:00,4270.65,4271.96,4265.87,4267.35,721,9,0
2026-09-16 23:10:00+00:00,4267.31,4267.69,4263.56,4264.85,697,9,0
2026-09-16 23:15:00+00:00,4264.91,4268.18,4263.64,4266.53,662,10,0
2026-09-16 23:20:00+00:00,4266.52,4266.65,4260.91,4260.92,663,11,0
2026-09-16 23:25:00+00:00,4261.03,4261.53,4257.35,4260.35,676,11,0
2026-09-16 23:30:00+00:00,4260.32,4262.08,4258.37,4261.41,624,11,0
2026-09-16 23:35:00+00:00,4261.44,4264.92,4259.7,4264.91,579,11,0
2026-09-16 23:40:00+00:00,4264.82,4265.33,4261.82,4262.33,399,17,0
2026-09-16 23:45:00+00:00,4262.43,4266.63,4262.33,4265.88,357,17,0
2026-09-16 23:50:00+00:00,4265.78,4265.83,4261.06,4262.66,447,8,0
2026-09-16 23:55:00+00:00,4262.67,4264.36,4262.33,4263.34,452,8,0
2026-09-17 01:00:00+00:00,4263.82,4265.06,4259.39,4260.01,538,8,0
