signal_id,role,bar_utc,open,high,low,close,spread,bar_utc_chart_label
1,context,2026-07-30 11:50:00+00:00,4063.81,4064.36,4059.73,4060.33,8.0,2026.07.30 14:50:00
1,before_spike,2026-07-30 11:55:00+00:00,4060.31,4062.08,4059.53,4061.47,8.0,2026.07.30 14:55:00
1,spike,2026-07-30 12:00:00+00:00,4061.46,4067.48,4060.42,4066.58,8.0,2026.07.30 15:00:00
1,after_spike,2026-07-30 12:05:00+00:00,4066.43,4068.97,4065.8,4067.59,10.0,2026.07.30 15:05:00
1,signal,2026-07-30 12:10:00+00:00,4067.35,4068.79,4065.0,4066.14,8.0,2026.07.30 15:10:00
2,context,2026-07-30 21:50:00+00:00,4100.92,4101.46,4098.91,4099.05,8.0,2026.07.31 00:50:00
2,before_spike,2026-07-30 21:55:00+00:00,4099.1,4100.26,4098.88,4099.9,8.0,2026.07.31 00:55:00
2,spike,2026-07-30 22:00:00+00:00,4099.63,4103.58,4098.86,4103.51,8.0,2026.07.31 01:00:00
2,after_spike,2026-07-30 22:05:00+00:00,4103.55,4105.46,4102.77,4105.38,8.0,2026.07.31 01:05:00
2,signal,2026-07-30 22:10:00+00:00,4105.41,4105.74,4103.1,4104.7,8.0,2026.07.31 01:10:00
3,context,2026-07-30 23:30:00+00:00,4112.19,4112.37,4107.68,4109.16,10.0,2026.07.31 02:30:00
3,before_spike,2026-07-30 23:35:00+00:00,4108.96,4109.01,4106.26,4106.87,10.0,2026.07.31 02:35:00
3,spike,2026-07-30 23:40:00+00:00,4106.86,4107.28,4102.33,4102.75,10.0,2026.07.31 02:40:00
3,after_spike,2026-07-30 23:45:00+00:00,4102.74,4103.57,4099.96,4100.1,18.0,2026.07.31 02:45:00
3,signal,2026-07-30 23:50:00+00:00,4100.04,4102.75,4099.04,4101.46,18.0,2026.07.31 02:50:00
4,context,2026-07-31 01:25:00+00:00,4107.63,4108.42,4106.94,4107.75,10.0,2026.07.31 04:25:00
4,before_spike,2026-07-31 01:30:00+00:00,4107.64,4108.33,4107.04,4108.04,10.0,2026.07.31 04:30:00
4,spike,2026-07-31 01:35:00+00:00,4108.1,4110.48,4107.96,4110.17,10.0,2026.07.31 04:35:00
4,after_spike,2026-07-31 01:40:00+00:00,4110.01,4110.45,4109.55,4110.44,14.0,2026.07.31 04:40:00
4,signal,2026-07-31 01:45:00+00:00,4110.52,4111.05,4109.06,4110.84,8.0,2026.07.31 04:45:00
5,context,2026-07-31 02:00:00+00:00,4109.19,4111.24,4109.19,4110.81,10.0,2026.07.31 05:00:00
5,before_spike,2026-07-31 02:05:00+00:00,4110.76,4111.78,4109.08,4109.62,10.0,2026.07.31 05:05:00
5,spike,2026-07-31 02:10:00+00:00,4109.65,4109.65,4106.59,4107.47,10.0,2026.07.31 05:10:00
5,after_spike,2026-07-31 02:15:00+00:00,4107.4,4107.56,4106.06,4106.55,8.0,2026.07.31 05:15:00
5,signal,2026-07-31 02:20:00+00:00,4106.61,4107.04,4104.62,4106.14,10.0,2026.07.31 05:20:00
6,context,2026-07-31 11:55:00+00:00,4058.5,4064.44,4058.24,4060.98,8.0,2026.07.31 14:55:00
6,before_spike,2026-07-31 12:00:00+00:00,4060.88,4063.99,4060.48,4060.56,10.0,2026.07.31 15:00:00
6,spike,2026-07-31 12:05:00+00:00,4060.57,4061.9,4058.05,4058.06,10.0,2026.07.31 15:05:00
6,after_spike,2026-07-31 12:10:00+00:00,4057.84,4058.06,4055.19,4056.64,8.0,2026.07.31 15:10:00
6,signal,2026-07-31 12:15:00+00:00,4056.77,4057.18,4054.47,4055.7,8.0,2026.07.31 15:15:00
7,context,2026-07-31 12:10:00+00:00,4057.84,4058.06,4055.19,4056.64,8.0,2026.07.31 15:10:00
7,before_spike,2026-07-31 12:15:00+00:00,4056.77,4057.18,4054.47,4055.7,8.0,2026.07.31 15:15:00
7,spike,2026-07-31 12:20:00+00:00,4055.68,4057.47,4051.79,4052.71,8.0,2026.07.31 15:20:00
7,after_spike,2026-07-31 12:25:00+00:00,4052.64,4053.27,4051.34,4052.13,8.0,2026.07.31 15:25:00
7,signal,2026-07-31 12:30:00+00:00,4052.15,4054.55,4051.25,4051.25,8.0,2026.07.31 15:30:00
8,context,2026-07-31 14:20:00+00:00,4056.88,4061.13,4056.11,4060.86,8.0,2026.07.31 17:20:00
8,before_spike,2026-07-31 14:25:00+00:00,4060.85,4060.85,4057.77,4058.85,8.0,2026.07.31 17:25:00
8,spike,2026-07-31 14:30:00+00:00,4058.79,4058.79,4053.48,4054.22,8.0,2026.07.31 17:30:00
8,after_spike,2026-07-31 14:35:00+00:00,4054.21,4055.68,4052.79,4053.11,8.0,2026.07.31 17:35:00
8,signal,2026-07-31 14:40:00+00:00,4053.05,4053.34,4050.78,4052.11,8.0,2026.07.31 17:40:00
9,context,2026-07-31 15:10:00+00:00,4057.12,4059.3,4055.49,4059.15,8.0,2026.07.31 18:10:00
9,before_spike,2026-07-31 15:15:00+00:00,4059.13,4059.35,4055.62,4056.52,10.0,2026.07.31 18:15:00
9,spike,2026-07-31 15:20:00+00:00,4056.42,4058.34,4050.08,4050.85,8.0,2026.07.31 18:20:00
9,after_spike,2026-07-31 15:25:00+00:00,4050.73,4052.2,4047.09,4047.1,8.0,2026.07.31 18:25:00
9,signal,2026-07-31 15:30:00+00:00,4047.12,4051.56,4044.86,4048.22,8.0,2026.07.31 18:30:00
10,context,2026-08-03 08:00:00+00:00,4063.94,4065.3,4062.42,4062.43,8.0,2026.08.03 11:00:00
10,before_spike,2026-08-03 08:05:00+00:00,4062.54,4062.97,4060.68,4060.84,8.0,2026.08.03 11:05:00
10,spike,2026-08-03 08:10:00+00:00,4060.9,4061.04,4056.77,4057.42,8.0,2026.08.03 11:10:00
10,after_spike,2026-08-03 08:15:00+00:00,4057.44,4057.97,4054.2,4056.59,8.0,2026.08.03 11:15:00
10,signal,2026-08-03 08:20:00+00:00,4056.48,4059.14,4055.9,4059.14,10.0,2026.08.03 11:20:00
11,context,2026-08-03 12:35:00+00:00,4047.13,4052.74,4046.88,4052.52,8.0,2026.08.03 15:35:00
11,before_spike,2026-08-03 12:40:00+00:00,4052.47,4054.86,4051.55,4053.66,8.0,2026.08.03 15:40:00
11,spike,2026-08-03 12:45:00+00:00,4053.55,4056.92,4053.51,4055.94,8.0,2026.08.03 15:45:00
11,after_spike,2026-08-03 12:50:00+00:00,4056.15,4058.12,4055.92,4056.94,10.0,2026.08.03 15:50:00
11,signal,2026-08-03 12:55:00+00:00,4056.95,4057.83,4054.56,4055.31,10.0,2026.08.03 15:55:00
12,context,2026-08-03 14:35:00+00:00,4050.86,4052.12,4049.7,4051.49,8.0,2026.08.03 17:35:00
12,before_spike,2026-08-03 14:40:00+00:00,4051.42,4054.99,4051.13,4053.58,8.0,2026.08.03 17:40:00
12,spike,2026-08-03 14:45:00+00:00,4053.6,4060.21,4052.6,4060.21,8.0,2026.08.03 17:45:00
12,after_spike,2026-08-03 14:50:00+00:00,4060.48,4063.11,4059.17,4061.27,8.0,2026.08.03 17:50:00
12,signal,2026-08-03 14:55:00+00:00,4061.24,4062.86,4059.95,4062.59,8.0,2026.08.03 17:55:00
13,context,2026-08-03 20:40:00+00:00,4036.27,4036.57,4035.35,4036.09,8.0,2026.08.03 23:40:00
13,before_spike,2026-08-03 20:45:00+00:00,4036.0,4036.43,4034.1,4034.1,8.0,2026.08.03 23:45:00
13,spike,2026-08-03 20:50:00+00:00,4034.17,4034.39,4030.52,4030.69,8.0,2026.08.03 23:50:00
13,after_spike,2026-08-03 20:55:00+00:00,4030.71,4031.19,4030.29,4030.53,8.0,2026.08.03 23:55:00
13,signal,2026-08-03 21:00:00+00:00,4030.59,4032.28,4029.67,4031.84,8.0,2026.08.04 00:00:00
14,context,2026-08-03 21:30:00+00:00,4037.92,4038.44,4036.56,4036.93,8.0,2026.08.04 00:30:00
14,before_spike,2026-08-03 21:35:00+00:00,4036.92,4038.52,4036.85,4037.66,8.0,2026.08.04 00:35:00
14,spike,2026-08-03 21:40:00+00:00,4037.69,4041.51,4037.5,4041.44,8.0,2026.08.04 00:40:00
14,after_spike,2026-08-03 21:45:00+00:00,4041.42,4042.55,4040.49,4042.45,8.0,2026.08.04 00:45:00
14,signal,2026-08-03 21:50:00+00:00,4042.59,4044.07,4041.95,4043.83,8.0,2026.08.04 00:50:00
15,context,2026-08-03 22:45:00+00:00,4054.09,4055.54,4052.65,4054.64,8.0,2026.08.04 01:45:00
15,before_spike,2026-08-03 22:50:00+00:00,4054.68,4055.64,4053.72,4054.36,8.0,2026.08.04 01:50:00
15,spike,2026-08-03 22:55:00+00:00,4054.05,4054.36,4051.72,4052.1,8.0,2026.08.04 01:55:00
15,after_spike,2026-08-03 23:00:00+00:00,4052.02,4052.19,4050.25,4051.51,8.0,2026.08.04 02:00:00
15,signal,2026-08-03 23:05:00+00:00,4051.69,4052.23,4050.82,4051.7,8.0,2026.08.04 02:05:00
16,context,2026-08-04 03:10:00+00:00,4067.45,4069.36,4063.06,4063.62,8.0,2026.08.04 06:10:00
16,before_spike,2026-08-04 03:15:00+00:00,4063.57,4064.44,4062.08,4062.86,10.0,2026.08.04 06:15:00
16,spike,2026-08-04 03:20:00+00:00,4062.77,4063.59,4058.16,4059.29,8.0,2026.08.04 06:20:00
16,after_spike,2026-08-04 03:25:00+00:00,4059.33,4060.87,4058.42,4059.09,10.0,2026.08.04 06:25:00
16,signal,2026-08-04 03:30:00+00:00,4059.11,4060.76,4057.9,4060.08,8.0,2026.08.04 06:30:00
17,context,2026-08-04 03:45:00+00:00,4056.38,4057.6,4055.35,4056.5,8.0,2026.08.04 06:45:00
17,before_spike,2026-08-04 03:50:00+00:00,4056.57,4058.07,4054.25,4055.17,8.0,2026.08.04 06:50:00
17,spike,2026-08-04 03:55:00+00:00,4055.23,4055.59,4048.76,4049.37,8.0,2026.08.04 06:55:00
17,after_spike,2026-08-04 04:00:00+00:00,4049.3,4050.6,4045.37,4046.65,8.0,2026.08.04 07:00:00
17,signal,2026-08-04 04:05:00+00:00,4046.75,4047.1,4042.63,4044.89,8.0,2026.08.04 07:05:00
18,context,2026-08-04 07:15:00+00:00,4057.04,4059.63,4056.61,4056.63,8.0,2026.08.04 10:15:00
18,before_spike,2026-08-04 07:20:00+00:00,4056.64,4058.06,4055.98,4057.81,8.0,2026.08.04 10:20:00
18,spike,2026-08-04 07:25:00+00:00,4057.91,4061.66,4057.73,4061.45,8.0,2026.08.04 10:25:00
18,after_spike,2026-08-04 07:30:00+00:00,4061.5,4064.3,4060.61,4062.92,8.0,2026.08.04 10:30:00
18,signal,2026-08-04 07:35:00+00:00,4063.02,4063.46,4061.96,4063.42,8.0,2026.08.04 10:35:00
19,context,2026-08-04 09:30:00+00:00,4059.99,4060.0,4056.74,4056.84,8.0,2026.08.04 12:30:00
19,before_spike,2026-08-04 09:35:00+00:00,4056.83,4057.7,4055.73,4056.94,8.0,2026.08.04 12:35:00
19,spike,2026-08-04 09:40:00+00:00,4056.96,4060.13,4056.79,4060.13,8.0,2026.08.04 12:40:00
19,after_spike,2026-08-04 09:45:00+00:00,4060.16,4062.63,4060.04,4062.16,8.0,2026.08.04 12:45:00
19,signal,2026-08-04 09:50:00+00:00,4062.05,4062.95,4059.77,4060.45,8.0,2026.08.04 12:50:00
20,context,2026-08-04 18:05:00+00:00,4081.49,4084.98,4079.63,4084.98,8.0,2026.08.04 21:05:00
20,before_spike,2026-08-04 18:10:00+00:00,4085.02,4085.57,4083.17,4084.03,8.0,2026.08.04 21:10:00
20,spike,2026-08-04 18:15:00+00:00,4084.04,4084.32,4075.94,4076.47,8.0,2026.08.04 21:15:00
20,after_spike,2026-08-04 18:20:00+00:00,4076.7,4077.77,4074.72,4076.14,8.0,2026.08.04 21:20:00
20,signal,2026-08-04 18:25:00+00:00,4076.05,4078.64,4075.16,4078.35,10.0,2026.08.04 21:25:00
21,context,2026-08-04 21:25:00+00:00,4086.84,4088.06,4084.34,4084.67,8.0,2026.08.05 00:25:00
21,before_spike,2026-08-04 21:30:00+00:00,4084.72,4085.76,4082.64,4082.64,8.0,2026.08.05 00:30:00
21,spike,2026-08-04 21:35:00+00:00,4082.79,4083.34,4078.37,4078.91,8.0,2026.08.05 00:35:00
21,after_spike,2026-08-04 21:40:00+00:00,4078.86,4080.04,4076.28,4076.59,8.0,2026.08.05 00:40:00
21,signal,2026-08-04 21:45:00+00:00,4076.6,4080.35,4075.24,4079.94,8.0,2026.08.05 00:45:00
22,context,2026-08-05 02:10:00+00:00,4071.66,4073.87,4069.36,4073.3,8.0,2026.08.05 05:10:00
22,before_spike,2026-08-05 02:15:00+00:00,4073.35,4074.67,4071.95,4072.67,10.0,2026.08.05 05:15:00
22,spike,2026-08-05 02:20:00+00:00,4072.72,4072.97,4068.49,4069.16,8.0,2026.08.05 05:20:00
22,after_spike,2026-08-05 02:25:00+00:00,4069.14,4069.54,4066.01,4067.67,8.0,2026.08.05 05:25:00
22,signal,2026-08-05 02:30:00+00:00,4067.72,4070.65,4066.41,4068.81,8.0,2026.08.05 05:30:00
23,context,2026-08-05 04:00:00+00:00,4082.52,4085.66,4077.61,4080.3,10.0,2026.08.05 07:00:00
23,before_spike,2026-08-05 04:05:00+00:00,4080.25,4083.35,4079.72,4082.09,14.0,2026.08.05 07:05:00
23,spike,2026-08-05 04:10:00+00:00,4082.11,4086.89,4081.82,4085.86,10.0,2026.08.05 07:10:00
23,after_spike,2026-08-05 04:15:00+00:00,4085.87,4088.74,4085.0,4087.91,10.0,2026.08.05 07:15:00
23,signal,2026-08-05 04:20:00+00:00,4087.9,4088.31,4084.96,4085.02,10.0,2026.08.05 07:20:00
24,context,2026-08-05 04:25:00+00:00,4085.1,4085.33,4082.64,4084.59,10.0,2026.08.05 07:25:00
24,before_spike,2026-08-05 04:30:00+00:00,4084.6,4086.57,4080.14,4084.91,10.0,2026.08.05 07:30:00
24,spike,2026-08-05 04:35:00+00:00,4084.82,4089.98,4084.37,4089.82,10.0,2026.08.05 07:35:00
24,after_spike,2026-08-05 04:40:00+00:00,4089.8,4093.11,4089.47,4093.1,10.0,2026.08.05 07:40:00
24,signal,2026-08-05 04:45:00+00:00,4093.07,4094.91,4092.79,4094.29,8.0,2026.08.05 07:45:00
25,context,2026-08-05 08:55:00+00:00,4167.08,4171.47,4161.47,4161.59,8.0,2026.08.05 11:55:00
25,before_spike,2026-08-05 09:00:00+00:00,4161.57,4166.29,4160.2,4162.24,10.0,2026.08.05 12:00:00
25,spike,2026-08-05 09:05:00+00:00,4162.07,4170.03,4160.69,4170.03,10.0,2026.08.05 12:05:00
25,after_spike,2026-08-05 09:10:00+00:00,4170.12,4174.25,4168.92,4173.12,8.0,2026.08.05 12:10:00
25,signal,2026-08-05 09:15:00+00:00,4173.13,4173.39,4166.22,4166.23,14.0,2026.08.05 12:15:00
26,context,2026-08-05 10:15:00+00:00,4166.25,4169.19,4165.86,4168.99,10.0,2026.08.05 13:15:00
26,before_spike,2026-08-05 10:20:00+00:00,4168.87,4169.39,4166.79,4168.34,14.0,2026.08.05 13:20:00
26,spike,2026-08-05 10:25:00+00:00,4168.3,4168.97,4163.19,4164.38,14.0,2026.08.05 13:25:00
26,after_spike,2026-08-05 10:30:00+00:00,4164.43,4165.57,4162.95,4163.55,14.0,2026.08.05 13:30:00
26,signal,2026-08-05 10:35:00+00:00,4163.52,4166.61,4162.32,4165.05,8.0,2026.08.05 13:35:00
27,context,2026-08-05 13:45:00+00:00,4155.43,4156.55,4154.2,4155.56,14.0,2026.08.05 16:45:00
27,before_spike,2026-08-05 13:50:00+00:00,4155.18,4156.41,4154.05,4156.3,8.0,2026.08.05 16:50:00
27,spike,2026-08-05 13:55:00+00:00,4156.18,4161.42,4155.95,4161.35,10.0,2026.08.05 16:55:00
27,after_spike,2026-08-05 14:00:00+00:00,4161.34,4164.2,4160.76,4163.99,10.0,2026.08.05 17:00:00
27,signal,2026-08-05 14:05:00+00:00,4164.08,4166.63,4163.13,4166.63,10.0,2026.08.05 17:05:00
28,context,2026-08-05 14:00:00+00:00,4161.34,4164.2,4160.76,4163.99,10.0,2026.08.05 17:00:00
28,before_spike,2026-08-05 14:05:00+00:00,4164.08,4166.63,4163.13,4166.63,10.0,2026.08.05 17:05:00
28,spike,2026-08-05 14:10:00+00:00,4166.72,4170.99,4166.33,4170.99,8.0,2026.08.05 17:10:00
28,after_spike,2026-08-05 14:15:00+00:00,4170.87,4173.94,4170.02,4171.29,10.0,2026.08.05 17:15:00
28,signal,2026-08-05 14:20:00+00:00,4171.38,4173.32,4169.67,4170.35,10.0,2026.08.05 17:20:00
29,context,2026-08-05 15:40:00+00:00,4200.38,4200.75,4192.81,4194.73,8.0,2026.08.05 18:40:00
29,before_spike,2026-08-05 15:45:00+00:00,4194.72,4195.7,4191.15,4193.77,8.0,2026.08.05 18:45:00
29,spike,2026-08-05 15:50:00+00:00,4193.79,4194.04,4186.61,4187.41,8.0,2026.08.05 18:50:00
29,after_spike,2026-08-05 15:55:00+00:00,4187.59,4188.69,4183.2,4183.94,8.0,2026.08.05 18:55:00
29,signal,2026-08-05 16:00:00+00:00,4183.96,4195.23,4183.76,4194.14,8.0,2026.08.05 19:00:00
30,context,2026-08-05 16:55:00+00:00,4200.43,4205.97,4199.56,4205.28,8.0,2026.08.05 19:55:00
30,before_spike,2026-08-05 17:00:00+00:00,4205.36,4210.08,4202.97,4209.87,8.0,2026.08.05 20:00:00
30,spike,2026-08-05 17:05:00+00:00,4209.76,4227.68,4209.71,4226.87,8.0,2026.08.05 20:05:00
30,after_spike,2026-08-05 17:10:00+00:00,4226.95,4234.91,4225.82,4229.73,8.0,2026.08.05 20:10:00
30,signal,2026-08-05 17:15:00+00:00,4229.68,4238.86,4226.77,4236.52,8.0,2026.08.05 20:15:00
31,context,2026-08-05 17:30:00+00:00,4237.0,4242.3,4229.45,4230.63,8.0,2026.08.05 20:30:00
31,before_spike,2026-08-05 17:35:00+00:00,4230.8,4234.08,4228.81,4231.7,10.0,2026.08.05 20:35:00
31,spike,2026-08-05 17:40:00+00:00,4231.67,4243.37,4229.82,4243.15,8.0,2026.08.05 20:40:00
31,after_spike,2026-08-05 17:45:00+00:00,4243.2,4247.55,4241.29,4247.55,8.0,2026.08.05 20:45:00
31,signal,2026-08-05 17:50:00+00:00,4247.54,4247.54,4233.36,4237.82,8.0,2026.08.05 20:50:00
32,context,2026-08-05 17:50:00+00:00,4247.54,4247.54,4233.36,4237.82,8.0,2026.08.05 20:50:00
32,before_spike,2026-08-05 17:55:00+00:00,4237.73,4245.77,4235.95,4244.22,8.0,2026.08.05 20:55:00
32,spike,2026-08-05 18:00:00+00:00,4244.18,4259.89,4242.81,4255.54,8.0,2026.08.05 21:00:00
32,after_spike,2026-08-05 18:05:00+00:00,4255.55,4259.25,4251.76,4256.38,8.0,2026.08.05 21:05:00
32,signal,2026-08-05 18:10:00+00:00,4256.39,4260.97,4255.56,4257.76,8.0,2026.08.05 21:10:00
33,context,2026-08-05 18:45:00+00:00,4255.95,4255.98,4249.53,4249.98,8.0,2026.08.05 21:45:00
33,before_spike,2026-08-05 18:50:00+00:00,4250.08,4250.31,4241.41,4243.35,8.0,2026.08.05 21:50:00
33,spike,2026-08-05 18:55:00+00:00,4243.45,4243.56,4232.39,4232.67,8.0,2026.08.05 21:55:00
33,after_spike,2026-08-05 19:00:00+00:00,4232.72,4234.29,4225.52,4225.76,8.0,2026.08.05 22:00:00
33,signal,2026-08-05 19:05:00+00:00,4225.82,4235.45,4224.71,4235.34,10.0,2026.08.05 22:05:00
34,context,2026-08-05 23:45:00+00:00,4245.52,4246.03,4244.11,4244.46,10.0,2026.08.06 02:45:00
34,before_spike,2026-08-05 23:50:00+00:00,4244.36,4245.7,4244.08,4244.48,14.0,2026.08.06 02:50:00
34,spike,2026-08-05 23:55:00+00:00,4244.55,4247.78,4243.27,4247.21,14.0,2026.08.06 02:55:00
34,after_spike,2026-08-06 01:00:00+00:00,4248.8,4253.85,4246.73,4249.1,12.0,2026.08.06 04:00:00
34,signal,2026-08-06 01:05:00+00:00,4249.29,4249.31,4245.41,4246.46,12.0,2026.08.06 04:05:00
35,context,2026-08-06 02:25:00+00:00,4262.18,4264.21,4260.39,4263.55,10.0,2026.08.06 05:25:00
35,before_spike,2026-08-06 02:30:00+00:00,4263.59,4265.01,4261.04,4264.78,8.0,2026.08.06 05:30:00
35,spike,2026-08-06 02:35:00+00:00,4264.81,4279.69,4264.76,4277.91,8.0,2026.08.06 05:35:00
35,after_spike,2026-08-06 02:40:00+00:00,4278.01,4281.89,4276.43,4280.6,8.0,2026.08.06 05:40:00
35,signal,2026-08-06 02:45:00+00:00,4280.58,4280.63,4272.11,4274.66,8.0,2026.08.06 05:45:00
36,context,2026-08-06 05:20:00+00:00,4293.82,4294.9,4292.39,4293.48,10.0,2026.08.06 08:20:00
36,before_spike,2026-08-06 05:25:00+00:00,4293.47,4295.0,4291.73,4292.22,8.0,2026.08.06 08:25:00
36,spike,2026-08-06 05:30:00+00:00,4292.24,4292.42,4282.39,4286.21,8.0,2026.08.06 08:30:00
36,after_spike,2026-08-06 05:35:00+00:00,4286.02,4288.35,4284.39,4285.28,10.0,2026.08.06 08:35:00
36,signal,2026-08-06 05:40:00+00:00,4285.46,4285.76,4280.98,4285.74,10.0,2026.08.06 08:40:00
37,context,2026-08-06 14:45:00+00:00,4260.77,4260.87,4255.48,4256.55,8.0,2026.08.06 17:45:00
37,before_spike,2026-08-06 14:50:00+00:00,4256.46,4258.66,4254.3,4256.67,8.0,2026.08.06 17:50:00
37,spike,2026-08-06 14:55:00+00:00,4256.83,4263.44,4255.47,4263.43,8.0,2026.08.06 17:55:00
37,after_spike,2026-08-06 15:00:00+00:00,4263.31,4265.75,4260.73,4264.12,8.0,2026.08.06 18:00:00
37,signal,2026-08-06 15:05:00+00:00,4264.11,4264.15,4257.08,4257.72,8.0,2026.08.06 18:05:00
38,context,2026-08-06 15:20:00+00:00,4256.86,4262.83,4256.11,4260.84,8.0,2026.08.06 18:20:00
38,before_spike,2026-08-06 15:25:00+00:00,4260.9,4261.33,4256.76,4261.33,10.0,2026.08.06 18:25:00
38,spike,2026-08-06 15:30:00+00:00,4261.58,4270.12,4258.1,4267.86,8.0,2026.08.06 18:30:00
38,after_spike,2026-08-06 15:35:00+00:00,4267.84,4270.79,4266.94,4270.35,8.0,2026.08.06 18:35:00
38,signal,2026-08-06 15:40:00+00:00,4270.26,4270.69,4266.26,4267.13,8.0,2026.08.06 18:40:00
39,context,2026-08-06 15:35:00+00:00,4267.84,4270.79,4266.94,4270.35,8.0,2026.08.06 18:35:00
39,before_spike,2026-08-06 15:40:00+00:00,4270.26,4270.69,4266.26,4267.13,8.0,2026.08.06 18:40:00
39,spike,2026-08-06 15:45:00+00:00,4267.01,4267.56,4254.46,4255.6,8.0,2026.08.06 18:45:00
39,after_spike,2026-08-06 15:50:00+00:00,4255.53,4256.43,4251.02,4251.02,8.0,2026.08.06 18:50:00
39,signal,2026-08-06 15:55:00+00:00,4251.06,4254.7,4249.08,4250.23,8.0,2026.08.06 18:55:00
40,context,2026-08-06 18:05:00+00:00,4270.48,4271.59,4265.4,4266.69,8.0,2026.08.06 21:05:00
40,before_spike,2026-08-06 18:10:00+00:00,4266.68,4268.46,4262.45,4264.08,8.0,2026.08.06 21:10:00
40,spike,2026-08-06 18:15:00+00:00,4264.11,4264.16,4256.7,4257.08,8.0,2026.08.06 21:15:00
40,after_spike,2026-08-06 18:20:00+00:00,4257.05,4258.44,4250.96,4254.71,10.0,2026.08.06 21:20:00
40,signal,2026-08-06 18:25:00+00:00,4254.7,4259.18,4253.45,4254.8,8.0,2026.08.06 21:25:00
41,context,2026-08-06 18:40:00+00:00,4252.01,4253.14,4248.13,4251.51,8.0,2026.08.06 21:40:00
41,before_spike,2026-08-06 18:45:00+00:00,4251.52,4251.53,4247.79,4248.08,8.0,2026.08.06 21:45:00
41,spike,2026-08-06 18:50:00+00:00,4248.07,4250.1,4234.46,4234.94,8.0,2026.08.06 21:50:00
41,after_spike,2026-08-06 18:55:00+00:00,4234.95,4237.63,4229.64,4233.53,8.0,2026.08.06 21:55:00
41,signal,2026-08-06 19:00:00+00:00,4233.65,4238.63,4232.51,4238.29,8.0,2026.08.06 22:00:00
42,context,2026-08-06 19:45:00+00:00,4233.55,4236.61,4231.83,4236.59,8.0,2026.08.06 22:45:00
42,before_spike,2026-08-06 19:50:00+00:00,4236.58,4237.88,4235.32,4237.15,8.0,2026.08.06 22:50:00
42,spike,2026-08-06 19:55:00+00:00,4237.13,4242.54,4237.13,4241.4,8.0,2026.08.06 22:55:00
42,after_spike,2026-08-06 20:00:00+00:00,4241.41,4243.17,4239.46,4241.63,8.0,2026.08.06 23:00:00
42,signal,2026-08-06 20:05:00+00:00,4241.69,4243.36,4240.56,4242.96,8.0,2026.08.06 23:05:00
43,context,2026-08-06 21:50:00+00:00,4244.87,4245.63,4241.98,4242.03,8.0,2026.08.07 00:50:00
43,before_spike,2026-08-06 21:55:00+00:00,4242.15,4243.82,4241.1,4243.77,8.0,2026.08.07 00:55:00
43,spike,2026-08-06 22:00:00+00:00,4243.82,4248.39,4243.3,4247.86,8.0,2026.08.07 01:00:00
43,after_spike,2026-08-06 22:05:00+00:00,4247.85,4248.53,4246.48,4248.46,8.0,2026.08.07 01:05:00
43,signal,2026-08-06 22:10:00+00:00,4248.55,4251.88,4247.25,4247.37,8.0,2026.08.07 01:10:00
44,context,2026-08-06 22:10:00+00:00,4248.55,4251.88,4247.25,4247.37,8.0,2026.08.07 01:10:00
44,before_spike,2026-08-06 22:15:00+00:00,4247.47,4248.56,4245.32,4245.48,8.0,2026.08.07 01:15:00
44,spike,2026-08-06 22:20:00+00:00,4245.44,4247.23,4240.05,4240.25,8.0,2026.08.07 01:20:00
44,after_spike,2026-08-06 22:25:00+00:00,4240.15,4241.61,4235.3,4237.83,8.0,2026.08.07 01:25:00
44,signal,2026-08-06 22:30:00+00:00,4237.84,4238.6,4235.87,4238.55,8.0,2026.08.07 01:30:00
45,context,2026-08-06 22:40:00+00:00,4236.58,4236.98,4233.07,4234.59,8.0,2026.08.07 01:40:00
45,before_spike,2026-08-06 22:45:00+00:00,4234.67,4239.1,4234.63,4237.8,8.0,2026.08.07 01:45:00
45,spike,2026-08-06 22:50:00+00:00,4237.79,4250.74,4237.71,4247.39,8.0,2026.08.07 01:50:00
45,after_spike,2026-08-06 22:55:00+00:00,4247.23,4248.88,4243.82,4248.64,8.0,2026.08.07 01:55:00
45,signal,2026-08-06 23:00:00+00:00,4248.68,4249.92,4245.81,4246.75,8.0,2026.08.07 02:00:00
46,context,2026-08-07 02:40:00+00:00,4246.39,4247.88,4244.83,4246.62,8.0,2026.08.07 05:40:00
46,before_spike,2026-08-07 02:45:00+00:00,4246.61,4249.14,4245.73,4248.68,8.0,2026.08.07 05:45:00
46,spike,2026-08-07 02:50:00+00:00,4248.69,4252.24,4248.69,4251.86,8.0,2026.08.07 05:50:00
46,after_spike,2026-08-07 02:55:00+00:00,4251.9,4253.17,4250.5,4252.32,8.0,2026.08.07 05:55:00
46,signal,2026-08-07 03:00:00+00:00,4251.92,4252.83,4247.51,4249.65,8.0,2026.08.07 06:00:00
47,context,2026-08-07 03:00:00+00:00,4251.92,4252.83,4247.51,4249.65,8.0,2026.08.07 06:00:00
47,before_spike,2026-08-07 03:05:00+00:00,4249.69,4251.0,4248.92,4249.36,10.0,2026.08.07 06:05:00
47,spike,2026-08-07 03:10:00+00:00,4249.39,4249.39,4243.35,4244.7,10.0,2026.08.07 06:10:00
47,after_spike,2026-08-07 03:15:00+00:00,4244.8,4246.24,4241.33,4242.36,8.0,2026.08.07 06:15:00
47,signal,2026-08-07 03:20:00+00:00,4242.4,4245.52,4239.67,4239.88,8.0,2026.08.07 06:20:00
48,context,2026-08-07 03:25:00+00:00,4239.9,4244.25,4239.15,4243.97,8.0,2026.08.07 06:25:00
48,before_spike,2026-08-07 03:30:00+00:00,4243.94,4244.05,4240.96,4242.01,8.0,2026.08.07 06:30:00
48,spike,2026-08-07 03:35:00+00:00,4242.11,4243.21,4235.45,4235.67,8.0,2026.08.07 06:35:00
48,after_spike,2026-08-07 03:40:00+00:00,4235.65,4235.84,4230.18,4234.73,8.0,2026.08.07 06:40:00
48,signal,2026-08-07 03:45:00+00:00,4234.77,4236.87,4231.34,4231.48,8.0,2026.08.07 06:45:00
49,context,2026-08-07 06:15:00+00:00,4254.69,4255.72,4252.92,4254.09,8.0,2026.08.07 09:15:00
49,before_spike,2026-08-07 06:20:00+00:00,4254.22,4256.37,4251.94,4254.84,8.0,2026.08.07 09:20:00
49,spike,2026-08-07 06:25:00+00:00,4254.83,4258.93,4254.63,4258.8,8.0,2026.08.07 09:25:00
49,after_spike,2026-08-07 06:30:00+00:00,4258.76,4261.08,4258.76,4259.29,8.0,2026.08.07 09:30:00
49,signal,2026-08-07 06:35:00+00:00,4259.26,4260.94,4257.62,4260.44,8.0,2026.08.07 09:35:00
50,context,2026-08-07 09:25:00+00:00,4287.52,4287.52,4283.43,4283.78,8.0,2026.08.07 12:25:00
50,before_spike,2026-08-07 09:30:00+00:00,4283.5,4287.72,4280.38,4286.5,10.0,2026.08.07 12:30:00
50,spike,2026-08-07 09:35:00+00:00,4286.49,4293.56,4286.06,4291.97,10.0,2026.08.07 12:35:00
50,after_spike,2026-08-07 09:40:00+00:00,4292.13,4295.11,4291.83,4292.37,8.0,2026.08.07 12:40:00
50,signal,2026-08-07 09:45:00+00:00,4292.19,4294.84,4289.74,4289.75,8.0,2026.08.07 12:45:00
51,context,2026-08-07 14:10:00+00:00,4324.86,4325.55,4319.67,4320.25,8.0,2026.08.07 17:10:00
51,before_spike,2026-08-07 14:15:00+00:00,4320.12,4320.91,4317.14,4320.43,8.0,2026.08.07 17:15:00
51,spike,2026-08-07 14:20:00+00:00,4320.53,4325.37,4320.31,4324.2,10.0,2026.08.07 17:20:00
51,after_spike,2026-08-07 14:25:00+00:00,4324.58,4327.39,4324.13,4325.17,8.0,2026.08.07 17:25:00
51,signal,2026-08-07 14:30:00+00:00,4325.12,4327.78,4324.95,4324.95,8.0,2026.08.07 17:30:00
52,context,2026-08-07 23:15:00+00:00,4341.99,4342.29,4339.0,4339.21,8.0,2026.08.08 02:15:00
52,before_spike,2026-08-07 23:20:00+00:00,4339.19,4339.46,4338.49,4338.8,8.0,2026.08.08 02:20:00
52,spike,2026-08-07 23:25:00+00:00,4338.76,4339.59,4336.63,4337.28,8.0,2026.08.08 02:25:00
52,after_spike,2026-08-07 23:30:00+00:00,4337.29,4337.29,4335.42,4337.08,16.0,2026.08.08 02:30:00
52,signal,2026-08-07 23:35:00+00:00,4336.98,4340.68,4336.96,4340.33,11.0,2026.08.08 02:35:00
53,context,2026-08-10 07:00:00+00:00,4326.7,4328.26,4323.17,4325.25,10.0,2026.08.10 10:00:00
53,before_spike,2026-08-10 07:05:00+00:00,4325.45,4327.7,4323.38,4327.6,8.0,2026.08.10 10:05:00
53,spike,2026-08-10 07:10:00+00:00,4327.53,4332.73,4327.53,4332.7,14.0,2026.08.10 10:10:00
53,after_spike,2026-08-10 07:15:00+00:00,4332.34,4333.96,4330.84,4333.7,10.0,2026.08.10 10:15:00
53,signal,2026-08-10 07:20:00+00:00,4333.72,4337.41,4333.31,4336.9,10.0,2026.08.10 10:20:00
54,context,2026-08-10 09:30:00+00:00,4348.22,4349.39,4346.58,4347.86,8.0,2026.08.10 12:30:00
54,before_spike,2026-08-10 09:35:00+00:00,4347.85,4349.61,4346.01,4348.57,8.0,2026.08.10 12:35:00
54,spike,2026-08-10 09:40:00+00:00,4348.8,4355.85,4347.0,4355.2,8.0,2026.08.10 12:40:00
54,after_spike,2026-08-10 09:45:00+00:00,4355.21,4358.33,4355.02,4356.81,8.0,2026.08.10 12:45:00
54,signal,2026-08-10 09:50:00+00:00,4356.8,4357.25,4355.47,4357.17,8.0,2026.08.10 12:50:00
55,context,2026-08-10 12:20:00+00:00,4346.98,4348.47,4346.94,4348.07,10.0,2026.08.10 15:20:00
55,before_spike,2026-08-10 12:25:00+00:00,4348.06,4348.94,4345.29,4347.0,8.0,2026.08.10 15:25:00
55,spike,2026-08-10 12:30:00+00:00,4346.9,4346.92,4341.93,4343.88,8.0,2026.08.10 15:30:00
55,after_spike,2026-08-10 12:35:00+00:00,4343.99,4344.24,4340.93,4342.04,10.0,2026.08.10 15:35:00
55,signal,2026-08-10 12:40:00+00:00,4342.03,4344.4,4342.02,4344.19,10.0,2026.08.10 15:40:00
56,context,2026-08-10 14:00:00+00:00,4335.82,4336.69,4334.58,4334.69,14.0,2026.08.10 17:00:00
56,before_spike,2026-08-10 14:05:00+00:00,4334.6,4335.7,4333.32,4334.08,10.0,2026.08.10 17:05:00
56,spike,2026-08-10 14:10:00+00:00,4334.07,4334.11,4330.03,4331.56,8.0,2026.08.10 17:10:00
56,after_spike,2026-08-10 14:15:00+00:00,4331.45,4331.45,4329.01,4329.83,10.0,2026.08.10 17:15:00
56,signal,2026-08-10 14:20:00+00:00,4329.85,4333.79,4329.03,4333.27,10.0,2026.08.10 17:20:00
57,context,2026-08-10 17:15:00+00:00,4331.07,4337.13,4329.25,4334.95,8.0,2026.08.10 20:15:00
57,before_spike,2026-08-10 17:20:00+00:00,4334.86,4340.93,4333.21,4339.55,10.0,2026.08.10 20:20:00
57,spike,2026-08-10 17:25:00+00:00,4339.32,4349.0,4339.14,4346.37,8.0,2026.08.10 20:25:00
57,after_spike,2026-08-10 17:30:00+00:00,4346.34,4352.77,4346.23,4348.2,8.0,2026.08.10 20:30:00
57,signal,2026-08-10 17:35:00+00:00,4348.33,4349.77,4345.59,4347.52,8.0,2026.08.10 20:35:00
58,context,2026-08-10 18:40:00+00:00,4350.97,4352.21,4350.12,4350.78,8.0,2026.08.10 21:40:00
58,before_spike,2026-08-10 18:45:00+00:00,4350.91,4353.82,4349.4,4352.83,8.0,2026.08.10 21:45:00
58,spike,2026-08-10 18:50:00+00:00,4352.81,4358.06,4352.73,4357.69,8.0,2026.08.10 21:50:00
58,after_spike,2026-08-10 18:55:00+00:00,4357.63,4360.35,4357.26,4359.18,8.0,2026.08.10 21:55:00
58,signal,2026-08-10 19:00:00+00:00,4359.27,4364.86,4358.79,4358.88,8.0,2026.08.10 22:00:00
59,context,2026-08-10 19:20:00+00:00,4362.34,4365.01,4362.27,4364.02,8.0,2026.08.10 22:20:00
59,before_spike,2026-08-10 19:25:00+00:00,4364.13,4365.4,4362.48,4363.57,8.0,2026.08.10 22:25:00
59,spike,2026-08-10 19:30:00+00:00,4363.61,4363.89,4351.15,4356.75,8.0,2026.08.10 22:30:00
59,after_spike,2026-08-10 19:35:00+00:00,4356.71,4359.84,4355.53,4356.06,8.0,2026.08.10 22:35:00
59,signal,2026-08-10 19:40:00+00:00,4356.01,4357.29,4351.84,4352.53,8.0,2026.08.10 22:40:00
60,context,2026-08-10 21:20:00+00:00,4363.93,4365.76,4363.11,4365.3,8.0,2026.08.11 00:20:00
60,before_spike,2026-08-10 21:25:00+00:00,4365.28,4367.98,4365.28,4366.75,8.0,2026.08.11 00:25:00
60,spike,2026-08-10 21:30:00+00:00,4366.7,4380.66,4366.01,4379.75,8.0,2026.08.11 00:30:00
60,after_spike,2026-08-10 21:35:00+00:00,4379.76,4381.79,4377.52,4381.58,8.0,2026.08.11 00:35:00
60,signal,2026-08-10 21:40:00+00:00,4381.5,4383.07,4379.78,4379.88,8.0,2026.08.11 00:40:00
61,context,2026-08-11 03:10:00+00:00,4406.13,4408.98,4404.01,4404.96,8.0,2026.08.11 06:10:00
61,before_spike,2026-08-11 03:15:00+00:00,4405.31,4407.9,4404.66,4406.27,8.0,2026.08.11 06:15:00
61,spike,2026-08-11 03:20:00+00:00,4406.06,4412.3,4405.75,4412.29,8.0,2026.08.11 06:20:00
61,after_spike,2026-08-11 03:25:00+00:00,4412.11,4416.12,4411.83,4414.0,8.0,2026.08.11 06:25:00
61,signal,2026-08-11 03:30:00+00:00,4414.01,4414.1,4411.33,4412.69,8.0,2026.08.11 06:30:00
62,context,2026-08-11 21:50:00+00:00,4371.33,4371.97,4370.95,4371.04,8.0,2026.08.12 00:50:00
62,before_spike,2026-08-11 21:55:00+00:00,4371.04,4371.25,4369.35,4370.8,8.0,2026.08.12 00:55:00
62,spike,2026-08-11 22:00:00+00:00,4370.82,4371.45,4366.95,4366.96,11.0,2026.08.12 01:00:00
62,after_spike,2026-08-11 22:05:00+00:00,4367.11,4367.54,4364.23,4365.41,13.0,2026.08.12 01:05:00
62,signal,2026-08-11 22:10:00+00:00,4365.45,4368.16,4364.2,4364.47,11.0,2026.08.12 01:10:00
63,context,2026-08-11 23:30:00+00:00,4369.51,4369.75,4368.79,4369.09,11.0,2026.08.12 02:30:00
63,before_spike,2026-08-11 23:35:00+00:00,4369.07,4369.21,4368.15,4368.73,11.0,2026.08.12 02:35:00
63,spike,2026-08-11 23:40:00+00:00,4368.71,4368.71,4366.73,4366.91,19.0,2026.08.12 02:40:00
63,after_spike,2026-08-11 23:45:00+00:00,4366.9,4367.13,4366.43,4366.67,19.0,2026.08.12 02:45:00
63,signal,2026-08-11 23:50:00+00:00,4366.84,4367.16,4366.19,4366.91,19.0,2026.08.12 02:50:00
64,context,2026-08-12 02:05:00+00:00,4364.66,4369.82,4362.54,4364.71,19.0,2026.08.12 05:05:00
64,before_spike,2026-08-12 02:10:00+00:00,4364.69,4369.73,4364.64,4366.59,17.0,2026.08.12 05:10:00
64,spike,2026-08-12 02:15:00+00:00,4366.58,4372.18,4365.24,4371.05,13.0,2026.08.12 05:15:00
64,after_spike,2026-08-12 02:20:00+00:00,4371.01,4374.55,4371.01,4372.58,13.0,2026.08.12 05:20:00
64,signal,2026-08-12 02:25:00+00:00,4372.76,4373.93,4368.47,4372.64,11.0,2026.08.12 05:25:00
65,context,2026-08-12 03:00:00+00:00,4369.97,4371.35,4366.88,4369.5,15.0,2026.08.12 06:00:00
65,before_spike,2026-08-12 03:05:00+00:00,4369.48,4371.7,4368.51,4371.49,15.0,2026.08.12 06:05:00
65,spike,2026-08-12 03:10:00+00:00,4371.53,4379.99,4370.95,4379.25,14.0,2026.08.12 06:10:00
65,after_spike,2026-08-12 03:15:00+00:00,4379.22,4380.52,4374.74,4380.52,15.0,2026.08.12 06:15:00
65,signal,2026-08-12 03:20:00+00:00,4380.46,4381.12,4378.24,4379.29,11.0,2026.08.12 06:20:00
66,context,2026-08-12 08:10:00+00:00,4404.68,4404.77,4400.82,4401.14,14.0,2026.08.12 11:10:00
66,before_spike,2026-08-12 08:15:00+00:00,4401.09,4401.09,4397.01,4398.59,11.0,2026.08.12 11:15:00
66,spike,2026-08-12 08:20:00+00:00,4398.63,4399.06,4392.5,4394.08,17.0,2026.08.12 11:20:00
66,after_spike,2026-08-12 08:25:00+00:00,4394.06,4395.83,4392.67,4392.67,13.0,2026.08.12 11:25:00
66,signal,2026-08-12 08:30:00+00:00,4392.65,4396.92,4389.28,4392.26,17.0,2026.08.12 11:30:00
67,context,2026-08-12 09:35:00+00:00,4389.55,4395.03,4388.71,4393.97,10.0,2026.08.12 12:35:00
67,before_spike,2026-08-12 09:40:00+00:00,4393.94,4397.44,4393.55,4394.38,8.0,2026.08.12 12:40:00
67,spike,2026-08-12 09:45:00+00:00,4394.55,4400.76,4394.55,4399.89,8.0,2026.08.12 12:45:00
67,after_spike,2026-08-12 09:50:00+00:00,4399.88,4403.16,4399.72,4401.25,8.0,2026.08.12 12:50:00
67,signal,2026-08-12 09:55:00+00:00,4401.28,4406.33,4401.02,4403.25,8.0,2026.08.12 12:55:00
68,context,2026-08-12 14:50:00+00:00,4413.4,4414.4,4412.94,4414.23,8.0,2026.08.12 17:50:00
68,before_spike,2026-08-12 14:55:00+00:00,4414.24,4415.42,4412.55,4412.72,10.0,2026.08.12 17:55:00
68,spike,2026-08-12 15:00:00+00:00,4412.71,4413.07,4407.83,4408.61,11.0,2026.08.12 18:00:00
68,after_spike,2026-08-12 15:05:00+00:00,4408.65,4409.27,4406.9,4407.33,10.0,2026.08.12 18:05:00
68,signal,2026-08-12 15:10:00+00:00,4407.32,4409.36,4406.35,4408.72,8.0,2026.08.12 18:10:00
69,context,2026-08-12 16:35:00+00:00,4413.83,4419.75,4410.37,4411.8,14.0,2026.08.12 19:35:00
69,before_spike,2026-08-12 16:40:00+00:00,4411.76,4420.14,4408.51,4416.13,13.0,2026.08.12 19:40:00
69,spike,2026-08-12 16:45:00+00:00,4416.59,4427.33,4415.5,4426.94,8.0,2026.08.12 19:45:00
69,after_spike,2026-08-12 16:50:00+00:00,4426.97,4433.31,4425.65,4431.64,8.0,2026.08.12 19:50:00
69,signal,2026-08-12 16:55:00+00:00,4431.67,4432.2,4426.39,4426.89,8.0,2026.08.12 19:55:00
70,context,2026-08-12 17:20:00+00:00,4435.44,4438.94,4433.29,4435.82,11.0,2026.08.12 20:20:00
70,before_spike,2026-08-12 17:25:00+00:00,4435.73,4436.49,4429.73,4430.6,9.0,2026.08.12 20:25:00
70,spike,2026-08-12 17:30:00+00:00,4430.71,4435.21,4419.27,4420.49,14.0,2026.08.12 20:30:00
70,after_spike,2026-08-12 17:35:00+00:00,4420.57,4423.21,4416.47,4418.27,13.0,2026.08.12 20:35:00
70,signal,2026-08-12 17:40:00+00:00,4418.29,4425.51,4417.19,4425.0,13.0,2026.08.12 20:40:00
71,context,2026-08-13 02:05:00+00:00,4403.72,4405.35,4403.2,4405.35,13.0,2026.08.13 05:05:00
71,before_spike,2026-08-13 02:10:00+00:00,4405.36,4405.9,4404.99,4405.61,11.0,2026.08.13 05:10:00
71,spike,2026-08-13 02:15:00+00:00,4405.65,4407.98,4405.64,4407.33,11.0,2026.08.13 05:15:00
71,after_spike,2026-08-13 02:20:00+00:00,4407.34,4408.42,4407.34,4408.27,11.0,2026.08.13 05:20:00
71,signal,2026-08-13 02:25:00+00:00,4408.28,4409.81,4407.6,4408.38,12.0,2026.08.13 05:25:00
72,context,2026-08-13 04:10:00+00:00,4434.91,4434.93,4428.78,4430.15,14.0,2026.08.13 07:10:00
72,before_spike,2026-08-13 04:15:00+00:00,4430.06,4435.24,4426.87,4427.17,14.0,2026.08.13 07:15:00
72,spike,2026-08-13 04:20:00+00:00,4427.14,4427.49,4419.3,4421.17,16.0,2026.08.13 07:20:00
72,after_spike,2026-08-13 04:25:00+00:00,4421.18,4423.55,4419.17,4419.39,15.0,2026.08.13 07:25:00
72,signal,2026-08-13 04:30:00+00:00,4419.27,4429.04,4419.06,4428.35,17.0,2026.08.13 07:30:00
73,context,2026-08-13 06:30:00+00:00,4409.2,4410.47,4409.0,4409.86,13.0,2026.08.13 09:30:00
73,before_spike,2026-08-13 06:35:00+00:00,4409.85,4410.45,4408.89,4409.23,17.0,2026.08.13 09:35:00
73,spike,2026-08-13 06:40:00+00:00,4409.22,4409.23,4405.46,4405.91,17.0,2026.08.13 09:40:00
73,after_spike,2026-08-13 06:45:00+00:00,4406.3,4407.6,4404.98,4405.42,16.0,2026.08.13 09:45:00
73,signal,2026-08-13 06:50:00+00:00,4405.48,4405.97,4402.44,4403.43,14.0,2026.08.13 09:50:00
74,context,2026-08-13 07:10:00+00:00,4395.9,4396.05,4391.63,4394.46,14.0,2026.08.13 10:10:00
74,before_spike,2026-08-13 07:15:00+00:00,4394.49,4395.86,4393.38,4394.69,12.0,2026.08.13 10:15:00
74,spike,2026-08-13 07:20:00+00:00,4394.7,4397.82,4392.54,4397.66,13.0,2026.08.13 10:20:00
74,after_spike,2026-08-13 07:25:00+00:00,4397.63,4399.17,4396.93,4398.2,12.0,2026.08.13 10:25:00
74,signal,2026-08-13 07:30:00+00:00,4398.19,4399.53,4397.57,4398.76,13.0,2026.08.13 10:30:00
75,context,2026-08-13 09:35:00+00:00,4372.06,4372.67,4369.03,4371.27,9.0,2026.08.13 12:35:00
75,before_spike,2026-08-13 09:40:00+00:00,4371.32,4374.67,4371.32,4374.1,8.0,2026.08.13 12:40:00
75,spike,2026-08-13 09:45:00+00:00,4374.14,4379.12,4374.08,4378.61,8.0,2026.08.13 12:45:00
75,after_spike,2026-08-13 09:50:00+00:00,4378.58,4380.35,4378.38,4380.09,8.0,2026.08.13 12:50:00
75,signal,2026-08-13 09:55:00+00:00,4380.1,4381.52,4379.55,4381.08,9.0,2026.08.13 12:55:00
76,context,2026-08-14 03:00:00+00:00,4356.94,4362.04,4355.65,4360.1,17.0,2026.08.14 06:00:00
76,before_spike,2026-08-14 03:05:00+00:00,4360.03,4360.25,4354.07,4357.95,17.0,2026.08.14 06:05:00
76,spike,2026-08-14 03:10:00+00:00,4357.99,4358.18,4350.53,4352.21,17.0,2026.08.14 06:10:00
76,after_spike,2026-08-14 03:15:00+00:00,4352.16,4352.24,4348.03,4349.56,17.0,2026.08.14 06:15:00
76,signal,2026-08-14 03:20:00+00:00,4349.54,4349.6,4345.66,4347.32,13.0,2026.08.14 06:20:00
77,context,2026-08-14 09:30:00+00:00,4329.39,4330.5,4328.5,4329.18,8.0,2026.08.14 12:30:00
77,before_spike,2026-08-14 09:35:00+00:00,4329.21,4330.61,4328.2,4329.84,10.0,2026.08.14 12:35:00
77,spike,2026-08-14 09:40:00+00:00,4329.73,4333.07,4327.98,4333.07,8.0,2026.08.14 12:40:00
77,after_spike,2026-08-14 09:45:00+00:00,4333.08,4335.51,4332.74,4335.05,9.0,2026.08.14 12:45:00
77,signal,2026-08-14 09:50:00+00:00,4335.06,4335.38,4333.51,4334.16,8.0,2026.08.14 12:50:00
78,context,2026-08-14 14:20:00+00:00,4355.57,4356.81,4353.54,4354.11,8.0,2026.08.14 17:20:00
78,before_spike,2026-08-14 14:25:00+00:00,4354.11,4357.12,4353.2,4356.81,8.0,2026.08.14 17:25:00
78,spike,2026-08-14 14:30:00+00:00,4356.79,4361.71,4356.56,4361.52,8.0,2026.08.14 17:30:00
78,after_spike,2026-08-14 14:35:00+00:00,4361.53,4363.22,4360.28,4361.76,9.0,2026.08.14 17:35:00
78,signal,2026-08-14 14:40:00+00:00,4361.71,4363.43,4361.5,4362.46,9.0,2026.08.14 17:40:00
79,context,2026-08-14 15:10:00+00:00,4372.07,4372.16,4366.13,4371.76,8.0,2026.08.14 18:10:00
79,before_spike,2026-08-14 15:15:00+00:00,4371.77,4372.53,4369.56,4372.3,9.0,2026.08.14 18:15:00
79,spike,2026-08-14 15:20:00+00:00,4372.32,4380.28,4372.32,4379.49,9.0,2026.08.14 18:20:00
79,after_spike,2026-08-14 15:25:00+00:00,4379.24,4380.78,4377.46,4379.96,8.0,2026.08.14 18:25:00
79,signal,2026-08-14 15:30:00+00:00,4380.04,4386.86,4377.89,4381.47,8.0,2026.08.14 18:30:00
80,context,2026-08-14 16:35:00+00:00,4391.01,4396.92,4390.89,4395.26,9.0,2026.08.14 19:35:00
80,before_spike,2026-08-14 16:40:00+00:00,4395.27,4395.82,4389.89,4392.84,11.0,2026.08.14 19:40:00
80,spike,2026-08-14 16:45:00+00:00,4393.18,4394.02,4386.57,4386.75,9.0,2026.08.14 19:45:00
80,after_spike,2026-08-14 16:50:00+00:00,4386.6,4388.46,4383.31,4384.73,8.0,2026.08.14 19:50:00
80,signal,2026-08-14 16:55:00+00:00,4384.77,4385.78,4382.92,4384.22,8.0,2026.08.14 19:55:00
81,context,2026-08-17 01:20:00+00:00,4373.9,4375.08,4372.87,4373.14,23.0,2026.08.17 04:20:00
81,before_spike,2026-08-17 01:25:00+00:00,4373.13,4375.19,4372.8,4374.47,23.0,2026.08.17 04:25:00
81,spike,2026-08-17 01:30:00+00:00,4374.66,4377.83,4374.66,4377.21,23.0,2026.08.17 04:30:00
81,after_spike,2026-08-17 01:35:00+00:00,4377.17,4378.98,4376.75,4378.53,23.0,2026.08.17 04:35:00
81,signal,2026-08-17 01:40:00+00:00,4378.66,4378.8,4376.72,4377.66,23.0,2026.08.17 04:40:00
82,context,2026-08-17 06:45:00+00:00,4395.2,4395.73,4393.08,4394.93,11.0,2026.08.17 09:45:00
82,before_spike,2026-08-17 06:50:00+00:00,4394.94,4395.42,4394.25,4395.06,11.0,2026.08.17 09:50:00
82,spike,2026-08-17 06:55:00+00:00,4395.17,4397.69,4394.02,4397.13,11.0,2026.08.17 09:55:00
82,after_spike,2026-08-17 07:00:00+00:00,4397.19,4399.4,4396.57,4397.77,15.0,2026.08.17 10:00:00
82,signal,2026-08-17 07:05:00+00:00,4397.78,4398.64,4396.52,4397.92,13.0,2026.08.17 10:05:00
83,context,2026-08-17 07:30:00+00:00,4390.99,4392.03,4389.01,4391.88,11.0,2026.08.17 10:30:00
83,before_spike,2026-08-17 07:35:00+00:00,4391.87,4393.78,4390.12,4392.66,11.0,2026.08.17 10:35:00
83,spike,2026-08-17 07:40:00+00:00,4392.71,4396.63,4391.99,4395.78,11.0,2026.08.17 10:40:00
83,after_spike,2026-08-17 07:45:00+00:00,4395.73,4397.85,4395.44,4396.05,11.0,2026.08.17 10:45:00
83,signal,2026-08-17 07:50:00+00:00,4396.03,4396.77,4394.94,4395.25,11.0,2026.08.17 10:50:00
84,context,2026-08-17 09:35:00+00:00,4395.52,4395.86,4393.71,4395.14,8.0,2026.08.17 12:35:00
84,before_spike,2026-08-17 09:40:00+00:00,4395.13,4396.35,4393.71,4396.13,8.0,2026.08.17 12:40:00
84,spike,2026-08-17 09:45:00+00:00,4396.14,4400.97,4396.14,4400.36,11.0,2026.08.17 12:45:00
84,after_spike,2026-08-17 09:50:00+00:00,4400.38,4404.31,4400.38,4401.93,8.0,2026.08.17 12:50:00
84,signal,2026-08-17 09:55:00+00:00,4401.92,4403.09,4400.9,4402.91,8.0,2026.08.17 12:55:00
85,context,2026-08-17 22:05:00+00:00,4402.92,4404.01,4400.04,4403.68,9.0,2026.08.18 01:05:00
85,before_spike,2026-08-17 22:10:00+00:00,4403.71,4408.29,4403.55,4408.14,8.0,2026.08.18 01:10:00
85,spike,2026-08-17 22:15:00+00:00,4408.22,4416.15,4408.22,4415.17,10.0,2026.08.18 01:15:00
85,after_spike,2026-08-17 22:20:00+00:00,4415.07,4416.84,4414.93,4416.07,8.0,2026.08.18 01:20:00
85,signal,2026-08-17 22:25:00+00:00,4416.16,4417.49,4414.53,4414.53,8.0,2026.08.18 01:25:00
86,context,2026-08-17 22:30:00+00:00,4414.55,4416.65,4414.22,4416.4,8.0,2026.08.18 01:30:00
86,before_spike,2026-08-17 22:35:00+00:00,4416.43,4417.27,4415.12,4416.58,9.0,2026.08.18 01:35:00
86,spike,2026-08-17 22:40:00+00:00,4416.57,4420.45,4415.61,4419.39,8.0,2026.08.18 01:40:00
86,after_spike,2026-08-17 22:45:00+00:00,4419.4,4421.02,4418.56,4420.17,9.0,2026.08.18 01:45:00
86,signal,2026-08-17 22:50:00+00:00,4420.15,4420.22,4416.58,4418.05,8.0,2026.08.18 01:50:00
87,context,2026-08-18 04:05:00+00:00,4431.39,4436.08,4429.08,4430.35,17.0,2026.08.18 07:05:00
87,before_spike,2026-08-18 04:10:00+00:00,4430.39,4431.8,4428.65,4429.34,16.0,2026.08.18 07:10:00
87,spike,2026-08-18 04:15:00+00:00,4429.3,4430.81,4422.72,4425.23,16.0,2026.08.18 07:15:00
87,after_spike,2026-08-18 04:20:00+00:00,4425.29,4426.52,4422.0,4423.64,16.0,2026.08.18 07:20:00
87,signal,2026-08-18 04:25:00+00:00,4423.64,4425.84,4420.29,4425.03,15.0,2026.08.18 07:25:00
88,context,2026-08-18 04:30:00+00:00,4424.99,4426.18,4421.46,4422.43,17.0,2026.08.18 07:30:00
88,before_spike,2026-08-18 04:35:00+00:00,4422.47,4423.5,4420.34,4420.45,15.0,2026.08.18 07:35:00
88,spike,2026-08-18 04:40:00+00:00,4420.51,4421.79,4412.28,4412.28,17.0,2026.08.18 07:40:00
88,after_spike,2026-08-18 04:45:00+00:00,4412.1,4412.23,4404.25,4407.53,17.0,2026.08.18 07:45:00
88,signal,2026-08-18 04:50:00+00:00,4407.74,4408.6,4404.36,4408.21,17.0,2026.08.18 07:50:00
89,context,2026-08-18 04:50:00+00:00,4407.74,4408.6,4404.36,4408.21,17.0,2026.08.18 07:50:00
89,before_spike,2026-08-18 04:55:00+00:00,4408.17,4409.51,4407.44,4408.07,14.0,2026.08.18 07:55:00
89,spike,2026-08-18 05:00:00+00:00,4408.13,4408.17,4400.95,4402.17,15.0,2026.08.18 08:00:00
89,after_spike,2026-08-18 05:05:00+00:00,4402.22,4404.08,4399.75,4399.94,13.0,2026.08.18 08:05:00
89,signal,2026-08-18 05:10:00+00:00,4399.88,4402.61,4398.56,4401.03,12.0,2026.08.18 08:10:00
90,context,2026-08-18 13:25:00+00:00,4391.81,4392.25,4389.81,4392.07,8.0,2026.08.18 16:25:00
90,before_spike,2026-08-18 13:30:00+00:00,4392.11,4394.3,4391.75,4393.72,8.0,2026.08.18 16:30:00
90,spike,2026-08-18 13:35:00+00:00,4393.67,4397.71,4393.61,4397.54,8.0,2026.08.18 16:35:00
90,after_spike,2026-08-18 13:40:00+00:00,4397.58,4398.63,4397.12,4398.59,8.0,2026.08.18 16:40:00
90,signal,2026-08-18 13:45:00+00:00,4398.62,4399.59,4398.24,4398.87,8.0,2026.08.18 16:45:00
91,context,2026-08-18 16:35:00+00:00,4396.9,4403.26,4395.56,4402.97,12.0,2026.08.18 19:35:00
91,before_spike,2026-08-18 16:40:00+00:00,4402.91,4406.65,4399.76,4401.09,11.0,2026.08.18 19:40:00
91,spike,2026-08-18 16:45:00+00:00,4401.11,4402.12,4391.88,4395.39,10.0,2026.08.18 19:45:00
91,after_spike,2026-08-18 16:50:00+00:00,4395.37,4398.65,4390.25,4391.61,10.0,2026.08.18 19:50:00
91,signal,2026-08-18 16:55:00+00:00,4391.72,4395.84,4390.47,4395.39,8.0,2026.08.18 19:55:00
92,context,2026-08-18 23:50:00+00:00,4333.65,4334.93,4330.87,4334.93,21.0,2026.08.19 02:50:00
92,before_spike,2026-08-18 23:55:00+00:00,4335.09,4336.18,4333.22,4335.19,21.0,2026.08.19 02:55:00
92,spike,2026-08-19 01:00:00+00:00,4335.27,4341.81,4335.01,4341.69,23.0,2026.08.19 04:00:00
92,after_spike,2026-08-19 01:05:00+00:00,4341.7,4343.51,4340.62,4342.82,34.0,2026.08.19 04:05:00
92,signal,2026-08-19 01:10:00+00:00,4342.78,4343.69,4340.7,4341.28,31.0,2026.08.19 04:10:00
93,context,2026-08-19 04:20:00+00:00,4337.95,4340.08,4333.1,4337.36,19.0,2026.08.19 07:20:00
93,before_spike,2026-08-19 04:25:00+00:00,4337.37,4342.58,4335.59,4342.38,17.0,2026.08.19 07:25:00
93,spike,2026-08-19 04:30:00+00:00,4342.2,4351.13,4342.2,4350.57,17.0,2026.08.19 07:30:00
93,after_spike,2026-08-19 04:35:00+00:00,4350.63,4356.35,4350.23,4355.25,18.0,2026.08.19 07:35:00
93,signal,2026-08-19 04:40:00+00:00,4355.38,4357.6,4354.18,4355.52,19.0,2026.08.19 07:40:00
94,context,2026-08-19 08:35:00+00:00,4338.36,4342.93,4336.74,4342.9,17.0,2026.08.19 11:35:00
94,before_spike,2026-08-19 08:40:00+00:00,4342.82,4343.56,4339.93,4342.22,16.0,2026.08.19 11:40:00
94,spike,2026-08-19 08:45:00+00:00,4342.23,4342.25,4335.2,4337.05,17.0,2026.08.19 11:45:00
94,after_spike,2026-08-19 08:50:00+00:00,4337.06,4337.98,4335.14,4335.41,17.0,2026.08.19 11:50:00
94,signal,2026-08-19 08:55:00+00:00,4335.43,4338.8,4335.16,4335.65,11.0,2026.08.19 11:55:00
95,context,2026-08-19 09:40:00+00:00,4343.95,4344.36,4341.5,4341.83,8.0,2026.08.19 12:40:00
95,before_spike,2026-08-19 09:45:00+00:00,4341.84,4344.15,4340.83,4343.81,8.0,2026.08.19 12:45:00
95,spike,2026-08-19 09:50:00+00:00,4343.85,4347.87,4343.85,4347.74,8.0,2026.08.19 12:50:00
95,after_spike,2026-08-19 09:55:00+00:00,4347.71,4349.42,4347.42,4348.99,8.0,2026.08.19 12:55:00
95,signal,2026-08-19 10:00:00+00:00,4349.18,4351.22,4347.46,4348.06,9.0,2026.08.19 13:00:00
96,context,2026-08-19 10:55:00+00:00,4355.64,4356.3,4354.68,4354.85,8.0,2026.08.19 13:55:00
96,before_spike,2026-08-19 11:00:00+00:00,4354.79,4357.69,4351.15,4357.05,8.0,2026.08.19 14:00:00
96,spike,2026-08-19 11:05:00+00:00,4357.09,4361.17,4356.18,4360.88,11.0,2026.08.19 14:05:00
96,after_spike,2026-08-19 11:10:00+00:00,4360.87,4362.77,4359.97,4361.61,9.0,2026.08.19 14:10:00
96,signal,2026-08-19 11:15:00+00:00,4361.64,4362.48,4359.87,4359.89,9.0,2026.08.19 14:15:00
97,context,2026-08-19 13:50:00+00:00,4368.5,4368.86,4367.05,4367.44,8.0,2026.08.19 16:50:00
97,before_spike,2026-08-19 13:55:00+00:00,4367.24,4367.91,4366.28,4367.26,8.0,2026.08.19 16:55:00
97,spike,2026-08-19 14:00:00+00:00,4367.27,4370.96,4367.27,4370.94,11.0,2026.08.19 17:00:00
97,after_spike,2026-08-19 14:05:00+00:00,4370.89,4373.69,4370.64,4371.18,11.0,2026.08.19 17:05:00
97,signal,2026-08-19 14:10:00+00:00,4371.19,4374.06,4370.78,4373.37,10.0,2026.08.19 17:10:00
98,context,2026-08-19 15:25:00+00:00,4369.72,4370.66,4367.28,4368.67,8.0,2026.08.19 18:25:00
98,before_spike,2026-08-19 15:30:00+00:00,4368.79,4384.2,4367.95,4383.89,8.0,2026.08.19 18:30:00
98,spike,2026-08-19 15:35:00+00:00,4383.88,4416.64,4382.86,4412.68,14.0,2026.08.19 18:35:00
98,after_spike,2026-08-19 15:40:00+00:00,4412.66,4420.79,4406.41,4417.17,14.0,2026.08.19 18:40:00
98,signal,2026-08-19 15:45:00+00:00,4417.7,4421.24,4411.09,4417.02,12.0,2026.08.19 18:45:00
99,context,2026-08-19 16:55:00+00:00,4453.61,4463.26,4451.61,4459.79,9.0,2026.08.19 19:55:00
99,before_spike,2026-08-19 17:00:00+00:00,4459.56,4462.67,4455.34,4460.52,9.0,2026.08.19 20:00:00
99,spike,2026-08-19 17:05:00+00:00,4460.53,4471.98,4460.53,4471.95,9.0,2026.08.19 20:05:00
99,after_spike,2026-08-19 17:10:00+00:00,4471.99,4475.59,4469.15,4473.78,9.0,2026.08.19 20:10:00
99,signal,2026-08-19 17:15:00+00:00,4473.8,4478.25,4471.54,4471.74,8.0,2026.08.19 20:15:00
100,context,2026-08-19 21:30:00+00:00,4475.39,4481.28,4472.16,4480.59,10.0,2026.08.20 00:30:00
100,before_spike,2026-08-19 21:35:00+00:00,4480.62,4484.64,4478.91,4484.39,8.0,2026.08.20 00:35:00
100,spike,2026-08-19 21:40:00+00:00,4484.33,4492.17,4483.94,4490.99,8.0,2026.08.20 00:40:00
100,after_spike,2026-08-19 21:45:00+00:00,4490.97,4492.65,4490.04,4492.19,8.0,2026.08.20 00:45:00
100,signal,2026-08-19 21:50:00+00:00,4492.18,4496.99,4491.41,4494.36,8.0,2026.08.20 00:50:00
101,context,2026-08-20 07:15:00+00:00,4496.46,4497.21,4495.1,4496.78,14.0,2026.08.20 10:15:00
101,before_spike,2026-08-20 07:20:00+00:00,4496.71,4497.11,4493.99,4495.31,16.0,2026.08.20 10:20:00
101,spike,2026-08-20 07:25:00+00:00,4495.31,4495.31,4489.97,4490.25,11.0,2026.08.20 10:25:00
101,after_spike,2026-08-20 07:30:00+00:00,4490.31,4490.9,4486.83,4488.26,17.0,2026.08.20 10:30:00
101,signal,2026-08-20 07:35:00+00:00,4488.27,4488.69,4486.38,4487.1,11.0,2026.08.20 10:35:00
102,context,2026-08-20 08:00:00+00:00,4488.56,4491.72,4488.24,4491.64,11.0,2026.08.20 11:00:00
102,before_spike,2026-08-20 08:05:00+00:00,4491.66,4494.03,4491.02,4491.02,11.0,2026.08.20 11:05:00
102,spike,2026-08-20 08:10:00+00:00,4490.99,4491.69,4484.24,4485.58,13.0,2026.08.20 11:10:00
102,after_spike,2026-08-20 08:15:00+00:00,4485.61,4486.83,4484.25,4484.52,17.0,2026.08.20 11:15:00
102,signal,2026-08-20 08:20:00+00:00,4484.55,4487.02,4484.31,4486.38,14.0,2026.08.20 11:20:00
103,context,2026-08-20 08:50:00+00:00,4481.22,4481.65,4478.47,4478.56,13.0,2026.08.20 11:50:00
103,before_spike,2026-08-20 08:55:00+00:00,4478.53,4483.22,4477.96,4481.23,16.0,2026.08.20 11:55:00
103,spike,2026-08-20 09:00:00+00:00,4481.3,4488.78,4480.07,4488.69,11.0,2026.08.20 12:00:00
103,after_spike,2026-08-20 09:05:00+00:00,4488.62,4491.36,4487.93,4490.17,10.0,2026.08.20 12:05:00
103,signal,2026-08-20 09:10:00+00:00,4490.22,4493.42,4489.81,4492.94,10.0,2026.08.20 12:10:00
104,context,2026-08-20 14:30:00+00:00,4484.2,4485.89,4482.66,4484.77,8.0,2026.08.20 17:30:00
104,before_spike,2026-08-20 14:35:00+00:00,4484.97,4486.86,4479.99,4481.75,10.0,2026.08.20 17:35:00
104,spike,2026-08-20 14:40:00+00:00,4481.78,4482.54,4474.39,4474.76,11.0,2026.08.20 17:40:00
104,after_spike,2026-08-20 14:45:00+00:00,4474.75,4475.74,4465.84,4471.2,14.0,2026.08.20 17:45:00
104,signal,2026-08-20 14:50:00+00:00,4471.16,4472.96,4466.24,4467.24,12.0,2026.08.20 17:50:00
105,context,2026-08-20 14:50:00+00:00,4471.16,4472.96,4466.24,4467.24,12.0,2026.08.20 17:50:00
105,before_spike,2026-08-20 14:55:00+00:00,4467.25,4471.06,4465.45,4466.98,8.0,2026.08.20 17:55:00
105,spike,2026-08-20 15:00:00+00:00,4466.97,4467.29,4457.31,4458.08,8.0,2026.08.20 18:00:00
105,after_spike,2026-08-20 15:05:00+00:00,4458.15,4459.22,4450.68,4457.05,11.0,2026.08.20 18:05:00
105,signal,2026-08-20 15:10:00+00:00,4457.03,4466.3,4456.82,4462.6,8.0,2026.08.20 18:10:00
106,context,2026-08-20 17:35:00+00:00,4494.47,4500.79,4493.1,4495.87,8.0,2026.08.20 20:35:00
106,before_spike,2026-08-20 17:40:00+00:00,4495.89,4501.26,4493.78,4499.38,8.0,2026.08.20 20:40:00
106,spike,2026-08-20 17:45:00+00:00,4499.3,4508.81,4498.77,4508.13,9.0,2026.08.20 20:45:00
106,after_spike,2026-08-20 17:50:00+00:00,4508.08,4510.24,4504.87,4509.96,13.0,2026.08.20 20:50:00
106,signal,2026-08-20 17:55:00+00:00,4509.98,4516.03,4509.43,4515.72,8.0,2026.08.20 20:55:00
107,context,2026-08-20 22:55:00+00:00,4530.84,4531.52,4526.98,4528.79,8.0,2026.08.21 01:55:00
107,before_spike,2026-08-20 23:00:00+00:00,4528.71,4529.07,4526.03,4527.11,8.0,2026.08.21 02:00:00
107,spike,2026-08-20 23:05:00+00:00,4527.13,4527.75,4522.61,4523.01,8.0,2026.08.21 02:05:00
107,after_spike,2026-08-20 23:10:00+00:00,4522.93,4524.99,4522.44,4522.53,8.0,2026.08.21 02:10:00
107,signal,2026-08-20 23:15:00+00:00,4522.52,4522.75,4520.88,4521.94,8.0,2026.08.21 02:15:00
108,context,2026-08-20 23:20:00+00:00,4521.89,4522.3,4520.72,4521.36,8.0,2026.08.21 02:20:00
108,before_spike,2026-08-20 23:25:00+00:00,4521.42,4521.93,4520.48,4520.8,11.0,2026.08.21 02:25:00
108,spike,2026-08-20 23:30:00+00:00,4520.95,4520.95,4516.8,4517.99,11.0,2026.08.21 02:30:00
108,after_spike,2026-08-20 23:35:00+00:00,4518.02,4518.6,4517.33,4517.9,8.0,2026.08.21 02:35:00
108,signal,2026-08-20 23:40:00+00:00,4517.9,4518.73,4517.72,4518.07,19.0,2026.08.21 02:40:00
109,context,2026-08-21 02:35:00+00:00,4523.62,4524.35,4520.99,4523.57,15.0,2026.08.21 05:35:00
109,before_spike,2026-08-21 02:40:00+00:00,4523.57,4524.86,4523.54,4524.59,12.0,2026.08.21 05:40:00
109,spike,2026-08-21 02:45:00+00:00,4524.58,4527.42,4523.28,4527.26,14.0,2026.08.21 05:45:00
109,after_spike,2026-08-21 02:50:00+00:00,4527.23,4527.98,4526.03,4527.59,17.0,2026.08.21 05:50:00
109,signal,2026-08-21 02:55:00+00:00,4527.58,4527.63,4525.9,4526.27,17.0,2026.08.21 05:55:00
110,context,2026-08-21 02:50:00+00:00,4527.23,4527.98,4526.03,4527.59,17.0,2026.08.21 05:50:00
110,before_spike,2026-08-21 02:55:00+00:00,4527.58,4527.63,4525.9,4526.27,17.0,2026.08.21 05:55:00
110,spike,2026-08-21 03:00:00+00:00,4526.75,4527.43,4522.25,4522.75,17.0,2026.08.21 06:00:00
110,after_spike,2026-08-21 03:05:00+00:00,4522.7,4523.05,4519.75,4520.17,17.0,2026.08.21 06:05:00
110,signal,2026-08-21 03:10:00+00:00,4520.16,4522.98,4517.58,4518.73,17.0,2026.08.21 06:10:00
111,context,2026-08-21 04:00:00+00:00,4510.52,4517.34,4508.82,4513.1,17.0,2026.08.21 07:00:00
111,before_spike,2026-08-21 04:05:00+00:00,4513.05,4516.27,4512.3,4513.7,17.0,2026.08.21 07:05:00
111,spike,2026-08-21 04:10:00+00:00,4513.96,4521.11,4512.07,4520.83,17.0,2026.08.21 07:10:00
111,after_spike,2026-08-21 04:15:00+00:00,4520.67,4526.78,4520.4,4524.35,16.0,2026.08.21 07:15:00
111,signal,2026-08-21 04:20:00+00:00,4524.17,4529.89,4522.56,4526.56,14.0,2026.08.21 07:20:00
112,context,2026-08-21 11:55:00+00:00,4581.54,4584.97,4580.44,4583.99,8.0,2026.08.21 14:55:00
112,before_spike,2026-08-21 12:00:00+00:00,4584.0,4585.99,4582.27,4585.99,13.0,2026.08.21 15:00:00
112,spike,2026-08-21 12:05:00+00:00,4586.04,4596.12,4584.68,4595.2,11.0,2026.08.21 15:05:00
112,after_spike,2026-08-21 12:10:00+00:00,4595.69,4600.43,4595.44,4599.24,14.0,2026.08.21 15:10:00
112,signal,2026-08-21 12:15:00+00:00,4599.29,4601.93,4593.15,4593.26,10.0,2026.08.21 15:15:00
113,context,2026-08-21 19:40:00+00:00,4618.57,4621.26,4616.54,4620.68,8.0,2026.08.21 22:40:00
113,before_spike,2026-08-21 19:45:00+00:00,4620.69,4624.12,4620.29,4623.06,8.0,2026.08.21 22:45:00
113,spike,2026-08-21 19:50:00+00:00,4623.2,4627.47,4623.08,4627.47,9.0,2026.08.21 22:50:00
113,after_spike,2026-08-21 19:55:00+00:00,4627.49,4629.14,4625.96,4628.96,8.0,2026.08.21 22:55:00
113,signal,2026-08-21 20:00:00+00:00,4628.93,4630.95,4626.96,4627.64,9.0,2026.08.21 23:00:00
114,context,2026-08-21 20:50:00+00:00,4618.65,4622.49,4618.12,4619.45,8.0,2026.08.21 23:50:00
114,before_spike,2026-08-21 20:55:00+00:00,4619.39,4620.97,4618.79,4620.01,8.0,2026.08.21 23:55:00
114,spike,2026-08-21 21:00:00+00:00,4620.13,4625.63,4619.82,4625.43,8.0,2026.08.22 00:00:00
114,after_spike,2026-08-21 21:05:00+00:00,4625.47,4627.49,4623.61,4625.82,8.0,2026.08.22 00:05:00
114,signal,2026-08-21 21:10:00+00:00,4625.83,4626.2,4623.35,4623.73,8.0,2026.08.22 00:10:00
115,context,2026-08-21 21:20:00+00:00,4625.87,4626.82,4624.69,4625.56,9.0,2026.08.22 00:20:00
115,before_spike,2026-08-21 21:25:00+00:00,4625.59,4626.78,4623.67,4624.34,11.0,2026.08.22 00:25:00
115,spike,2026-08-21 21:30:00+00:00,4624.15,4624.33,4618.88,4621.35,13.0,2026.08.22 00:30:00
115,after_spike,2026-08-21 21:35:00+00:00,4621.4,4622.24,4618.78,4619.75,9.0,2026.08.22 00:35:00
115,signal,2026-08-21 21:40:00+00:00,4619.74,4621.02,4619.68,4620.42,8.0,2026.08.22 00:40:00
116,context,2026-08-21 21:35:00+00:00,4621.4,4622.24,4618.78,4619.75,9.0,2026.08.22 00:35:00
116,before_spike,2026-08-21 21:40:00+00:00,4619.74,4621.02,4619.68,4620.42,8.0,2026.08.22 00:40:00
116,spike,2026-08-21 21:45:00+00:00,4620.36,4625.11,4620.36,4623.95,8.0,2026.08.22 00:45:00
116,after_spike,2026-08-21 21:50:00+00:00,4623.96,4624.33,4622.24,4624.16,8.0,2026.08.22 00:50:00
116,signal,2026-08-21 21:55:00+00:00,4624.21,4624.21,4622.56,4623.63,8.0,2026.08.22 00:55:00
117,context,2026-08-21 21:50:00+00:00,4623.96,4624.33,4622.24,4624.16,8.0,2026.08.22 00:50:00
117,before_spike,2026-08-21 21:55:00+00:00,4624.21,4624.21,4622.56,4623.63,8.0,2026.08.22 00:55:00
117,spike,2026-08-21 22:00:00+00:00,4623.73,4624.84,4620.63,4621.29,9.0,2026.08.22 01:00:00
117,after_spike,2026-08-21 22:05:00+00:00,4621.35,4621.46,4617.85,4620.58,8.0,2026.08.22 01:05:00
117,signal,2026-08-21 22:10:00+00:00,4620.47,4622.67,4619.84,4622.03,8.0,2026.08.22 01:10:00
118,context,2026-08-21 22:15:00+00:00,4622.04,4622.04,4619.41,4621.81,8.0,2026.08.22 01:15:00
118,before_spike,2026-08-21 22:20:00+00:00,4621.79,4622.62,4621.18,4621.61,8.0,2026.08.22 01:20:00
118,spike,2026-08-21 22:25:00+00:00,4621.58,4622.23,4617.05,4617.27,8.0,2026.08.22 01:25:00
118,after_spike,2026-08-21 22:30:00+00:00,4617.28,4619.12,4616.15,4616.45,8.0,2026.08.22 01:30:00
118,signal,2026-08-21 22:35:00+00:00,4616.73,4617.75,4615.06,4617.21,8.0,2026.08.22 01:35:00
119,context,2026-08-21 22:35:00+00:00,4616.73,4617.75,4615.06,4617.21,8.0,2026.08.22 01:35:00
119,before_spike,2026-08-21 22:40:00+00:00,4617.22,4618.93,4617.15,4617.37,8.0,2026.08.22 01:40:00
119,spike,2026-08-21 22:45:00+00:00,4617.42,4622.45,4616.73,4622.03,8.0,2026.08.22 01:45:00
119,after_spike,2026-08-21 22:50:00+00:00,4622.08,4622.99,4620.57,4622.19,8.0,2026.08.22 01:50:00
119,signal,2026-08-21 22:55:00+00:00,4622.0,4622.05,4614.83,4616.1,8.0,2026.08.22 01:55:00
120,context,2026-08-24 02:55:00+00:00,4622.48,4624.58,4622.19,4624.31,16.0,2026.08.24 05:55:00
120,before_spike,2026-08-24 03:00:00+00:00,4625.34,4627.8,4620.25,4626.97,21.0,2026.08.24 06:00:00
120,spike,2026-08-24 03:05:00+00:00,4627.15,4639.03,4627.15,4634.52,21.0,2026.08.24 06:05:00
120,after_spike,2026-08-24 03:10:00+00:00,4634.88,4640.8,4633.67,4637.34,21.0,2026.08.24 06:10:00
120,signal,2026-08-24 03:15:00+00:00,4637.37,4640.44,4628.44,4629.22,21.0,2026.08.24 06:15:00
121,context,2026-08-24 03:10:00+00:00,4634.88,4640.8,4633.67,4637.34,21.0,2026.08.24 06:10:00
121,before_spike,2026-08-24 03:15:00+00:00,4637.37,4640.44,4628.44,4629.22,21.0,2026.08.24 06:15:00
121,spike,2026-08-24 03:20:00+00:00,4629.26,4629.96,4611.89,4612.74,21.0,2026.08.24 06:20:00
121,after_spike,2026-08-24 03:25:00+00:00,4612.43,4612.7,4594.76,4604.69,17.0,2026.08.24 06:25:00
121,signal,2026-08-24 03:30:00+00:00,4604.68,4608.55,4602.95,4604.4,15.0,2026.08.24 06:30:00
122,context,2026-08-24 03:45:00+00:00,4607.07,4615.28,4603.92,4614.54,16.0,2026.08.24 06:45:00
122,before_spike,2026-08-24 03:50:00+00:00,4614.32,4617.36,4611.65,4617.3,15.0,2026.08.24 06:50:00
122,spike,2026-08-24 03:55:00+00:00,4617.14,4623.16,4616.04,4621.84,15.0,2026.08.24 06:55:00
122,after_spike,2026-08-24 04:00:00+00:00,4621.85,4635.16,4618.91,4622.49,17.0,2026.08.24 07:00:00
122,signal,2026-08-24 04:05:00+00:00,4622.47,4630.02,4620.14,4623.02,17.0,2026.08.24 07:05:00
123,context,2026-08-24 04:40:00+00:00,4614.19,4618.31,4608.38,4618.19,11.0,2026.08.24 07:40:00
123,before_spike,2026-08-24 04:45:00+00:00,4618.17,4618.92,4615.11,4618.79,13.0,2026.08.24 07:45:00
123,spike,2026-08-24 04:50:00+00:00,4618.82,4630.04,4618.82,4628.79,17.0,2026.08.24 07:50:00
123,after_spike,2026-08-24 04:55:00+00:00,4628.76,4637.61,4626.66,4632.22,17.0,2026.08.24 07:55:00
123,signal,2026-08-24 05:00:00+00:00,4632.26,4638.62,4627.94,4636.97,14.0,2026.08.24 08:00:00
124,context,2026-08-24 06:30:00+00:00,4643.83,4648.23,4643.76,4647.82,12.0,2026.08.24 09:30:00
124,before_spike,2026-08-24 06:35:00+00:00,4648.04,4650.11,4646.96,4647.65,11.0,2026.08.24 09:35:00
124,spike,2026-08-24 06:40:00+00:00,4647.66,4648.13,4642.79,4643.03,11.0,2026.08.24 09:40:00
124,after_spike,2026-08-24 06:45:00+00:00,4642.76,4644.78,4642.39,4642.68,12.0,2026.08.24 09:45:00
124,signal,2026-08-24 06:50:00+00:00,4642.69,4644.78,4641.19,4641.34,16.0,2026.08.24 09:50:00
125,context,2026-08-24 10:30:00+00:00,4642.76,4646.56,4641.4,4646.56,8.0,2026.08.24 13:30:00
125,before_spike,2026-08-24 10:35:00+00:00,4646.57,4647.96,4643.13,4644.45,8.0,2026.08.24 13:35:00
125,spike,2026-08-24 10:40:00+00:00,4644.48,4644.93,4634.93,4634.93,8.0,2026.08.24 13:40:00
125,after_spike,2026-08-24 10:45:00+00:00,4634.87,4635.47,4630.48,4631.06,14.0,2026.08.24 13:45:00
125,signal,2026-08-24 10:50:00+00:00,4631.15,4637.09,4630.18,4635.91,9.0,2026.08.24 13:50:00
126,context,2026-08-24 12:35:00+00:00,4635.43,4637.28,4633.02,4636.81,9.0,2026.08.24 15:35:00
126,before_spike,2026-08-24 12:40:00+00:00,4636.87,4639.84,4636.41,4639.33,8.0,2026.08.24 15:40:00
126,spike,2026-08-24 12:45:00+00:00,4639.24,4645.02,4638.95,4644.03,8.0,2026.08.24 15:45:00
126,after_spike,2026-08-24 12:50:00+00:00,4644.05,4645.4,4641.8,4644.24,8.0,2026.08.24 15:50:00
126,signal,2026-08-24 12:55:00+00:00,4644.25,4646.04,4643.3,4645.97,8.0,2026.08.24 15:55:00
127,context,2026-08-24 15:55:00+00:00,4667.01,4667.38,4661.63,4662.87,12.0,2026.08.24 18:55:00
127,before_spike,2026-08-24 16:00:00+00:00,4662.9,4671.15,4661.61,4666.94,12.0,2026.08.24 19:00:00
127,spike,2026-08-24 16:05:00+00:00,4667.19,4674.08,4667.11,4673.53,12.0,2026.08.24 19:05:00
127,after_spike,2026-08-24 16:10:00+00:00,4673.62,4677.86,4673.34,4677.26,13.0,2026.08.24 19:10:00
127,signal,2026-08-24 16:15:00+00:00,4677.14,4677.94,4671.61,4672.35,12.0,2026.08.24 19:15:00
128,context,2026-08-24 23:15:00+00:00,4651.27,4654.44,4651.23,4652.28,8.0,2026.08.25 02:15:00
128,before_spike,2026-08-24 23:20:00+00:00,4652.43,4653.28,4651.35,4651.35,8.0,2026.08.25 02:20:00
128,spike,2026-08-24 23:25:00+00:00,4651.36,4651.4,4649.0,4649.37,8.0,2026.08.25 02:25:00
128,after_spike,2026-08-24 23:30:00+00:00,4649.33,4650.01,4648.51,4648.81,8.0,2026.08.25 02:30:00
128,signal,2026-08-24 23:35:00+00:00,4648.82,4649.21,4648.14,4648.66,9.0,2026.08.25 02:35:00
129,context,2026-08-25 08:05:00+00:00,4628.84,4638.62,4628.76,4635.21,17.0,2026.08.25 11:05:00
129,before_spike,2026-08-25 08:10:00+00:00,4635.38,4638.8,4635.38,4637.66,13.0,2026.08.25 11:10:00
129,spike,2026-08-25 08:15:00+00:00,4637.57,4643.8,4637.57,4643.8,13.0,2026.08.25 11:15:00
129,after_spike,2026-08-25 08:20:00+00:00,4643.79,4645.85,4642.67,4643.95,11.0,2026.08.25 11:20:00
129,signal,2026-08-25 08:25:00+00:00,4643.96,4647.55,4642.53,4646.02,13.0,2026.08.25 11:25:00
130,context,2026-08-25 08:55:00+00:00,4643.42,4645.58,4641.19,4642.57,11.0,2026.08.25 11:55:00
130,before_spike,2026-08-25 09:00:00+00:00,4642.68,4645.92,4641.02,4644.15,8.0,2026.08.25 12:00:00
130,spike,2026-08-25 09:05:00+00:00,4644.05,4648.1,4643.88,4647.83,8.0,2026.08.25 12:05:00
130,after_spike,2026-08-25 09:10:00+00:00,4647.73,4650.07,4647.65,4649.24,8.0,2026.08.25 12:10:00
130,signal,2026-08-25 09:15:00+00:00,4649.31,4649.31,4646.33,4647.12,8.0,2026.08.25 12:15:00
131,context,2026-08-25 22:15:00+00:00,4662.2,4668.05,4661.94,4666.5,9.0,2026.08.26 01:15:00
131,before_spike,2026-08-25 22:20:00+00:00,4666.4,4667.03,4663.11,4664.33,8.0,2026.08.26 01:20:00
131,spike,2026-08-25 22:25:00+00:00,4664.34,4664.34,4659.24,4660.19,8.0,2026.08.26 01:25:00
131,after_spike,2026-08-25 22:30:00+00:00,4660.49,4661.04,4657.92,4658.36,12.0,2026.08.26 01:30:00
131,signal,2026-08-25 22:35:00+00:00,4658.32,4659.6,4657.15,4658.7,12.0,2026.08.26 01:35:00
132,context,2026-08-26 02:10:00+00:00,4668.5,4669.03,4666.49,4667.33,11.0,2026.08.26 05:10:00
132,before_spike,2026-08-26 02:15:00+00:00,4667.34,4667.4,4665.79,4666.64,11.0,2026.08.26 05:15:00
132,spike,2026-08-26 02:20:00+00:00,4666.63,4666.63,4661.08,4661.08,11.0,2026.08.26 05:20:00
132,after_spike,2026-08-26 02:25:00+00:00,4661.09,4661.21,4659.48,4660.27,11.0,2026.08.26 05:25:00
132,signal,2026-08-26 02:30:00+00:00,4660.27,4660.62,4657.73,4659.55,11.0,2026.08.26 05:30:00
133,context,2026-08-26 03:25:00+00:00,4645.35,4647.5,4643.08,4646.65,17.0,2026.08.26 06:25:00
133,before_spike,2026-08-26 03:30:00+00:00,4646.66,4650.05,4643.93,4644.94,16.0,2026.08.26 06:30:00
133,spike,2026-08-26 03:35:00+00:00,4644.95,4645.21,4638.56,4639.78,17.0,2026.08.26 06:35:00
133,after_spike,2026-08-26 03:40:00+00:00,4639.8,4639.96,4636.39,4637.0,13.0,2026.08.26 06:40:00
133,signal,2026-08-26 03:45:00+00:00,4637.03,4638.86,4636.62,4636.94,13.0,2026.08.26 06:45:00
134,context,2026-08-26 04:45:00+00:00,4645.52,4651.85,4643.88,4651.85,11.0,2026.08.26 07:45:00
134,before_spike,2026-08-26 04:50:00+00:00,4651.84,4654.5,4651.37,4652.65,11.0,2026.08.26 07:50:00
134,spike,2026-08-26 04:55:00+00:00,4652.67,4661.67,4652.45,4657.83,11.0,2026.08.26 07:55:00
134,after_spike,2026-08-26 05:00:00+00:00,4657.84,4661.28,4655.76,4660.81,16.0,2026.08.26 08:00:00
134,signal,2026-08-26 05:05:00+00:00,4660.62,4662.53,4659.46,4661.28,11.0,2026.08.26 08:05:00
135,context,2026-08-26 05:40:00+00:00,4664.36,4671.49,4662.94,4668.06,14.0,2026.08.26 08:40:00
135,before_spike,2026-08-26 05:45:00+00:00,4668.14,4669.88,4666.23,4666.61,11.0,2026.08.26 08:45:00
135,spike,2026-08-26 05:50:00+00:00,4666.63,4667.64,4661.28,4661.91,11.0,2026.08.26 08:50:00
135,after_spike,2026-08-26 05:55:00+00:00,4661.9,4662.03,4658.84,4659.2,11.0,2026.08.26 08:55:00
135,signal,2026-08-26 06:00:00+00:00,4659.27,4659.48,4654.31,4657.65,17.0,2026.08.26 09:00:00
136,context,2026-08-26 05:55:00+00:00,4661.9,4662.03,4658.84,4659.2,11.0,2026.08.26 08:55:00
136,before_spike,2026-08-26 06:00:00+00:00,4659.27,4659.48,4654.31,4657.65,17.0,2026.08.26 09:00:00
136,spike,2026-08-26 06:05:00+00:00,4657.62,4658.01,4649.55,4650.12,14.0,2026.08.26 09:05:00
136,after_spike,2026-08-26 06:10:00+00:00,4650.11,4650.19,4647.12,4647.9,11.0,2026.08.26 09:10:00
136,signal,2026-08-26 06:15:00+00:00,4647.87,4648.29,4645.55,4646.94,12.0,2026.08.26 09:15:00
137,context,2026-08-26 09:10:00+00:00,4639.13,4639.13,4636.12,4637.53,8.0,2026.08.26 12:10:00
137,before_spike,2026-08-26 09:15:00+00:00,4637.51,4637.82,4631.25,4634.05,8.0,2026.08.26 12:15:00
137,spike,2026-08-26 09:20:00+00:00,4634.2,4634.56,4626.04,4627.03,8.0,2026.08.26 12:20:00
137,after_spike,2026-08-26 09:25:00+00:00,4627.07,4628.96,4624.79,4626.79,8.0,2026.08.26 12:25:00
137,signal,2026-08-26 09:30:00+00:00,4626.81,4630.71,4625.75,4630.47,8.0,2026.08.26 12:30:00
138,context,2026-08-26 14:45:00+00:00,4619.12,4619.18,4616.97,4618.3,8.0,2026.08.26 17:45:00
138,before_spike,2026-08-26 14:50:00+00:00,4618.46,4620.2,4617.53,4619.57,8.0,2026.08.26 17:50:00
138,spike,2026-08-26 14:55:00+00:00,4619.58,4625.29,4619.16,4624.8,8.0,2026.08.26 17:55:00
138,after_spike,2026-08-26 15:00:00+00:00,4624.77,4629.26,4623.88,4627.1,13.0,2026.08.26 18:00:00
138,signal,2026-08-26 15:05:00+00:00,4627.19,4629.76,4626.91,4627.25,8.0,2026.08.26 18:05:00
139,context,2026-08-26 21:05:00+00:00,4602.98,4604.6,4600.58,4602.24,8.0,2026.08.27 00:05:00
139,before_spike,2026-08-26 21:10:00+00:00,4602.22,4603.66,4599.95,4600.21,8.0,2026.08.27 00:10:00
139,spike,2026-08-26 21:15:00+00:00,4600.2,4600.54,4594.88,4595.63,8.0,2026.08.27 00:15:00
139,after_spike,2026-08-26 21:20:00+00:00,4595.64,4595.82,4592.8,4593.87,8.0,2026.08.27 00:20:00
139,signal,2026-08-26 21:25:00+00:00,4593.96,4595.36,4593.0,4594.77,8.0,2026.08.27 00:25:00
140,context,2026-08-26 21:45:00+00:00,4596.78,4597.74,4595.94,4596.9,8.0,2026.08.27 00:45:00
140,before_spike,2026-08-26 21:50:00+00:00,4596.88,4597.74,4596.26,4596.49,8.0,2026.08.27 00:50:00
140,spike,2026-08-26 21:55:00+00:00,4596.46,4596.46,4593.38,4593.73,9.0,2026.08.27 00:55:00
140,after_spike,2026-08-26 22:00:00+00:00,4593.79,4595.01,4591.18,4592.14,11.0,2026.08.27 01:00:00
140,signal,2026-08-26 22:05:00+00:00,4592.13,4593.43,4591.01,4592.96,8.0,2026.08.27 01:05:00
141,context,2026-08-27 06:30:00+00:00,4635.35,4635.59,4633.39,4633.84,12.0,2026.08.27 09:30:00
141,before_spike,2026-08-27 06:35:00+00:00,4633.84,4634.39,4632.03,4632.36,12.0,2026.08.27 09:35:00
141,spike,2026-08-27 06:40:00+00:00,4632.3,4632.37,4628.81,4629.29,14.0,2026.08.27 09:40:00
141,after_spike,2026-08-27 06:45:00+00:00,4629.31,4629.61,4626.75,4627.57,14.0,2026.08.27 09:45:00
141,signal,2026-08-27 06:50:00+00:00,4627.6,4627.8,4625.73,4626.77,16.0,2026.08.27 09:50:00
142,context,2026-08-27 12:25:00+00:00,4596.87,4599.31,4593.7,4597.52,13.0,2026.08.27 15:25:00
142,before_spike,2026-08-27 12:30:00+00:00,4597.71,4599.17,4593.1,4593.9,11.0,2026.08.27 15:30:00
142,spike,2026-08-27 12:35:00+00:00,4593.91,4594.14,4579.66,4584.51,9.0,2026.08.27 15:35:00
142,after_spike,2026-08-27 12:40:00+00:00,4584.44,4584.45,4581.14,4582.28,11.0,2026.08.27 15:40:00
142,signal,2026-08-27 12:45:00+00:00,4582.33,4584.34,4580.71,4582.62,10.0,2026.08.27 15:45:00
143,context,2026-08-27 18:40:00+00:00,4599.57,4605.68,4599.45,4601.22,8.0,2026.08.27 21:40:00
143,before_spike,2026-08-27 18:45:00+00:00,4601.23,4604.57,4600.26,4604.36,8.0,2026.08.27 21:45:00
143,spike,2026-08-27 18:50:00+00:00,4604.32,4609.95,4603.38,4609.43,8.0,2026.08.27 21:50:00
143,after_spike,2026-08-27 18:55:00+00:00,4609.41,4611.28,4608.18,4610.41,8.0,2026.08.27 21:55:00
143,signal,2026-08-27 19:00:00+00:00,4610.44,4613.0,4609.18,4611.65,8.0,2026.08.27 22:00:00
144,context,2026-08-28 02:35:00+00:00,4599.5,4602.3,4598.62,4601.23,11.0,2026.08.28 05:35:00
144,before_spike,2026-08-28 02:40:00+00:00,4601.22,4601.59,4599.32,4599.81,11.0,2026.08.28 05:40:00
144,spike,2026-08-28 02:45:00+00:00,4599.76,4599.77,4595.86,4596.66,13.0,2026.08.28 05:45:00
144,after_spike,2026-08-28 02:50:00+00:00,4596.63,4596.63,4594.76,4595.16,11.0,2026.08.28 05:50:00
144,signal,2026-08-28 02:55:00+00:00,4595.18,4595.45,4594.39,4594.63,11.0,2026.08.28 05:55:00
145,context,2026-08-28 06:20:00+00:00,4587.18,4589.66,4585.75,4589.48,13.0,2026.08.28 09:20:00
145,before_spike,2026-08-28 06:25:00+00:00,4589.51,4589.99,4586.62,4587.98,16.0,2026.08.28 09:25:00
145,spike,2026-08-28 06:30:00+00:00,4587.97,4588.32,4583.37,4584.39,11.0,2026.08.28 09:30:00
145,after_spike,2026-08-28 06:35:00+00:00,4584.35,4584.35,4582.42,4582.78,11.0,2026.08.28 09:35:00
145,signal,2026-08-28 06:40:00+00:00,4582.91,4583.55,4581.03,4581.91,13.0,2026.08.28 09:40:00
146,context,2026-08-28 07:05:00+00:00,4579.26,4579.51,4577.99,4579.15,15.0,2026.08.28 10:05:00
146,before_spike,2026-08-28 07:10:00+00:00,4579.13,4580.38,4578.92,4579.39,17.0,2026.08.28 10:10:00
146,spike,2026-08-28 07:15:00+00:00,4579.38,4583.36,4578.78,4583.2,17.0,2026.08.28 10:15:00
146,after_spike,2026-08-28 07:20:00+00:00,4583.23,4584.53,4582.7,4584.45,13.0,2026.08.28 10:20:00
146,signal,2026-08-28 07:25:00+00:00,4584.51,4585.31,4583.13,4584.76,11.0,2026.08.28 10:25:00
147,context,2026-08-28 11:30:00+00:00,4609.06,4611.48,4608.3,4609.72,12.0,2026.08.28 14:30:00
147,before_spike,2026-08-28 11:35:00+00:00,4609.75,4611.49,4606.66,4607.54,14.0,2026.08.28 14:35:00
147,spike,2026-08-28 11:40:00+00:00,4607.41,4607.78,4603.4,4603.69,9.0,2026.08.28 14:40:00
147,after_spike,2026-08-28 11:45:00+00:00,4603.67,4603.67,4601.18,4602.08,9.0,2026.08.28 14:45:00
147,signal,2026-08-28 11:50:00+00:00,4602.0,4606.2,4601.73,4604.67,11.0,2026.08.28 14:50:00
148,context,2026-08-28 15:20:00+00:00,4594.43,4601.65,4594.16,4601.47,8.0,2026.08.28 18:20:00
148,before_spike,2026-08-28 15:25:00+00:00,4601.46,4603.8,4600.15,4601.44,8.0,2026.08.28 18:25:00
148,spike,2026-08-28 15:30:00+00:00,4601.39,4602.19,4591.94,4593.18,8.0,2026.08.28 18:30:00
148,after_spike,2026-08-28 15:35:00+00:00,4593.38,4593.7,4589.06,4589.41,14.0,2026.08.28 18:35:00
148,signal,2026-08-28 15:40:00+00:00,4589.43,4592.61,4589.42,4591.89,10.0,2026.08.28 18:40:00
149,context,2026-08-28 18:00:00+00:00,4576.61,4582.7,4572.07,4580.1,14.0,2026.08.28 21:00:00
149,before_spike,2026-08-28 18:05:00+00:00,4579.99,4581.71,4572.23,4573.0,15.0,2026.08.28 21:05:00
149,spike,2026-08-28 18:10:00+00:00,4572.79,4573.91,4556.97,4559.52,14.0,2026.08.28 21:10:00
149,after_spike,2026-08-28 18:15:00+00:00,4559.3,4564.36,4553.94,4555.07,8.0,2026.08.28 21:15:00
149,signal,2026-08-28 18:20:00+00:00,4555.0,4566.24,4551.57,4565.69,11.0,2026.08.28 21:20:00
150,context,2026-08-28 22:35:00+00:00,4463.08,4467.02,4462.02,4466.38,8.0,2026.08.29 01:35:00
150,before_spike,2026-08-28 22:40:00+00:00,4466.42,4466.89,4464.57,4465.08,8.0,2026.08.29 01:40:00
150,spike,2026-08-28 22:45:00+00:00,4465.06,4465.11,4455.08,4457.54,8.0,2026.08.29 01:45:00
150,after_spike,2026-08-28 22:50:00+00:00,4457.52,4459.65,4453.05,4457.19,8.0,2026.08.29 01:50:00
150,signal,2026-08-28 22:55:00+00:00,4457.2,4461.34,4456.54,4458.17,8.0,2026.08.29 01:55:00
151,context,2026-08-31 05:20:00+00:00,4421.84,4427.21,4421.11,4427.2,11.0,2026.08.31 08:20:00
151,before_spike,2026-08-31 05:25:00+00:00,4427.14,4428.02,4423.02,4423.08,11.0,2026.08.31 08:25:00
151,spike,2026-08-31 05:30:00+00:00,4423.05,4426.43,4411.22,4411.52,17.0,2026.08.31 08:30:00
151,after_spike,2026-08-31 05:35:00+00:00,4411.38,4412.07,4405.59,4408.15,17.0,2026.08.31 08:35:00
151,signal,2026-08-31 05:40:00+00:00,4408.18,4408.18,4402.09,4402.95,15.0,2026.08.31 08:40:00
152,context,2026-08-31 06:50:00+00:00,4424.02,4426.92,4423.92,4424.31,14.0,2026.08.31 09:50:00
152,before_spike,2026-08-31 06:55:00+00:00,4424.28,4424.66,4421.56,4422.56,14.0,2026.08.31 09:55:00
152,spike,2026-08-31 07:00:00+00:00,4422.67,4422.79,4418.55,4418.55,14.0,2026.08.31 10:00:00
152,after_spike,2026-08-31 07:05:00+00:00,4418.69,4419.0,4416.94,4418.37,17.0,2026.08.31 10:05:00
152,signal,2026-08-31 07:10:00+00:00,4418.41,4422.59,4417.17,4421.27,15.0,2026.08.31 10:10:00
153,context,2026-08-31 15:25:00+00:00,4452.75,4454.42,4447.35,4447.7,13.0,2026.08.31 18:25:00
153,before_spike,2026-08-31 15:30:00+00:00,4447.74,4449.96,4445.86,4446.76,8.0,2026.08.31 18:30:00
153,spike,2026-08-31 15:35:00+00:00,4446.69,4447.34,4441.87,4441.98,8.0,2026.08.31 18:35:00
153,after_spike,2026-08-31 15:40:00+00:00,4442.06,4442.47,4439.11,4440.63,8.0,2026.08.31 18:40:00
153,signal,2026-08-31 15:45:00+00:00,4440.55,4440.55,4435.9,4438.21,8.0,2026.08.31 18:45:00
154,context,2026-08-31 15:55:00+00:00,4437.12,4439.49,4435.55,4435.8,9.0,2026.08.31 18:55:00
154,before_spike,2026-08-31 16:00:00+00:00,4435.78,4440.04,4433.89,4437.89,14.0,2026.08.31 19:00:00
154,spike,2026-08-31 16:05:00+00:00,4437.59,4445.76,4436.33,4444.99,10.0,2026.08.31 19:05:00
154,after_spike,2026-08-31 16:10:00+00:00,4445.0,4446.65,4442.87,4445.9,8.0,2026.08.31 19:10:00
154,signal,2026-08-31 16:15:00+00:00,4446.08,4448.27,4441.44,4443.01,8.0,2026.08.31 19:15:00
155,context,2026-08-31 20:50:00+00:00,4438.6,4439.73,4437.27,4437.53,8.0,2026.08.31 23:50:00
155,before_spike,2026-08-31 20:55:00+00:00,4437.55,4438.01,4435.85,4436.74,8.0,2026.08.31 23:55:00
155,spike,2026-08-31 21:00:00+00:00,4436.73,4436.97,4431.17,4432.57,8.0,2026.09.01 00:00:00
155,after_spike,2026-08-31 21:05:00+00:00,4432.61,4433.13,4431.16,4431.43,8.0,2026.09.01 00:05:00
155,signal,2026-08-31 21:10:00+00:00,4431.42,4433.71,4430.57,4433.71,8.0,2026.09.01 00:10:00
156,context,2026-08-31 21:35:00+00:00,4427.8,4428.89,4427.0,4428.45,10.0,2026.09.01 00:35:00
156,before_spike,2026-08-31 21:40:00+00:00,4428.42,4430.53,4427.73,4429.32,8.0,2026.09.01 00:40:00
156,spike,2026-08-31 21:45:00+00:00,4429.38,4433.19,4429.37,4433.04,8.0,2026.09.01 00:45:00
156,after_spike,2026-08-31 21:50:00+00:00,4433.06,4434.78,4432.65,4433.29,8.0,2026.09.01 00:50:00
156,signal,2026-08-31 21:55:00+00:00,4433.33,4433.87,4430.42,4430.82,8.0,2026.09.01 00:55:00
157,context,2026-08-31 22:10:00+00:00,4434.52,4435.18,4432.69,4433.77,8.0,2026.09.01 01:10:00
157,before_spike,2026-08-31 22:15:00+00:00,4433.7,4434.15,4433.32,4433.75,8.0,2026.09.01 01:15:00
157,spike,2026-08-31 22:20:00+00:00,4433.72,4439.6,4432.92,4439.16,10.0,2026.09.01 01:20:00
157,after_spike,2026-08-31 22:25:00+00:00,4439.14,4442.43,4438.19,4440.45,12.0,2026.09.01 01:25:00
157,signal,2026-08-31 22:30:00+00:00,4440.5,4441.22,4439.51,4440.65,8.0,2026.09.01 01:30:00
158,context,2026-08-31 22:35:00+00:00,4440.67,4445.28,4440.17,4442.88,10.0,2026.09.01 01:35:00
158,before_spike,2026-08-31 22:40:00+00:00,4442.9,4443.29,4439.03,4442.95,8.0,2026.09.01 01:40:00
158,spike,2026-08-31 22:45:00+00:00,4442.96,4449.05,4441.54,4448.79,8.0,2026.09.01 01:45:00
158,after_spike,2026-08-31 22:50:00+00:00,4448.77,4452.93,4447.54,4450.36,11.0,2026.09.01 01:50:00
158,signal,2026-08-31 22:55:00+00:00,4450.37,4453.62,4447.89,4453.18,8.0,2026.09.01 01:55:00
159,context,2026-08-31 23:00:00+00:00,4453.34,4455.81,4452.63,4452.92,8.0,2026.09.01 02:00:00
159,before_spike,2026-08-31 23:05:00+00:00,4452.88,4453.33,4451.54,4452.33,8.0,2026.09.01 02:05:00
159,spike,2026-08-31 23:10:00+00:00,4452.32,4452.93,4449.89,4450.13,9.0,2026.09.01 02:10:00
159,after_spike,2026-08-31 23:15:00+00:00,4450.12,4450.43,4448.92,4449.02,10.0,2026.09.01 02:15:00
159,signal,2026-08-31 23:20:00+00:00,4448.98,4448.98,4446.92,4447.77,10.0,2026.09.01 02:20:00
160,context,2026-09-01 06:35:00+00:00,4435.88,4437.69,4433.55,4437.56,11.0,2026.09.01 09:35:00
160,before_spike,2026-09-01 06:40:00+00:00,4437.55,4438.81,4437.25,4438.55,11.0,2026.09.01 09:40:00
160,spike,2026-09-01 06:45:00+00:00,4438.51,4442.94,4438.49,4441.38,11.0,2026.09.01 09:45:00
160,after_spike,2026-09-01 06:50:00+00:00,4441.35,4443.25,4440.92,4441.88,11.0,2026.09.01 09:50:00
160,signal,2026-09-01 06:55:00+00:00,4441.86,4441.86,4436.77,4436.77,11.0,2026.09.01 09:55:00
161,context,2026-09-01 09:25:00+00:00,4432.98,4433.37,4427.71,4429.0,9.0,2026.09.01 12:25:00
161,before_spike,2026-09-01 09:30:00+00:00,4429.02,4430.31,4428.5,4429.42,10.0,2026.09.01 12:30:00
161,spike,2026-09-01 09:35:00+00:00,4429.43,4433.99,4429.43,4433.38,8.0,2026.09.01 12:35:00
161,after_spike,2026-09-01 09:40:00+00:00,4433.28,4435.22,4432.79,4434.86,8.0,2026.09.01 12:40:00
161,signal,2026-09-01 09:45:00+00:00,4434.87,4435.29,4429.37,4429.98,8.0,2026.09.01 12:45:00
162,context,2026-09-01 15:50:00+00:00,4364.56,4365.35,4362.03,4363.01,8.0,2026.09.01 18:50:00
162,before_spike,2026-09-01 15:55:00+00:00,4362.97,4363.15,4356.22,4356.41,8.0,2026.09.01 18:55:00
162,spike,2026-09-01 16:00:00+00:00,4356.29,4357.5,4337.26,4339.54,14.0,2026.09.01 19:00:00
162,after_spike,2026-09-01 16:05:00+00:00,4339.53,4342.91,4330.09,4331.02,13.0,2026.09.01 19:05:00
162,signal,2026-09-01 16:10:00+00:00,4331.29,4335.42,4326.25,4329.61,11.0,2026.09.01 19:10:00
163,context,2026-09-01 18:30:00+00:00,4365.81,4366.87,4362.7,4363.15,8.0,2026.09.01 21:30:00
163,before_spike,2026-09-01 18:35:00+00:00,4363.07,4366.63,4361.68,4364.06,8.0,2026.09.01 21:35:00
163,spike,2026-09-01 18:40:00+00:00,4364.08,4370.82,4364.08,4370.81,8.0,2026.09.01 21:40:00
163,after_spike,2026-09-01 18:45:00+00:00,4370.77,4371.47,4368.68,4371.09,8.0,2026.09.01 21:45:00
163,signal,2026-09-01 18:50:00+00:00,4371.08,4373.17,4369.58,4373.1,8.0,2026.09.01 21:50:00
164,context,2026-09-02 04:20:00+00:00,4320.4,4323.2,4318.02,4321.7,16.0,2026.09.02 07:20:00
164,before_spike,2026-09-02 04:25:00+00:00,4321.94,4324.41,4315.38,4317.28,16.0,2026.09.02 07:25:00
164,spike,2026-09-02 04:30:00+00:00,4317.34,4318.48,4305.21,4309.47,16.0,2026.09.02 07:30:00
164,after_spike,2026-09-02 04:35:00+00:00,4309.48,4310.01,4305.18,4307.82,17.0,2026.09.02 07:35:00
164,signal,2026-09-02 04:40:00+00:00,4307.75,4311.07,4306.67,4309.11,16.0,2026.09.02 07:40:00
165,context,2026-09-02 09:35:00+00:00,4320.04,4324.74,4316.9,4324.74,8.0,2026.09.02 12:35:00
165,before_spike,2026-09-02 09:40:00+00:00,4324.73,4326.47,4322.86,4324.56,8.0,2026.09.02 12:40:00
165,spike,2026-09-02 09:45:00+00:00,4324.32,4325.02,4316.55,4316.55,8.0,2026.09.02 12:45:00
165,after_spike,2026-09-02 09:50:00+00:00,4316.68,4317.41,4314.71,4316.25,8.0,2026.09.02 12:50:00
165,signal,2026-09-02 09:55:00+00:00,4316.26,4321.84,4316.0,4321.67,8.0,2026.09.02 12:55:00
166,context,2026-09-02 10:30:00+00:00,4326.86,4330.12,4325.2,4327.31,8.0,2026.09.02 13:30:00
166,before_spike,2026-09-02 10:35:00+00:00,4327.36,4331.35,4326.32,4326.53,8.0,2026.09.02 13:35:00
166,spike,2026-09-02 10:40:00+00:00,4326.54,4327.3,4321.94,4322.9,8.0,2026.09.02 13:40:00
166,after_spike,2026-09-02 10:45:00+00:00,4322.69,4325.09,4321.96,4322.31,8.0,2026.09.02 13:45:00
166,signal,2026-09-02 10:50:00+00:00,4322.31,4323.43,4320.59,4322.55,8.0,2026.09.02 13:50:00
167,context,2026-09-02 11:40:00+00:00,4324.93,4326.17,4320.36,4322.02,8.0,2026.09.02 14:40:00
167,before_spike,2026-09-02 11:45:00+00:00,4322.23,4322.58,4319.72,4321.81,8.0,2026.09.02 14:45:00
167,spike,2026-09-02 11:50:00+00:00,4321.82,4322.15,4313.27,4314.37,8.0,2026.09.02 14:50:00
167,after_spike,2026-09-02 11:55:00+00:00,4314.64,4317.28,4312.64,4312.85,8.0,2026.09.02 14:55:00
167,signal,2026-09-02 12:00:00+00:00,4312.74,4316.64,4312.37,4316.1,8.0,2026.09.02 15:00:00
168,context,2026-09-02 12:50:00+00:00,4310.41,4310.9,4307.98,4308.69,8.0,2026.09.02 15:50:00
168,before_spike,2026-09-02 12:55:00+00:00,4308.64,4310.28,4307.99,4308.56,8.0,2026.09.02 15:55:00
168,spike,2026-09-02 13:00:00+00:00,4308.55,4309.65,4304.47,4304.47,8.0,2026.09.02 16:00:00
168,after_spike,2026-09-02 13:05:00+00:00,4304.39,4305.77,4301.86,4303.1,8.0,2026.09.02 16:05:00
168,signal,2026-09-02 13:10:00+00:00,4303.13,4308.15,4302.44,4306.79,8.0,2026.09.02 16:10:00
169,context,2026-09-02 14:20:00+00:00,4319.0,4319.97,4316.34,4319.02,8.0,2026.09.02 17:20:00
169,before_spike,2026-09-02 14:25:00+00:00,4319.07,4323.06,4316.97,4321.85,10.0,2026.09.02 17:25:00
169,spike,2026-09-02 14:30:00+00:00,4321.83,4330.17,4321.76,4330.13,9.0,2026.09.02 17:30:00
169,after_spike,2026-09-02 14:35:00+00:00,4330.03,4332.83,4328.98,4332.28,11.0,2026.09.02 17:35:00
169,signal,2026-09-02 14:40:00+00:00,4332.27,4332.85,4324.13,4324.84,10.0,2026.09.02 17:40:00
170,context,2026-09-02 14:40:00+00:00,4332.27,4332.85,4324.13,4324.84,10.0,2026.09.02 17:40:00
170,before_spike,2026-09-02 14:45:00+00:00,4324.7,4327.33,4323.51,4325.84,8.0,2026.09.02 17:45:00
170,spike,2026-09-02 14:50:00+00:00,4325.87,4331.14,4323.47,4330.48,8.0,2026.09.02 17:50:00
170,after_spike,2026-09-02 14:55:00+00:00,4330.49,4332.91,4329.47,4332.34,8.0,2026.09.02 17:55:00
170,signal,2026-09-02 15:00:00+00:00,4332.38,4335.73,4329.13,4334.74,13.0,2026.09.02 18:00:00
171,context,2026-09-02 16:15:00+00:00,4339.55,4344.3,4336.68,4342.26,10.0,2026.09.02 19:15:00
171,before_spike,2026-09-02 16:20:00+00:00,4342.34,4348.24,4342.01,4348.06,8.0,2026.09.02 19:20:00
171,spike,2026-09-02 16:25:00+00:00,4348.02,4358.21,4347.63,4358.21,8.0,2026.09.02 19:25:00
171,after_spike,2026-09-02 16:30:00+00:00,4358.41,4367.31,4357.06,4364.81,14.0,2026.09.02 19:30:00
171,signal,2026-09-02 16:35:00+00:00,4364.75,4368.56,4362.46,4366.87,14.0,2026.09.02 19:35:00
172,context,2026-09-03 01:30:00+00:00,4389.79,4389.82,4387.81,4388.22,17.0,2026.09.03 04:30:00
172,before_spike,2026-09-03 01:35:00+00:00,4388.24,4388.51,4387.27,4387.67,16.0,2026.09.03 04:35:00
172,spike,2026-09-03 01:40:00+00:00,4387.66,4387.95,4384.94,4385.0,16.0,2026.09.03 04:40:00
172,after_spike,2026-09-03 01:45:00+00:00,4385.11,4385.3,4383.57,4383.95,17.0,2026.09.03 04:45:00
172,signal,2026-09-03 01:50:00+00:00,4384.09,4385.14,4383.8,4384.41,11.0,2026.09.03 04:50:00
173,context,2026-09-03 05:20:00+00:00,4410.23,4412.55,4406.8,4409.59,11.0,2026.09.03 08:20:00
173,before_spike,2026-09-03 05:25:00+00:00,4409.63,4411.67,4407.77,4411.58,11.0,2026.09.03 08:25:00
173,spike,2026-09-03 05:30:00+00:00,4411.53,4417.23,4409.48,4415.4,14.0,2026.09.03 08:30:00
173,after_spike,2026-09-03 05:35:00+00:00,4415.49,4418.07,4414.07,4416.26,15.0,2026.09.03 08:35:00
173,signal,2026-09-03 05:40:00+00:00,4416.27,4416.92,4412.64,4413.48,11.0,2026.09.03 08:40:00
174,context,2026-09-03 06:40:00+00:00,4430.56,4430.69,4426.66,4426.66,11.0,2026.09.03 09:40:00
174,before_spike,2026-09-03 06:45:00+00:00,4426.64,4428.55,4425.4,4427.15,11.0,2026.09.03 09:45:00
174,spike,2026-09-03 06:50:00+00:00,4427.14,4430.65,4426.24,4430.52,17.0,2026.09.03 09:50:00
174,after_spike,2026-09-03 06:55:00+00:00,4430.47,4432.58,4429.7,4431.65,11.0,2026.09.03 09:55:00
174,signal,2026-09-03 07:00:00+00:00,4431.52,4431.78,4427.03,4427.11,11.0,2026.09.03 10:00:00
175,context,2026-09-03 07:55:00+00:00,4435.6,4437.73,4434.09,4437.41,17.0,2026.09.03 10:55:00
175,before_spike,2026-09-03 08:00:00+00:00,4437.34,4440.19,4436.21,4436.68,17.0,2026.09.03 11:00:00
175,spike,2026-09-03 08:05:00+00:00,4436.5,4436.57,4430.54,4430.76,17.0,2026.09.03 11:05:00
175,after_spike,2026-09-03 08:10:00+00:00,4430.74,4432.7,4429.0,4429.67,17.0,2026.09.03 11:10:00
175,signal,2026-09-03 08:15:00+00:00,4429.73,4430.84,4427.09,4428.3,17.0,2026.09.03 11:15:00
176,context,2026-09-04 04:15:00+00:00,4474.27,4478.33,4473.85,4475.17,13.0,2026.09.04 07:15:00
176,before_spike,2026-09-04 04:20:00+00:00,4475.19,4478.25,4473.99,4474.32,16.0,2026.09.04 07:20:00
176,spike,2026-09-04 04:25:00+00:00,4474.33,4475.51,4467.62,4470.55,15.0,2026.09.04 07:25:00
176,after_spike,2026-09-04 04:30:00+00:00,4470.57,4472.55,4468.74,4469.37,13.0,2026.09.04 07:30:00
176,signal,2026-09-04 04:35:00+00:00,4469.38,4476.37,4467.78,4473.13,14.0,2026.09.04 07:35:00
177,context,2026-09-04 06:30:00+00:00,4472.45,4475.25,4472.22,4474.81,11.0,2026.09.04 09:30:00
177,before_spike,2026-09-04 06:35:00+00:00,4474.75,4474.96,4472.57,4472.87,11.0,2026.09.04 09:35:00
177,spike,2026-09-04 06:40:00+00:00,4472.89,4473.22,4469.2,4469.33,15.0,2026.09.04 09:40:00
177,after_spike,2026-09-04 06:45:00+00:00,4469.36,4470.1,4469.03,4469.3,11.0,2026.09.04 09:45:00
177,signal,2026-09-04 06:50:00+00:00,4469.31,4470.13,4467.64,4469.51,11.0,2026.09.04 09:50:00
178,context,2026-09-04 07:50:00+00:00,4473.14,4474.97,4473.14,4474.37,11.0,2026.09.04 10:50:00
178,before_spike,2026-09-04 07:55:00+00:00,4474.38,4474.58,4473.7,4473.72,11.0,2026.09.04 10:55:00
178,spike,2026-09-04 08:00:00+00:00,4473.74,4474.58,4470.84,4470.84,16.0,2026.09.04 11:00:00
178,after_spike,2026-09-04 08:05:00+00:00,4470.83,4471.95,4468.5,4469.26,16.0,2026.09.04 11:05:00
178,signal,2026-09-04 08:10:00+00:00,4469.22,4469.58,4467.43,4469.19,16.0,2026.09.04 11:10:00
179,context,2026-09-04 09:50:00+00:00,4461.81,4464.46,4461.39,4462.6,8.0,2026.09.04 12:50:00
179,before_spike,2026-09-04 09:55:00+00:00,4462.58,4463.48,4460.26,4462.98,8.0,2026.09.04 12:55:00
179,spike,2026-09-04 10:00:00+00:00,4463.0,4467.75,4461.67,4466.45,10.0,2026.09.04 13:00:00
179,after_spike,2026-09-04 10:05:00+00:00,4466.49,4469.28,4465.21,4468.61,8.0,2026.09.04 13:05:00
179,signal,2026-09-04 10:10:00+00:00,4468.63,4471.2,4467.88,4467.88,8.0,2026.09.04 13:10:00
180,context,2026-09-04 10:30:00+00:00,4472.72,4475.49,4472.72,4474.96,8.0,2026.09.04 13:30:00
180,before_spike,2026-09-04 10:35:00+00:00,4474.91,4476.47,4474.26,4475.14,8.0,2026.09.04 13:35:00
180,spike,2026-09-04 10:40:00+00:00,4475.13,4486.3,4474.76,4485.86,9.0,2026.09.04 13:40:00
180,after_spike,2026-09-04 10:45:00+00:00,4485.81,4490.69,4484.76,4488.05,14.0,2026.09.04 13:45:00
180,signal,2026-09-04 10:50:00+00:00,4488.06,4488.07,4482.68,4484.69,9.0,2026.09.04 13:50:00
181,context,2026-09-04 12:00:00+00:00,4477.84,4479.19,4476.57,4478.29,11.0,2026.09.04 15:00:00
181,before_spike,2026-09-04 12:05:00+00:00,4478.32,4478.33,4473.91,4475.09,8.0,2026.09.04 15:05:00
181,spike,2026-09-04 12:10:00+00:00,4475.13,4475.13,4469.04,4470.03,8.0,2026.09.04 15:10:00
181,after_spike,2026-09-04 12:15:00+00:00,4470.08,4470.69,4466.87,4466.98,12.0,2026.09.04 15:15:00
181,signal,2026-09-04 12:20:00+00:00,4466.91,4467.46,4464.08,4464.56,12.0,2026.09.04 15:20:00
182,context,2026-09-04 22:15:00+00:00,4429.17,4432.06,4428.48,4428.9,12.0,2026.09.05 01:15:00
182,before_spike,2026-09-04 22:20:00+00:00,4428.91,4431.14,4426.9,4430.98,10.0,2026.09.05 01:20:00
182,spike,2026-09-04 22:25:00+00:00,4430.97,4435.82,4430.14,4435.63,8.0,2026.09.05 01:25:00
182,after_spike,2026-09-04 22:30:00+00:00,4435.58,4438.37,4434.18,4437.7,9.0,2026.09.05 01:30:00
182,signal,2026-09-04 22:35:00+00:00,4437.67,4437.69,4435.22,4436.4,8.0,2026.09.05 01:35:00
183,context,2026-09-07 02:40:00+00:00,4427.79,4429.17,4425.25,4429.05,16.0,2026.09.07 05:40:00
183,before_spike,2026-09-07 02:45:00+00:00,4429.07,4433.76,4427.11,4427.38,16.0,2026.09.07 05:45:00
183,spike,2026-09-07 02:50:00+00:00,4427.27,4427.93,4422.71,4424.21,17.0,2026.09.07 05:50:00
183,after_spike,2026-09-07 02:55:00+00:00,4424.28,4424.97,4421.23,4423.39,17.0,2026.09.07 05:55:00
183,signal,2026-09-07 03:00:00+00:00,4423.4,4426.62,4422.22,4423.24,17.0,2026.09.07 06:00:00
184,context,2026-09-07 11:40:00+00:00,4415.57,4416.34,4413.57,4414.66,8.0,2026.09.07 14:40:00
184,before_spike,2026-09-07 11:45:00+00:00,4414.73,4415.22,4413.16,4414.29,10.0,2026.09.07 14:45:00
184,spike,2026-09-07 11:50:00+00:00,4414.05,4414.05,4410.54,4411.51,11.0,2026.09.07 14:50:00
184,after_spike,2026-09-07 11:55:00+00:00,4411.5,4411.67,4409.67,4411.01,9.0,2026.09.07 14:55:00
184,signal,2026-09-07 12:00:00+00:00,4410.93,4413.68,4410.92,4412.26,11.0,2026.09.07 15:00:00
185,context,2026-09-07 15:50:00+00:00,4397.0,4398.04,4394.34,4394.69,8.0,2026.09.07 18:50:00
185,before_spike,2026-09-07 15:55:00+00:00,4394.73,4397.04,4394.33,4396.8,8.0,2026.09.07 18:55:00
185,spike,2026-09-07 16:00:00+00:00,4396.81,4400.38,4395.43,4400.15,15.0,2026.09.07 19:00:00
185,after_spike,2026-09-07 16:05:00+00:00,4400.28,4402.49,4399.29,4402.47,11.0,2026.09.07 19:05:00
185,signal,2026-09-07 16:10:00+00:00,4402.51,4404.54,4401.03,4403.97,13.0,2026.09.07 19:10:00
186,context,2026-09-07 17:50:00+00:00,4413.91,4419.56,4412.34,4416.95,15.0,2026.09.07 20:50:00
186,before_spike,2026-09-07 17:55:00+00:00,4416.96,4417.44,4415.67,4416.15,8.0,2026.09.07 20:55:00
186,spike,2026-09-07 18:00:00+00:00,4416.12,4416.65,4412.46,4413.79,8.0,2026.09.07 21:00:00
186,after_spike,2026-09-07 18:05:00+00:00,4413.8,4414.19,4409.26,4413.04,10.0,2026.09.07 21:05:00
186,signal,2026-09-07 18:10:00+00:00,4413.02,4414.61,4411.5,4413.9,10.0,2026.09.07 21:10:00
187,context,2026-09-08 04:55:00+00:00,4438.94,4440.09,4436.76,4437.44,15.0,2026.09.08 07:55:00
187,before_spike,2026-09-08 05:00:00+00:00,4437.45,4439.05,4432.76,4434.23,17.0,2026.09.08 08:00:00
187,spike,2026-09-08 05:05:00+00:00,4434.27,4434.65,4428.98,4428.98,15.0,2026.09.08 08:05:00
187,after_spike,2026-09-08 05:10:00+00:00,4428.96,4430.88,4426.61,4428.18,16.0,2026.09.08 08:10:00
187,signal,2026-09-08 05:15:00+00:00,4428.26,4428.26,4425.87,4426.47,11.0,2026.09.08 08:15:00
188,context,2026-09-08 06:35:00+00:00,4431.62,4432.07,4430.63,4431.05,12.0,2026.09.08 09:35:00
188,before_spike,2026-09-08 06:40:00+00:00,4431.06,4433.18,4430.94,4432.62,14.0,2026.09.08 09:40:00
188,spike,2026-09-08 06:45:00+00:00,4432.61,4437.54,4432.46,4436.73,17.0,2026.09.08 09:45:00
188,after_spike,2026-09-08 06:50:00+00:00,4436.68,4437.51,4434.99,4436.82,17.0,2026.09.08 09:50:00
188,signal,2026-09-08 06:55:00+00:00,4436.82,4438.81,4436.05,4437.84,14.0,2026.09.08 09:55:00
189,context,2026-09-08 08:40:00+00:00,4427.19,4427.24,4425.23,4426.1,15.0,2026.09.08 11:40:00
189,before_spike,2026-09-08 08:45:00+00:00,4426.12,4429.01,4423.53,4425.36,16.0,2026.09.08 11:45:00
189,spike,2026-09-08 08:50:00+00:00,4425.24,4425.24,4419.47,4419.63,17.0,2026.09.08 11:50:00
189,after_spike,2026-09-08 08:55:00+00:00,4419.59,4420.82,4417.48,4418.91,12.0,2026.09.08 11:55:00
189,signal,2026-09-08 09:00:00+00:00,4418.99,4420.1,4412.94,4415.26,13.0,2026.09.08 12:00:00
190,context,2026-09-08 08:50:00+00:00,4425.24,4425.24,4419.47,4419.63,17.0,2026.09.08 11:50:00
190,before_spike,2026-09-08 08:55:00+00:00,4419.59,4420.82,4417.48,4418.91,12.0,2026.09.08 11:55:00
190,spike,2026-09-08 09:00:00+00:00,4418.99,4420.1,4412.94,4415.26,13.0,2026.09.08 12:00:00
190,after_spike,2026-09-08 09:05:00+00:00,4415.32,4415.61,4411.25,4413.47,9.0,2026.09.08 12:05:00
190,signal,2026-09-08 09:10:00+00:00,4413.42,4413.52,4408.68,4411.54,8.0,2026.09.08 12:10:00
191,context,2026-09-08 09:30:00+00:00,4400.21,4402.92,4398.76,4402.26,8.0,2026.09.08 12:30:00
191,before_spike,2026-09-08 09:35:00+00:00,4402.17,4404.2,4398.59,4404.18,8.0,2026.09.08 12:35:00
191,spike,2026-09-08 09:40:00+00:00,4404.19,4409.06,4404.17,4407.62,8.0,2026.09.08 12:40:00
191,after_spike,2026-09-08 09:45:00+00:00,4407.65,4408.67,4406.38,4408.38,8.0,2026.09.08 12:45:00
191,signal,2026-09-08 09:50:00+00:00,4408.34,4409.57,4404.23,4405.41,9.0,2026.09.08 12:50:00
192,context,2026-09-08 12:30:00+00:00,4393.12,4397.47,4390.92,4395.8,11.0,2026.09.08 15:30:00
192,before_spike,2026-09-08 12:35:00+00:00,4395.81,4397.35,4395.46,4397.21,8.0,2026.09.08 15:35:00
192,spike,2026-09-08 12:40:00+00:00,4397.19,4403.33,4397.12,4401.29,8.0,2026.09.08 15:40:00
192,after_spike,2026-09-08 12:45:00+00:00,4401.3,4402.97,4400.94,4402.93,8.0,2026.09.08 15:45:00
192,signal,2026-09-08 12:50:00+00:00,4402.92,4405.45,4402.9,4404.39,8.0,2026.09.08 15:50:00
193,context,2026-09-08 12:50:00+00:00,4402.92,4405.45,4402.9,4404.39,8.0,2026.09.08 15:50:00
193,before_spike,2026-09-08 12:55:00+00:00,4404.55,4405.02,4402.74,4402.76,11.0,2026.09.08 15:55:00
193,spike,2026-09-08 13:00:00+00:00,4402.78,4402.81,4398.23,4398.31,14.0,2026.09.08 16:00:00
193,after_spike,2026-09-08 13:05:00+00:00,4398.3,4398.65,4396.09,4396.3,14.0,2026.09.08 16:05:00
193,signal,2026-09-08 13:10:00+00:00,4396.33,4396.6,4393.54,4395.69,13.0,2026.09.08 16:10:00
194,context,2026-09-08 14:20:00+00:00,4401.57,4401.64,4398.41,4401.07,9.0,2026.09.08 17:20:00
194,before_spike,2026-09-08 14:25:00+00:00,4401.09,4402.98,4400.42,4402.0,11.0,2026.09.08 17:25:00
194,spike,2026-09-08 14:30:00+00:00,4402.05,4404.96,4400.62,4404.77,13.0,2026.09.08 17:30:00
194,after_spike,2026-09-08 14:35:00+00:00,4404.78,4407.86,4404.28,4404.85,14.0,2026.09.08 17:35:00
194,signal,2026-09-08 14:40:00+00:00,4404.82,4406.85,4403.47,4403.61,13.0,2026.09.08 17:40:00
195,context,2026-09-08 15:15:00+00:00,4391.78,4391.86,4385.34,4391.51,16.0,2026.09.08 18:15:00
195,before_spike,2026-09-08 15:20:00+00:00,4391.53,4396.53,4387.42,4395.08,14.0,2026.09.08 18:20:00
195,spike,2026-09-08 15:25:00+00:00,4395.07,4401.91,4394.22,4401.91,8.0,2026.09.08 18:25:00
195,after_spike,2026-09-08 15:30:00+00:00,4401.88,4408.14,4400.79,4405.08,8.0,2026.09.08 18:30:00
195,signal,2026-09-08 15:35:00+00:00,4405.16,4405.52,4398.42,4401.24,8.0,2026.09.08 18:35:00
196,context,2026-09-08 16:10:00+00:00,4404.64,4408.62,4403.99,4408.53,8.0,2026.09.08 19:10:00
196,before_spike,2026-09-08 16:15:00+00:00,4408.51,4410.8,4405.67,4407.96,8.0,2026.09.08 19:15:00
196,spike,2026-09-08 16:20:00+00:00,4407.98,4408.92,4403.34,4403.34,8.0,2026.09.08 19:20:00
196,after_spike,2026-09-08 16:25:00+00:00,4403.35,4404.21,4399.16,4400.41,8.0,2026.09.08 19:25:00
196,signal,2026-09-08 16:30:00+00:00,4400.34,4405.69,4398.07,4398.3,11.0,2026.09.08 19:30:00
197,context,2026-09-09 02:15:00+00:00,4352.48,4353.72,4351.95,4353.2,11.0,2026.09.09 05:15:00
197,before_spike,2026-09-09 02:20:00+00:00,4353.21,4354.43,4352.97,4354.04,11.0,2026.09.09 05:20:00
197,spike,2026-09-09 02:25:00+00:00,4354.06,4357.61,4353.76,4357.51,11.0,2026.09.09 05:25:00
197,after_spike,2026-09-09 02:30:00+00:00,4357.53,4359.94,4357.13,4359.05,11.0,2026.09.09 05:30:00
197,signal,2026-09-09 02:35:00+00:00,4359.03,4359.05,4356.85,4357.21,11.0,2026.09.09 05:35:00
198,context,2026-09-09 03:30:00+00:00,4346.57,4347.6,4345.21,4346.09,13.0,2026.09.09 06:30:00
198,before_spike,2026-09-09 03:35:00+00:00,4346.08,4349.0,4343.38,4348.68,11.0,2026.09.09 06:35:00
198,spike,2026-09-09 03:40:00+00:00,4348.67,4354.51,4347.22,4354.51,11.0,2026.09.09 06:40:00
198,after_spike,2026-09-09 03:45:00+00:00,4354.37,4356.47,4352.5,4355.63,11.0,2026.09.09 06:45:00
198,signal,2026-09-09 03:50:00+00:00,4355.64,4360.56,4354.57,4359.36,11.0,2026.09.09 06:50:00
199,context,2026-09-09 08:25:00+00:00,4386.69,4388.38,4385.23,4385.23,11.0,2026.09.09 11:25:00
199,before_spike,2026-09-09 08:30:00+00:00,4385.1,4388.92,4384.31,4387.57,14.0,2026.09.09 11:30:00
199,spike,2026-09-09 08:35:00+00:00,4387.52,4392.58,4386.26,4392.48,15.0,2026.09.09 11:35:00
199,after_spike,2026-09-09 08:40:00+00:00,4392.46,4395.47,4391.69,4395.47,14.0,2026.09.09 11:40:00
199,signal,2026-09-09 08:45:00+00:00,4395.48,4397.24,4392.59,4395.78,15.0,2026.09.09 11:45:00
200,context,2026-09-09 12:40:00+00:00,4398.25,4398.6,4395.42,4396.33,8.0,2026.09.09 15:40:00
200,before_spike,2026-09-09 12:45:00+00:00,4396.34,4396.34,4394.13,4395.05,9.0,2026.09.09 15:45:00
200,spike,2026-09-09 12:50:00+00:00,4395.01,4395.01,4391.04,4391.09,8.0,2026.09.09 15:50:00
200,after_spike,2026-09-09 12:55:00+00:00,4391.05,4391.13,4388.71,4390.78,8.0,2026.09.09 15:55:00
200,signal,2026-09-09 13:00:00+00:00,4390.73,4391.65,4386.28,4390.17,8.0,2026.09.09 16:00:00
201,context,2026-09-09 15:50:00+00:00,4397.36,4399.1,4396.28,4398.56,8.0,2026.09.09 18:50:00
201,before_spike,2026-09-09 15:55:00+00:00,4398.55,4402.25,4398.39,4400.35,8.0,2026.09.09 18:55:00
201,spike,2026-09-09 16:00:00+00:00,4400.16,4408.29,4398.84,4407.23,10.0,2026.09.09 19:00:00
201,after_spike,2026-09-09 16:05:00+00:00,4407.21,4410.52,4406.94,4409.82,10.0,2026.09.09 19:05:00
201,signal,2026-09-09 16:10:00+00:00,4409.81,4413.42,4409.5,4413.08,9.0,2026.09.09 19:10:00
202,context,2026-09-09 16:10:00+00:00,4409.81,4413.42,4409.5,4413.08,9.0,2026.09.09 19:10:00
202,before_spike,2026-09-09 16:15:00+00:00,4413.07,4417.81,4410.65,4417.05,8.0,2026.09.09 19:15:00
202,spike,2026-09-09 16:20:00+00:00,4417.06,4427.81,4414.4,4427.22,10.0,2026.09.09 19:20:00
202,after_spike,2026-09-09 16:25:00+00:00,4427.4,4430.22,4425.14,4429.47,12.0,2026.09.09 19:25:00
202,signal,2026-09-09 16:30:00+00:00,4429.49,4434.08,4428.16,4430.31,13.0,2026.09.09 19:30:00
203,context,2026-09-09 17:50:00+00:00,4420.68,4423.55,4419.34,4419.34,12.0,2026.09.09 20:50:00
203,before_spike,2026-09-09 17:55:00+00:00,4419.37,4420.4,4415.0,4418.68,10.0,2026.09.09 20:55:00
203,spike,2026-09-09 18:00:00+00:00,4418.72,4432.13,4395.05,4395.51,10.0,2026.09.09 21:00:00
203,after_spike,2026-09-09 18:05:00+00:00,4395.27,4398.62,4381.22,4391.93,15.0,2026.09.09 21:05:00
203,signal,2026-09-09 18:10:00+00:00,4391.95,4393.25,4382.96,4390.59,15.0,2026.09.09 21:10:00
204,context,2026-09-09 21:30:00+00:00,4417.91,4418.32,4413.98,4415.06,11.0,2026.09.10 00:30:00
204,before_spike,2026-09-09 21:35:00+00:00,4415.09,4415.74,4413.52,4414.96,11.0,2026.09.10 00:35:00
204,spike,2026-09-09 21:40:00+00:00,4414.97,4416.54,4409.57,4409.84,11.0,2026.09.10 00:40:00
204,after_spike,2026-09-09 21:45:00+00:00,4409.87,4410.11,4406.43,4406.58,10.0,2026.09.10 00:45:00
204,signal,2026-09-09 21:50:00+00:00,4406.56,4407.83,4405.16,4405.56,10.0,2026.09.10 00:50:00
205,context,2026-09-10 06:50:00+00:00,4409.05,4409.05,4406.93,4408.12,11.0,2026.09.10 09:50:00
205,before_spike,2026-09-10 06:55:00+00:00,4408.13,4409.44,4407.88,4409.11,11.0,2026.09.10 09:55:00
205,spike,2026-09-10 07:00:00+00:00,4409.11,4412.94,4409.11,4412.94,15.0,2026.09.10 10:00:00
205,after_spike,2026-09-10 07:05:00+00:00,4412.78,4414.18,4412.42,4413.11,11.0,2026.09.10 10:05:00
205,signal,2026-09-10 07:10:00+00:00,4413.13,4415.52,4412.97,4414.06,11.0,2026.09.10 10:10:00
206,context,2026-09-10 07:25:00+00:00,4413.88,4414.76,4410.71,4411.75,11.0,2026.09.10 10:25:00
206,before_spike,2026-09-10 07:30:00+00:00,4411.82,4413.71,4410.71,4411.07,11.0,2026.09.10 10:30:00
206,spike,2026-09-10 07:35:00+00:00,4411.12,4411.31,4407.76,4408.25,11.0,2026.09.10 10:35:00
206,after_spike,2026-09-10 07:40:00+00:00,4408.24,4408.69,4405.69,4406.8,13.0,2026.09.10 10:40:00
206,signal,2026-09-10 07:45:00+00:00,4406.66,4409.51,4406.38,4409.51,11.0,2026.09.10 10:45:00
207,context,2026-09-10 11:20:00+00:00,4406.33,4407.69,4405.44,4406.38,8.0,2026.09.10 14:20:00
207,before_spike,2026-09-10 11:25:00+00:00,4406.36,4406.39,4403.98,4405.66,8.0,2026.09.10 14:25:00
207,spike,2026-09-10 11:30:00+00:00,4405.75,4405.97,4399.92,4399.97,12.0,2026.09.10 14:30:00
207,after_spike,2026-09-10 11:35:00+00:00,4399.96,4401.61,4398.71,4399.74,8.0,2026.09.10 14:35:00
207,signal,2026-09-10 11:40:00+00:00,4399.77,4400.49,4394.92,4395.92,8.0,2026.09.10 14:40:00
208,context,2026-09-10 15:20:00+00:00,4371.95,4373.75,4365.86,4367.47,10.0,2026.09.10 18:20:00
208,before_spike,2026-09-10 15:25:00+00:00,4367.45,4368.19,4361.92,4363.42,8.0,2026.09.10 18:25:00
208,spike,2026-09-10 15:30:00+00:00,4363.93,4372.31,4340.39,4342.04,8.0,2026.09.10 18:30:00
208,after_spike,2026-09-10 15:35:00+00:00,4342.21,4343.04,4324.0,4327.71,15.0,2026.09.10 18:35:00
208,signal,2026-09-10 15:40:00+00:00,4327.8,4343.85,4324.43,4341.59,14.0,2026.09.10 18:40:00
209,context,2026-09-10 20:55:00+00:00,4359.66,4359.79,4351.23,4352.64,9.0,2026.09.10 23:55:00
209,before_spike,2026-09-10 21:00:00+00:00,4352.82,4356.03,4348.75,4351.06,15.0,2026.09.11 00:00:00
209,spike,2026-09-10 21:05:00+00:00,4350.92,4350.93,4342.12,4343.3,15.0,2026.09.11 00:05:00
209,after_spike,2026-09-10 21:10:00+00:00,4343.0,4343.85,4340.44,4340.89,15.0,2026.09.11 00:10:00
209,signal,2026-09-10 21:15:00+00:00,4340.86,4344.94,4339.48,4342.23,13.0,2026.09.11 00:15:00
210,context,2026-09-10 23:50:00+00:00,4315.5,4317.84,4314.59,4316.98,19.0,2026.09.11 02:50:00
210,before_spike,2026-09-10 23:55:00+00:00,4317.03,4318.93,4316.24,4317.06,19.0,2026.09.11 02:55:00
210,spike,2026-09-11 01:00:00+00:00,4320.89,4324.61,4316.94,4322.21,19.0,2026.09.11 04:00:00
210,after_spike,2026-09-11 01:05:00+00:00,4322.22,4323.58,4320.89,4322.92,23.0,2026.09.11 04:05:00
210,signal,2026-09-11 01:10:00+00:00,4322.95,4322.95,4320.94,4321.28,23.0,2026.09.11 04:10:00
211,context,2026-09-11 06:55:00+00:00,4304.05,4307.04,4302.48,4303.83,11.0,2026.09.11 09:55:00
211,before_spike,2026-09-11 07:00:00+00:00,4303.93,4309.3,4301.97,4308.73,17.0,2026.09.11 10:00:00
211,spike,2026-09-11 07:05:00+00:00,4308.95,4318.64,4308.65,4318.22,11.0,2026.09.11 10:05:00
211,after_spike,2026-09-11 07:10:00+00:00,4318.2,4324.98,4318.19,4321.53,16.0,2026.09.11 10:10:00
211,signal,2026-09-11 07:15:00+00:00,4321.54,4321.99,4319.52,4320.78,11.0,2026.09.11 10:15:00
212,context,2026-09-11 17:55:00+00:00,4377.93,4378.5,4370.65,4370.84,9.0,2026.09.11 20:55:00
212,before_spike,2026-09-11 18:00:00+00:00,4370.85,4372.69,4366.63,4370.74,9.0,2026.09.11 21:00:00
212,spike,2026-09-11 18:05:00+00:00,4370.75,4370.75,4361.62,4363.27,11.0,2026.09.11 21:05:00
212,after_spike,2026-09-11 18:10:00+00:00,4363.29,4363.78,4359.28,4362.18,11.0,2026.09.11 21:10:00
212,signal,2026-09-11 18:15:00+00:00,4362.46,4366.32,4361.51,4362.26,10.0,2026.09.11 21:15:00
213,context,2026-09-11 18:15:00+00:00,4362.46,4366.32,4361.51,4362.26,10.0,2026.09.11 21:15:00
213,before_spike,2026-09-11 18:20:00+00:00,4362.3,4367.93,4362.28,4365.52,9.0,2026.09.11 21:20:00
213,spike,2026-09-11 18:25:00+00:00,4365.5,4372.34,4365.25,4370.53,11.0,2026.09.11 21:25:00
213,after_spike,2026-09-11 18:30:00+00:00,4370.57,4375.52,4369.1,4373.21,12.0,2026.09.11 21:30:00
213,signal,2026-09-11 18:35:00+00:00,4373.05,4377.12,4370.78,4374.4,8.0,2026.09.11 21:35:00
214,context,2026-09-11 22:45:00+00:00,4346.59,4346.71,4343.43,4343.47,9.0,2026.09.12 01:45:00
214,before_spike,2026-09-11 22:50:00+00:00,4343.44,4346.21,4343.25,4345.66,8.0,2026.09.12 01:50:00
214,spike,2026-09-11 22:55:00+00:00,4345.7,4349.89,4345.42,4349.25,9.0,2026.09.12 01:55:00
214,after_spike,2026-09-11 23:00:00+00:00,4348.95,4351.91,4348.63,4349.32,8.0,2026.09.12 02:00:00
214,signal,2026-09-11 23:05:00+00:00,4349.29,4351.13,4349.12,4350.69,8.0,2026.09.12 02:05:00
215,context,2026-09-14 10:40:00+00:00,4316.9,4319.46,4316.7,4319.19,8.0,2026.09.14 13:40:00
215,before_spike,2026-09-14 10:45:00+00:00,4319.31,4321.95,4315.96,4317.9,9.0,2026.09.14 13:45:00
215,spike,2026-09-14 10:50:00+00:00,4317.83,4319.6,4310.9,4311.4,8.0,2026.09.14 13:50:00
215,after_spike,2026-09-14 10:55:00+00:00,4311.35,4312.51,4308.02,4310.85,8.0,2026.09.14 13:55:00
215,signal,2026-09-14 11:00:00+00:00,4310.87,4316.81,4310.82,4314.64,8.0,2026.09.14 14:00:00
216,context,2026-09-14 12:05:00+00:00,4309.1,4311.05,4308.14,4310.35,8.0,2026.09.14 15:05:00
216,before_spike,2026-09-14 12:10:00+00:00,4310.31,4310.35,4305.04,4305.87,8.0,2026.09.14 15:10:00
216,spike,2026-09-14 12:15:00+00:00,4305.78,4306.0,4287.09,4292.51,8.0,2026.09.14 15:15:00
216,after_spike,2026-09-14 12:20:00+00:00,4292.67,4292.96,4286.2,4287.73,14.0,2026.09.14 15:20:00
216,signal,2026-09-14 12:25:00+00:00,4287.67,4288.4,4280.56,4287.99,14.0,2026.09.14 15:25:00
217,context,2026-09-14 14:55:00+00:00,4287.55,4288.28,4284.36,4287.01,8.0,2026.09.14 17:55:00
217,before_spike,2026-09-14 15:00:00+00:00,4287.1,4290.19,4285.1,4287.18,15.0,2026.09.14 18:00:00
217,spike,2026-09-14 15:05:00+00:00,4287.17,4294.27,4286.08,4293.62,15.0,2026.09.14 18:05:00
217,after_spike,2026-09-14 15:10:00+00:00,4293.63,4296.71,4292.1,4294.64,14.0,2026.09.14 18:10:00
217,signal,2026-09-14 15:15:00+00:00,4294.71,4297.51,4289.98,4290.39,14.0,2026.09.14 18:15:00
218,context,2026-09-14 17:30:00+00:00,4270.04,4271.48,4266.79,4271.42,8.0,2026.09.14 20:30:00
218,before_spike,2026-09-14 17:35:00+00:00,4271.43,4272.23,4267.94,4271.46,11.0,2026.09.14 20:35:00
218,spike,2026-09-14 17:40:00+00:00,4271.45,4277.09,4269.15,4276.85,8.0,2026.09.14 20:40:00
218,after_spike,2026-09-14 17:45:00+00:00,4276.82,4279.44,4276.48,4278.39,8.0,2026.09.14 20:45:00
218,signal,2026-09-14 17:50:00+00:00,4278.42,4279.18,4274.06,4276.35,11.0,2026.09.14 20:50:00
219,context,2026-09-14 18:20:00+00:00,4276.11,4279.48,4274.32,4279.37,13.0,2026.09.14 21:20:00
219,before_spike,2026-09-14 18:25:00+00:00,4279.4,4284.69,4278.24,4283.63,13.0,2026.09.14 21:25:00
219,spike,2026-09-14 18:30:00+00:00,4283.21,4294.36,4282.85,4293.92,15.0,2026.09.14 21:30:00
219,after_spike,2026-09-14 18:35:00+00:00,4293.94,4297.56,4289.84,4297.3,11.0,2026.09.14 21:35:00
219,signal,2026-09-14 18:40:00+00:00,4297.41,4298.08,4293.06,4294.33,11.0,2026.09.14 21:40:00
220,context,2026-09-14 19:35:00+00:00,4300.31,4302.53,4299.28,4302.12,8.0,2026.09.14 22:35:00
220,before_spike,2026-09-14 19:40:00+00:00,4302.36,4307.62,4301.95,4306.11,8.0,2026.09.14 22:40:00
220,spike,2026-09-14 19:45:00+00:00,4306.1,4315.36,4304.82,4313.96,11.0,2026.09.14 22:45:00
220,after_spike,2026-09-14 19:50:00+00:00,4313.94,4317.74,4312.43,4316.71,15.0,2026.09.14 22:50:00
220,signal,2026-09-14 19:55:00+00:00,4316.82,4317.51,4314.8,4315.85,9.0,2026.09.14 22:55:00
221,context,2026-09-14 22:20:00+00:00,4301.78,4302.28,4295.95,4297.37,15.0,2026.09.15 01:20:00
221,before_spike,2026-09-14 22:25:00+00:00,4297.26,4298.52,4296.43,4296.46,8.0,2026.09.15 01:25:00
221,spike,2026-09-14 22:30:00+00:00,4296.45,4297.38,4292.9,4293.15,8.0,2026.09.15 01:30:00
221,after_spike,2026-09-14 22:35:00+00:00,4293.25,4294.63,4291.93,4292.04,15.0,2026.09.15 01:35:00
221,signal,2026-09-14 22:40:00+00:00,4292.07,4292.31,4290.59,4291.96,8.0,2026.09.15 01:40:00
222,context,2026-09-14 22:35:00+00:00,4293.25,4294.63,4291.93,4292.04,15.0,2026.09.15 01:35:00
222,before_spike,2026-09-14 22:40:00+00:00,4292.07,4292.31,4290.59,4291.96,8.0,2026.09.15 01:40:00
222,spike,2026-09-14 22:45:00+00:00,4291.91,4291.92,4287.86,4287.88,8.0,2026.09.15 01:45:00
222,after_spike,2026-09-14 22:50:00+00:00,4287.87,4288.02,4284.88,4286.46,13.0,2026.09.15 01:50:00
222,signal,2026-09-14 22:55:00+00:00,4286.51,4286.76,4282.98,4284.41,15.0,2026.09.15 01:55:00
223,context,2026-09-14 23:05:00+00:00,4284.65,4286.62,4284.61,4285.79,8.0,2026.09.15 02:05:00
223,before_spike,2026-09-14 23:10:00+00:00,4285.88,4288.51,4285.64,4287.81,8.0,2026.09.15 02:10:00
223,spike,2026-09-14 23:15:00+00:00,4288.0,4293.34,4287.99,4293.27,8.0,2026.09.15 02:15:00
223,after_spike,2026-09-14 23:20:00+00:00,4293.58,4295.99,4293.45,4295.83,11.0,2026.09.15 02:20:00
223,signal,2026-09-14 23:25:00+00:00,4295.88,4298.31,4295.85,4296.71,8.0,2026.09.15 02:25:00
224,context,2026-09-15 06:35:00+00:00,4312.87,4313.52,4309.05,4309.12,13.0,2026.09.15 09:35:00
224,before_spike,2026-09-15 06:40:00+00:00,4309.13,4310.16,4308.14,4308.68,13.0,2026.09.15 09:40:00
224,spike,2026-09-15 06:45:00+00:00,4308.66,4310.04,4305.6,4305.65,13.0,2026.09.15 09:45:00
224,after_spike,2026-09-15 06:50:00+00:00,4305.66,4306.06,4303.94,4304.21,13.0,2026.09.15 09:50:00
224,signal,2026-09-15 06:55:00+00:00,4304.19,4304.92,4303.36,4303.59,13.0,2026.09.15 09:55:00
225,context,2026-09-15 10:25:00+00:00,4288.83,4292.23,4287.69,4291.93,8.0,2026.09.15 13:25:00
225,before_spike,2026-09-15 10:30:00+00:00,4291.95,4292.82,4290.09,4290.43,8.0,2026.09.15 13:30:00
225,spike,2026-09-15 10:35:00+00:00,4290.39,4290.39,4285.0,4285.72,8.0,2026.09.15 13:35:00
225,after_spike,2026-09-15 10:40:00+00:00,4285.67,4286.64,4280.91,4283.86,8.0,2026.09.15 13:40:00
225,signal,2026-09-15 10:45:00+00:00,4283.8,4289.76,4283.63,4284.83,14.0,2026.09.15 13:45:00
226,context,2026-09-15 15:35:00+00:00,4282.93,4286.12,4279.05,4279.32,14.0,2026.09.15 18:35:00
226,before_spike,2026-09-15 15:40:00+00:00,4279.37,4281.49,4277.95,4281.19,9.0,2026.09.15 18:40:00
226,spike,2026-09-15 15:45:00+00:00,4281.27,4291.04,4281.13,4290.54,8.0,2026.09.15 18:45:00
226,after_spike,2026-09-15 15:50:00+00:00,4290.45,4294.03,4287.45,4293.51,14.0,2026.09.15 18:50:00
226,signal,2026-09-15 15:55:00+00:00,4293.58,4295.8,4285.41,4290.65,14.0,2026.09.15 18:55:00
227,context,2026-09-15 16:35:00+00:00,4286.68,4294.1,4286.36,4286.42,9.0,2026.09.15 19:35:00
227,before_spike,2026-09-15 16:40:00+00:00,4286.52,4290.75,4285.3,4289.72,9.0,2026.09.15 19:40:00
227,spike,2026-09-15 16:45:00+00:00,4289.57,4295.62,4288.35,4294.76,8.0,2026.09.15 19:45:00
227,after_spike,2026-09-15 16:50:00+00:00,4294.9,4297.08,4292.1,4295.6,13.0,2026.09.15 19:50:00
227,signal,2026-09-15 16:55:00+00:00,4295.57,4298.42,4294.65,4294.84,8.0,2026.09.15 19:55:00
228,context,2026-09-15 18:25:00+00:00,4286.19,4286.95,4284.07,4284.62,9.0,2026.09.15 21:25:00
228,before_spike,2026-09-15 18:30:00+00:00,4284.8,4286.42,4282.34,4285.78,13.0,2026.09.15 21:30:00
228,spike,2026-09-15 18:35:00+00:00,4286.24,4288.75,4284.79,4288.48,11.0,2026.09.15 21:35:00
228,after_spike,2026-09-15 18:40:00+00:00,4288.47,4291.16,4288.04,4288.57,8.0,2026.09.15 21:40:00
228,signal,2026-09-15 18:45:00+00:00,4288.58,4289.23,4285.03,4286.68,8.0,2026.09.15 21:45:00
229,context,2026-09-15 21:00:00+00:00,4294.95,4296.06,4292.98,4295.23,8.0,2026.09.16 00:00:00
229,before_spike,2026-09-15 21:05:00+00:00,4295.16,4299.02,4294.84,4297.01,15.0,2026.09.16 00:05:00
229,spike,2026-09-15 21:10:00+00:00,4297.0,4304.55,4296.56,4302.55,13.0,2026.09.16 00:10:00
229,after_spike,2026-09-15 21:15:00+00:00,4302.73,4307.09,4302.41,4305.67,15.0,2026.09.16 00:15:00
229,signal,2026-09-15 21:20:00+00:00,4305.7,4305.83,4303.92,4305.23,13.0,2026.09.16 00:20:00
230,context,2026-09-16 03:20:00+00:00,4285.54,4286.31,4283.4,4285.29,11.0,2026.09.16 06:20:00
230,before_spike,2026-09-16 03:25:00+00:00,4285.21,4285.21,4283.24,4284.12,11.0,2026.09.16 06:25:00
230,spike,2026-09-16 03:30:00+00:00,4284.08,4284.75,4279.97,4281.55,13.0,2026.09.16 06:30:00
230,after_spike,2026-09-16 03:35:00+00:00,4281.55,4281.71,4279.74,4281.24,11.0,2026.09.16 06:35:00
230,signal,2026-09-16 03:40:00+00:00,4281.24,4285.7,4280.81,4283.73,11.0,2026.09.16 06:40:00
231,context,2026-09-16 03:40:00+00:00,4281.24,4285.7,4280.81,4283.73,11.0,2026.09.16 06:40:00
231,before_spike,2026-09-16 03:45:00+00:00,4283.68,4285.14,4282.44,4282.93,15.0,2026.09.16 06:45:00
231,spike,2026-09-16 03:50:00+00:00,4282.71,4282.72,4278.08,4278.08,12.0,2026.09.16 06:50:00
231,after_spike,2026-09-16 03:55:00+00:00,4278.04,4278.47,4275.53,4277.46,16.0,2026.09.16 06:55:00
231,signal,2026-09-16 04:00:00+00:00,4277.44,4284.82,4276.84,4279.93,17.0,2026.09.16 07:00:00
232,context,2026-09-16 04:00:00+00:00,4277.44,4284.82,4276.84,4279.93,17.0,2026.09.16 07:00:00
232,before_spike,2026-09-16 04:05:00+00:00,4279.88,4282.51,4278.27,4281.42,15.0,2026.09.16 07:05:00
232,spike,2026-09-16 04:10:00+00:00,4281.26,4287.78,4279.19,4287.19,15.0,2026.09.16 07:10:00
232,after_spike,2026-09-16 04:15:00+00:00,4287.21,4290.01,4284.58,4287.34,15.0,2026.09.16 07:15:00
232,signal,2026-09-16 04:20:00+00:00,4287.37,4290.58,4287.34,4290.33,16.0,2026.09.16 07:20:00
233,context,2026-09-16 05:20:00+00:00,4291.67,4295.73,4290.97,4295.7,11.0,2026.09.16 08:20:00
233,before_spike,2026-09-16 05:25:00+00:00,4295.68,4300.67,4295.42,4298.93,11.0,2026.09.16 08:25:00
233,spike,2026-09-16 05:30:00+00:00,4298.96,4311.42,4298.69,4310.15,14.0,2026.09.16 08:30:00
233,after_spike,2026-09-16 05:35:00+00:00,4310.1,4316.01,4309.26,4311.1,16.0,2026.09.16 08:35:00
233,signal,2026-09-16 05:40:00+00:00,4311.12,4313.96,4310.64,4311.03,16.0,2026.09.16 08:40:00
234,context,2026-09-16 09:45:00+00:00,4327.97,4328.31,4325.38,4327.91,8.0,2026.09.16 12:45:00
234,before_spike,2026-09-16 09:50:00+00:00,4328.01,4330.76,4326.79,4328.2,8.0,2026.09.16 12:50:00
234,spike,2026-09-16 09:55:00+00:00,4328.18,4333.12,4328.18,4332.95,8.0,2026.09.16 12:55:00
234,after_spike,2026-09-16 10:00:00+00:00,4332.96,4335.85,4332.1,4334.72,8.0,2026.09.16 13:00:00
234,signal,2026-09-16 10:05:00+00:00,4334.63,4334.63,4330.12,4333.4,8.0,2026.09.16 13:05:00
235,context,2026-09-16 11:05:00+00:00,4326.15,4326.44,4323.95,4325.09,8.0,2026.09.16 14:05:00
235,before_spike,2026-09-16 11:10:00+00:00,4325.06,4327.96,4323.08,4327.51,8.0,2026.09.16 14:10:00
235,spike,2026-09-16 11:15:00+00:00,4327.51,4334.68,4326.7,4332.49,10.0,2026.09.16 14:15:00
235,after_spike,2026-09-16 11:20:00+00:00,4332.43,4337.7,4331.17,4334.83,10.0,2026.09.16 14:20:00
235,signal,2026-09-16 11:25:00+00:00,4334.82,4335.17,4333.15,4334.12,9.0,2026.09.16 14:25:00
236,context,2026-09-16 21:40:00+00:00,4290.45,4310.83,4285.18,4301.33,8.0,2026.09.17 00:40:00
236,before_spike,2026-09-16 21:45:00+00:00,4301.21,4307.53,4291.64,4293.66,10.0,2026.09.17 00:45:00
236,spike,2026-09-16 21:50:00+00:00,4293.65,4296.0,4264.4,4265.6,10.0,2026.09.17 00:50:00
236,after_spike,2026-09-16 21:55:00+00:00,4265.55,4272.91,4257.53,4260.9,10.0,2026.09.17 00:55:00
236,signal,2026-09-16 22:00:00+00:00,4261.08,4287.15,4260.45,4273.26,14.0,2026.09.17 01:00:00
