time,open,high,low,close,tick_volume,spread,real_volume
2026-04-17 03:00:00+00:00,4791.92,4791.92,4785.88,4790.12,3920,8,0
2026-04-17 03:15:00+00:00,4790.11,4793.03,4787.58,4793.0,3623,10,0
2026-04-17 03:30:00+00:00,4792.99,4798.55,4792.55,4798.44,3509,10,0
2026-04-17 03:45:00+00:00,4798.69,4801.31,4793.89,4794.97,3379,8,0
2026-04-17 04:00:00+00:00,4794.98,4795.67,4769.4,4779.11,6207,8,0
2026-04-17 04:15:00+00:00,4779.09,4785.19,4767.77,4768.76,5998,8,0
2026-04-17 04:30:00+00:00,4768.75,4777.83,4767.72,4777.78,5684,8,0
2026-04-17 04:45:00+00:00,4777.79,4791.58,4775.41,4789.6,5154,8,0
2026-04-17 05:00:00+00:00,4789.58,4794.46,4788.38,4791.42,4545,8,0
2026-04-17 05:15:00+00:00,4791.5,4792.06,4788.53,4789.17,2369,8,0
2026-04-17 05:30:00+00:00,4789.18,4794.91,4788.52,4791.56,4161,10,0
2026-04-17 05:45:00+00:00,4791.57,4793.59,4784.4,4784.62,3651,8,0
2026-04-17 06:00:00+00:00,4784.5,4797.87,4784.47,4796.05,4621,8,0
2026-04-17 06:15:00+00:00,4796.02,4798.28,4792.94,4794.14,4074,8,0
2026-04-17 06:30:00+00:00,4794.07,4795.23,4791.95,4794.32,2287,8,0
2026-04-17 06:45:00+00:00,4794.33,4796.74,4792.89,4793.3,1885,8,0
2026-04-17 07:00:00+00:00,4793.27,4796.36,4792.69,4795.44,1822,8,0
2026-04-17 07:15:00+00:00,4795.46,4796.3,4793.77,4796.11,1572,10,0
2026-04-17 07:30:00+00:00,4796.18,4801.46,4795.46,4801.1,1724,8,0
2026-04-17 07:45:00+00:00,4801.11,4804.59,4798.62,4803.13,1985,8,0
2026-04-17 08:00:00+00:00,4803.05,4806.26,4799.75,4805.02,2828,8,0
2026-04-17 08:15:00+00:00,4805.0,4805.39,4801.54,4803.51,2129,10,0
2026-04-17 08:30:00+00:00,4803.63,4805.43,4795.69,4796.51,4244,10,0
2026-04-17 08:45:00+00:00,4796.64,4800.53,4793.74,4794.22,4063,8,0
2026-04-17 09:00:00+00:00,4794.21,4795.27,4786.83,4787.64,4544,8,0
2026-04-17 09:15:00+00:00,4787.63,4789.87,4783.27,4783.83,3984,8,0
2026-04-17 09:30:00+00:00,4783.81,4787.12,4779.19,4785.45,4506,8,0
2026-04-17 09:45:00+00:00,4785.54,4787.24,4783.98,4785.1,4025,8,0
2026-04-17 10:00:00+00:00,4785.12,4791.12,4784.19,4787.23,3707,8,0
2026-04-17 10:15:00+00:00,4787.26,4793.0,4784.74,4791.74,2802,8,0
2026-04-17 10:30:00+00:00,4791.73,4794.77,4782.49,4785.92,2949,8,0
2026-04-17 10:45:00+00:00,4785.9,4786.23,4778.74,4784.32,3608,8,0
2026-04-17 11:00:00+00:00,4784.36,4791.12,4780.78,4783.55,3211,8,0
2026-04-17 11:15:00+00:00,4783.56,4787.21,4782.64,4784.4,2746,8,0
2026-04-17 11:30:00+00:00,4784.41,4796.86,4784.36,4796.85,2743,8,0
2026-04-17 11:45:00+00:00,4796.75,4796.86,4791.0,4795.89,3307,8,0
2026-04-17 12:00:00+00:00,4795.91,4800.91,4792.69,4793.06,2854,8,0
2026-04-17 12:15:00+00:00,4793.08,4798.45,4791.98,4795.92,2795,8,0
2026-04-17 12:30:00+00:00,4795.96,4799.18,4794.13,4794.73,2524,8,0
2026-04-17 12:45:00+00:00,4794.8,4795.29,4790.03,4790.35,2798,8,0
2026-04-17 13:00:00+00:00,4790.36,4792.12,4787.12,4791.33,3054,8,0
2026-04-17 13:15:00+00:00,4791.32,4794.01,4788.63,4789.51,2606,8,0
2026-04-17 13:30:00+00:00,4789.53,4789.86,4782.42,4784.96,2729,8,0
2026-04-17 13:45:00+00:00,4785.0,4788.28,4782.23,4787.38,3163,8,0
2026-04-17 14:00:00+00:00,4787.39,4789.79,4783.57,4786.41,2030,8,0
2026-04-17 14:15:00+00:00,4786.38,4793.4,4784.61,4793.0,1803,8,0
2026-04-17 14:30:00+00:00,4793.03,4798.75,4789.76,4798.66,2272,8,0
2026-04-17 14:45:00+00:00,4798.81,4811.8,4798.65,4799.12,3978,8,0
2026-04-17 15:00:00+00:00,4799.08,4805.58,4797.71,4803.86,3534,8,0
2026-04-17 15:15:00+00:00,4803.85,4819.69,4803.13,4816.86,4559,8,0
2026-04-17 15:30:00+00:00,4817.21,4825.14,4815.28,4823.43,4804,8,0
2026-04-17 15:45:00+00:00,4823.42,4847.74,4821.65,4846.49,7658,8,0
2026-04-17 16:00:00+00:00,4846.58,4889.53,4835.0,4883.2,7802,8,0
2026-04-17 16:15:00+00:00,4883.21,4883.81,4850.52,4851.62,7764,8,0
2026-04-17 16:30:00+00:00,4851.6,4873.53,4848.45,4864.55,7910,8,0
2026-04-17 16:45:00+00:00,4864.47,4882.17,4851.86,4880.34,7720,8,0
2026-04-17 17:00:00+00:00,4880.46,4885.64,4860.89,4867.23,7218,8,0
2026-04-17 17:15:00+00:00,4867.21,4880.51,4866.94,4871.44,7059,8,0
2026-04-17 17:30:00+00:00,4871.39,4883.14,4869.34,4877.44,6427,8,0
2026-04-17 17:45:00+00:00,4877.5,4881.36,4869.6,4873.0,6465,8,0
2026-04-17 18:00:00+00:00,4873.04,4880.6,4862.39,4867.02,6733,8,0
2026-04-17 18:15:00+00:00,4867.76,4874.58,4862.99,4865.97,7112,8,0
2026-04-17 18:30:00+00:00,4865.88,4874.19,4854.89,4858.9,6634,8,0
2026-04-17 18:45:00+00:00,4858.74,4871.86,4857.98,4867.45,6531,8,0
2026-04-17 19:00:00+00:00,4867.46,4873.36,4863.58,4871.47,6152,8,0
2026-04-17 19:15:00+00:00,4871.48,4873.51,4867.66,4867.85,5379,8,0
2026-04-17 19:30:00+00:00,4867.77,4872.95,4867.55,4868.43,5057,8,0
2026-04-17 19:45:00+00:00,4868.39,4868.96,4865.0,4866.94,4915,8,0
2026-04-17 20:00:00+00:00,4866.92,4869.51,4857.67,4862.79,6316,8,0
2026-04-17 20:15:00+00:00,4862.8,4865.07,4853.72,4858.6,6614,8,0
2026-04-17 20:30:00+00:00,4858.45,4863.1,4854.1,4855.15,6158,8,0
2026-04-17 20:45:00+00:00,4855.08,4863.54,4854.94,4862.72,5413,8,0
2026-04-17 21:00:00+00:00,4862.74,4866.43,4860.29,4861.1,5297,8,0
2026-04-17 21:15:00+00:00,4861.02,4868.12,4858.91,4860.72,5592,10,0
2026-04-17 21:30:00+00:00,4860.73,4866.73,4860.31,4862.49,4506,8,0
2026-04-17 21:45:00+00:00,4862.38,4863.2,4855.88,4858.29,5124,10,0
2026-04-17 22:00:00+00:00,4858.32,4858.9,4853.73,4856.55,4512,8,0
2026-04-17 22:15:00+00:00,4856.57,4858.14,4854.24,4856.9,5137,8,0
2026-04-17 22:30:00+00:00,4856.84,4861.33,4855.93,4860.28,4525,8,0
2026-04-17 22:45:00+00:00,4859.89,4860.14,4852.73,4854.56,5284,8,0
2026-04-17 23:00:00+00:00,4854.49,4855.21,4844.6,4845.94,3543,8,0
2026-04-17 23:15:00+00:00,4845.95,4851.98,4844.63,4845.88,2755,10,0
2026-04-17 23:30:00+00:00,4845.89,4847.04,4834.1,4835.69,3346,8,0
2026-04-17 23:45:00+00:00,4835.71,4837.56,4830.78,4831.83,2574,8,0
2026-04-20 01:00:00+00:00,4792.61,4794.76,4759.08,4790.22,4897,20,0
2026-04-20 01:15:00+00:00,4790.26,4795.13,4783.95,4785.18,3480,32,0
2026-04-20 01:30:00+00:00,4785.21,4790.73,4779.44,4780.59,3324,12,0
2026-04-20 01:45:00+00:00,4780.56,4786.95,4778.04,4779.32,3120,10,0
2026-04-20 02:00:00+00:00,4779.35,4779.48,4772.03,4772.52,3765,10,0
2026-04-20 02:15:00+00:00,4772.51,4775.97,4768.06,4769.11,3474,10,0
2026-04-20 02:30:00+00:00,4769.14,4773.48,4745.85,4751.38,4804,10,0
2026-04-20 02:45:00+00:00,4751.55,4755.48,4737.16,4755.09,5232,10,0
2026-04-20 03:00:00+00:00,4755.18,4755.36,4745.07,4752.2,5484,10,0
2026-04-20 03:15:00+00:00,4752.21,4765.78,4751.8,4765.33,4891,10,0
2026-04-20 03:30:00+00:00,4765.34,4768.28,4761.02,4764.36,4414,10,0
2026-04-20 03:45:00+00:00,4764.58,4774.35,4759.57,4772.82,4592,10,0
2026-04-20 04:00:00+00:00,4772.58,4794.49,4771.59,4793.72,6976,10,0
2026-04-20 04:15:00+00:00,4793.76,4803.82,4788.64,4802.75,5932,10,0
2026-04-20 04:30:00+00:00,4802.73,4812.21,4801.43,4807.24,5904,10,0
2026-04-20 04:45:00+00:00,4807.19,4814.39,4805.96,4807.94,4878,10,0
2026-04-20 05:00:00+00:00,4807.98,4809.07,4800.75,4801.11,5273,10,0
2026-04-20 05:15:00+00:00,4801.03,4803.91,4798.38,4800.27,3609,10,0
2026-04-20 05:30:00+00:00,4800.25,4801.99,4794.67,4796.27,5189,10,0
2026-04-20 05:45:00+00:00,4796.26,4797.53,4793.19,4797.31,4426,10,0
2026-04-20 06:00:00+00:00,4797.32,4798.45,4790.54,4791.71,4801,10,0
2026-04-20 06:15:00+00:00,4791.77,4796.0,4788.81,4795.23,4238,10,0
2026-04-20 06:30:00+00:00,4795.22,4796.81,4790.12,4793.55,2797,10,0
2026-04-20 06:45:00+00:00,4793.34,4794.84,4789.22,4791.09,2038,10,0
2026-04-20 07:00:00+00:00,4791.24,4795.75,4790.97,4792.89,2048,12,0
2026-04-20 07:15:00+00:00,4792.9,4795.76,4791.63,4794.68,2092,10,0
2026-04-20 07:30:00+00:00,4794.74,4794.74,4787.33,4787.46,2792,10,0
2026-04-20 07:45:00+00:00,4787.45,4793.29,4787.45,4789.0,2806,10,0
2026-04-20 08:00:00+00:00,4789.01,4792.85,4784.32,4786.35,2972,10,0
2026-04-20 08:15:00+00:00,4786.34,4789.46,4785.21,4787.94,3010,10,0
2026-04-20 08:30:00+00:00,4787.86,4796.21,4779.65,4780.8,5863,8,0
2026-04-20 08:45:00+00:00,4780.84,4793.3,4780.84,4790.84,5323,8,0
2026-04-20 09:00:00+00:00,4790.75,4793.91,4785.53,4790.81,5012,8,0
2026-04-20 09:15:00+00:00,4790.82,4790.87,4783.91,4786.15,4493,8,0
2026-04-20 09:30:00+00:00,4786.05,4792.26,4785.59,4790.16,4728,8,0
2026-04-20 09:45:00+00:00,4790.05,4795.49,4785.53,4795.46,5203,8,0
2026-04-20 10:00:00+00:00,4795.68,4801.67,4793.96,4797.48,5419,8,0
2026-04-20 10:15:00+00:00,4797.35,4805.82,4794.28,4797.82,4538,8,0
2026-04-20 10:30:00+00:00,4797.81,4798.79,4790.06,4797.63,3915,8,0
2026-04-20 10:45:00+00:00,4797.6,4797.63,4786.91,4789.73,4058,8,0
2026-04-20 11:00:00+00:00,4789.39,4791.87,4786.15,4789.49,4331,8,0
2026-04-20 11:15:00+00:00,4789.17,4792.62,4786.53,4792.11,2728,8,0
2026-04-20 11:30:00+00:00,4792.09,4792.58,4788.7,4792.4,2300,8,0
2026-04-20 11:45:00+00:00,4792.36,4796.37,4792.33,4796.31,3278,8,0
2026-04-20 12:00:00+00:00,4796.32,4797.95,4793.47,4795.97,3278,8,0
2026-04-20 12:15:00+00:00,4795.88,4795.93,4791.7,4792.31,2392,8,0
2026-04-20 12:30:00+00:00,4792.33,4794.4,4783.4,4792.04,2998,8,0
2026-04-20 12:45:00+00:00,4792.03,4797.29,4789.22,4791.63,2963,8,0
2026-04-20 13:00:00+00:00,4791.62,4799.62,4789.85,4795.78,2993,8,0
2026-04-20 13:15:00+00:00,4795.81,4801.04,4795.29,4798.34,2186,8,0
2026-04-20 13:30:00+00:00,4798.41,4800.24,4795.21,4795.25,1500,8,0
2026-04-20 13:45:00+00:00,4795.28,4797.13,4794.74,4795.53,1989,8,0
2026-04-20 14:00:00+00:00,4793.95,4794.29,4787.17,4790.05,2294,8,0
2026-04-20 14:15:00+00:00,4790.0,4791.29,4786.86,4788.6,2379,8,0
2026-04-20 14:30:00+00:00,4788.63,4794.86,4787.97,4794.68,2644,8,0
2026-04-20 14:45:00+00:00,4794.74,4811.16,4794.74,4810.76,4136,8,0
2026-04-20 15:00:00+00:00,4810.75,4813.47,4803.15,4811.41,4843,8,0
2026-04-20 15:15:00+00:00,4811.39,4822.48,4804.13,4805.87,4988,8,0
2026-04-20 15:30:00+00:00,4805.83,4809.75,4799.39,4806.38,4032,8,0
2026-04-20 15:45:00+00:00,4806.39,4808.79,4801.29,4803.69,3601,8,0
2026-04-20 16:00:00+00:00,4803.71,4816.64,4799.96,4815.23,6203,8,0
2026-04-20 16:15:00+00:00,4815.3,4825.86,4812.07,4824.41,5211,8,0
2026-04-20 16:30:00+00:00,4824.75,4826.46,4815.87,4822.63,7096,8,0
2026-04-20 16:45:00+00:00,4822.45,4824.31,4817.13,4817.98,6601,8,0
2026-04-20 17:00:00+00:00,4817.96,4818.67,4806.88,4816.34,6571,8,0
2026-04-20 17:15:00+00:00,4816.15,4826.91,4814.33,4823.36,6093,8,0
2026-04-20 17:30:00+00:00,4823.47,4827.63,4810.43,4814.13,6272,8,0
2026-04-20 17:45:00+00:00,4814.13,4814.86,4792.34,4805.22,6668,8,0
2026-04-20 18:00:00+00:00,4805.23,4807.44,4792.75,4798.32,7159,8,0
2026-04-20 18:15:00+00:00,4798.38,4809.54,4794.19,4808.47,6882,8,0
2026-04-20 18:30:00+00:00,4808.33,4809.34,4799.64,4800.35,5484,8,0
2026-04-20 18:45:00+00:00,4800.43,4801.7,4795.39,4799.75,5358,8,0
2026-04-20 19:00:00+00:00,4799.9,4801.62,4794.32,4798.46,4213,8,0
2026-04-20 19:15:00+00:00,4798.45,4801.94,4792.9,4801.28,4462,8,0
2026-04-20 19:30:00+00:00,4801.3,4804.57,4798.88,4801.85,3704,8,0
2026-04-20 19:45:00+00:00,4802.06,4806.52,4801.8,4805.6,3117,8,0
2026-04-20 20:00:00+00:00,4805.59,4810.59,4803.93,4808.81,3473,8,0
2026-04-20 20:15:00+00:00,4808.85,4811.36,4806.37,4810.21,2644,8,0
2026-04-20 20:30:00+00:00,4810.18,4812.1,4805.25,4809.5,4332,8,0
2026-04-20 20:45:00+00:00,4809.55,4809.87,4805.82,4806.79,3181,8,0
2026-04-20 21:00:00+00:00,4806.88,4815.65,4806.88,4815.32,3026,8,0
2026-04-20 21:15:00+00:00,4815.39,4815.41,4811.85,4813.4,3082,8,0
2026-04-20 21:30:00+00:00,4813.38,4815.4,4810.9,4814.32,2356,8,0
2026-04-20 21:45:00+00:00,4814.31,4816.4,4813.03,4814.0,2261,8,0
2026-04-20 22:00:00+00:00,4813.88,4821.22,4813.76,4819.95,1967,8,0
2026-04-20 22:15:00+00:00,4819.96,4820.06,4815.87,4816.77,1554,8,0
2026-04-20 22:30:00+00:00,4816.78,4817.0,4810.14,4811.4,2571,8,0
2026-04-20 22:45:00+00:00,4811.39,4814.09,4811.28,4814.06,2098,8,0
2026-04-20 23:00:00+00:00,4814.09,4816.7,4812.3,4812.81,1128,8,0
2026-04-20 23:15:00+00:00,4813.08,4816.54,4811.65,4815.46,841,8,0
2026-04-20 23:30:00+00:00,4815.57,4816.96,4812.57,4816.22,1744,11,0
2026-04-20 23:45:00+00:00,4816.06,4821.99,4815.87,4820.12,1742,8,0
2026-04-21 01:00:00+00:00,4822.8,4832.5,4820.63,4829.11,3676,10,0
2026-04-21 01:15:00+00:00,4829.12,4833.09,4828.67,4828.91,2401,8,0
2026-04-21 01:30:00+00:00,4828.92,4831.0,4825.25,4830.63,2256,8,0
2026-04-21 01:45:00+00:00,4830.62,4831.76,4825.34,4827.67,2225,10,0
2026-04-21 02:00:00+00:00,4827.57,4831.69,4823.94,4825.79,2357,8,0
2026-04-21 02:15:00+00:00,4825.76,4826.83,4823.78,4825.6,1679,10,0
2026-04-21 02:30:00+00:00,4825.5,4825.5,4822.78,4824.03,1651,10,0
2026-04-21 02:45:00+00:00,4824.06,4824.63,4819.81,4821.84,2089,11,0
2026-04-21 03:00:00+00:00,4821.96,4830.78,4820.24,4828.67,4085,8,0
2026-04-21 03:15:00+00:00,4828.66,4829.26,4819.55,4819.84,3852,8,0
2026-04-21 03:30:00+00:00,4819.86,4824.78,4816.83,4822.66,3490,8,0
2026-04-21 03:45:00+00:00,4822.76,4826.28,4821.57,4824.07,4091,8,0
2026-04-21 04:00:00+00:00,4824.06,4824.62,4813.17,4814.87,5819,8,0
2026-04-21 04:15:00+00:00,4814.9,4818.71,4814.43,4818.69,4386,8,0
2026-04-21 04:30:00+00:00,4818.61,4819.14,4809.26,4813.53,4449,11,0
2026-04-21 04:45:00+00:00,4813.52,4814.13,4805.91,4810.27,3957,8,0
2026-04-21 05:00:00+00:00,4810.29,4810.46,4806.0,4807.35,4061,8,0
2026-04-21 05:15:00+00:00,4807.37,4808.62,4803.51,4807.61,2571,8,0
2026-04-21 05:30:00+00:00,4807.63,4807.74,4802.53,4806.46,4235,8,0
2026-04-21 05:45:00+00:00,4806.51,4808.17,4802.5,4806.93,3803,8,0
2026-04-21 06:00:00+00:00,4806.96,4807.71,4800.38,4800.52,4267,8,0
2026-04-21 06:15:00+00:00,4800.57,4802.33,4793.65,4798.78,3970,8,0
2026-04-21 06:30:00+00:00,4798.77,4799.93,4792.59,4794.97,2351,8,0
2026-04-21 06:45:00+00:00,4794.94,4797.77,4793.8,4797.22,1735,11,0
2026-04-21 07:00:00+00:00,4797.35,4797.9,4793.62,4794.18,1628,8,0
2026-04-21 07:15:00+00:00,4794.17,4796.73,4791.35,4792.25,2257,8,0
2026-04-21 07:30:00+00:00,4792.21,4794.38,4789.61,4791.71,1939,8,0
2026-04-21 07:45:00+00:00,4791.72,4793.46,4788.77,4789.0,1700,8,0
2026-04-21 08:00:00+00:00,4789.09,4793.23,4785.94,4789.68,2957,8,0
2026-04-21 08:15:00+00:00,4789.7,4791.34,4785.98,4787.59,2094,8,0
2026-04-21 08:30:00+00:00,4787.58,4797.13,4786.56,4796.55,4510,8,0
2026-04-21 08:45:00+00:00,4796.54,4796.76,4783.56,4784.15,4673,8,0
2026-04-21 09:00:00+00:00,4784.16,4790.75,4775.53,4785.05,4725,8,0
2026-04-21 09:15:00+00:00,4784.95,4785.92,4775.59,4778.8,4589,8,0
2026-04-21 09:30:00+00:00,4778.86,4782.44,4775.96,4780.4,3922,8,0
2026-04-21 09:45:00+00:00,4780.31,4783.36,4774.66,4778.93,3874,8,0
2026-04-21 10:00:00+00:00,4778.28,4785.82,4772.74,4782.92,4082,8,0
2026-04-21 10:15:00+00:00,4782.91,4787.66,4780.41,4783.43,3194,8,0
2026-04-21 10:30:00+00:00,4783.45,4787.25,4780.96,4786.77,2202,8,0
2026-04-21 10:45:00+00:00,4786.72,4792.73,4784.42,4785.99,2962,8,0
2026-04-21 11:00:00+00:00,4785.91,4787.72,4774.69,4775.94,4446,8,0
2026-04-21 11:15:00+00:00,4775.93,4789.35,4775.27,4787.29,3638,8,0
2026-04-21 11:30:00+00:00,4787.31,4793.0,4784.85,4791.68,3113,8,0
2026-04-21 11:45:00+00:00,4791.66,4792.89,4785.94,4785.96,2571,8,0
2026-04-21 12:00:00+00:00,4785.93,4786.96,4781.35,4784.33,3172,8,0
2026-04-21 12:15:00+00:00,4784.32,4788.01,4781.2,4782.44,2779,8,0
2026-04-21 12:30:00+00:00,4782.35,4787.54,4782.07,4787.3,2610,8,0
2026-04-21 12:45:00+00:00,4787.51,4789.71,4783.37,4783.72,2589,8,0
2026-04-21 13:00:00+00:00,4783.71,4785.98,4782.32,4782.99,2439,8,0
2026-04-21 13:15:00+00:00,4783.1,4784.99,4780.85,4782.99,2166,8,0
2026-04-21 13:30:00+00:00,4783.12,4787.98,4782.73,4786.26,1738,8,0
2026-04-21 13:45:00+00:00,4786.27,4790.46,4786.14,4789.82,1773,8,0
2026-04-21 14:00:00+00:00,4789.83,4790.37,4775.29,4781.81,3485,8,0
2026-04-21 14:15:00+00:00,4781.83,4784.5,4779.2,4783.51,2990,8,0
2026-04-21 14:30:00+00:00,4783.46,4795.06,4783.21,4793.06,2989,8,0
2026-04-21 14:45:00+00:00,4793.18,4798.1,4791.89,4794.64,3163,8,0
2026-04-21 15:00:00+00:00,4794.63,4797.02,4790.94,4791.2,3454,8,0
2026-04-21 15:15:00+00:00,4791.12,4791.72,4779.19,4780.72,4670,8,0
2026-04-21 15:30:00+00:00,4780.67,4790.45,4766.58,4778.82,5132,8,0
2026-04-21 15:45:00+00:00,4778.92,4783.15,4776.31,4778.92,5161,8,0
2026-04-21 16:00:00+00:00,4778.91,4783.92,4764.72,4765.2,6362,8,0
2026-04-21 16:15:00+00:00,4765.17,4775.41,4761.64,4774.39,6012,8,0
2026-04-21 16:30:00+00:00,4774.43,4792.82,4770.19,4789.14,7389,8,0
2026-04-21 16:45:00+00:00,4789.09,4794.42,4777.3,4779.07,6164,8,0
2026-04-21 17:00:00+00:00,4779.11,4782.55,4773.35,4778.55,6255,8,0
2026-04-21 17:15:00+00:00,4778.62,4780.67,4769.78,4774.13,6065,8,0
2026-04-21 17:30:00+00:00,4774.11,4775.04,4743.58,4744.68,7327,8,0
2026-04-21 17:45:00+00:00,4744.85,4745.25,4723.58,4739.13,8050,8,0
2026-04-21 18:00:00+00:00,4739.16,4750.83,4727.54,4748.13,7840,8,0
2026-04-21 18:15:00+00:00,4748.14,4757.58,4742.58,4743.16,7431,8,0
2026-04-21 18:30:00+00:00,4743.16,4747.36,4737.39,4745.41,6623,8,0
2026-04-21 18:45:00+00:00,4745.4,4749.77,4738.35,4741.78,6196,8,0
2026-04-21 19:00:00+00:00,4741.77,4746.93,4727.25,4730.53,6068,8,0
2026-04-21 19:15:00+00:00,4730.63,4734.44,4720.26,4721.08,5889,8,0
2026-04-21 19:30:00+00:00,4721.15,4727.99,4719.99,4721.25,5834,8,0
2026-04-21 19:45:00+00:00,4721.22,4723.13,4708.23,4711.07,5758,8,0
2026-04-21 20:00:00+00:00,4711.17,4718.2,4700.61,4705.94,6611,8,0
2026-04-21 20:15:00+00:00,4705.93,4708.12,4697.14,4699.62,6747,8,0
2026-04-21 20:30:00+00:00,4699.58,4721.68,4696.36,4717.52,6620,8,0
2026-04-21 20:45:00+00:00,4717.41,4718.22,4705.3,4710.44,5785,8,0
2026-04-21 21:00:00+00:00,4710.43,4714.13,4703.28,4703.98,5481,8,0
2026-04-21 21:15:00+00:00,4703.97,4704.46,4691.71,4695.77,6014,8,0
2026-04-21 21:30:00+00:00,4695.89,4702.95,4695.89,4702.41,4191,8,0
2026-04-21 21:45:00+00:00,4702.4,4713.93,4698.42,4709.28,5254,8,0
2026-04-21 22:00:00+00:00,4709.27,4712.87,4704.34,4707.35,6592,8,0
2026-04-21 22:15:00+00:00,4707.33,4715.41,4705.19,4713.97,6084,8,0
2026-04-21 22:30:00+00:00,4713.88,4714.78,4668.49,4671.5,6619,8,0
2026-04-21 22:45:00+00:00,4671.71,4685.89,4671.2,4679.52,7595,8,0
2026-04-21 23:00:00+00:00,4679.56,4701.64,4669.03,4696.58,5555,8,0
2026-04-21 23:15:00+00:00,4696.81,4710.88,4694.61,4705.69,5874,8,0
2026-04-21 23:30:00+00:00,4705.65,4713.8,4705.36,4711.48,3716,8,0
2026-04-21 23:45:00+00:00,4711.49,4720.64,4709.39,4720.15,3539,10,0
2026-04-22 01:00:00+00:00,4721.11,4729.43,4718.06,4721.74,3475,20,0
2026-04-22 01:15:00+00:00,4721.85,4721.85,4716.61,4719.04,2243,20,0
2026-04-22 01:30:00+00:00,4719.02,4719.71,4716.18,4717.0,1855,20,0
2026-04-22 01:45:00+00:00,4717.01,4720.04,4715.59,4719.58,1987,20,0
2026-04-22 02:00:00+00:00,4719.47,4729.76,4718.15,4727.52,2776,20,0
2026-04-22 02:15:00+00:00,4727.51,4733.17,4726.28,4729.96,2781,20,0
2026-04-22 02:30:00+00:00,4730.05,4733.85,4728.97,4731.92,2370,20,0
2026-04-22 02:45:00+00:00,4731.72,4740.66,4731.48,4738.12,3375,8,0
2026-04-22 03:00:00+00:00,4738.13,4747.59,4738.13,4742.93,4558,10,0
2026-04-22 03:15:00+00:00,4742.94,4745.93,4740.64,4742.51,4287,10,0
2026-04-22 03:30:00+00:00,4742.54,4747.2,4741.56,4742.28,3413,10,0
2026-04-22 03:45:00+00:00,4742.27,4746.86,4739.58,4740.92,3959,11,0
2026-04-22 04:00:00+00:00,4740.91,4745.32,4735.2,4737.3,5798,8,0
2026-04-22 04:15:00+00:00,4737.31,4749.25,4736.76,4746.41,4710,8,0
2026-04-22 04:30:00+00:00,4746.38,4753.89,4746.23,4750.6,5214,8,0
2026-04-22 04:45:00+00:00,4750.54,4755.73,4749.01,4752.86,4385,8,0
2026-04-22 05:00:00+00:00,4752.85,4755.59,4751.13,4754.59,3963,10,0
2026-04-22 05:15:00+00:00,4754.58,4758.33,4752.54,4756.81,2156,10,0
2026-04-22 05:30:00+00:00,4756.53,4758.97,4751.54,4752.01,3568,10,0
2026-04-22 05:45:00+00:00,4751.78,4757.33,4749.94,4755.62,3100,10,0
2026-04-22 06:00:00+00:00,4755.61,4761.28,4752.19,4757.61,3506,10,0
2026-04-22 06:15:00+00:00,4757.7,4764.7,4757.11,4764.39,2971,10,0
2026-04-22 06:30:00+00:00,4764.43,4766.32,4757.32,4760.58,2261,10,0
2026-04-22 06:45:00+00:00,4760.68,4761.6,4756.06,4757.12,1985,10,0
2026-04-22 07:00:00+00:00,4757.25,4758.56,4755.73,4756.39,1457,10,0
2026-04-22 07:15:00+00:00,4756.38,4757.4,4754.48,4755.97,1395,10,0
2026-04-22 07:30:00+00:00,4755.95,4757.44,4752.78,4756.53,1513,10,0
2026-04-22 07:45:00+00:00,4756.43,4759.61,4752.32,4754.61,2049,10,0
2026-04-22 08:00:00+00:00,4754.59,4757.17,4752.28,4757.06,1771,8,0
2026-04-22 08:15:00+00:00,4757.03,4771.78,4756.39,4766.16,5060,8,0
2026-04-22 08:30:00+00:00,4766.19,4769.34,4763.8,4767.38,4653,8,0
2026-04-22 08:45:00+00:00,4767.35,4772.13,4764.41,4767.86,3755,8,0
2026-04-22 09:00:00+00:00,4768.0,4768.0,4759.09,4762.77,3784,8,0
2026-04-22 09:15:00+00:00,4762.74,4767.29,4760.56,4767.09,2845,8,0
2026-04-22 09:30:00+00:00,4767.08,4768.1,4763.72,4763.72,3202,8,0
2026-04-22 09:45:00+00:00,4763.71,4768.49,4763.3,4767.57,2983,8,0
2026-04-22 10:00:00+00:00,4767.71,4772.25,4765.34,4765.47,3258,8,0
2026-04-22 10:15:00+00:00,4765.46,4768.02,4762.59,4766.07,3211,8,0
2026-04-22 10:30:00+00:00,4766.11,4766.68,4762.16,4763.91,2436,8,0
2026-04-22 10:45:00+00:00,4763.93,4764.49,4759.68,4760.65,2665,8,0
2026-04-22 11:00:00+00:00,4760.74,4762.32,4757.73,4758.03,3229,8,0
2026-04-22 11:15:00+00:00,4758.04,4759.91,4754.13,4754.27,3597,8,0
2026-04-22 11:30:00+00:00,4754.25,4757.01,4751.85,4756.12,3258,8,0
2026-04-22 11:45:00+00:00,4756.07,4758.38,4753.84,4756.99,2334,8,0
2026-04-22 12:00:00+00:00,4756.89,4761.88,4756.65,4760.72,2797,8,0
2026-04-22 12:15:00+00:00,4760.75,4761.95,4756.25,4756.45,2424,8,0
2026-04-22 12:30:00+00:00,4756.32,4762.5,4755.11,4758.51,2442,8,0
2026-04-22 12:45:00+00:00,4758.49,4759.13,4752.45,4755.25,2695,8,0
2026-04-22 13:00:00+00:00,4755.19,4757.7,4745.81,4748.64,4090,8,0
2026-04-22 13:15:00+00:00,4748.55,4756.12,4748.41,4754.8,2652,8,0
2026-04-22 13:30:00+00:00,4754.83,4759.77,4753.82,4756.66,2364,8,0
2026-04-22 13:45:00+00:00,4756.67,4760.11,4755.21,4759.27,2263,8,0
2026-04-22 14:00:00+00:00,4759.4,4760.46,4756.54,4757.16,2882,8,0
2026-04-22 14:15:00+00:00,4757.29,4760.88,4756.45,4757.36,2537,8,0
2026-04-22 14:30:00+00:00,4757.31,4759.94,4748.46,4748.63,3093,8,0
2026-04-22 14:45:00+00:00,4748.64,4753.31,4747.92,4750.44,3275,8,0
2026-04-22 15:00:00+00:00,4750.44,4757.53,4749.55,4752.37,3347,8,0
2026-04-22 15:15:00+00:00,4752.34,4759.78,4747.19,4753.15,3386,8,0
2026-04-22 15:30:00+00:00,4753.23,4754.42,4745.72,4746.79,4381,8,0
2026-04-22 15:45:00+00:00,4746.8,4748.46,4742.91,4744.29,4120,8,0
2026-04-22 16:00:00+00:00,4744.35,4750.79,4739.16,4742.4,5569,8,0
2026-04-22 16:15:00+00:00,4742.38,4750.15,4736.4,4750.14,6020,8,0
2026-04-22 16:30:00+00:00,4750.13,4756.7,4742.04,4755.48,7367,8,0
2026-04-22 16:45:00+00:00,4755.47,4760.88,4750.85,4752.97,6422,8,0
2026-04-22 17:00:00+00:00,4752.68,4757.51,4742.39,4745.53,6330,8,0
2026-04-22 17:15:00+00:00,4745.57,4750.61,4743.14,4743.98,6200,8,0
2026-04-22 17:30:00+00:00,4743.94,4744.68,4729.92,4732.96,7421,8,0
2026-04-22 17:45:00+00:00,4732.99,4739.7,4732.42,4736.0,6358,8,0
2026-04-22 18:00:00+00:00,4735.99,4740.15,4734.3,4737.72,6827,8,0
2026-04-22 18:15:00+00:00,4737.74,4737.74,4729.94,4735.12,5646,8,0
2026-04-22 18:30:00+00:00,4735.23,4735.51,4726.03,4727.26,5379,8,0
2026-04-22 18:45:00+00:00,4727.46,4731.47,4725.06,4727.69,3746,8,0
2026-04-22 19:00:00+00:00,4727.82,4735.0,4725.94,4730.25,4119,8,0
2026-04-22 19:15:00+00:00,4730.29,4730.45,4724.24,4727.08,3439,8,0
2026-04-22 19:30:00+00:00,4727.05,4732.16,4723.9,4728.23,3597,8,0
2026-04-22 19:45:00+00:00,4728.21,4730.93,4726.35,4728.58,4094,8,0
2026-04-22 20:00:00+00:00,4728.49,4739.42,4728.3,4735.11,5133,8,0
2026-04-22 20:15:00+00:00,4735.07,4737.46,4732.58,4734.97,3527,8,0
2026-04-22 20:30:00+00:00,4734.89,4737.98,4734.22,4736.02,2636,8,0
2026-04-22 20:45:00+00:00,4736.25,4738.19,4733.41,4737.01,3617,8,0
2026-04-22 21:00:00+00:00,4737.02,4738.43,4734.83,4735.81,3428,8,0
2026-04-22 21:15:00+00:00,4735.58,4735.77,4729.69,4730.45,3257,8,0
2026-04-22 21:30:00+00:00,4730.43,4739.69,4730.25,4739.57,2551,8,0
2026-04-22 21:45:00+00:00,4739.52,4749.36,4738.85,4741.76,3884,8,0
2026-04-22 22:00:00+00:00,4741.75,4743.45,4736.86,4738.57,4349,8,0
2026-04-22 22:15:00+00:00,4738.58,4745.41,4738.18,4744.38,3241,8,0
2026-04-22 22:30:00+00:00,4744.56,4744.73,4738.45,4739.47,3169,8,0
2026-04-22 22:45:00+00:00,4739.34,4741.94,4737.03,4740.24,4482,8,0
2026-04-22 23:00:00+00:00,4740.18,4740.48,4734.81,4736.06,2520,8,0
2026-04-22 23:15:00+00:00,4735.95,4737.8,4734.45,4736.87,1711,8,0
2026-04-22 23:30:00+00:00,4736.86,4739.53,4736.27,4737.47,1817,8,0
2026-04-22 23:45:00+00:00,4737.49,4740.72,4737.18,4739.6,1675,8,0
2026-04-23 01:00:00+00:00,4739.15,4745.69,4736.09,4736.52,2089,26,0
2026-04-23 01:15:00+00:00,4736.42,4738.2,4732.54,4732.91,2137,10,0
2026-04-23 01:30:00+00:00,4732.92,4735.28,4729.78,4729.9,2148,10,0
2026-04-23 01:45:00+00:00,4729.88,4731.9,4725.73,4726.09,2167,10,0
2026-04-23 02:00:00+00:00,4726.16,4728.29,4723.57,4725.97,2437,10,0
2026-04-23 02:15:00+00:00,4726.21,4729.98,4725.4,4728.33,1737,10,0
2026-04-23 02:30:00+00:00,4728.31,4728.33,4723.87,4724.5,1727,12,0
2026-04-23 02:45:00+00:00,4724.49,4729.28,4724.48,4727.95,2365,10,0
2026-04-23 03:00:00+00:00,4727.91,4728.26,4698.63,4699.32,5877,10,0
2026-04-23 03:15:00+00:00,4699.23,4742.59,4694.18,4741.64,7370,10,0
2026-04-23 03:30:00+00:00,4741.59,4752.11,4741.32,4744.87,6120,10,0
2026-04-23 03:45:00+00:00,4744.9,4753.59,4743.55,4748.19,5554,10,0
2026-04-23 04:00:00+00:00,4747.91,4749.93,4735.89,4736.9,6419,10,0
2026-04-23 04:15:00+00:00,4736.92,4738.54,4727.07,4728.11,5885,10,0
2026-04-23 04:30:00+00:00,4728.21,4735.63,4725.9,4733.74,5779,12,0
2026-04-23 04:45:00+00:00,4733.73,4736.86,4722.43,4723.27,6062,10,0
2026-04-23 05:00:00+00:00,4723.24,4724.73,4706.76,4707.41,6078,10,0
2026-04-23 05:15:00+00:00,4707.46,4718.13,4704.85,4713.96,5919,10,0
2026-04-23 05:30:00+00:00,4713.94,4715.76,4700.33,4701.26,6214,10,0
2026-04-23 05:45:00+00:00,4701.44,4707.4,4698.09,4698.87,6062,10,0
2026-04-23 06:00:00+00:00,4698.98,4708.72,4698.26,4702.11,6022,10,0
2026-04-23 06:15:00+00:00,4702.08,4706.03,4698.16,4703.29,5195,10,0
2026-04-23 06:30:00+00:00,4703.01,4707.19,4701.06,4704.94,3730,10,0
2026-04-23 06:45:00+00:00,4704.93,4707.55,4702.61,4704.0,3512,10,0
2026-04-23 07:00:00+00:00,4703.99,4706.56,4700.85,4706.43,3161,10,0
2026-04-23 07:15:00+00:00,4706.42,4707.21,4702.83,4705.55,3311,10,0
2026-04-23 07:30:00+00:00,4705.6,4707.19,4701.63,4701.74,2439,10,0
2026-04-23 07:45:00+00:00,4701.67,4704.7,4698.84,4704.56,2736,10,0
2026-04-23 08:00:00+00:00,4704.68,4710.38,4703.48,4707.96,2944,8,0
2026-04-23 08:15:00+00:00,4707.98,4709.46,4705.37,4705.99,2824,8,0
2026-04-23 08:30:00+00:00,4705.98,4707.3,4692.69,4701.71,4458,8,0
2026-04-23 08:45:00+00:00,4701.73,4715.44,4701.69,4713.58,4762,8,0
2026-04-23 09:00:00+00:00,4713.64,4718.28,4710.7,4711.96,4265,8,0
2026-04-23 09:15:00+00:00,4711.93,4714.58,4708.55,4712.31,3940,8,0
2026-04-23 09:30:00+00:00,4712.28,4717.37,4709.31,4715.23,4034,8,0
2026-04-23 09:45:00+00:00,4715.27,4721.33,4711.96,4712.98,4889,8,0
2026-04-23 10:00:00+00:00,4712.99,4716.57,4707.46,4712.36,5275,8,0
2026-04-23 10:15:00+00:00,4712.37,4714.05,4703.08,4706.08,5076,8,0
2026-04-23 10:30:00+00:00,4706.06,4713.86,4703.46,4713.78,4195,8,0
2026-04-23 10:45:00+00:00,4713.76,4720.63,4713.48,4719.08,3826,8,0
2026-04-23 11:00:00+00:00,4719.05,4724.87,4717.51,4718.27,4121,8,0
2026-04-23 11:15:00+00:00,4718.42,4721.81,4715.0,4715.33,3270,8,0
2026-04-23 11:30:00+00:00,4715.82,4716.28,4703.43,4703.87,4546,8,0
2026-04-23 11:45:00+00:00,4703.73,4707.59,4701.82,4703.34,3602,8,0
2026-04-23 12:00:00+00:00,4703.24,4703.67,4694.6,4696.99,5168,8,0
2026-04-23 12:15:00+00:00,4696.98,4703.14,4695.63,4700.92,4265,8,0
2026-04-23 12:30:00+00:00,4700.94,4703.12,4699.07,4701.07,3699,8,0
2026-04-23 12:45:00+00:00,4701.01,4702.31,4694.84,4697.62,4052,8,0
2026-04-23 13:00:00+00:00,4697.63,4701.72,4685.12,4689.15,4801,8,0
2026-04-23 13:15:00+00:00,4689.13,4692.66,4684.33,4686.59,4696,8,0
2026-04-23 13:30:00+00:00,4686.56,4696.94,4684.16,4690.71,4552,8,0
2026-04-23 13:45:00+00:00,4690.7,4697.22,4689.29,4696.61,3874,8,0
2026-04-23 14:00:00+00:00,4696.95,4700.2,4695.48,4697.89,4040,8,0
2026-04-23 14:15:00+00:00,4697.87,4703.28,4696.36,4699.16,3726,8,0
2026-04-23 14:30:00+00:00,4699.17,4706.01,4696.6,4705.36,4806,8,0
2026-04-23 14:45:00+00:00,4705.38,4720.92,4704.81,4720.67,5522,8,0
2026-04-23 15:00:00+00:00,4720.69,4738.4,4719.67,4729.15,6818,8,0
2026-04-23 15:15:00+00:00,4729.12,4735.09,4725.88,4733.51,5602,8,0
2026-04-23 15:30:00+00:00,4733.61,4742.4,4733.31,4739.33,5533,8,0
2026-04-23 15:45:00+00:00,4739.91,4743.04,4731.34,4740.04,6321,8,0
2026-04-23 16:00:00+00:00,4740.01,4740.66,4724.43,4726.05,6283,8,0
2026-04-23 16:15:00+00:00,4725.56,4730.74,4725.48,4727.5,5167,8,0
2026-04-23 16:30:00+00:00,4727.51,4735.78,4724.41,4734.55,7248,8,0
2026-04-23 16:45:00+00:00,4731.25,4741.03,4724.02,4724.1,7350,8,0
2026-04-23 17:00:00+00:00,4724.08,4728.23,4716.74,4724.21,7137,8,0
2026-04-23 17:15:00+00:00,4724.23,4735.96,4723.46,4731.05,6154,8,0
2026-04-23 17:30:00+00:00,4731.06,4734.51,4725.94,4731.1,6557,8,0
2026-04-23 17:45:00+00:00,4731.08,4737.38,4727.82,4734.25,5867,8,0
2026-04-23 18:00:00+00:00,4734.14,4735.43,4726.79,4730.81,5517,8,0
2026-04-23 18:15:00+00:00,4730.88,4741.14,4729.8,4733.61,5880,8,0
2026-04-23 18:30:00+00:00,4733.66,4735.08,4728.28,4728.28,4816,8,0
2026-04-23 18:45:00+00:00,4727.97,4728.47,4716.5,4719.88,6577,8,0
2026-04-23 19:00:00+00:00,4719.89,4722.3,4714.79,4719.35,5579,8,0
2026-04-23 19:15:00+00:00,4719.0,4725.07,4718.92,4723.23,4432,8,0
2026-04-23 19:30:00+00:00,4723.24,4735.15,4722.62,4734.28,3812,8,0
2026-04-23 19:45:00+00:00,4734.27,4737.25,4730.96,4733.35,3841,8,0
2026-04-23 20:00:00+00:00,4733.54,4734.58,4705.79,4716.1,7447,8,0
2026-04-23 20:15:00+00:00,4716.08,4717.92,4704.51,4706.45,7523,8,0
2026-04-23 20:30:00+00:00,4706.53,4714.01,4672.72,4676.7,7664,8,0
2026-04-23 20:45:00+00:00,4676.86,4710.84,4664.18,4709.28,8124,8,0
2026-04-23 21:00:00+00:00,4709.43,4721.85,4707.83,4713.95,7542,8,0
2026-04-23 21:15:00+00:00,4713.9,4716.92,4710.91,4716.85,5406,8,0
2026-04-23 21:30:00+00:00,4716.75,4720.63,4707.26,4711.35,6063,8,0
2026-04-23 21:45:00+00:00,4711.36,4712.04,4699.43,4701.08,5347,8,0
2026-04-23 22:00:00+00:00,4701.11,4704.51,4692.78,4696.44,6181,8,0
2026-04-23 22:15:00+00:00,4696.51,4702.72,4695.49,4700.22,4890,8,0
2026-04-23 22:30:00+00:00,4700.3,4701.34,4689.43,4692.42,5520,8,0
2026-04-23 22:45:00+00:00,4692.49,4700.96,4692.18,4696.12,5499,8,0
2026-04-23 23:00:00+00:00,4696.22,4698.2,4690.53,4690.76,2853,8,0
2026-04-23 23:15:00+00:00,4690.64,4692.66,4686.41,4689.32,2647,8,0
2026-04-23 23:30:00+00:00,4689.37,4691.64,4687.57,4691.29,1669,8,0
2026-04-23 23:45:00+00:00,4691.27,4694.25,4688.37,4694.23,2002,10,0
2026-04-24 01:00:00+00:00,4699.3,4702.79,4694.76,4697.19,2101,11,0
2026-04-24 01:15:00+00:00,4697.2,4697.22,4692.07,4692.71,1982,8,0
2026-04-24 01:30:00+00:00,4692.69,4696.75,4690.86,4693.61,2386,11,0
2026-04-24 01:45:00+00:00,4693.59,4694.52,4690.08,4693.27,2193,11,0
2026-04-24 02:00:00+00:00,4693.1,4695.65,4689.67,4689.73,2340,11,0
2026-04-24 02:15:00+00:00,4689.71,4694.67,4686.89,4694.53,2398,8,0
2026-04-24 02:30:00+00:00,4694.94,4700.8,4693.64,4697.52,2427,10,0
2026-04-24 02:45:00+00:00,4697.51,4699.65,4692.25,4695.47,3164,8,0
2026-04-24 03:00:00+00:00,4695.42,4700.3,4690.94,4698.19,5197,8,0
2026-04-24 03:15:00+00:00,4698.3,4705.66,4696.43,4705.52,4854,10,0
2026-04-24 03:30:00+00:00,4705.49,4707.9,4701.24,4701.54,4647,8,0
2026-04-24 03:45:00+00:00,4701.46,4705.92,4697.27,4704.63,4741,8,0
2026-04-24 04:00:00+00:00,4704.58,4710.01,4695.8,4709.36,6203,8,0
2026-04-24 04:15:00+00:00,4709.24,4711.07,4698.29,4698.43,5536,8,0
2026-04-24 04:30:00+00:00,4698.42,4702.37,4690.34,4690.82,6116,10,0
2026-04-24 04:45:00+00:00,4690.81,4700.77,4690.25,4699.45,5456,10,0
2026-04-24 05:00:00+00:00,4699.58,4700.74,4690.15,4693.08,5707,10,0
2026-04-24 05:15:00+00:00,4693.09,4696.19,4682.15,4683.86,4827,10,0
2026-04-24 05:30:00+00:00,4683.67,4690.97,4680.08,4683.52,5807,10,0
2026-04-24 05:45:00+00:00,4683.51,4684.08,4673.12,4676.72,5442,10,0
2026-04-24 06:00:00+00:00,4676.74,4678.36,4668.69,4670.42,5682,10,0
2026-04-24 06:15:00+00:00,4670.41,4678.17,4670.21,4674.32,5076,10,0
2026-04-24 06:30:00+00:00,4674.5,4678.24,4672.81,4675.3,4273,10,0
2026-04-24 06:45:00+00:00,4675.29,4676.86,4671.49,4672.2,3256,12,0
2026-04-24 07:00:00+00:00,4672.19,4674.64,4667.43,4670.04,3983,10,0
2026-04-24 07:15:00+00:00,4670.1,4670.82,4659.4,4659.45,4145,10,0
2026-04-24 07:30:00+00:00,4659.43,4668.48,4657.77,4668.1,3806,10,0
2026-04-24 07:45:00+00:00,4668.12,4676.9,4668.05,4674.59,3320,10,0
2026-04-24 08:00:00+00:00,4674.61,4676.96,4669.6,4673.47,3204,12,0
2026-04-24 08:15:00+00:00,4673.69,4678.58,4672.02,4676.57,3186,10,0
2026-04-24 08:30:00+00:00,4676.7,4687.43,4676.6,4682.86,5007,8,0
2026-04-24 08:45:00+00:00,4682.85,4686.86,4680.45,4686.41,4243,8,0
2026-04-24 09:00:00+00:00,4686.68,4688.06,4680.95,4682.05,4385,8,0
2026-04-24 09:15:00+00:00,4682.01,4682.12,4670.18,4671.55,5399,8,0
2026-04-24 09:30:00+00:00,4671.55,4676.33,4669.99,4673.79,5552,8,0
2026-04-24 09:45:00+00:00,4673.84,4676.66,4666.86,4671.96,5652,8,0
2026-04-24 10:00:00+00:00,4671.99,4681.48,4671.04,4680.63,4399,8,0
2026-04-24 10:15:00+00:00,4680.6,4684.94,4678.28,4684.53,3400,8,0
2026-04-24 10:30:00+00:00,4684.5,4686.35,4682.29,4685.58,3338,8,0
2026-04-24 10:45:00+00:00,4685.53,4695.34,4685.32,4694.58,3668,8,0
2026-04-24 11:00:00+00:00,4694.56,4694.72,4686.48,4687.46,4639,8,0
2026-04-24 11:15:00+00:00,4687.45,4697.52,4686.85,4687.87,4943,8,0
2026-04-24 11:30:00+00:00,4687.94,4690.25,4685.12,4688.18,4285,8,0
2026-04-24 11:45:00+00:00,4688.06,4693.07,4687.77,4690.84,3348,8,0
2026-04-24 12:00:00+00:00,4690.85,4695.35,4689.61,4695.32,3978,8,0
2026-04-24 12:15:00+00:00,4695.21,4696.83,4682.32,4683.39,4383,8,0
2026-04-24 12:30:00+00:00,4683.35,4688.67,4679.4,4686.05,3915,8,0
2026-04-24 12:45:00+00:00,4686.08,4686.86,4679.5,4682.1,3258,8,0
2026-04-24 13:00:00+00:00,4682.06,4684.7,4680.81,4682.31,3101,8,0
2026-04-24 13:15:00+00:00,4682.26,4686.21,4680.24,4682.22,3920,8,0
2026-04-24 13:30:00+00:00,4682.23,4682.39,4674.54,4679.02,3587,8,0
2026-04-24 13:45:00+00:00,4679.01,4680.7,4676.69,4677.87,2725,8,0
2026-04-24 14:00:00+00:00,4677.82,4703.52,4677.82,4697.29,6467,8,0
2026-04-24 14:15:00+00:00,4697.27,4717.12,4692.52,4715.5,6795,8,0
2026-04-24 14:30:00+00:00,4715.49,4717.36,4705.12,4705.43,5726,8,0
2026-04-24 14:45:00+00:00,4705.41,4708.32,4702.82,4706.83,4681,8,0
2026-04-24 15:00:00+00:00,4706.81,4710.29,4703.35,4708.76,4904,8,0
2026-04-24 15:15:00+00:00,4708.74,4711.85,4701.56,4710.59,4592,8,0
2026-04-24 15:30:00+00:00,4710.51,4711.66,4698.74,4698.86,5273,8,0
2026-04-24 15:45:00+00:00,4698.85,4701.1,4690.37,4700.72,5620,8,0
2026-04-24 16:00:00+00:00,4701.24,4705.7,4696.18,4702.9,5842,8,0
2026-04-24 16:15:00+00:00,4702.99,4705.23,4693.6,4697.4,6022,8,0
2026-04-24 16:30:00+00:00,4697.37,4710.07,4690.09,4708.53,7744,8,0
2026-04-24 16:45:00+00:00,4708.51,4718.12,4705.02,4711.16,7332,8,0
2026-04-24 17:00:00+00:00,4711.67,4740.32,4706.68,4731.79,7707,8,0
2026-04-24 17:15:00+00:00,4731.56,4734.06,4721.51,4725.45,7041,8,0
2026-04-24 17:30:00+00:00,4725.53,4733.06,4723.73,4730.36,6874,8,0
2026-04-24 17:45:00+00:00,4730.37,4731.31,4724.12,4726.47,5765,8,0
2026-04-24 18:00:00+00:00,4726.63,4727.27,4718.92,4721.93,6219,8,0
2026-04-24 18:15:00+00:00,4721.96,4726.41,4718.67,4722.1,5628,8,0
2026-04-24 18:30:00+00:00,4722.04,4729.69,4715.15,4728.08,5267,8,0
2026-04-24 18:45:00+00:00,4727.92,4733.52,4723.34,4727.21,7080,8,0
2026-04-24 19:00:00+00:00,4727.14,4729.75,4719.44,4719.7,4674,8,0
2026-04-24 19:15:00+00:00,4719.77,4726.6,4718.33,4724.04,4980,8,0
2026-04-24 19:30:00+00:00,4724.2,4727.9,4719.87,4723.32,3992,8,0
2026-04-24 19:45:00+00:00,4723.27,4728.5,4721.1,4727.56,4358,8,0
2026-04-24 20:00:00+00:00,4727.55,4730.58,4726.26,4728.24,4063,8,0
2026-04-24 20:15:00+00:00,4728.16,4729.93,4722.78,4723.35,3809,8,0
2026-04-24 20:30:00+00:00,4723.28,4725.54,4719.01,4722.63,4134,8,0
2026-04-24 20:45:00+00:00,4722.64,4727.83,4720.55,4723.36,3447,8,0
2026-04-24 21:00:00+00:00,4723.4,4724.85,4719.9,4723.76,4340,8,0
2026-04-24 21:15:00+00:00,4723.68,4724.31,4717.01,4717.18,4832,8,0
2026-04-24 21:30:00+00:00,4717.17,4720.6,4716.81,4718.93,4041,8,0
2026-04-24 21:45:00+00:00,4718.81,4723.26,4717.78,4722.8,3880,8,0
2026-04-24 22:00:00+00:00,4722.76,4726.06,4720.98,4722.37,4007,8,0
2026-04-24 22:15:00+00:00,4722.38,4723.39,4717.36,4719.05,4228,8,0
2026-04-24 22:30:00+00:00,4719.03,4720.7,4716.0,4716.71,4487,8,0
2026-04-24 22:45:00+00:00,4716.62,4718.56,4713.72,4717.14,5170,8,0
2026-04-24 23:00:00+00:00,4716.92,4717.45,4705.3,4706.6,2659,8,0
2026-04-24 23:15:00+00:00,4706.64,4709.49,4705.19,4708.12,1910,10,0
2026-04-24 23:30:00+00:00,4708.08,4708.95,4705.46,4707.45,1726,10,0
2026-04-24 23:45:00+00:00,4707.42,4710.29,4706.49,4710.28,1586,10,0
2026-04-27 01:00:00+00:00,4698.78,4705.52,4680.0,4685.41,4119,8,0
2026-04-27 01:15:00+00:00,4685.74,4688.69,4683.02,4686.87,2753,12,0
2026-04-27 01:30:00+00:00,4686.5,4686.91,4682.2,4684.77,2856,12,0
2026-04-27 01:45:00+00:00,4684.75,4686.04,4682.13,4684.71,2211,10,0
2026-04-27 02:00:00+00:00,4684.69,4684.99,4677.68,4683.75,2750,10,0
2026-04-27 02:15:00+00:00,4683.72,4684.6,4677.25,4677.34,1963,12,0
2026-04-27 02:30:00+00:00,4677.39,4680.11,4675.01,4676.92,2797,10,0
2026-04-27 02:45:00+00:00,4676.91,4682.27,4676.91,4679.98,2781,10,0
2026-04-27 03:00:00+00:00,4680.02,4681.21,4672.16,4679.78,5067,10,0
2026-04-27 03:15:00+00:00,4679.82,4682.28,4677.73,4680.78,3851,10,0
2026-04-27 03:30:00+00:00,4680.89,4681.58,4676.79,4680.64,3231,10,0
2026-04-27 03:45:00+00:00,4680.61,4698.1,4680.61,4697.8,4174,10,0
2026-04-27 04:00:00+00:00,4697.77,4709.7,4692.12,4692.67,6476,10,0
2026-04-27 04:15:00+00:00,4692.68,4698.65,4690.79,4698.11,6167,10,0
2026-04-27 04:30:00+00:00,4698.12,4701.06,4695.69,4697.85,5816,10,0
2026-04-27 04:45:00+00:00,4697.93,4706.52,4697.74,4702.76,5372,8,0
2026-04-27 05:00:00+00:00,4702.71,4706.78,4696.2,4699.61,5091,8,0
2026-04-27 05:15:00+00:00,4699.6,4708.33,4698.86,4705.81,3704,8,0
2026-04-27 05:30:00+00:00,4705.8,4714.68,4704.53,4713.53,4843,8,0
2026-04-27 05:45:00+00:00,4713.54,4723.61,4712.16,4718.35,4792,8,0
2026-04-27 06:00:00+00:00,4718.29,4722.29,4716.48,4717.92,4304,8,0
2026-04-27 06:15:00+00:00,4717.94,4718.6,4714.47,4715.71,3601,11,0
2026-04-27 06:30:00+00:00,4715.78,4729.52,4715.41,4728.43,3704,8,0
2026-04-27 06:45:00+00:00,4728.41,4728.77,4722.56,4724.16,3026,8,0
2026-04-27 07:00:00+00:00,4724.13,4728.08,4723.66,4727.64,2692,8,0
2026-04-27 07:15:00+00:00,4727.6,4728.06,4725.01,4726.96,2328,8,0
2026-04-27 07:30:00+00:00,4726.95,4730.19,4725.49,4726.33,2440,8,0
2026-04-27 07:45:00+00:00,4726.3,4726.68,4722.82,4725.09,2467,8,0
2026-04-27 08:00:00+00:00,4725.13,4725.58,4718.18,4718.42,3020,8,0
2026-04-27 08:15:00+00:00,4718.41,4719.88,4715.94,4718.21,2900,8,0
2026-04-27 08:30:00+00:00,4718.21,4718.4,4709.03,4711.54,4980,8,0
2026-04-27 08:45:00+00:00,4711.57,4713.78,4708.63,4710.01,3835,8,0
2026-04-27 09:00:00+00:00,4710.0,4715.68,4709.19,4714.55,4665,8,0
2026-04-27 09:15:00+00:00,4714.54,4715.61,4711.4,4714.4,4595,8,0
2026-04-27 09:30:00+00:00,4714.44,4714.56,4709.35,4710.77,5017,8,0
2026-04-27 09:45:00+00:00,4710.76,4715.53,4709.96,4712.96,4180,8,0
2026-04-27 10:00:00+00:00,4712.97,4718.43,4710.95,4717.2,4772,8,0
2026-04-27 10:15:00+00:00,4717.19,4718.43,4712.37,4716.16,4092,8,0
2026-04-27 10:30:00+00:00,4716.15,4717.48,4713.56,4715.03,3733,8,0
2026-04-27 10:45:00+00:00,4715.01,4716.95,4709.99,4713.39,3790,8,0
2026-04-27 11:00:00+00:00,4713.41,4714.5,4710.32,4710.93,4781,8,0
2026-04-27 11:15:00+00:00,4710.91,4714.19,4709.51,4710.92,3237,8,0
2026-04-27 11:30:00+00:00,4710.76,4711.95,4705.34,4711.91,4046,8,0
2026-04-27 11:45:00+00:00,4711.9,4714.86,4705.55,4706.82,3226,8,0
2026-04-27 12:00:00+00:00,4706.83,4708.29,4702.54,4705.08,2561,8,0
2026-04-27 12:15:00+00:00,4705.16,4706.38,4701.7,4702.41,2422,8,0
2026-04-27 12:30:00+00:00,4702.39,4705.34,4699.76,4704.67,2432,8,0
2026-04-27 12:45:00+00:00,4704.69,4704.69,4699.82,4703.6,2560,8,0
2026-04-27 13:00:00+00:00,4703.57,4706.9,4701.68,4702.04,1837,8,0
2026-04-27 13:15:00+00:00,4702.06,4706.02,4699.61,4705.21,1894,8,0
2026-04-27 13:30:00+00:00,4705.22,4710.59,4704.76,4709.11,2028,8,0
2026-04-27 13:45:00+00:00,4709.28,4710.91,4707.18,4708.81,2149,8,0
2026-04-27 14:00:00+00:00,4708.86,4709.13,4704.0,4704.13,2347,8,0
2026-04-27 14:15:00+00:00,4704.15,4707.05,4700.33,4705.27,2843,8,0
2026-04-27 14:30:00+00:00,4705.26,4708.63,4700.05,4702.73,3531,8,0
2026-04-27 14:45:00+00:00,4702.72,4705.35,4701.0,4704.9,1972,8,0
2026-04-27 15:00:00+00:00,4705.21,4709.22,4702.61,4708.96,3651,8,0
2026-04-27 15:15:00+00:00,4708.95,4712.77,4702.17,4707.02,4742,8,0
2026-04-27 15:30:00+00:00,4707.03,4707.85,4697.05,4698.85,4277,8,0
2026-04-27 15:45:00+00:00,4698.89,4704.54,4696.97,4699.21,4805,8,0
2026-04-27 16:00:00+00:00,4699.19,4700.56,4693.34,4696.03,6374,8,0
2026-04-27 16:15:00+00:00,4696.0,4703.53,4695.58,4699.97,4740,8,0
2026-04-27 16:30:00+00:00,4700.02,4702.65,4689.14,4693.36,7350,8,0
2026-04-27 16:45:00+00:00,4693.37,4697.41,4689.29,4696.14,6777,8,0
2026-04-27 17:00:00+00:00,4696.16,4696.38,4687.94,4692.6,6489,8,0
2026-04-27 17:15:00+00:00,4692.59,4696.7,4686.19,4689.07,6543,8,0
2026-04-27 17:30:00+00:00,4688.98,4696.83,4683.58,4693.32,6805,8,0
2026-04-27 17:45:00+00:00,4693.31,4693.86,4676.28,4677.86,6373,8,0
2026-04-27 18:00:00+00:00,4677.84,4679.17,4666.62,4674.61,6681,8,0
2026-04-27 18:15:00+00:00,4674.59,4680.99,4671.7,4680.98,6181,8,0
2026-04-27 18:30:00+00:00,4681.03,4682.42,4677.03,4677.72,5175,8,0
2026-04-27 18:45:00+00:00,4677.73,4678.17,4667.82,4670.13,5828,8,0
2026-04-27 19:00:00+00:00,4670.15,4675.17,4667.08,4674.77,5054,8,0
2026-04-27 19:15:00+00:00,4674.76,4677.78,4673.76,4676.62,4400,8,0
2026-04-27 19:30:00+00:00,4676.6,4679.54,4674.36,4675.18,3501,8,0
2026-04-27 19:45:00+00:00,4675.09,4678.1,4675.08,4676.83,3147,8,0
2026-04-27 20:00:00+00:00,4676.82,4678.63,4671.93,4673.89,3740,8,0
2026-04-27 20:15:00+00:00,4673.94,4679.93,4668.61,4679.05,4844,8,0
2026-04-27 20:30:00+00:00,4679.1,4685.42,4678.78,4683.17,4140,8,0
2026-04-27 20:45:00+00:00,4683.21,4684.54,4681.36,4682.22,4193,8,0
2026-04-27 21:00:00+00:00,4682.23,4682.81,4679.0,4681.6,3182,8,0
2026-04-27 21:15:00+00:00,4681.53,4685.6,4680.65,4684.08,3346,8,0
2026-04-27 21:30:00+00:00,4684.09,4685.4,4682.55,4682.71,2614,8,0
2026-04-27 21:45:00+00:00,4682.6,4684.87,4680.45,4680.7,2541,8,0
2026-04-27 22:00:00+00:00,4680.71,4681.26,4678.58,4680.35,2124,8,0
2026-04-27 22:15:00+00:00,4680.31,4682.66,4679.87,4682.26,2330,8,0
2026-04-27 22:30:00+00:00,4682.41,4682.41,4676.78,4680.06,2581,8,0
2026-04-27 22:45:00+00:00,4680.15,4681.68,4678.67,4680.97,3346,8,0
2026-04-27 23:00:00+00:00,4680.99,4681.74,4677.53,4679.38,1346,8,0
2026-04-27 23:15:00+00:00,4679.35,4681.02,4678.88,4679.97,1204,8,0
2026-04-27 23:30:00+00:00,4679.92,4680.71,4678.98,4680.37,1058,8,0
2026-04-27 23:45:00+00:00,4680.36,4682.53,4678.64,4682.48,1426,8,0
2026-04-28 01:00:00+00:00,4683.8,4691.26,4682.48,4689.31,2214,10,0
2026-04-28 01:15:00+00:00,4689.3,4689.91,4686.93,4689.05,1701,8,0
2026-04-28 01:30:00+00:00,4689.06,4689.9,4686.33,4687.42,1554,10,0
2026-04-28 01:45:00+00:00,4687.43,4688.14,4686.25,4687.93,1482,10,0
2026-04-28 02:00:00+00:00,4687.95,4689.98,4687.29,4689.9,1516,10,0
2026-04-28 02:15:00+00:00,4689.88,4691.82,4689.55,4690.71,1815,8,0
2026-04-28 02:30:00+00:00,4690.7,4694.47,4690.49,4694.37,1785,8,0
2026-04-28 02:45:00+00:00,4694.39,4695.06,4691.92,4691.94,1950,8,0
2026-04-28 03:00:00+00:00,4692.15,4701.27,4691.81,4697.91,4206,8,0
2026-04-28 03:15:00+00:00,4697.93,4699.53,4692.37,4694.96,4225,8,0
2026-04-28 03:30:00+00:00,4694.9,4695.22,4691.74,4693.67,3303,8,0
2026-04-28 03:45:00+00:00,4693.66,4694.69,4690.42,4690.7,3279,8,0
2026-04-28 04:00:00+00:00,4690.61,4690.91,4684.41,4688.05,5501,8,0
2026-04-28 04:15:00+00:00,4688.07,4690.79,4685.71,4687.64,4509,10,0
2026-04-28 04:30:00+00:00,4687.72,4691.48,4683.92,4687.29,4763,8,0
2026-04-28 04:45:00+00:00,4687.36,4687.74,4669.44,4670.68,5724,8,0
2026-04-28 05:00:00+00:00,4670.69,4677.96,4666.56,4677.3,5467,8,0
2026-04-28 05:15:00+00:00,4677.36,4679.88,4674.52,4675.53,2692,10,0
2026-04-28 05:30:00+00:00,4675.57,4675.64,4670.58,4671.04,3513,8,0
2026-04-28 05:45:00+00:00,4671.06,4671.4,4666.56,4669.25,4962,8,0
2026-04-28 06:00:00+00:00,4669.24,4674.44,4668.57,4673.06,4462,8,0
2026-04-28 06:15:00+00:00,4673.07,4675.85,4671.46,4674.91,3877,10,0
2026-04-28 06:30:00+00:00,4674.92,4675.52,4671.74,4671.98,2755,10,0
2026-04-28 06:45:00+00:00,4671.85,4672.63,4669.23,4670.97,2613,8,0
2026-04-28 07:00:00+00:00,4670.9,4671.28,4666.85,4669.83,2899,8,0
2026-04-28 07:15:00+00:00,4669.79,4669.85,4666.56,4667.52,2548,8,0
2026-04-28 07:30:00+00:00,4667.43,4669.94,4666.95,4669.85,2068,8,0
2026-04-28 07:45:00+00:00,4669.83,4669.96,4667.39,4667.71,2232,8,0
2026-04-28 08:00:00+00:00,4667.72,4667.99,4648.97,4652.52,4325,8,0
2026-04-28 08:15:00+00:00,4652.53,4659.53,4651.18,4658.34,3076,8,0
2026-04-28 08:30:00+00:00,4658.32,4658.66,4624.37,4624.99,6957,8,0
2026-04-28 08:45:00+00:00,4624.84,4634.3,4623.92,4632.19,6219,8,0
2026-04-28 09:00:00+00:00,4632.16,4642.98,4625.93,4640.65,5399,8,0
2026-04-28 09:15:00+00:00,4640.63,4641.2,4623.32,4631.62,6021,8,0
2026-04-28 09:30:00+00:00,4631.72,4634.78,4625.47,4629.82,5731,8,0
2026-04-28 09:45:00+00:00,4629.84,4631.8,4623.34,4629.13,5613,8,0
2026-04-28 10:00:00+00:00,4629.14,4639.49,4627.35,4634.26,5513,8,0
2026-04-28 10:15:00+00:00,4634.27,4634.93,4627.32,4629.67,4860,8,0
2026-04-28 10:30:00+00:00,4629.66,4635.34,4626.09,4629.42,4596,8,0
2026-04-28 10:45:00+00:00,4629.41,4633.65,4620.44,4633.2,4741,8,0
2026-04-28 11:00:00+00:00,4633.15,4633.52,4614.73,4620.27,5800,8,0
2026-04-28 11:15:00+00:00,4620.34,4627.1,4619.2,4626.91,5047,8,0
2026-04-28 11:30:00+00:00,4626.91,4635.5,4626.8,4628.22,4964,8,0
2026-04-28 11:45:00+00:00,4628.2,4630.74,4625.21,4629.71,4064,8,0
2026-04-28 12:00:00+00:00,4629.62,4630.07,4621.55,4625.51,4759,8,0
2026-04-28 12:15:00+00:00,4625.43,4626.12,4613.06,4618.31,4186,8,0
2026-04-28 12:30:00+00:00,4618.35,4619.1,4608.16,4613.03,4637,8,0
2026-04-28 12:45:00+00:00,4613.18,4615.13,4604.57,4604.92,4686,8,0
2026-04-28 13:00:00+00:00,4604.86,4613.58,4604.56,4612.69,4524,8,0
2026-04-28 13:15:00+00:00,4612.7,4616.5,4610.89,4611.79,3987,8,0
2026-04-28 13:30:00+00:00,4611.65,4615.96,4610.91,4613.29,3497,8,0
2026-04-28 13:45:00+00:00,4613.3,4615.64,4603.27,4603.32,3808,8,0
2026-04-28 14:00:00+00:00,4603.36,4608.82,4597.83,4598.61,5367,8,0
2026-04-28 14:15:00+00:00,4598.58,4604.23,4594.11,4599.46,5172,8,0
2026-04-28 14:30:00+00:00,4599.44,4599.94,4568.17,4572.06,6800,8,0
2026-04-28 14:45:00+00:00,4572.09,4574.06,4555.43,4562.67,6975,8,0
2026-04-28 15:00:00+00:00,4562.66,4581.79,4554.91,4581.7,6806,8,0
2026-04-28 15:15:00+00:00,4581.62,4598.06,4573.83,4580.3,6669,8,0
2026-04-28 15:30:00+00:00,4580.41,4588.89,4570.68,4587.12,6485,8,0
2026-04-28 15:45:00+00:00,4587.14,4600.2,4584.57,4593.77,6252,8,0
2026-04-28 16:00:00+00:00,4593.75,4594.77,4571.29,4576.42,7219,8,0
2026-04-28 16:15:00+00:00,4576.25,4584.61,4572.23,4581.82,6867,8,0
2026-04-28 16:30:00+00:00,4581.77,4591.85,4570.8,4581.83,7869,8,0
2026-04-28 16:45:00+00:00,4581.84,4592.71,4574.24,4580.52,7520,8,0
2026-04-28 17:00:00+00:00,4580.37,4580.77,4565.36,4568.05,7304,8,0
2026-04-28 17:15:00+00:00,4568.1,4577.9,4564.39,4571.73,7236,8,0
2026-04-28 17:30:00+00:00,4571.76,4578.31,4556.61,4563.4,7246,8,0
2026-04-28 17:45:00+00:00,4563.44,4574.87,4556.58,4574.59,7578,8,0
2026-04-28 18:00:00+00:00,4574.53,4582.24,4571.2,4572.16,7370,8,0
2026-04-28 18:15:00+00:00,4572.15,4577.38,4567.02,4577.04,6616,8,0
2026-04-28 18:30:00+00:00,4577.07,4581.45,4571.19,4578.62,5695,8,0
2026-04-28 18:45:00+00:00,4578.59,4585.84,4577.42,4585.77,5519,8,0
2026-04-28 19:00:00+00:00,4585.84,4586.44,4582.37,4585.39,5722,8,0
2026-04-28 19:15:00+00:00,4585.24,4586.48,4578.6,4583.57,4253,8,0
2026-04-28 19:30:00+00:00,4583.65,4586.93,4581.49,4585.11,4125,8,0
2026-04-28 19:45:00+00:00,4585.0,4594.91,4583.9,4592.28,5017,8,0
2026-04-28 20:00:00+00:00,4592.3,4594.99,4588.66,4593.84,4781,8,0
2026-04-28 20:15:00+00:00,4593.76,4597.34,4587.35,4593.54,4571,8,0
2026-04-28 20:30:00+00:00,4593.46,4600.93,4593.46,4598.3,4089,8,0
2026-04-28 20:45:00+00:00,4598.29,4599.84,4594.08,4594.75,3920,8,0
2026-04-28 21:00:00+00:00,4594.76,4598.58,4592.08,4596.45,4167,8,0
2026-04-28 21:15:00+00:00,4596.39,4600.93,4596.39,4599.01,4728,8,0
2026-04-28 21:30:00+00:00,4599.0,4599.55,4593.65,4597.82,3827,8,0
2026-04-28 21:45:00+00:00,4597.77,4598.92,4593.05,4594.29,3331,8,0
2026-04-28 22:00:00+00:00,4594.34,4598.76,4593.85,4595.66,3059,8,0
2026-04-28 22:15:00+00:00,4595.67,4597.22,4593.74,4596.26,3750,8,0
2026-04-28 22:30:00+00:00,4596.29,4599.94,4594.6,4598.56,3484,8,0
2026-04-28 22:45:00+00:00,4598.54,4599.29,4593.32,4595.7,3489,8,0
2026-04-28 23:00:00+00:00,4595.69,4598.77,4594.86,4597.33,2538,8,0
2026-04-28 23:15:00+00:00,4597.39,4598.19,4591.17,4592.87,1990,8,0
2026-04-28 23:30:00+00:00,4592.89,4595.46,4592.43,4593.45,1357,8,0
2026-04-28 23:45:00+00:00,4593.4,4597.14,4592.85,4596.48,1247,8,0
2026-04-29 01:00:00+00:00,4598.35,4599.78,4594.38,4596.58,1841,12,0
2026-04-29 01:15:00+00:00,4596.54,4597.33,4595.24,4595.81,1144,12,0
2026-04-29 01:30:00+00:00,4595.81,4597.26,4593.04,4593.68,1023,10,0
2026-04-29 01:45:00+00:00,4593.73,4595.45,4592.45,4594.15,1124,8,0
2026-04-29 02:00:00+00:00,4594.22,4594.56,4589.28,4590.98,1781,8,0
2026-04-29 02:15:00+00:00,4590.94,4592.86,4590.39,4592.25,1370,10,0
2026-04-29 02:30:00+00:00,4592.26,4593.55,4588.02,4589.94,1728,10,0
2026-04-29 02:45:00+00:00,4589.95,4596.28,4588.9,4595.72,2403,8,0
2026-04-29 03:00:00+00:00,4595.74,4610.33,4595.11,4607.43,4976,8,0
2026-04-29 03:15:00+00:00,4607.45,4607.84,4598.7,4600.09,4052,8,0
2026-04-29 03:30:00+00:00,4600.12,4604.84,4599.27,4603.72,3264,8,0
2026-04-29 03:45:00+00:00,4603.77,4604.06,4596.25,4600.25,3762,8,0
2026-04-29 04:00:00+00:00,4600.24,4600.39,4575.81,4582.65,7000,8,0
2026-04-29 04:15:00+00:00,4582.54,4586.58,4579.28,4580.45,5417,8,0
2026-04-29 04:30:00+00:00,4580.46,4591.5,4578.92,4590.36,5836,10,0
2026-04-29 04:45:00+00:00,4590.35,4591.54,4580.43,4584.86,5675,8,0
2026-04-29 05:00:00+00:00,4584.83,4602.5,4584.83,4601.02,5714,8,0
2026-04-29 05:15:00+00:00,4601.01,4604.34,4598.16,4599.35,3984,8,0
2026-04-29 05:30:00+00:00,4599.34,4601.98,4595.76,4596.93,4896,8,0
2026-04-29 05:45:00+00:00,4596.87,4601.33,4592.21,4593.61,5069,8,0
2026-04-29 06:00:00+00:00,4593.69,4603.07,4592.87,4601.96,4985,8,0
2026-04-29 06:15:00+00:00,4601.91,4603.42,4597.29,4598.92,3775,8,0
2026-04-29 06:30:00+00:00,4599.02,4599.02,4592.51,4593.92,2738,8,0
2026-04-29 06:45:00+00:00,4593.9,4596.53,4592.27,4595.38,2619,8,0
2026-04-29 07:00:00+00:00,4595.39,4603.48,4595.28,4600.89,2415,8,0
2026-04-29 07:15:00+00:00,4600.87,4602.08,4597.33,4601.76,2467,8,0
2026-04-29 07:30:00+00:00,4601.74,4605.68,4601.74,4602.21,2832,8,0
2026-04-29 07:45:00+00:00,4602.22,4605.73,4602.22,4604.77,2236,8,0
2026-04-29 08:00:00+00:00,4604.76,4607.78,4600.33,4601.0,3139,8,0
2026-04-29 08:15:00+00:00,4601.04,4602.65,4598.57,4600.75,2650,8,0
2026-04-29 08:30:00+00:00,4600.72,4601.6,4594.17,4599.07,4292,8,0
2026-04-29 08:45:00+00:00,4599.06,4603.3,4590.64,4590.96,4598,8,0
2026-04-29 09:00:00+00:00,4590.97,4598.74,4587.17,4588.52,4903,8,0
2026-04-29 09:15:00+00:00,4588.5,4589.36,4581.49,4584.95,4894,8,0
2026-04-29 09:30:00+00:00,4584.94,4587.58,4580.76,4584.98,4791,8,0
2026-04-29 09:45:00+00:00,4585.03,4586.91,4581.18,4584.56,5033,8,0
2026-04-29 10:00:00+00:00,4584.55,4588.96,4576.72,4578.74,5422,8,0
2026-04-29 10:15:00+00:00,4578.75,4581.32,4569.63,4575.29,4800,8,0
2026-04-29 10:30:00+00:00,4575.27,4578.81,4569.27,4570.45,5146,8,0
2026-04-29 10:45:00+00:00,4570.41,4572.46,4567.34,4567.9,5008,8,0
2026-04-29 11:00:00+00:00,4567.89,4573.4,4564.46,4565.31,5940,8,0
2026-04-29 11:15:00+00:00,4565.3,4571.51,4565.18,4566.66,5024,8,0
2026-04-29 11:30:00+00:00,4566.49,4568.94,4557.25,4568.23,5345,8,0
2026-04-29 11:45:00+00:00,4568.24,4576.8,4568.18,4573.25,4479,8,0
2026-04-29 12:00:00+00:00,4573.35,4575.69,4570.3,4574.27,4213,8,0
2026-04-29 12:15:00+00:00,4574.12,4580.92,4565.8,4565.81,4115,8,0
2026-04-29 12:30:00+00:00,4565.8,4569.61,4558.72,4558.9,5018,8,0
2026-04-29 12:45:00+00:00,4559.0,4562.04,4551.66,4555.82,5530,8,0
2026-04-29 13:00:00+00:00,4555.78,4568.27,4555.0,4568.04,4006,8,0
2026-04-29 13:15:00+00:00,4568.02,4573.27,4568.01,4571.72,3801,8,0
2026-04-29 13:30:00+00:00,4571.77,4576.62,4566.1,4566.4,4119,8,0
2026-04-29 13:45:00+00:00,4566.35,4570.72,4564.09,4569.91,3812,8,0
2026-04-29 14:00:00+00:00,4569.92,4572.14,4565.36,4568.06,3949,8,0
2026-04-29 14:15:00+00:00,4568.18,4570.37,4564.11,4564.79,3959,8,0
2026-04-29 14:30:00+00:00,4564.55,4571.83,4563.63,4566.96,4570,8,0
2026-04-29 14:45:00+00:00,4566.91,4566.93,4559.27,4561.82,4607,8,0
2026-04-29 15:00:00+00:00,4561.8,4568.34,4560.63,4564.46,4499,8,0
2026-04-29 15:15:00+00:00,4564.57,4569.17,4559.38,4559.45,4864,8,0
2026-04-29 15:30:00+00:00,4559.28,4559.85,4551.22,4557.74,5744,8,0
2026-04-29 15:45:00+00:00,4557.71,4560.04,4542.14,4544.98,5800,8,0
2026-04-29 16:00:00+00:00,4544.97,4553.41,4544.96,4549.97,6148,8,0
2026-04-29 16:15:00+00:00,4549.98,4551.71,4534.61,4537.82,6293,8,0
2026-04-29 16:30:00+00:00,4537.96,4539.67,4513.52,4514.88,7774,8,0
2026-04-29 16:45:00+00:00,4514.76,4530.1,4510.22,4521.92,7364,8,0
2026-04-29 17:00:00+00:00,4521.82,4528.37,4517.84,4526.19,7217,8,0
2026-04-29 17:15:00+00:00,4526.22,4537.78,4524.32,4533.17,6733,8,0
2026-04-29 17:30:00+00:00,4533.19,4542.94,4530.85,4538.89,6671,8,0
2026-04-29 17:45:00+00:00,4538.95,4540.68,4532.1,4539.45,6003,8,0
2026-04-29 18:00:00+00:00,4539.4,4546.94,4536.28,4538.05,6399,8,0
2026-04-29 18:15:00+00:00,4538.16,4546.52,4536.24,4543.63,6006,8,0
2026-04-29 18:30:00+00:00,4543.64,4556.28,4540.45,4553.27,6267,8,0
2026-04-29 18:45:00+00:00,4553.28,4559.18,4542.15,4547.75,6879,8,0
2026-04-29 19:00:00+00:00,4547.86,4565.03,4547.13,4559.23,6359,8,0
2026-04-29 19:15:00+00:00,4559.2,4564.4,4557.22,4560.39,5038,8,0
2026-04-29 19:30:00+00:00,4560.15,4560.2,4545.71,4550.33,5712,8,0
2026-04-29 19:45:00+00:00,4550.32,4551.45,4543.39,4545.47,4778,8,0
2026-04-29 20:00:00+00:00,4545.53,4552.29,4542.81,4550.78,5386,8,0
2026-04-29 20:15:00+00:00,4550.74,4554.52,4545.94,4547.21,5791,8,0
2026-04-29 20:30:00+00:00,4547.19,4548.63,4542.71,4544.79,4993,8,0
2026-04-29 20:45:00+00:00,4544.8,4547.49,4541.56,4547.21,4497,8,0
2026-04-29 21:00:00+00:00,4547.48,4553.06,4525.3,4525.63,6851,8,0
2026-04-29 21:15:00+00:00,4525.59,4539.69,4525.08,4533.0,6615,8,0
2026-04-29 21:30:00+00:00,4532.96,4540.66,4520.36,4520.49,7046,8,0
2026-04-29 21:45:00+00:00,4520.42,4541.42,4518.13,4538.07,6526,8,0
2026-04-29 22:00:00+00:00,4538.06,4548.8,4533.13,4547.61,6183,8,0
2026-04-29 22:15:00+00:00,4547.68,4550.72,4541.17,4542.74,5610,8,0
2026-04-29 22:30:00+00:00,4542.81,4544.96,4537.55,4539.54,5459,8,0
2026-04-29 22:45:00+00:00,4539.52,4549.89,4539.4,4546.95,4744,8,0
2026-04-29 23:00:00+00:00,4547.07,4553.57,4542.64,4546.1,5884,8,0
2026-04-29 23:15:00+00:00,4546.31,4548.06,4541.41,4543.41,5337,8,0
2026-04-29 23:30:00+00:00,4543.44,4546.8,4542.55,4543.96,3640,8,0
2026-04-29 23:45:00+00:00,4543.91,4544.82,4541.49,4543.5,2794,8,0
2026-04-30 01:00:00+00:00,4545.54,4548.76,4539.35,4546.39,2185,12,0
2026-04-30 01:15:00+00:00,4546.56,4550.93,4546.5,4549.19,2960,10,0
2026-04-30 01:30:00+00:00,4549.12,4552.25,4547.49,4548.5,2234,12,0
2026-04-30 01:45:00+00:00,4548.49,4552.71,4547.86,4552.17,2314,12,0
2026-04-30 02:00:00+00:00,4552.16,4554.12,4550.54,4553.4,2071,12,0
2026-04-30 02:15:00+00:00,4553.41,4555.22,4549.77,4551.68,2123,10,0
2026-04-30 02:30:00+00:00,4551.72,4555.06,4551.46,4554.58,2182,11,0
2026-04-30 02:45:00+00:00,4554.59,4562.06,4554.06,4561.76,3286,8,0
2026-04-30 03:00:00+00:00,4561.78,4568.65,4557.6,4557.77,5700,8,0
2026-04-30 03:15:00+00:00,4557.88,4564.71,4556.48,4563.48,4386,8,0
2026-04-30 03:30:00+00:00,4563.57,4567.03,4562.27,4566.99,3969,8,0
2026-04-30 03:45:00+00:00,4567.01,4573.99,4566.59,4569.78,4331,8,0
2026-04-30 04:00:00+00:00,4569.81,4571.08,4564.64,4568.46,5655,11,0
2026-04-30 04:15:00+00:00,4568.45,4581.23,4565.83,4580.0,5594,8,0
2026-04-30 04:30:00+00:00,4579.97,4581.52,4570.95,4576.5,5803,8,0
2026-04-30 04:45:00+00:00,4576.44,4582.59,4574.05,4579.21,5093,8,0
2026-04-30 05:00:00+00:00,4579.09,4582.05,4574.87,4579.73,4601,11,0
2026-04-30 05:15:00+00:00,4579.69,4580.73,4571.78,4573.15,3820,8,0
2026-04-30 05:30:00+00:00,4573.12,4573.66,4560.08,4562.3,6485,8,0
2026-04-30 05:45:00+00:00,4562.18,4565.38,4559.88,4564.95,4859,8,0
2026-04-30 06:00:00+00:00,4564.74,4569.26,4562.5,4564.88,4827,11,0
2026-04-30 06:15:00+00:00,4564.92,4566.97,4562.82,4563.3,4374,11,0
2026-04-30 06:30:00+00:00,4563.51,4563.91,4557.58,4561.5,3913,8,0
2026-04-30 06:45:00+00:00,4561.55,4561.56,4555.78,4556.3,3494,11,0
2026-04-30 07:00:00+00:00,4556.15,4556.73,4550.96,4555.37,4632,8,0
2026-04-30 07:15:00+00:00,4555.44,4557.04,4546.06,4547.37,4785,8,0
2026-04-30 07:30:00+00:00,4547.36,4547.73,4540.95,4544.75,4592,8,0
2026-04-30 07:45:00+00:00,4544.68,4549.52,4541.99,4542.14,4232,11,0
2026-04-30 08:00:00+00:00,4542.06,4553.58,4541.94,4553.15,5216,8,0
2026-04-30 08:15:00+00:00,4553.2,4559.08,4551.82,4555.72,4307,8,0
2026-04-30 08:30:00+00:00,4555.71,4566.73,4553.66,4563.79,5865,8,0
2026-04-30 08:45:00+00:00,4563.93,4569.68,4562.27,4562.72,4909,8,0
2026-04-30 09:00:00+00:00,4562.79,4567.81,4560.21,4566.15,5290,8,0
2026-04-30 09:15:00+00:00,4566.2,4571.05,4563.65,4569.56,5355,8,0
2026-04-30 09:30:00+00:00,4569.58,4578.49,4569.58,4575.23,6050,8,0
2026-04-30 09:45:00+00:00,4575.24,4591.6,4574.71,4589.56,5865,8,0
2026-04-30 10:00:00+00:00,4589.53,4595.68,4586.26,4591.7,6365,8,0
2026-04-30 10:15:00+00:00,4591.75,4593.78,4584.88,4591.57,5074,8,0
2026-04-30 10:30:00+00:00,4591.53,4597.99,4588.03,4596.66,4374,8,0
2026-04-30 10:45:00+00:00,4596.74,4605.51,4593.51,4598.47,4339,8,0
2026-04-30 11:00:00+00:00,4598.51,4629.71,4597.44,4618.82,6630,8,0
2026-04-30 11:15:00+00:00,4618.84,4620.56,4612.11,4617.6,5332,8,0
2026-04-30 11:30:00+00:00,4617.53,4620.7,4613.75,4614.95,5097,8,0
2026-04-30 11:45:00+00:00,4614.92,4619.37,4614.28,4616.27,4220,8,0
2026-04-30 12:00:00+00:00,4616.31,4620.12,4614.28,4618.88,4138,8,0
2026-04-30 12:15:00+00:00,4618.85,4626.86,4615.41,4625.56,4452,8,0
2026-04-30 12:30:00+00:00,4625.59,4631.85,4618.45,4619.29,6034,8,0
2026-04-30 12:45:00+00:00,4619.3,4627.33,4618.2,4625.24,3979,8,0
2026-04-30 13:00:00+00:00,4625.23,4629.36,4623.76,4626.77,4290,8,0
2026-04-30 13:15:00+00:00,4626.75,4644.21,4626.2,4643.72,4670,8,0
2026-04-30 13:30:00+00:00,4643.82,4646.91,4634.32,4636.78,6641,8,0
2026-04-30 13:45:00+00:00,4636.77,4639.9,4633.96,4639.77,5940,8,0
2026-04-30 14:00:00+00:00,4639.84,4645.87,4635.9,4636.02,5926,8,0
2026-04-30 14:15:00+00:00,4636.0,4643.67,4630.33,4637.57,6000,8,0
2026-04-30 14:30:00+00:00,4637.6,4637.69,4626.84,4629.71,5482,8,0
2026-04-30 14:45:00+00:00,4629.72,4635.42,4628.08,4630.19,4877,8,0
2026-04-30 15:00:00+00:00,4630.36,4637.61,4629.59,4635.89,3881,8,0
2026-04-30 15:15:00+00:00,4636.1,4637.46,4628.41,4630.32,5369,8,0
2026-04-30 15:30:00+00:00,4630.16,4636.33,4625.34,4625.9,5309,8,0
2026-04-30 15:45:00+00:00,4625.81,4640.17,4624.63,4639.69,4199,8,0
2026-04-30 16:00:00+00:00,4640.0,4644.12,4634.61,4641.19,5668,8,0
2026-04-30 16:15:00+00:00,4641.09,4646.17,4632.85,4633.51,5696,8,0
2026-04-30 16:30:00+00:00,4633.5,4634.69,4620.35,4625.51,7281,8,0
2026-04-30 16:45:00+00:00,4625.53,4625.53,4610.57,4611.06,7481,8,0
2026-04-30 17:00:00+00:00,4611.01,4625.84,4609.39,4620.52,7375,8,0
2026-04-30 17:15:00+00:00,4620.54,4626.05,4616.21,4623.02,7100,8,0
2026-04-30 17:30:00+00:00,4623.08,4623.08,4610.79,4617.87,7284,8,0
2026-04-30 17:45:00+00:00,4617.83,4623.86,4617.25,4619.78,6680,8,0
2026-04-30 18:00:00+00:00,4619.77,4624.18,4614.88,4619.96,6937,8,0
2026-04-30 18:15:00+00:00,4619.99,4624.51,4615.63,4622.93,6578,8,0
2026-04-30 18:30:00+00:00,4622.94,4625.48,4613.31,4615.63,6176,8,0
2026-04-30 18:45:00+00:00,4615.62,4617.2,4611.28,4615.28,5651,8,0
2026-04-30 19:00:00+00:00,4615.27,4617.44,4610.05,4611.61,5555,8,0
2026-04-30 19:15:00+00:00,4611.59,4611.83,4605.52,4607.98,5118,8,0
2026-04-30 19:30:00+00:00,4608.01,4613.75,4607.04,4609.14,3714,8,0
2026-04-30 19:45:00+00:00,4609.03,4617.8,4605.24,4607.34,3805,8,0
2026-04-30 20:00:00+00:00,4607.45,4619.72,4607.44,4615.67,4307,8,0
2026-04-30 20:15:00+00:00,4615.65,4620.68,4612.58,4617.99,3851,8,0
2026-04-30 20:30:00+00:00,4617.85,4621.61,4615.0,4617.79,4557,8,0
2026-04-30 20:45:00+00:00,4617.8,4619.88,4615.19,4616.85,3908,8,0
2026-04-30 21:00:00+00:00,4617.07,4624.75,4616.8,4620.97,4661,8,0
2026-04-30 21:15:00+00:00,4620.95,4625.54,4620.19,4621.11,4658,8,0
2026-04-30 21:30:00+00:00,4621.1,4623.11,4619.43,4620.9,3344,8,0
2026-04-30 21:45:00+00:00,4620.88,4625.46,4620.39,4622.79,3615,8,0
2026-04-30 22:00:00+00:00,4622.78,4627.68,4622.47,4624.42,3667,8,0
2026-04-30 22:15:00+00:00,4624.44,4625.64,4617.35,4618.0,4361,8,0
2026-04-30 22:30:00+00:00,4618.02,4623.38,4615.49,4622.93,4252,8,0
2026-04-30 22:45:00+00:00,4622.83,4623.53,4614.91,4616.93,5364,8,0
2026-04-30 23:00:00+00:00,4616.98,4620.45,4615.83,4616.25,3979,8,0
2026-04-30 23:15:00+00:00,4616.32,4619.4,4615.81,4616.75,2142,8,0
2026-04-30 23:30:00+00:00,4616.21,4618.6,4615.37,4617.39,2469,8,0
2026-04-30 23:45:00+00:00,4617.31,4621.94,4616.83,4621.74,2203,8,0
2026-05-01 01:00:00+00:00,4622.55,4635.81,4622.55,4631.29,1979,12,0
2026-05-01 01:15:00+00:00,4631.27,4631.52,4628.72,4631.28,1839,13,0
2026-05-01 01:30:00+00:00,4631.35,4632.04,4626.9,4631.72,2233,10,0
2026-05-01 01:45:00+00:00,4632.27,4632.32,4628.54,4630.44,2092,8,0
2026-05-01 02:00:00+00:00,4630.35,4631.72,4628.32,4630.1,1936,10,0
2026-05-01 02:15:00+00:00,4630.11,4632.25,4629.06,4630.73,1593,8,0
2026-05-01 02:30:00+00:00,4630.74,4634.11,4630.64,4631.38,1959,8,0
2026-05-01 02:45:00+00:00,4631.19,4633.26,4626.37,4626.53,2959,8,0
2026-05-01 03:00:00+00:00,4626.52,4631.09,4620.8,4622.45,4672,8,0
2026-05-01 03:15:00+00:00,4622.41,4628.52,4621.02,4623.8,3831,10,0
2026-05-01 03:30:00+00:00,4623.85,4624.99,4618.48,4620.81,3628,8,0
2026-05-01 03:45:00+00:00,4620.91,4625.15,4619.58,4619.66,3940,10,0
2026-05-01 04:00:00+00:00,4619.65,4621.02,4615.54,4618.43,3731,8,0
2026-05-01 04:15:00+00:00,4618.36,4618.97,4613.94,4616.26,2927,8,0
2026-05-01 04:30:00+00:00,4616.19,4621.94,4616.05,4620.13,3126,8,0
2026-05-01 04:45:00+00:00,4620.14,4622.36,4618.74,4621.01,2913,10,0
2026-05-01 05:00:00+00:00,4621.0,4634.6,4619.81,4631.01,3163,8,0
2026-05-01 05:15:00+00:00,4630.94,4636.13,4628.59,4629.56,2874,8,0
2026-05-01 05:30:00+00:00,4629.58,4631.18,4623.94,4624.34,2337,8,0
2026-05-01 05:45:00+00:00,4624.33,4624.53,4616.5,4619.11,3022,8,0
2026-05-01 06:00:00+00:00,4619.1,4621.42,4617.73,4620.67,2268,8,0
2026-05-01 06:15:00+00:00,4620.66,4626.84,4620.65,4626.38,1912,8,0
2026-05-01 06:30:00+00:00,4626.45,4632.06,4625.44,4626.32,3248,8,0
2026-05-01 06:45:00+00:00,4626.29,4628.1,4625.6,4626.78,2230,10,0
2026-05-01 07:00:00+00:00,4626.79,4628.94,4619.88,4621.83,2985,10,0
2026-05-01 07:15:00+00:00,4621.88,4623.42,4617.29,4617.73,1959,8,0
2026-05-01 07:30:00+00:00,4617.75,4618.28,4612.13,4613.5,2764,8,0
2026-05-01 07:45:00+00:00,4613.49,4614.58,4609.16,4609.16,2331,8,0
2026-05-01 08:00:00+00:00,4609.12,4614.82,4607.61,4614.32,3105,10,0
2026-05-01 08:15:00+00:00,4614.31,4616.27,4611.66,4614.73,2387,10,0
2026-05-01 08:30:00+00:00,4614.7,4615.45,4609.44,4609.89,2789,8,0
2026-05-01 08:45:00+00:00,4609.78,4613.59,4603.01,4604.92,3000,8,0
2026-05-01 09:00:00+00:00,4605.02,4607.96,4601.12,4601.55,3475,8,0
2026-05-01 09:15:00+00:00,4601.56,4602.09,4593.37,4593.46,3701,8,0
2026-05-01 09:30:00+00:00,4593.45,4597.63,4590.86,4593.52,3853,8,0
2026-05-01 09:45:00+00:00,4593.53,4596.16,4591.14,4594.95,5428,8,0
2026-05-01 10:00:00+00:00,4594.93,4596.52,4590.11,4596.13,5161,8,0
2026-05-01 10:15:00+00:00,4596.12,4598.16,4585.23,4592.48,4478,8,0
2026-05-01 10:30:00+00:00,4592.66,4592.7,4583.72,4585.43,4231,8,0
2026-05-01 10:45:00+00:00,4585.35,4586.06,4575.94,4578.16,3972,8,0
2026-05-01 11:00:00+00:00,4578.11,4582.6,4573.47,4573.97,4426,8,0
2026-05-01 11:15:00+00:00,4573.95,4576.94,4566.45,4567.25,4401,8,0
2026-05-01 11:30:00+00:00,4567.26,4572.19,4566.1,4571.11,3634,8,0
2026-05-01 11:45:00+00:00,4570.94,4572.65,4565.12,4568.36,3320,8,0
2026-05-01 12:00:00+00:00,4568.37,4569.17,4564.23,4565.8,3487,8,0
2026-05-01 12:15:00+00:00,4565.75,4571.3,4564.61,4569.23,3363,8,0
2026-05-01 12:30:00+00:00,4569.16,4572.9,4567.49,4570.31,2678,8,0
2026-05-01 12:45:00+00:00,4570.28,4570.7,4559.98,4562.8,3301,8,0
2026-05-01 13:00:00+00:00,4562.83,4568.12,4561.42,4566.71,2520,8,0
2026-05-01 13:15:00+00:00,4566.79,4572.74,4566.59,4572.19,2372,8,0
2026-05-01 13:30:00+00:00,4572.17,4576.15,4567.39,4570.36,2648,8,0
2026-05-01 13:45:00+00:00,4570.35,4572.19,4566.04,4566.91,2744,8,0
2026-05-01 14:00:00+00:00,4566.9,4568.93,4562.56,4565.9,3874,8,0
2026-05-01 14:15:00+00:00,4565.72,4576.46,4564.65,4571.84,3638,8,0
2026-05-01 14:30:00+00:00,4571.79,4577.82,4570.33,4575.7,3703,8,0
2026-05-01 14:45:00+00:00,4575.66,4579.65,4572.75,4578.63,3328,8,0
2026-05-01 15:00:00+00:00,4578.57,4590.66,4574.89,4584.81,4340,8,0
2026-05-01 15:15:00+00:00,4584.73,4607.71,4582.71,4602.92,6494,8,0
2026-05-01 15:30:00+00:00,4603.03,4603.31,4589.04,4591.9,4498,8,0
2026-05-01 15:45:00+00:00,4592.0,4595.61,4589.79,4591.23,4537,8,0
2026-05-01 16:00:00+00:00,4591.22,4597.31,4589.8,4591.35,4679,8,0
2026-05-01 16:15:00+00:00,4591.37,4593.27,4586.58,4589.15,4988,8,0
2026-05-01 16:30:00+00:00,4589.16,4608.98,4586.52,4607.99,7386,8,0
2026-05-01 16:45:00+00:00,4607.94,4629.02,4598.82,4625.73,7535,8,0
2026-05-01 17:00:00+00:00,4627.08,4660.0,4625.89,4656.12,7628,8,0
2026-05-01 17:15:00+00:00,4656.24,4660.28,4643.83,4644.53,7249,8,0
2026-05-01 17:30:00+00:00,4644.54,4646.39,4630.52,4633.49,7209,8,0
2026-05-01 17:45:00+00:00,4633.34,4635.46,4627.35,4632.18,6791,8,0
2026-05-01 18:00:00+00:00,4632.1,4636.62,4619.08,4636.62,6713,8,0
2026-05-01 18:15:00+00:00,4636.63,4640.66,4634.16,4636.58,5288,8,0
2026-05-01 18:30:00+00:00,4636.76,4644.76,4635.56,4643.66,4885,8,0
2026-05-01 18:45:00+00:00,4643.76,4648.1,4633.25,4643.3,4908,8,0
2026-05-01 19:00:00+00:00,4643.27,4645.6,4638.2,4642.85,5023,8,0
2026-05-01 19:15:00+00:00,4642.79,4650.24,4637.81,4638.13,5873,8,0
2026-05-01 19:30:00+00:00,4638.01,4641.56,4633.97,4638.93,5741,8,0
2026-05-01 19:45:00+00:00,4638.95,4642.99,4636.7,4638.94,4491,8,0
2026-05-01 20:00:00+00:00,4638.96,4642.75,4637.64,4640.01,3405,8,0
2026-05-01 20:15:00+00:00,4640.02,4640.2,4631.0,4631.87,3570,8,0
2026-05-01 20:30:00+00:00,4631.77,4632.36,4626.88,4628.09,3537,8,0
2026-05-01 20:45:00+00:00,4628.15,4635.04,4627.3,4629.6,4347,8,0
2026-05-01 21:00:00+00:00,4629.57,4630.68,4615.61,4615.79,4349,8,0
2026-05-01 21:15:00+00:00,4615.81,4623.51,4613.75,4623.44,4349,8,0
2026-05-01 21:30:00+00:00,4623.43,4624.24,4615.98,4622.04,4521,8,0
2026-05-01 21:45:00+00:00,4622.05,4625.39,4619.72,4623.8,3889,8,0
2026-05-01 22:00:00+00:00,4623.83,4626.16,4619.98,4625.78,3886,8,0
2026-05-01 22:15:00+00:00,4625.79,4627.19,4623.78,4623.82,3532,8,0
2026-05-01 22:30:00+00:00,4624.02,4624.14,4610.84,4611.46,3614,8,0
2026-05-01 22:45:00+00:00,4611.38,4614.72,4608.34,4609.46,4864,8,0
2026-05-01 23:00:00+00:00,4610.33,4612.15,4606.48,4610.6,2740,8,0
2026-05-01 23:15:00+00:00,4610.68,4615.68,4609.18,4612.68,2429,8,0
2026-05-01 23:30:00+00:00,4612.78,4614.98,4610.2,4613.58,2288,11,0
2026-05-01 23:45:00+00:00,4613.49,4617.94,4612.45,4614.51,1867,10,0
2026-05-04 01:00:00+00:00,4632.9,4637.8,4616.99,4622.99,3049,8,0
2026-05-04 01:15:00+00:00,4622.53,4623.06,4612.5,4620.71,2296,20,0
2026-05-04 01:30:00+00:00,4620.68,4629.32,4619.63,4628.15,1952,10,0
2026-05-04 01:45:00+00:00,4628.12,4629.17,4618.26,4618.87,2852,8,0
2026-05-04 02:00:00+00:00,4618.88,4620.85,4611.35,4615.22,2786,8,0
2026-05-04 02:15:00+00:00,4615.15,4617.78,4613.21,4617.13,2131,10,0
2026-05-04 02:30:00+00:00,4617.12,4618.43,4612.93,4613.71,2270,10,0
2026-05-04 02:45:00+00:00,4613.72,4617.14,4611.65,4613.94,2939,8,0
2026-05-04 03:00:00+00:00,4613.8,4616.71,4604.71,4612.17,4280,8,0
2026-05-04 03:15:00+00:00,4612.21,4614.78,4601.92,4605.97,4615,8,0
2026-05-04 03:30:00+00:00,4605.94,4610.06,4604.94,4605.83,3791,8,0
2026-05-04 03:45:00+00:00,4605.86,4613.54,4604.94,4612.96,3603,8,0
2026-05-04 04:00:00+00:00,4613.01,4614.02,4595.94,4600.7,4822,8,0
2026-05-04 04:15:00+00:00,4600.72,4604.34,4594.29,4594.73,4380,8,0
2026-05-04 04:30:00+00:00,4594.72,4601.73,4592.75,4601.49,3825,10,0
2026-05-04 04:45:00+00:00,4601.52,4613.87,4600.97,4613.16,3236,8,0
2026-05-04 05:00:00+00:00,4613.05,4618.68,4603.55,4608.38,3808,8,0
2026-05-04 05:15:00+00:00,4608.36,4608.36,4591.57,4593.17,4309,8,0
2026-05-04 05:30:00+00:00,4593.15,4603.54,4591.21,4603.54,3667,8,0
2026-05-04 05:45:00+00:00,4603.97,4611.2,4601.15,4605.97,3654,8,0
2026-05-04 06:00:00+00:00,4605.95,4611.78,4604.45,4610.09,3299,8,0
2026-05-04 06:15:00+00:00,4610.11,4610.96,4608.26,4610.33,2270,8,0
2026-05-04 06:30:00+00:00,4609.77,4611.23,4598.59,4605.07,3109,8,0
2026-05-04 06:45:00+00:00,4605.04,4617.18,4605.04,4615.08,5037,8,0
2026-05-04 07:00:00+00:00,4615.05,4615.56,4607.84,4611.14,3191,8,0
2026-05-04 07:15:00+00:00,4611.24,4613.17,4607.1,4608.02,2542,8,0
2026-05-04 07:30:00+00:00,4608.05,4612.99,4607.17,4609.27,2756,8,0
2026-05-04 07:45:00+00:00,4609.31,4610.55,4605.34,4605.91,2391,8,0
2026-05-04 08:00:00+00:00,4605.92,4606.86,4601.96,4603.77,3346,8,0
2026-05-04 08:15:00+00:00,4603.82,4613.21,4595.59,4596.28,4761,8,0
2026-05-04 08:30:00+00:00,4596.41,4599.09,4592.35,4598.99,4138,10,0
2026-05-04 08:45:00+00:00,4599.0,4601.9,4594.35,4599.15,3443,8,0
2026-05-04 09:00:00+00:00,4599.05,4600.78,4587.77,4597.57,4371,8,0
2026-05-04 09:15:00+00:00,4597.59,4597.95,4589.12,4593.97,4449,8,0
2026-05-04 09:30:00+00:00,4593.98,4595.57,4584.41,4585.46,4877,8,0
2026-05-04 09:45:00+00:00,4585.48,4592.55,4583.73,4588.63,4370,8,0
2026-05-04 10:00:00+00:00,4588.76,4593.45,4585.64,4592.27,4814,8,0
2026-05-04 10:15:00+00:00,4592.28,4592.93,4583.41,4585.93,4082,8,0
2026-05-04 10:30:00+00:00,4585.96,4588.28,4582.74,4587.93,3959,8,0
2026-05-04 10:45:00+00:00,4587.94,4590.89,4578.08,4579.05,3865,8,0
2026-05-04 11:00:00+00:00,4579.06,4581.12,4574.19,4580.21,4965,8,0
2026-05-04 11:15:00+00:00,4580.22,4581.14,4574.25,4575.04,4154,8,0
2026-05-04 11:30:00+00:00,4575.05,4581.43,4573.76,4578.15,3755,8,0
2026-05-04 11:45:00+00:00,4578.16,4579.7,4575.85,4577.05,3567,8,0
2026-05-04 12:00:00+00:00,4577.04,4584.22,4576.19,4584.17,3680,8,0
2026-05-04 12:15:00+00:00,4583.91,4584.47,4580.38,4581.37,3200,8,0
2026-05-04 12:30:00+00:00,4581.38,4584.59,4580.47,4581.44,2670,8,0
2026-05-04 12:45:00+00:00,4581.43,4582.4,4572.45,4575.52,3218,8,0
2026-05-04 13:00:00+00:00,4575.49,4575.93,4537.67,4542.1,7438,8,0
2026-05-04 13:15:00+00:00,4542.05,4545.31,4526.0,4545.03,7122,8,0
2026-05-04 13:30:00+00:00,4545.04,4564.1,4543.18,4558.7,6271,8,0
2026-05-04 13:45:00+00:00,4558.56,4566.95,4558.33,4562.63,5235,8,0
2026-05-04 14:00:00+00:00,4563.02,4570.83,4561.33,4565.41,5349,8,0
2026-05-04 14:15:00+00:00,4565.41,4570.11,4561.8,4562.27,4409,8,0
2026-05-04 14:30:00+00:00,4562.64,4562.84,4551.6,4553.52,4988,8,0
2026-05-04 14:45:00+00:00,4553.53,4563.22,4553.07,4560.02,4851,8,0
2026-05-04 15:00:00+00:00,4560.77,4565.9,4559.31,4563.71,4732,8,0
2026-05-04 15:15:00+00:00,4563.7,4579.34,4563.28,4568.57,5632,8,0
2026-05-04 15:30:00+00:00,4568.58,4571.62,4561.18,4570.05,4787,8,0
2026-05-04 15:45:00+00:00,4570.07,4576.15,4566.46,4568.71,4535,8,0
2026-05-04 16:00:00+00:00,4568.41,4575.59,4557.37,4566.09,6332,8,0
2026-05-04 16:15:00+00:00,4565.95,4567.62,4561.15,4561.15,4987,8,0
2026-05-04 16:30:00+00:00,4561.07,4570.97,4555.67,4565.52,7017,8,0
2026-05-04 16:45:00+00:00,4565.48,4566.85,4557.48,4564.11,6673,8,0
2026-05-04 17:00:00+00:00,4564.05,4565.5,4553.58,4560.2,6911,8,0
2026-05-04 17:15:00+00:00,4560.24,4582.35,4559.67,4571.22,6473,8,0
2026-05-04 17:30:00+00:00,4571.3,4583.26,4570.12,4574.52,5485,8,0
2026-05-04 17:45:00+00:00,4574.49,4576.97,4559.95,4561.57,5764,8,0
2026-05-04 18:00:00+00:00,4561.55,4565.9,4548.3,4548.61,6921,8,0
2026-05-04 18:15:00+00:00,4548.62,4555.57,4514.47,4537.76,7857,8,0
2026-05-04 18:30:00+00:00,4537.78,4543.05,4527.71,4534.97,7367,8,0
2026-05-04 18:45:00+00:00,4535.03,4535.12,4513.36,4521.45,6765,8,0
2026-05-04 19:00:00+00:00,4521.87,4525.5,4500.74,4509.67,7452,8,0
2026-05-04 19:15:00+00:00,4509.74,4527.02,4508.69,4515.09,6481,8,0
2026-05-04 19:30:00+00:00,4515.05,4519.08,4511.56,4512.53,5436,8,0
2026-05-04 19:45:00+00:00,4512.4,4516.06,4507.47,4510.7,5336,8,0
2026-05-04 20:00:00+00:00,4511.68,4526.16,4510.95,4522.42,5909,8,0
2026-05-04 20:15:00+00:00,4522.42,4531.64,4521.68,4524.37,5441,8,0
2026-05-04 20:30:00+00:00,4524.46,4527.68,4521.89,4526.14,3954,8,0
2026-05-04 20:45:00+00:00,4526.11,4526.68,4521.54,4522.37,3131,8,0
2026-05-04 21:00:00+00:00,4522.43,4525.41,4518.69,4520.02,2827,8,0
2026-05-04 21:15:00+00:00,4520.02,4520.34,4509.87,4511.89,2993,8,0
2026-05-04 21:30:00+00:00,4511.91,4515.06,4510.63,4511.87,3882,8,0
2026-05-04 21:45:00+00:00,4512.09,4516.58,4510.78,4516.32,3146,8,0
2026-05-04 22:00:00+00:00,4516.1,4523.44,4511.42,4518.99,3913,8,0
2026-05-04 22:15:00+00:00,4518.91,4525.94,4517.54,4522.41,4483,8,0
2026-05-04 22:30:00+00:00,4522.38,4527.16,4520.48,4521.2,3657,8,0
2026-05-04 22:45:00+00:00,4521.19,4523.37,4515.37,4517.61,4083,8,0
2026-05-04 23:00:00+00:00,4517.95,4518.17,4511.79,4514.78,2318,8,0
2026-05-04 23:15:00+00:00,4514.77,4515.76,4512.0,4515.23,1242,10,0
2026-05-04 23:30:00+00:00,4515.22,4518.92,4514.66,4518.72,1525,8,0
2026-05-04 23:45:00+00:00,4518.67,4523.92,4518.65,4522.25,1673,8,0
2026-05-05 01:00:00+00:00,4523.87,4524.66,4517.94,4521.11,1323,14,0
2026-05-05 01:15:00+00:00,4521.18,4522.76,4519.5,4519.94,1096,8,0
2026-05-05 01:30:00+00:00,4519.93,4522.28,4518.99,4519.29,1316,8,0
2026-05-05 01:45:00+00:00,4519.31,4519.61,4515.67,4517.62,1170,8,0
2026-05-05 02:00:00+00:00,4517.57,4521.17,4516.3,4520.56,1122,10,0
2026-05-05 02:15:00+00:00,4520.57,4521.78,4519.26,4521.26,765,8,0
2026-05-05 02:30:00+00:00,4520.99,4521.44,4518.37,4518.61,862,8,0
2026-05-05 02:45:00+00:00,4518.61,4520.77,4517.3,4519.12,1944,8,0
2026-05-05 03:00:00+00:00,4519.24,4528.61,4517.81,4528.01,4079,8,0
2026-05-05 03:15:00+00:00,4527.97,4527.97,4513.58,4517.16,4187,8,0
2026-05-05 03:30:00+00:00,4517.1,4524.4,4516.07,4523.77,2913,8,0
2026-05-05 03:45:00+00:00,4523.78,4530.42,4523.78,4530.15,3241,8,0
2026-05-05 04:00:00+00:00,4530.14,4539.59,4525.48,4538.85,4398,8,0
2026-05-05 04:15:00+00:00,4538.86,4540.09,4535.34,4537.94,3449,8,0
2026-05-05 04:30:00+00:00,4538.1,4542.32,4534.1,4537.0,4382,8,0
2026-05-05 04:45:00+00:00,4536.98,4541.31,4536.34,4540.88,3215,8,0
2026-05-05 05:00:00+00:00,4540.9,4542.59,4537.56,4538.56,3404,8,0
2026-05-05 05:15:00+00:00,4538.63,4541.82,4534.72,4541.59,2980,8,0
2026-05-05 05:30:00+00:00,4541.6,4545.9,4540.22,4544.5,2942,8,0
2026-05-05 05:45:00+00:00,4544.48,4546.87,4538.89,4539.14,3107,8,0
2026-05-05 06:00:00+00:00,4539.05,4542.18,4537.58,4542.1,2361,10,0
2026-05-05 06:15:00+00:00,4542.11,4542.67,4537.33,4538.09,1887,8,0
2026-05-05 06:30:00+00:00,4538.03,4539.29,4535.49,4536.16,1942,8,0
2026-05-05 06:45:00+00:00,4536.18,4537.17,4532.5,4534.65,2202,8,0
2026-05-05 07:00:00+00:00,4534.58,4535.84,4532.65,4532.99,2093,10,0
2026-05-05 07:15:00+00:00,4533.04,4533.91,4529.43,4529.53,2310,8,0
2026-05-05 07:30:00+00:00,4529.54,4533.77,4528.01,4531.72,2485,8,0
2026-05-05 07:45:00+00:00,4531.71,4536.67,4531.3,4533.72,2528,8,0
2026-05-05 08:00:00+00:00,4533.65,4545.6,4531.42,4540.36,3876,8,0
2026-05-05 08:15:00+00:00,4540.35,4540.57,4535.81,4540.03,2826,10,0
2026-05-05 08:30:00+00:00,4540.08,4551.82,4539.89,4546.14,4655,8,0
2026-05-05 08:45:00+00:00,4546.12,4549.05,4543.59,4545.69,3230,8,0
2026-05-05 09:00:00+00:00,4545.7,4552.11,4541.66,4543.61,3799,8,0
2026-05-05 09:15:00+00:00,4543.63,4544.88,4533.8,4536.99,4412,8,0
2026-05-05 09:30:00+00:00,4536.81,4549.53,4536.36,4546.36,4637,8,0
2026-05-05 09:45:00+00:00,4546.35,4551.06,4545.51,4548.11,4197,8,0
2026-05-05 10:00:00+00:00,4548.07,4555.21,4547.53,4554.18,4399,8,0
2026-05-05 10:15:00+00:00,4554.15,4555.7,4548.48,4549.0,3527,8,0
2026-05-05 10:30:00+00:00,4549.01,4558.41,4548.99,4551.23,4338,8,0
2026-05-05 10:45:00+00:00,4551.24,4551.93,4543.34,4545.53,4419,8,0
2026-05-05 11:00:00+00:00,4545.59,4553.49,4545.47,4551.16,4382,8,0
2026-05-05 11:15:00+00:00,4551.12,4554.82,4549.05,4551.59,4306,8,0
2026-05-05 11:30:00+00:00,4551.45,4553.16,4547.98,4549.95,3323,8,0
2026-05-05 11:45:00+00:00,4549.85,4559.75,4548.31,4558.39,4071,8,0
2026-05-05 12:00:00+00:00,4558.52,4560.61,4553.6,4557.75,3967,8,0
2026-05-05 12:15:00+00:00,4557.81,4557.92,4552.34,4552.34,3113,8,0
2026-05-05 12:30:00+00:00,4552.35,4558.41,4551.2,4555.54,3082,8,0
2026-05-05 12:45:00+00:00,4555.58,4557.47,4552.8,4556.26,2818,8,0
2026-05-05 13:00:00+00:00,4556.28,4556.9,4550.65,4553.1,3111,8,0
2026-05-05 13:15:00+00:00,4553.08,4555.04,4546.89,4547.99,2977,8,0
2026-05-05 13:30:00+00:00,4547.98,4554.13,4544.32,4545.12,3576,8,0
2026-05-05 13:45:00+00:00,4545.17,4545.82,4540.22,4543.8,2396,8,0
2026-05-05 14:00:00+00:00,4543.36,4553.09,4539.94,4552.66,3850,8,0
2026-05-05 14:15:00+00:00,4552.67,4557.66,4549.87,4556.09,4387,8,0
2026-05-05 14:30:00+00:00,4556.12,4564.78,4555.07,4563.43,3561,8,0
2026-05-05 14:45:00+00:00,4563.48,4564.99,4559.12,4562.59,3533,8,0
2026-05-05 15:00:00+00:00,4562.87,4566.91,4554.19,4564.99,4705,8,0
2026-05-05 15:15:00+00:00,4565.07,4574.35,4561.17,4573.85,4938,8,0
2026-05-05 15:30:00+00:00,4573.88,4574.73,4566.75,4567.15,4609,8,0
2026-05-05 15:45:00+00:00,4567.24,4568.56,4561.8,4564.55,3621,8,0
2026-05-05 16:00:00+00:00,4564.53,4581.1,4564.26,4578.8,4911,8,0
2026-05-05 16:15:00+00:00,4579.01,4584.92,4576.26,4576.88,4876,8,0
2026-05-05 16:30:00+00:00,4576.86,4581.88,4571.71,4574.06,6575,8,0
2026-05-05 16:45:00+00:00,4574.0,4583.17,4572.95,4579.39,6029,8,0
2026-05-05 17:00:00+00:00,4579.41,4584.03,4570.87,4573.49,6027,8,0
2026-05-05 17:15:00+00:00,4573.7,4586.37,4565.81,4583.9,6932,8,0
2026-05-05 17:30:00+00:00,4583.74,4585.34,4577.86,4582.71,5150,8,0
2026-05-05 17:45:00+00:00,4582.71,4582.81,4575.43,4582.15,4900,8,0
2026-05-05 18:00:00+00:00,4582.06,4583.48,4577.59,4580.35,4851,8,0
2026-05-05 18:15:00+00:00,4580.39,4581.12,4574.77,4578.42,4579,8,0
2026-05-05 18:30:00+00:00,4578.49,4580.58,4572.35,4572.98,4090,8,0
2026-05-05 18:45:00+00:00,4573.01,4575.58,4568.17,4568.36,3865,8,0
2026-05-05 19:00:00+00:00,4568.34,4568.83,4562.03,4566.26,3984,8,0
2026-05-05 19:15:00+00:00,4566.25,4566.34,4556.57,4560.23,4399,8,0
2026-05-05 19:30:00+00:00,4560.36,4560.7,4554.25,4556.39,3861,8,0
2026-05-05 19:45:00+00:00,4556.37,4562.31,4555.19,4560.67,3345,8,0
2026-05-05 20:00:00+00:00,4560.76,4562.07,4553.55,4556.44,4077,8,0
2026-05-05 20:15:00+00:00,4556.49,4561.68,4556.27,4558.31,3636,8,0
2026-05-05 20:30:00+00:00,4558.34,4562.61,4555.85,4560.48,3274,8,0
2026-05-05 20:45:00+00:00,4560.49,4562.28,4558.18,4559.78,3477,8,0
2026-05-05 21:00:00+00:00,4559.94,4564.94,4558.74,4564.3,3495,8,0
2026-05-05 21:15:00+00:00,4564.41,4565.55,4561.29,4562.11,2845,8,0
2026-05-05 21:30:00+00:00,4562.18,4562.62,4557.62,4561.63,2783,8,0
2026-05-05 21:45:00+00:00,4561.65,4565.84,4559.66,4561.12,3099,8,0
2026-05-05 22:00:00+00:00,4561.11,4561.58,4556.91,4557.32,3340,8,0
2026-05-05 22:15:00+00:00,4557.31,4558.87,4554.96,4556.24,3274,8,0
2026-05-05 22:30:00+00:00,4556.25,4558.31,4555.59,4555.61,2650,8,0
2026-05-05 22:45:00+00:00,4555.65,4558.92,4551.61,4555.17,3641,8,0
2026-05-05 23:00:00+00:00,4554.67,4557.19,4554.0,4556.91,1674,8,0
2026-05-05 23:15:00+00:00,4556.92,4559.79,4555.47,4559.17,2165,8,0
2026-05-05 23:30:00+00:00,4559.24,4560.02,4554.88,4555.62,1733,8,0
2026-05-05 23:45:00+00:00,4555.61,4557.63,4554.52,4556.51,1740,8,0
2026-05-06 01:00:00+00:00,4560.36,4560.36,4549.12,4550.45,2082,8,0
2026-05-06 01:15:00+00:00,4550.59,4550.95,4546.43,4546.79,2213,8,0
2026-05-06 01:30:00+00:00,4546.78,4550.93,4546.31,4548.77,1555,8,0
2026-05-06 01:45:00+00:00,4548.64,4577.4,4547.08,4573.12,3600,8,0
2026-05-06 02:00:00+00:00,4573.21,4590.62,4569.51,4588.81,3926,10,0
2026-05-06 02:15:00+00:00,4588.75,4589.56,4582.15,4582.23,4307,10,0
2026-05-06 02:30:00+00:00,4582.24,4588.52,4579.54,4584.93,2882,10,0
2026-05-06 02:45:00+00:00,4585.01,4595.73,4584.62,4593.94,3466,8,0
2026-05-06 03:00:00+00:00,4594.0,4598.06,4589.3,4591.71,4976,8,0
2026-05-06 03:15:00+00:00,4591.69,4604.25,4588.22,4602.33,4930,8,0
2026-05-06 03:30:00+00:00,4602.38,4611.11,4602.09,4610.28,4293,8,0
2026-05-06 03:45:00+00:00,4610.18,4619.93,4609.52,4618.83,4652,8,0
2026-05-06 04:00:00+00:00,4618.86,4622.73,4609.51,4611.6,5754,8,0
2026-05-06 04:15:00+00:00,4611.57,4625.72,4609.71,4624.96,5240,8,0
2026-05-06 04:30:00+00:00,4624.98,4626.28,4620.34,4623.87,5258,8,0
2026-05-06 04:45:00+00:00,4623.82,4628.84,4623.45,4626.14,4518,8,0
2026-05-06 05:00:00+00:00,4626.13,4634.39,4625.37,4633.39,4094,8,0
2026-05-06 05:15:00+00:00,4633.28,4636.44,4629.81,4630.1,2922,8,0
2026-05-06 05:30:00+00:00,4630.41,4635.16,4626.85,4634.69,4044,8,0
2026-05-06 05:45:00+00:00,4634.66,4641.94,4633.91,4640.71,3651,8,0
2026-05-06 06:00:00+00:00,4640.79,4650.49,4638.63,4647.87,3880,8,0
2026-05-06 06:15:00+00:00,4647.77,4651.29,4644.64,4645.82,3462,8,0
2026-05-06 06:30:00+00:00,4645.67,4652.03,4642.68,4647.95,2832,8,0
2026-05-06 06:45:00+00:00,4647.94,4648.63,4643.1,4644.04,1929,8,0
2026-05-06 07:00:00+00:00,4643.87,4647.83,4643.5,4647.81,1868,8,0
2026-05-06 07:15:00+00:00,4648.34,4653.67,4645.62,4653.38,2299,8,0
2026-05-06 07:30:00+00:00,4652.7,4652.79,4646.08,4647.96,4891,8,0
2026-05-06 07:45:00+00:00,4647.94,4652.66,4647.22,4648.98,3761,8,0
2026-05-06 08:00:00+00:00,4648.97,4656.43,4648.83,4655.01,3133,8,0
2026-05-06 08:15:00+00:00,4654.91,4655.4,4649.59,4650.35,2857,8,0
2026-05-06 08:30:00+00:00,4650.38,4652.07,4644.67,4650.11,4286,8,0
2026-05-06 08:45:00+00:00,4650.08,4663.83,4649.29,4662.95,3870,8,0
2026-05-06 09:00:00+00:00,4662.95,4666.0,4657.1,4660.47,4795,8,0
2026-05-06 09:15:00+00:00,4660.28,4666.72,4657.97,4666.13,5150,8,0
2026-05-06 09:30:00+00:00,4666.16,4668.71,4660.19,4664.25,4845,8,0
2026-05-06 09:45:00+00:00,4664.21,4669.77,4662.94,4669.38,4476,8,0
2026-05-06 10:00:00+00:00,4669.41,4670.34,4658.6,4658.66,3644,8,0
2026-05-06 10:15:00+00:00,4658.74,4670.12,4657.51,4667.58,3577,8,0
2026-05-06 10:30:00+00:00,4667.61,4670.13,4663.14,4670.13,3012,8,0
2026-05-06 10:45:00+00:00,4670.33,4681.91,4670.33,4681.62,4974,8,0
2026-05-06 11:00:00+00:00,4681.67,4682.51,4675.28,4679.58,4697,8,0
2026-05-06 11:15:00+00:00,4679.57,4680.82,4676.84,4677.01,3332,8,0
2026-05-06 11:30:00+00:00,4677.04,4678.84,4671.6,4677.49,3358,8,0
2026-05-06 11:45:00+00:00,4677.6,4702.4,4677.46,4700.17,5832,8,0
2026-05-06 12:00:00+00:00,4700.03,4708.56,4688.86,4695.83,6376,8,0
2026-05-06 12:15:00+00:00,4695.81,4705.11,4691.41,4700.1,6122,8,0
2026-05-06 12:30:00+00:00,4700.1,4706.18,4695.82,4695.95,5965,8,0
2026-05-06 12:45:00+00:00,4696.01,4703.02,4694.3,4701.78,4881,8,0
2026-05-06 13:00:00+00:00,4701.79,4705.75,4695.89,4698.13,4635,8,0
2026-05-06 13:15:00+00:00,4698.0,4704.78,4695.54,4704.44,4236,8,0
2026-05-06 13:30:00+00:00,4704.45,4716.02,4704.45,4714.22,5492,8,0
2026-05-06 13:45:00+00:00,4714.26,4722.74,4707.59,4717.82,6686,8,0
2026-05-06 14:00:00+00:00,4717.82,4721.41,4709.39,4712.09,5989,8,0
2026-05-06 14:15:00+00:00,4712.03,4713.62,4705.64,4705.65,5312,8,0
2026-05-06 14:30:00+00:00,4705.67,4715.48,4698.92,4699.68,5302,8,0
2026-05-06 14:45:00+00:00,4699.67,4702.7,4690.94,4692.24,6003,8,0
2026-05-06 15:00:00+00:00,4692.16,4693.31,4671.19,4672.62,6398,8,0
2026-05-06 15:15:00+00:00,4672.87,4688.87,4660.48,4683.44,6934,8,0
2026-05-06 15:30:00+00:00,4683.41,4685.48,4678.17,4682.71,5938,8,0
2026-05-06 15:45:00+00:00,4682.73,4684.6,4676.96,4683.38,5282,8,0
2026-05-06 16:00:00+00:00,4683.37,4692.48,4668.77,4683.67,7174,8,0
2026-05-06 16:15:00+00:00,4683.62,4691.23,4679.63,4685.17,5880,8,0
2026-05-06 16:30:00+00:00,4685.21,4699.34,4680.36,4695.35,7032,8,0
2026-05-06 16:45:00+00:00,4695.41,4707.84,4692.56,4702.2,6625,8,0
2026-05-06 17:00:00+00:00,4702.19,4712.4,4697.75,4710.93,7063,8,0
2026-05-06 17:15:00+00:00,4710.96,4717.46,4704.86,4705.78,6233,8,0
2026-05-06 17:30:00+00:00,4705.78,4714.48,4704.77,4713.35,5919,8,0
2026-05-06 17:45:00+00:00,4713.31,4714.09,4700.85,4703.07,5717,8,0
2026-05-06 18:00:00+00:00,4703.02,4705.84,4693.41,4696.57,4878,8,0
2026-05-06 18:15:00+00:00,4696.73,4703.3,4694.31,4695.54,4779,8,0
2026-05-06 18:30:00+00:00,4695.53,4697.89,4689.38,4692.91,4667,8,0
2026-05-06 18:45:00+00:00,4693.02,4694.95,4687.83,4687.83,5009,8,0
2026-05-06 19:00:00+00:00,4687.84,4688.56,4681.33,4683.74,5322,8,0
2026-05-06 19:15:00+00:00,4683.72,4688.65,4682.64,4688.15,4472,8,0
2026-05-06 19:30:00+00:00,4688.25,4691.52,4685.59,4688.03,3834,8,0
2026-05-06 19:45:00+00:00,4688.02,4689.35,4679.62,4682.54,4361,8,0
2026-05-06 20:00:00+00:00,4682.6,4687.34,4679.14,4684.86,4041,8,0
2026-05-06 20:15:00+00:00,4684.87,4685.5,4679.44,4682.45,3925,8,0
2026-05-06 20:30:00+00:00,4682.46,4682.73,4678.25,4679.97,3465,8,0
2026-05-06 20:45:00+00:00,4680.04,4684.65,4679.77,4684.15,2761,8,0
2026-05-06 21:00:00+00:00,4684.62,4687.66,4681.9,4686.92,2707,8,0
2026-05-06 21:15:00+00:00,4686.96,4690.57,4686.57,4687.88,2221,8,0
2026-05-06 21:30:00+00:00,4688.04,4690.41,4685.22,4686.18,2605,8,0
2026-05-06 21:45:00+00:00,4686.17,4688.12,4684.92,4686.04,2114,8,0
2026-05-06 22:00:00+00:00,4686.06,4695.78,4686.06,4695.14,2588,8,0
2026-05-06 22:15:00+00:00,4695.15,4700.15,4695.01,4698.47,2661,8,0
2026-05-06 22:30:00+00:00,4698.46,4699.05,4694.0,4695.51,2232,8,0
2026-05-06 22:45:00+00:00,4695.43,4698.44,4692.9,4692.9,3165,8,0
2026-05-06 23:00:00+00:00,4692.49,4699.72,4692.34,4699.04,2524,8,0
2026-05-06 23:15:00+00:00,4699.07,4699.53,4692.05,4692.71,2034,8,0
2026-05-06 23:30:00+00:00,4692.77,4693.18,4689.02,4689.02,1586,8,0
2026-05-06 23:45:00+00:00,4688.86,4692.0,4685.18,4691.14,2498,8,0
2026-05-07 01:00:00+00:00,4692.13,4698.41,4689.45,4697.29,2182,11,0
2026-05-07 01:15:00+00:00,4697.28,4699.93,4693.48,4695.58,2415,8,0
2026-05-07 01:30:00+00:00,4695.59,4699.73,4694.48,4698.84,1784,8,0
2026-05-07 01:45:00+00:00,4698.81,4698.85,4694.42,4694.92,1696,11,0
2026-05-07 02:00:00+00:00,4694.94,4698.53,4693.98,4694.56,1772,8,0
2026-05-07 02:15:00+00:00,4694.57,4697.77,4690.26,4693.5,2049,11,0
2026-05-07 02:30:00+00:00,4693.37,4694.39,4691.65,4693.6,1391,11,0
2026-05-07 02:45:00+00:00,4693.62,4699.6,4693.59,4698.93,2806,8,0
2026-05-07 03:00:00+00:00,4698.92,4700.95,4689.97,4699.87,6018,8,0
2026-05-07 03:15:00+00:00,4699.86,4701.23,4692.16,4692.46,4772,8,0
2026-05-07 03:30:00+00:00,4692.37,4693.37,4686.04,4688.4,3889,8,0
2026-05-07 03:45:00+00:00,4688.39,4691.69,4685.57,4688.75,4061,8,0
2026-05-07 04:00:00+00:00,4688.7,4711.12,4685.26,4709.72,6010,8,0
2026-05-07 04:15:00+00:00,4709.7,4716.44,4703.65,4704.18,6123,8,0
2026-05-07 04:30:00+00:00,4704.11,4717.98,4702.2,4712.76,5615,8,0
2026-05-07 04:45:00+00:00,4712.75,4721.25,4712.63,4714.9,5021,8,0
2026-05-07 05:00:00+00:00,4714.88,4718.51,4703.54,4704.17,5906,8,0
2026-05-07 05:15:00+00:00,4704.16,4707.9,4701.8,4702.83,4116,8,0
2026-05-07 05:30:00+00:00,4702.8,4705.43,4700.02,4704.16,4651,8,0
2026-05-07 05:45:00+00:00,4704.17,4709.99,4704.17,4707.26,4498,8,0
2026-05-07 06:00:00+00:00,4707.25,4710.01,4704.23,4705.96,3805,8,0
2026-05-07 06:15:00+00:00,4705.84,4708.69,4704.27,4704.47,3912,11,0
2026-05-07 06:30:00+00:00,4704.56,4704.97,4702.31,4703.84,2431,8,0
2026-05-07 06:45:00+00:00,4703.72,4704.95,4699.0,4699.2,2374,8,0
2026-05-07 07:00:00+00:00,4699.17,4700.92,4696.76,4696.82,3247,8,0
2026-05-07 07:15:00+00:00,4696.8,4698.53,4695.11,4696.53,2753,8,0
2026-05-07 07:30:00+00:00,4696.81,4699.17,4692.33,4698.06,2320,8,0
2026-05-07 07:45:00+00:00,4698.19,4698.98,4694.16,4696.49,2340,8,0
2026-05-07 08:00:00+00:00,4696.47,4701.16,4696.33,4700.43,3220,8,0
2026-05-07 08:15:00+00:00,4700.45,4700.68,4694.89,4696.05,2917,8,0
2026-05-07 08:30:00+00:00,4696.01,4705.99,4695.03,4703.51,4433,8,0
2026-05-07 08:45:00+00:00,4703.49,4706.65,4700.78,4701.19,4082,8,0
2026-05-07 09:00:00+00:00,4701.17,4710.4,4701.11,4707.96,4250,8,0
2026-05-07 09:15:00+00:00,4708.15,4717.89,4707.23,4717.39,4473,8,0
2026-05-07 09:30:00+00:00,4717.4,4750.18,4716.04,4746.02,6342,8,0
2026-05-07 09:45:00+00:00,4745.98,4747.16,4735.84,4739.13,4611,8,0
2026-05-07 10:00:00+00:00,4739.15,4750.4,4731.72,4749.26,5980,8,0
2026-05-07 10:15:00+00:00,4749.24,4750.75,4737.83,4739.45,5098,8,0
2026-05-07 10:30:00+00:00,4739.47,4744.14,4738.23,4742.98,4281,8,0
2026-05-07 10:45:00+00:00,4743.03,4744.53,4737.12,4743.2,4488,8,0
2026-05-07 11:00:00+00:00,4743.19,4753.53,4742.55,4742.68,5431,8,0
2026-05-07 11:15:00+00:00,4742.67,4742.98,4733.84,4739.87,4391,8,0
2026-05-07 11:30:00+00:00,4739.9,4741.91,4733.95,4735.26,3660,8,0
2026-05-07 11:45:00+00:00,4735.23,4737.25,4731.03,4731.17,3964,8,0
2026-05-07 12:00:00+00:00,4731.16,4736.3,4721.89,4734.07,4530,8,0
2026-05-07 12:15:00+00:00,4734.2,4738.68,4731.48,4735.47,3357,8,0
2026-05-07 12:30:00+00:00,4735.52,4739.54,4732.95,4737.88,3632,8,0
2026-05-07 12:45:00+00:00,4737.94,4739.08,4725.62,4729.01,3980,8,0
2026-05-07 13:00:00+00:00,4729.0,4734.93,4726.57,4734.83,4059,8,0
2026-05-07 13:15:00+00:00,4734.81,4736.26,4728.56,4732.49,3232,8,0
2026-05-07 13:30:00+00:00,4732.5,4739.9,4727.94,4739.15,2901,8,0
2026-05-07 13:45:00+00:00,4739.19,4739.86,4735.42,4735.71,2387,8,0
2026-05-07 14:00:00+00:00,4735.77,4737.18,4728.34,4730.23,3077,8,0
2026-05-07 14:15:00+00:00,4730.18,4736.55,4727.28,4732.7,4064,8,0
2026-05-07 14:30:00+00:00,4732.81,4738.16,4731.9,4736.86,3918,8,0
2026-05-07 14:45:00+00:00,4736.85,4743.74,4734.0,4742.88,4649,8,0
2026-05-07 15:00:00+00:00,4743.03,4746.31,4739.68,4744.21,5913,8,0
2026-05-07 15:15:00+00:00,4744.18,4747.17,4733.48,4738.34,5609,8,0
2026-05-07 15:30:00+00:00,4738.43,4751.82,4737.39,4751.28,4321,8,0
2026-05-07 15:45:00+00:00,4751.3,4752.8,4745.04,4750.22,4680,8,0
2026-05-07 16:00:00+00:00,4750.2,4750.24,4731.27,4733.42,5333,8,0
2026-05-07 16:15:00+00:00,4733.5,4746.6,4731.32,4745.35,4533,8,0
2026-05-07 16:30:00+00:00,4745.34,4758.26,4743.43,4748.58,6853,8,0
2026-05-07 16:45:00+00:00,4748.57,4749.48,4737.46,4746.48,6370,8,0
2026-05-07 17:00:00+00:00,4746.38,4753.72,4742.43,4751.87,5865,8,0
2026-05-07 17:15:00+00:00,4751.84,4759.43,4741.05,4756.48,5998,8,0
2026-05-07 17:30:00+00:00,4756.5,4758.71,4747.49,4751.75,5705,8,0
2026-05-07 17:45:00+00:00,4751.6,4763.38,4750.89,4762.77,5235,8,0
2026-05-07 18:00:00+00:00,4762.8,4764.73,4754.56,4754.7,6214,8,0
2026-05-07 18:15:00+00:00,4754.83,4756.26,4736.6,4740.22,6723,8,0
2026-05-07 18:30:00+00:00,4740.19,4747.18,4739.0,4739.0,5639,8,0
2026-05-07 18:45:00+00:00,4739.02,4739.88,4726.46,4729.29,6766,8,0
2026-05-07 19:00:00+00:00,4729.31,4729.81,4713.26,4714.86,7261,8,0
2026-05-07 19:15:00+00:00,4715.03,4723.02,4704.28,4720.07,7130,8,0
2026-05-07 19:30:00+00:00,4720.16,4720.88,4710.53,4711.25,6222,8,0
2026-05-07 19:45:00+00:00,4711.22,4718.19,4710.54,4715.01,5376,8,0
2026-05-07 20:00:00+00:00,4715.02,4719.55,4711.77,4714.63,5367,8,0
2026-05-07 20:15:00+00:00,4714.53,4719.24,4687.74,4699.3,7062,8,0
2026-05-07 20:30:00+00:00,4699.16,4706.15,4693.35,4699.59,7461,8,0
2026-05-07 20:45:00+00:00,4699.51,4712.27,4697.99,4711.54,5867,8,0
2026-05-07 21:00:00+00:00,4711.55,4712.5,4705.26,4708.03,5171,8,0
2026-05-07 21:15:00+00:00,4708.1,4713.13,4705.69,4712.93,4664,8,0
2026-05-07 21:30:00+00:00,4712.79,4715.99,4703.26,4706.03,5048,8,0
2026-05-07 21:45:00+00:00,4706.21,4711.49,4695.43,4709.83,6417,8,0
2026-05-07 22:00:00+00:00,4709.82,4713.03,4705.14,4710.17,5108,8,0
2026-05-07 22:15:00+00:00,4710.19,4710.91,4697.86,4705.2,6143,8,0
2026-05-07 22:30:00+00:00,4705.36,4712.13,4703.76,4709.85,4183,8,0
2026-05-07 22:45:00+00:00,4709.73,4710.84,4702.85,4703.13,5452,8,0
2026-05-07 23:00:00+00:00,4702.99,4719.2,4702.99,4711.68,4885,8,0
2026-05-07 23:15:00+00:00,4711.86,4714.37,4709.36,4713.2,2874,8,0
2026-05-07 23:30:00+00:00,4713.06,4715.74,4696.69,4703.97,3969,8,0
2026-05-07 23:45:00+00:00,4703.97,4704.2,4686.33,4687.19,4000,8,0
2026-05-08 01:00:00+00:00,4673.47,4698.13,4672.74,4691.26,2594,12,0
2026-05-08 01:15:00+00:00,4691.24,4699.36,4689.24,4693.71,2804,10,0
2026-05-08 01:30:00+00:00,4693.82,4695.11,4686.0,4686.99,3175,10,0
2026-05-08 01:45:00+00:00,4687.0,4688.48,4681.92,4685.89,2645,11,0
2026-05-08 02:00:00+00:00,4685.94,4693.71,4684.59,4691.59,2013,11,0
2026-05-08 02:15:00+00:00,4691.68,4698.53,4691.68,4696.54,1718,11,0
2026-05-08 02:30:00+00:00,4696.68,4699.12,4694.98,4697.76,1824,11,0
2026-05-08 02:45:00+00:00,4697.82,4705.55,4697.82,4704.28,3521,8,0
2026-05-08 03:00:00+00:00,4704.21,4709.48,4701.57,4702.78,4876,8,0
2026-05-08 03:15:00+00:00,4702.84,4705.56,4693.9,4697.26,4641,8,0
2026-05-08 03:30:00+00:00,4697.21,4708.05,4696.19,4704.97,4155,8,0
2026-05-08 03:45:00+00:00,4704.98,4705.7,4697.08,4701.5,3402,8,0
2026-05-08 04:00:00+00:00,4701.34,4719.39,4700.58,4714.1,5912,8,0
2026-05-08 04:15:00+00:00,4714.11,4718.89,4711.37,4712.57,4231,8,0
2026-05-08 04:30:00+00:00,4712.49,4715.18,4705.17,4710.79,5027,8,0
2026-05-08 04:45:00+00:00,4710.92,4725.42,4710.92,4722.89,5176,8,0
2026-05-08 05:00:00+00:00,4722.95,4732.85,4721.57,4724.2,4526,8,0
2026-05-08 05:15:00+00:00,4724.15,4724.54,4718.33,4721.65,3707,8,0
2026-05-08 05:30:00+00:00,4721.77,4723.6,4707.03,4709.93,5298,8,0
2026-05-08 05:45:00+00:00,4709.88,4717.14,4708.12,4712.89,5062,11,0
2026-05-08 06:00:00+00:00,4712.86,4719.79,4710.61,4719.62,3934,11,0
2026-05-08 06:15:00+00:00,4719.53,4722.55,4716.99,4720.18,3356,11,0
2026-05-08 06:30:00+00:00,4720.16,4730.89,4719.8,4724.93,3812,8,0
2026-05-08 06:45:00+00:00,4724.85,4725.24,4718.04,4719.66,3049,8,0
2026-05-08 07:00:00+00:00,4719.64,4723.28,4714.76,4714.86,3163,8,0
2026-05-08 07:15:00+00:00,4714.85,4718.33,4713.44,4717.42,2450,8,0
2026-05-08 07:30:00+00:00,4717.57,4718.41,4709.01,4712.08,3340,8,0
2026-05-08 07:45:00+00:00,4712.09,4716.6,4709.87,4710.95,3541,8,0
2026-05-08 08:00:00+00:00,4710.97,4716.29,4709.77,4712.24,3451,10,0
2026-05-08 08:15:00+00:00,4712.26,4720.15,4710.59,4719.43,2372,8,0
2026-05-08 08:30:00+00:00,4719.4,4727.26,4719.38,4724.64,5150,8,0
2026-05-08 08:45:00+00:00,4724.6,4731.41,4723.34,4727.55,4510,8,0
2026-05-08 09:00:00+00:00,4727.56,4730.43,4712.68,4722.96,5285,8,0
2026-05-08 09:15:00+00:00,4722.94,4734.61,4721.56,4733.61,4837,8,0
2026-05-08 09:30:00+00:00,4733.65,4734.37,4725.74,4728.6,3975,8,0
2026-05-08 09:45:00+00:00,4729.13,4729.49,4721.2,4725.71,3463,8,0
2026-05-08 10:00:00+00:00,4725.48,4726.44,4715.37,4715.39,3652,8,0
2026-05-08 10:15:00+00:00,4715.42,4718.34,4697.08,4706.88,5201,8,0
2026-05-08 10:30:00+00:00,4706.85,4711.78,4701.27,4708.08,4351,8,0
2026-05-08 10:45:00+00:00,4708.17,4713.63,4707.09,4707.94,3958,8,0
2026-05-08 11:00:00+00:00,4708.67,4713.15,4706.72,4711.5,3163,8,0
2026-05-08 11:15:00+00:00,4711.46,4722.58,4711.32,4717.04,3377,8,0
2026-05-08 11:30:00+00:00,4717.09,4723.54,4716.46,4716.94,2300,8,0
2026-05-08 11:45:00+00:00,4716.92,4720.1,4715.08,4715.88,2198,8,0
2026-05-08 12:00:00+00:00,4715.84,4720.41,4713.62,4718.55,2762,8,0
2026-05-08 12:15:00+00:00,4718.66,4722.86,4717.81,4718.05,3061,8,0
2026-05-08 12:30:00+00:00,4717.96,4718.72,4709.31,4713.32,3437,8,0
2026-05-08 12:45:00+00:00,4713.3,4714.02,4707.43,4711.88,2952,8,0
2026-05-08 13:00:00+00:00,4711.87,4718.94,4711.13,4718.94,2402,10,0
2026-05-08 13:15:00+00:00,4718.86,4724.07,4717.51,4720.58,2215,8,0
2026-05-08 13:30:00+00:00,4720.54,4727.87,4720.29,4724.46,2711,10,0
2026-05-08 13:45:00+00:00,4724.5,4724.55,4715.25,4719.99,2968,8,0
2026-05-08 14:00:00+00:00,4719.89,4727.36,4718.98,4722.04,3106,8,0
2026-05-08 14:15:00+00:00,4721.78,4725.86,4720.09,4724.1,2472,8,0
2026-05-08 14:30:00+00:00,4724.11,4725.77,4721.02,4721.14,3038,8,0
2026-05-08 14:45:00+00:00,4721.18,4721.41,4713.6,4717.79,3390,8,0
2026-05-08 15:00:00+00:00,4717.76,4719.85,4703.84,4704.59,4412,8,0
2026-05-08 15:15:00+00:00,4704.58,4710.95,4702.76,4710.19,4468,8,0
2026-05-08 15:30:00+00:00,4710.22,4730.87,4702.98,4723.84,6094,8,0
2026-05-08 15:45:00+00:00,4723.87,4731.84,4719.34,4724.68,5564,8,0
2026-05-08 16:00:00+00:00,4724.18,4729.05,4716.68,4720.39,5668,8,0
2026-05-08 16:15:00+00:00,4720.36,4728.01,4719.52,4727.29,4349,8,0
2026-05-08 16:30:00+00:00,4727.47,4744.45,4726.99,4738.19,7090,8,0
2026-05-08 16:45:00+00:00,4738.16,4747.8,4734.96,4747.8,6132,8,0
2026-05-08 17:00:00+00:00,4747.71,4749.39,4719.08,4731.72,6517,8,0
2026-05-08 17:15:00+00:00,4731.73,4733.79,4719.02,4719.1,6235,8,0
2026-05-08 17:30:00+00:00,4719.04,4725.6,4714.28,4722.77,6391,8,0
2026-05-08 17:45:00+00:00,4722.76,4724.62,4713.29,4715.91,6367,8,0
2026-05-08 18:00:00+00:00,4715.93,4720.89,4706.09,4707.5,5958,8,0
2026-05-08 18:15:00+00:00,4707.75,4713.56,4704.43,4713.39,6354,8,0
2026-05-08 18:30:00+00:00,4713.32,4715.06,4704.27,4705.95,6245,8,0
2026-05-08 18:45:00+00:00,4705.96,4711.07,4701.88,4706.92,5311,8,0
2026-05-08 19:00:00+00:00,4706.93,4712.39,4705.41,4711.44,4686,8,0
2026-05-08 19:15:00+00:00,4711.45,4717.62,4711.33,4717.61,4275,8,0
2026-05-08 19:30:00+00:00,4717.74,4720.22,4713.69,4713.81,3853,8,0
2026-05-08 19:45:00+00:00,4713.82,4716.1,4711.09,4712.23,3468,8,0
2026-05-08 20:00:00+00:00,4712.24,4716.04,4712.04,4715.05,3527,8,0
2026-05-08 20:15:00+00:00,4715.07,4721.83,4714.97,4720.57,3183,8,0
2026-05-08 20:30:00+00:00,4720.47,4721.72,4719.3,4720.87,2101,8,0
2026-05-08 20:45:00+00:00,4720.89,4722.84,4719.42,4720.86,2250,8,0
2026-05-08 21:00:00+00:00,4720.95,4728.71,4720.59,4727.62,3620,8,0
2026-05-08 21:15:00+00:00,4727.68,4729.07,4724.03,4725.69,3226,8,0
2026-05-08 21:30:00+00:00,4725.7,4726.52,4724.09,4724.72,3163,8,0
2026-05-08 21:45:00+00:00,4724.53,4724.73,4719.95,4721.93,3870,8,0
2026-05-08 22:00:00+00:00,4721.92,4725.67,4720.95,4723.62,2846,8,0
2026-05-08 22:15:00+00:00,4723.6,4725.1,4723.38,4723.72,2180,8,0
2026-05-08 22:30:00+00:00,4723.75,4727.41,4721.88,4725.77,3580,8,0
2026-05-08 22:45:00+00:00,4725.74,4726.25,4723.76,4724.91,3765,8,0
2026-05-08 23:00:00+00:00,4724.85,4725.08,4718.01,4719.7,2163,8,0
2026-05-08 23:15:00+00:00,4719.62,4719.97,4715.18,4717.43,2055,10,0
2026-05-08 23:30:00+00:00,4717.36,4719.21,4715.72,4716.37,1803,10,0
2026-05-08 23:45:00+00:00,4716.54,4716.85,4713.96,4715.75,1593,10,0
2026-05-11 01:00:00+00:00,4682.61,4700.31,4675.76,4687.38,3865,15,0
2026-05-11 01:15:00+00:00,4687.2,4696.38,4681.93,4694.48,2796,11,0
2026-05-11 01:30:00+00:00,4694.49,4694.49,4687.09,4691.18,2679,8,0
2026-05-11 01:45:00+00:00,4691.34,4694.65,4690.01,4691.84,2612,8,0
2026-05-11 02:00:00+00:00,4691.71,4696.98,4688.88,4690.06,2775,11,0
2026-05-11 02:15:00+00:00,4690.16,4697.24,4689.17,4694.72,2174,11,0
2026-05-11 02:30:00+00:00,4694.71,4698.47,4694.69,4697.64,2067,11,0
2026-05-11 02:45:00+00:00,4697.5,4698.54,4690.16,4691.74,3202,8,0
2026-05-11 03:00:00+00:00,4691.85,4691.89,4680.35,4682.52,5383,11,0
2026-05-11 03:15:00+00:00,4682.6,4686.64,4676.03,4683.58,4440,8,0
2026-05-11 03:30:00+00:00,4683.88,4693.38,4683.88,4689.1,4029,8,0
2026-05-11 03:45:00+00:00,4689.09,4692.92,4670.21,4683.59,5275,8,0
2026-05-11 04:00:00+00:00,4683.56,4699.82,4674.65,4692.07,7135,8,0
2026-05-11 04:15:00+00:00,4692.05,4705.62,4689.61,4698.9,5886,8,0
2026-05-11 04:30:00+00:00,4698.92,4701.76,4690.92,4694.44,5927,8,0
2026-05-11 04:45:00+00:00,4694.45,4696.04,4680.07,4685.68,5632,8,0
2026-05-11 05:00:00+00:00,4685.67,4693.1,4678.43,4686.28,5816,8,0
2026-05-11 05:15:00+00:00,4686.19,4688.66,4682.84,4688.44,3458,8,0
2026-05-11 05:30:00+00:00,4688.43,4700.17,4687.88,4688.52,5235,8,0
2026-05-11 05:45:00+00:00,4688.46,4693.5,4676.61,4681.73,5469,8,0
2026-05-11 06:00:00+00:00,4681.74,4689.81,4675.09,4687.27,5065,8,0
2026-05-11 06:15:00+00:00,4687.16,4690.44,4683.95,4689.65,4521,8,0
2026-05-11 06:30:00+00:00,4689.63,4690.47,4682.29,4687.91,3631,8,0
2026-05-11 06:45:00+00:00,4687.9,4687.9,4677.08,4678.75,2727,8,0
2026-05-11 07:00:00+00:00,4678.97,4679.88,4673.57,4677.56,3257,8,0
2026-05-11 07:15:00+00:00,4677.59,4678.8,4670.4,4671.9,3194,8,0
2026-05-11 07:30:00+00:00,4671.82,4674.69,4668.54,4673.1,3471,8,0
2026-05-11 07:45:00+00:00,4673.11,4676.07,4671.87,4672.17,2685,8,0
2026-05-11 08:00:00+00:00,4672.18,4676.16,4670.77,4673.55,3024,8,0
2026-05-11 08:15:00+00:00,4673.48,4675.37,4670.84,4670.88,2793,8,0
2026-05-11 08:30:00+00:00,4670.88,4680.76,4662.2,4663.73,4914,8,0
2026-05-11 08:45:00+00:00,4663.75,4664.1,4648.13,4652.35,5833,8,0
2026-05-11 09:00:00+00:00,4652.37,4667.08,4649.3,4665.49,5120,8,0
2026-05-11 09:15:00+00:00,4665.44,4670.93,4664.75,4667.5,4677,8,0
2026-05-11 09:30:00+00:00,4667.44,4675.81,4667.44,4674.48,4304,8,0
2026-05-11 09:45:00+00:00,4674.4,4680.52,4671.38,4678.42,4135,8,0
2026-05-11 10:00:00+00:00,4678.48,4680.33,4674.51,4676.07,3471,8,0
2026-05-11 10:15:00+00:00,4676.12,4678.1,4672.22,4675.9,3228,8,0
2026-05-11 10:30:00+00:00,4675.89,4678.11,4671.74,4672.02,2796,8,0
2026-05-11 10:45:00+00:00,4672.2,4672.96,4664.27,4667.68,2745,8,0
2026-05-11 11:00:00+00:00,4667.82,4673.74,4664.23,4672.03,3469,8,0
2026-05-11 11:15:00+00:00,4672.04,4678.78,4671.84,4671.84,3136,8,0
2026-05-11 11:30:00+00:00,4671.83,4675.28,4669.25,4670.42,2702,8,0
2026-05-11 11:45:00+00:00,4670.4,4671.48,4666.74,4667.62,2167,8,0
2026-05-11 12:00:00+00:00,4667.61,4670.02,4665.26,4667.55,2520,8,0
2026-05-11 12:15:00+00:00,4667.54,4667.61,4656.93,4657.59,2612,8,0
2026-05-11 12:30:00+00:00,4657.58,4663.71,4650.55,4662.93,3455,8,0
2026-05-11 12:45:00+00:00,4662.88,4664.94,4656.2,4656.7,2660,8,0
2026-05-11 13:00:00+00:00,4656.54,4662.93,4656.33,4662.56,2579,8,0
2026-05-11 13:15:00+00:00,4662.57,4665.98,4660.48,4663.2,2193,8,0
2026-05-11 13:30:00+00:00,4663.16,4666.72,4660.33,4663.17,2708,8,0
2026-05-11 13:45:00+00:00,4663.26,4667.54,4661.43,4664.19,2748,8,0
2026-05-11 14:00:00+00:00,4663.87,4672.54,4663.87,4669.45,2839,8,0
2026-05-11 14:15:00+00:00,4669.43,4672.16,4667.64,4671.99,2028,8,0
2026-05-11 14:30:00+00:00,4672.0,4677.35,4670.3,4674.51,3240,8,0
2026-05-11 14:45:00+00:00,4674.46,4675.01,4670.38,4674.56,2461,8,0
2026-05-11 15:00:00+00:00,4675.11,4676.09,4667.47,4668.42,3596,8,0
2026-05-11 15:15:00+00:00,4668.46,4695.52,4667.55,4690.45,5217,8,0
2026-05-11 15:30:00+00:00,4690.75,4698.43,4689.2,4692.17,5490,8,0
2026-05-11 15:45:00+00:00,4692.19,4701.08,4686.2,4699.56,4680,8,0
2026-05-11 16:00:00+00:00,4700.04,4721.87,4698.77,4721.16,6267,8,0
2026-05-11 16:15:00+00:00,4721.06,4735.73,4720.67,4728.49,6378,8,0
2026-05-11 16:30:00+00:00,4728.41,4745.5,4728.26,4743.76,7044,8,0
2026-05-11 16:45:00+00:00,4743.95,4748.51,4735.07,4736.27,6265,8,0
2026-05-11 17:00:00+00:00,4736.29,4738.57,4718.56,4730.73,6396,8,0
2026-05-11 17:15:00+00:00,4730.77,4733.9,4724.58,4725.14,5546,8,0
2026-05-11 17:30:00+00:00,4724.97,4733.63,4714.97,4732.39,6630,8,0
2026-05-11 17:45:00+00:00,4732.44,4733.76,4723.79,4725.68,5377,8,0
2026-05-11 18:00:00+00:00,4725.67,4732.16,4722.9,4728.54,5152,8,0
2026-05-11 18:15:00+00:00,4728.9,4737.57,4727.29,4732.87,4714,8,0
2026-05-11 18:30:00+00:00,4732.89,4734.81,4726.85,4727.63,4793,8,0
2026-05-11 18:45:00+00:00,4727.5,4732.67,4725.11,4732.1,3776,8,0
2026-05-11 19:00:00+00:00,4732.24,4733.54,4727.21,4728.0,2982,8,0
2026-05-11 19:15:00+00:00,4727.98,4728.28,4722.39,4723.9,3275,8,0
2026-05-11 19:30:00+00:00,4723.92,4726.03,4708.02,4711.57,4323,8,0
2026-05-11 19:45:00+00:00,4711.64,4717.0,4709.31,4716.46,4725,8,0
2026-05-11 20:00:00+00:00,4716.54,4720.03,4715.95,4718.38,3948,8,0
2026-05-11 20:15:00+00:00,4718.46,4721.74,4717.17,4718.13,3549,8,0
2026-05-11 20:30:00+00:00,4718.14,4724.54,4717.82,4723.9,2363,8,0
2026-05-11 20:45:00+00:00,4723.96,4724.63,4721.86,4723.67,2072,8,0
2026-05-11 21:00:00+00:00,4723.71,4726.95,4722.08,4723.54,2819,8,0
2026-05-11 21:15:00+00:00,4723.57,4727.54,4721.0,4727.23,3231,8,0
2026-05-11 21:30:00+00:00,4727.24,4729.44,4725.75,4726.81,2105,8,0
2026-05-11 21:45:00+00:00,4726.82,4729.21,4724.97,4724.98,2236,8,0
2026-05-11 22:00:00+00:00,4724.82,4728.49,4723.94,4724.9,3173,8,0
2026-05-11 22:15:00+00:00,4724.88,4725.54,4723.19,4724.3,2660,8,0
2026-05-11 22:30:00+00:00,4724.21,4728.64,4722.37,4726.94,2345,8,0
2026-05-11 22:45:00+00:00,4726.97,4736.19,4726.97,4733.84,3235,8,0
2026-05-11 23:00:00+00:00,4733.66,4737.9,4730.03,4735.11,2330,8,0
2026-05-11 23:15:00+00:00,4735.09,4735.52,4733.86,4735.34,1800,8,0
2026-05-11 23:30:00+00:00,4735.33,4738.62,4734.93,4737.49,965,8,0
2026-05-11 23:45:00+00:00,4737.54,4737.71,4732.48,4735.48,1599,8,0
2026-05-12 01:00:00+00:00,4737.12,4743.7,4735.33,4739.31,1766,15,0
2026-05-12 01:15:00+00:00,4739.35,4742.02,4737.48,4739.87,1443,12,0
2026-05-12 01:30:00+00:00,4739.84,4745.2,4739.03,4744.65,1293,10,0
2026-05-12 01:45:00+00:00,4744.67,4754.99,4744.21,4750.85,3072,10,0
2026-05-12 02:00:00+00:00,4750.85,4754.51,4746.11,4751.19,2891,10,0
2026-05-12 02:15:00+00:00,4751.17,4754.67,4750.89,4752.8,2249,8,0
2026-05-12 02:30:00+00:00,4752.78,4759.47,4751.55,4755.99,3262,8,0
2026-05-12 02:45:00+00:00,4755.96,4769.6,4755.52,4767.52,4023,8,0
2026-05-12 03:00:00+00:00,4767.51,4770.03,4758.58,4767.06,5111,8,0
2026-05-12 03:15:00+00:00,4767.09,4773.58,4753.47,4762.33,4815,8,0
2026-05-12 03:30:00+00:00,4762.32,4763.93,4757.56,4758.02,3181,8,0
2026-05-12 03:45:00+00:00,4758.19,4761.98,4748.75,4749.46,3879,8,0
2026-05-12 04:00:00+00:00,4749.34,4755.57,4742.28,4746.4,6581,8,0
2026-05-12 04:15:00+00:00,4746.35,4751.66,4733.82,4735.15,6128,8,0
2026-05-12 04:30:00+00:00,4735.21,4738.86,4720.31,4729.43,6479,8,0
2026-05-12 04:45:00+00:00,4729.43,4731.53,4723.92,4727.16,6097,8,0
2026-05-12 05:00:00+00:00,4727.18,4733.94,4725.46,4731.47,5521,8,0
2026-05-12 05:15:00+00:00,4731.56,4731.67,4724.44,4727.19,3743,8,0
2026-05-12 05:30:00+00:00,4727.16,4731.93,4722.28,4731.83,5748,8,0
2026-05-12 05:45:00+00:00,4731.86,4733.44,4727.17,4730.11,5166,8,0
2026-05-12 06:00:00+00:00,4730.08,4733.49,4727.08,4731.28,4551,8,0
2026-05-12 06:15:00+00:00,4731.24,4731.32,4722.93,4723.83,4075,8,0
2026-05-12 06:30:00+00:00,4723.92,4728.0,4723.86,4724.63,3219,8,0
2026-05-12 06:45:00+00:00,4724.71,4724.71,4718.16,4720.18,2573,8,0
2026-05-12 07:00:00+00:00,4720.17,4723.36,4719.71,4721.86,2756,10,0
2026-05-12 07:15:00+00:00,4721.89,4730.4,4721.73,4722.57,2967,8,0
2026-05-12 07:30:00+00:00,4722.56,4726.43,4721.35,4724.73,2385,10,0
2026-05-12 07:45:00+00:00,4724.77,4725.14,4711.1,4713.84,3839,8,0
2026-05-12 08:00:00+00:00,4713.85,4718.63,4708.75,4712.34,4242,8,0
2026-05-12 08:15:00+00:00,4712.41,4716.93,4712.41,4715.23,3694,8,0
2026-05-12 08:30:00+00:00,4715.27,4722.26,4713.0,4715.48,5324,8,0
2026-05-12 08:45:00+00:00,4715.42,4719.95,4710.04,4714.41,5735,8,0
2026-05-12 09:00:00+00:00,4714.38,4714.44,4702.91,4705.4,5499,8,0
2026-05-12 09:15:00+00:00,4705.28,4707.05,4695.22,4696.1,4923,8,0
2026-05-12 09:30:00+00:00,4696.12,4704.86,4695.35,4702.36,4357,8,0
2026-05-12 09:45:00+00:00,4702.32,4704.35,4694.54,4697.38,4727,8,0
2026-05-12 10:00:00+00:00,4697.25,4698.36,4687.5,4695.95,4825,8,0
2026-05-12 10:15:00+00:00,4695.96,4699.75,4694.04,4698.05,3489,8,0
2026-05-12 10:30:00+00:00,4698.06,4702.55,4695.67,4700.42,3125,8,0
2026-05-12 10:45:00+00:00,4700.41,4703.9,4697.76,4699.82,3446,8,0
2026-05-12 11:00:00+00:00,4699.81,4706.86,4699.28,4699.42,3580,8,0
2026-05-12 11:15:00+00:00,4699.36,4704.15,4697.21,4703.03,2553,8,0
2026-05-12 11:30:00+00:00,4702.93,4704.47,4698.17,4700.12,3516,8,0
2026-05-12 11:45:00+00:00,4700.13,4706.72,4699.01,4703.41,2808,8,0
2026-05-12 12:00:00+00:00,4703.45,4703.49,4697.98,4698.11,3047,8,0
2026-05-12 12:15:00+00:00,4698.07,4702.39,4697.56,4699.52,2816,8,0
2026-05-12 12:30:00+00:00,4699.58,4705.34,4694.49,4695.19,3711,8,0
2026-05-12 12:45:00+00:00,4695.21,4701.64,4694.33,4699.53,2966,8,0
2026-05-12 13:00:00+00:00,4699.52,4708.43,4698.85,4705.05,2755,8,0
2026-05-12 13:15:00+00:00,4704.98,4705.41,4698.94,4700.16,2513,8,0
2026-05-12 13:30:00+00:00,4700.21,4700.28,4685.16,4690.71,3911,8,0
2026-05-12 13:45:00+00:00,4690.7,4694.22,4689.78,4694.14,3404,8,0
2026-05-12 14:00:00+00:00,4694.42,4698.22,4687.15,4691.81,4667,8,0
2026-05-12 14:15:00+00:00,4691.75,4700.32,4691.64,4700.12,3435,8,0
2026-05-12 14:30:00+00:00,4700.11,4706.18,4697.92,4704.35,3448,8,0
2026-05-12 14:45:00+00:00,4704.36,4709.25,4702.51,4706.78,3185,8,0
2026-05-12 15:00:00+00:00,4706.77,4708.35,4698.53,4705.73,4605,8,0
2026-05-12 15:15:00+00:00,4705.74,4708.48,4695.19,4697.32,4689,8,0
2026-05-12 15:30:00+00:00,4697.28,4708.74,4689.75,4702.81,5724,8,0
2026-05-12 15:45:00+00:00,4702.79,4711.62,4700.53,4705.85,5031,8,0
2026-05-12 16:00:00+00:00,4705.83,4709.12,4687.47,4688.9,5729,8,0
2026-05-12 16:15:00+00:00,4689.0,4695.36,4679.54,4690.88,6251,8,0
2026-05-12 16:30:00+00:00,4690.66,4701.75,4683.59,4699.22,7034,8,0
2026-05-12 16:45:00+00:00,4699.21,4701.49,4676.98,4678.78,7390,8,0
2026-05-12 17:00:00+00:00,4678.82,4695.16,4676.06,4692.88,7096,8,0
2026-05-12 17:15:00+00:00,4692.89,4694.19,4682.28,4683.16,6674,8,0
2026-05-12 17:30:00+00:00,4683.17,4688.05,4671.7,4685.94,6764,8,0
2026-05-12 17:45:00+00:00,4685.9,4685.9,4669.82,4672.89,6764,8,0
2026-05-12 18:00:00+00:00,4672.88,4676.22,4664.43,4664.59,6853,8,0
2026-05-12 18:15:00+00:00,4664.57,4666.31,4638.45,4655.94,7523,8,0
2026-05-12 18:30:00+00:00,4656.1,4668.18,4654.0,4665.65,6353,8,0
2026-05-12 18:45:00+00:00,4665.68,4670.19,4664.53,4666.05,5275,8,0
2026-05-12 19:00:00+00:00,4666.09,4673.24,4664.21,4671.9,4798,8,0
2026-05-12 19:15:00+00:00,4671.88,4675.08,4666.35,4668.31,4397,8,0
2026-05-12 19:30:00+00:00,4668.34,4671.66,4665.01,4669.82,4674,8,0
2026-05-12 19:45:00+00:00,4669.81,4674.31,4666.78,4671.19,5309,8,0
2026-05-12 20:00:00+00:00,4671.2,4679.72,4671.2,4677.25,4402,8,0
2026-05-12 20:15:00+00:00,4677.21,4682.4,4677.02,4679.39,5140,8,0
2026-05-12 20:30:00+00:00,4679.38,4680.78,4676.07,4679.74,4294,8,0
2026-05-12 20:45:00+00:00,4679.75,4680.58,4677.8,4678.91,3008,8,0
2026-05-12 21:00:00+00:00,4678.92,4683.62,4676.3,4681.34,4897,8,0
2026-05-12 21:15:00+00:00,4681.39,4687.74,4680.09,4685.57,4919,8,0
2026-05-12 21:30:00+00:00,4685.2,4697.57,4684.82,4695.31,4797,8,0
2026-05-12 21:45:00+00:00,4695.34,4698.23,4690.75,4696.04,4890,8,0
2026-05-12 22:00:00+00:00,4696.05,4702.83,4696.04,4700.02,4276,8,0
2026-05-12 22:15:00+00:00,4700.04,4704.61,4699.13,4703.36,3607,8,0
2026-05-12 22:30:00+00:00,4703.35,4710.41,4703.32,4709.29,4121,8,0
2026-05-12 22:45:00+00:00,4709.3,4715.6,4708.95,4715.6,4458,8,0
2026-05-12 23:00:00+00:00,4715.61,4719.21,4712.22,4713.69,2521,8,0
2026-05-12 23:15:00+00:00,4713.59,4716.22,4712.53,4713.25,1678,10,0
2026-05-12 23:30:00+00:00,4713.27,4715.51,4712.21,4714.89,1547,8,0
2026-05-12 23:45:00+00:00,4714.95,4715.85,4713.23,4714.28,1721,8,0
2026-05-13 01:00:00+00:00,4714.27,4721.8,4712.63,4714.58,1709,12,0
2026-05-13 01:15:00+00:00,4714.62,4719.27,4713.49,4717.05,1582,10,0
2026-05-13 01:30:00+00:00,4717.11,4720.5,4715.15,4716.36,1200,11,0
2026-05-13 01:45:00+00:00,4716.4,4722.47,4716.38,4717.09,1348,11,0
2026-05-13 02:00:00+00:00,4717.05,4723.47,4715.87,4717.71,2577,8,0
2026-05-13 02:15:00+00:00,4717.82,4724.0,4717.54,4720.47,2795,8,0
2026-05-13 02:30:00+00:00,4720.36,4721.78,4716.23,4721.22,3042,8,0
2026-05-13 02:45:00+00:00,4721.24,4723.54,4715.26,4716.95,3926,8,0
2026-05-13 03:00:00+00:00,4717.08,4727.09,4714.96,4720.43,5680,8,0
2026-05-13 03:15:00+00:00,4720.44,4726.58,4720.17,4722.64,5102,8,0
2026-05-13 03:30:00+00:00,4722.51,4725.27,4717.07,4720.47,4207,8,0
2026-05-13 03:45:00+00:00,4720.44,4720.46,4714.0,4714.51,4276,8,0
2026-05-13 04:00:00+00:00,4714.49,4717.15,4707.41,4709.67,5706,8,0
2026-05-13 04:15:00+00:00,4709.63,4710.76,4702.87,4704.47,5338,8,0
2026-05-13 04:30:00+00:00,4704.56,4710.51,4701.84,4708.98,5568,8,0
2026-05-13 04:45:00+00:00,4709.01,4710.8,4701.12,4702.5,5204,8,0
2026-05-13 05:00:00+00:00,4702.56,4707.66,4699.05,4701.62,4090,8,0
2026-05-13 05:15:00+00:00,4701.6,4704.14,4698.31,4699.89,2979,8,0
2026-05-13 05:30:00+00:00,4700.12,4700.35,4694.03,4694.47,4796,8,0
2026-05-13 05:45:00+00:00,4694.43,4697.07,4687.53,4691.7,4593,8,0
2026-05-13 06:00:00+00:00,4691.71,4694.62,4688.82,4692.43,3909,8,0
2026-05-13 06:15:00+00:00,4692.33,4700.71,4691.14,4700.66,2971,8,0
2026-05-13 06:30:00+00:00,4700.69,4705.96,4700.22,4703.96,2962,8,0
2026-05-13 06:45:00+00:00,4703.99,4704.94,4694.29,4695.96,3056,11,0
2026-05-13 07:00:00+00:00,4695.92,4699.09,4695.46,4698.38,2669,8,0
2026-05-13 07:15:00+00:00,4698.46,4703.44,4698.04,4701.35,1854,11,0
2026-05-13 07:30:00+00:00,4701.31,4703.37,4697.36,4698.71,1894,8,0
2026-05-13 07:45:00+00:00,4698.66,4701.87,4698.37,4699.59,2860,8,0
2026-05-13 08:00:00+00:00,4699.54,4707.41,4698.44,4705.48,2556,8,0
2026-05-13 08:15:00+00:00,4705.39,4705.7,4697.88,4698.06,2721,8,0
2026-05-13 08:30:00+00:00,4698.11,4702.6,4693.64,4696.79,5446,8,0
2026-05-13 08:45:00+00:00,4696.73,4705.39,4696.26,4704.1,4910,11,0
2026-05-13 09:00:00+00:00,4704.08,4712.83,4703.43,4711.07,4264,8,0
2026-05-13 09:15:00+00:00,4710.93,4715.43,4706.86,4708.7,4246,8,0
2026-05-13 09:30:00+00:00,4708.71,4713.74,4707.76,4711.48,3889,8,0
2026-05-13 09:45:00+00:00,4711.49,4712.41,4699.14,4701.21,3980,8,0
2026-05-13 10:00:00+00:00,4701.35,4705.5,4696.66,4702.25,3943,8,0
2026-05-13 10:15:00+00:00,4702.24,4708.89,4702.11,4707.67,2968,8,0
2026-05-13 10:30:00+00:00,4707.66,4707.97,4702.93,4703.8,2755,8,0
2026-05-13 10:45:00+00:00,4703.71,4704.88,4701.42,4702.89,3309,8,0
2026-05-13 11:00:00+00:00,4702.87,4704.33,4698.62,4700.26,3451,8,0
2026-05-13 11:15:00+00:00,4700.14,4701.13,4694.74,4697.14,2568,8,0
2026-05-13 11:30:00+00:00,4697.17,4699.81,4694.5,4696.03,2262,8,0
2026-05-13 11:45:00+00:00,4696.05,4702.87,4694.86,4700.71,3002,8,0
2026-05-13 12:00:00+00:00,4700.73,4701.81,4693.61,4694.57,3200,8,0
2026-05-13 12:15:00+00:00,4694.61,4695.26,4686.03,4688.97,3212,8,0
2026-05-13 12:30:00+00:00,4688.96,4694.53,4686.06,4694.23,4277,8,0
2026-05-13 12:45:00+00:00,4694.21,4700.99,4693.13,4700.9,3260,8,0
2026-05-13 13:00:00+00:00,4700.87,4710.55,4698.73,4702.17,4016,8,0
2026-05-13 13:15:00+00:00,4702.33,4705.92,4698.82,4699.66,3055,8,0
2026-05-13 13:30:00+00:00,4699.66,4699.98,4694.09,4695.71,2354,8,0
2026-05-13 13:45:00+00:00,4695.67,4696.72,4693.67,4694.19,3190,8,0
2026-05-13 14:00:00+00:00,4694.24,4699.26,4691.6,4699.13,3122,8,0
2026-05-13 14:15:00+00:00,4699.11,4700.64,4695.91,4698.56,3193,8,0
2026-05-13 14:30:00+00:00,4698.54,4705.34,4698.22,4703.47,3421,8,0
2026-05-13 14:45:00+00:00,4703.45,4705.42,4697.46,4697.47,2754,8,0
2026-05-13 15:00:00+00:00,4697.46,4701.72,4693.68,4693.97,3740,8,0
2026-05-13 15:15:00+00:00,4693.94,4694.2,4683.17,4684.84,4703,8,0
2026-05-13 15:30:00+00:00,4684.89,4687.89,4676.1,4683.04,6658,8,0
2026-05-13 15:45:00+00:00,4683.01,4685.69,4677.56,4683.95,5384,8,0
2026-05-13 16:00:00+00:00,4683.94,4691.22,4683.47,4690.0,5118,8,0
2026-05-13 16:15:00+00:00,4690.04,4694.73,4686.53,4688.78,4724,8,0
2026-05-13 16:30:00+00:00,4688.75,4690.83,4673.07,4678.73,7090,8,0
2026-05-13 16:45:00+00:00,4678.82,4683.41,4669.45,4679.44,7215,8,0
2026-05-13 17:00:00+00:00,4679.49,4683.36,4672.88,4681.37,6744,8,0
2026-05-13 17:15:00+00:00,4681.43,4685.47,4673.56,4684.26,5905,8,0
2026-05-13 17:30:00+00:00,4684.29,4691.16,4683.17,4684.75,5520,8,0
2026-05-13 17:45:00+00:00,4684.63,4685.78,4678.16,4680.46,6612,8,0
2026-05-13 18:00:00+00:00,4680.49,4691.65,4679.73,4687.56,4747,8,0
2026-05-13 18:15:00+00:00,4687.52,4691.81,4685.42,4691.29,4335,8,0
2026-05-13 18:30:00+00:00,4691.18,4700.04,4686.99,4699.2,5653,8,0
2026-05-13 18:45:00+00:00,4699.21,4699.47,4694.63,4695.55,4594,8,0
2026-05-13 19:00:00+00:00,4695.54,4703.0,4695.19,4702.1,5383,8,0
2026-05-13 19:15:00+00:00,4702.12,4710.5,4698.72,4707.12,5319,8,0
2026-05-13 19:30:00+00:00,4707.52,4708.33,4699.67,4699.92,5464,8,0
2026-05-13 19:45:00+00:00,4699.98,4701.58,4695.07,4695.76,4570,8,0
2026-05-13 20:00:00+00:00,4695.69,4701.01,4695.66,4699.69,4053,8,0
2026-05-13 20:15:00+00:00,4699.61,4701.31,4696.63,4698.45,4675,8,0
2026-05-13 20:30:00+00:00,4698.43,4698.43,4690.08,4691.11,4878,8,0
2026-05-13 20:45:00+00:00,4691.13,4694.47,4684.49,4685.66,4756,8,0
2026-05-13 21:00:00+00:00,4685.7,4692.75,4684.36,4692.55,3324,8,0
2026-05-13 21:15:00+00:00,4692.54,4694.21,4688.79,4692.04,3962,8,0
2026-05-13 21:30:00+00:00,4691.9,4692.84,4685.77,4686.12,4055,8,0
2026-05-13 21:45:00+00:00,4686.13,4687.73,4678.29,4684.98,4972,8,0
2026-05-13 22:00:00+00:00,4684.99,4689.19,4683.34,4689.14,3433,8,0
2026-05-13 22:15:00+00:00,4689.12,4690.5,4686.61,4687.1,3760,8,0
2026-05-13 22:30:00+00:00,4687.17,4689.1,4684.49,4688.51,3535,8,0
2026-05-13 22:45:00+00:00,4688.5,4689.41,4684.12,4688.45,4076,8,0
2026-05-13 23:00:00+00:00,4688.33,4691.02,4686.03,4690.94,2383,8,0
2026-05-13 23:15:00+00:00,4690.95,4693.87,4690.31,4691.41,1615,8,0
2026-05-13 23:30:00+00:00,4691.4,4692.99,4689.35,4690.66,1790,8,0
2026-05-13 23:45:00+00:00,4690.68,4691.09,4687.86,4688.65,1633,8,0
2026-05-14 01:00:00+00:00,4692.3,4694.54,4688.51,4691.73,1559,11,0
2026-05-14 01:15:00+00:00,4691.73,4697.33,4691.52,4697.08,1819,10,0
2026-05-14 01:30:00+00:00,4697.02,4700.38,4695.62,4699.13,1791,12,0
2026-05-14 01:45:00+00:00,4699.14,4700.64,4696.68,4700.08,1715,10,0
2026-05-14 02:00:00+00:00,4700.06,4702.15,4699.13,4701.24,2026,10,0
2026-05-14 02:15:00+00:00,4701.26,4701.37,4696.76,4697.34,1578,10,0
2026-05-14 02:30:00+00:00,4696.97,4697.57,4694.4,4694.78,1650,10,0
2026-05-14 02:45:00+00:00,4694.77,4696.95,4693.23,4696.6,2165,10,0
2026-05-14 03:00:00+00:00,4696.62,4699.52,4689.56,4697.76,4168,8,0
2026-05-14 03:15:00+00:00,4697.72,4705.46,4697.55,4701.07,4757,8,0
2026-05-14 03:30:00+00:00,4701.1,4703.32,4692.85,4700.27,3837,8,0
2026-05-14 03:45:00+00:00,4700.19,4706.79,4699.48,4705.06,4450,8,0
2026-05-14 04:00:00+00:00,4705.03,4707.02,4684.24,4689.01,7021,8,0
2026-05-14 04:15:00+00:00,4688.94,4695.36,4687.47,4692.66,4955,8,0
2026-05-14 04:30:00+00:00,4692.65,4694.72,4683.64,4688.65,5600,8,0
2026-05-14 04:45:00+00:00,4688.66,4695.21,4683.54,4688.9,5374,8,0
2026-05-14 05:00:00+00:00,4688.88,4694.14,4686.58,4688.01,5506,8,0
2026-05-14 05:15:00+00:00,4688.26,4694.23,4687.05,4693.46,2875,8,0
2026-05-14 05:30:00+00:00,4693.44,4699.64,4689.5,4691.53,5353,8,0
2026-05-14 05:45:00+00:00,4692.03,4693.39,4679.98,4686.25,5956,11,0
2026-05-14 06:00:00+00:00,4686.24,4690.19,4681.49,4682.98,5600,8,0
2026-05-14 06:15:00+00:00,4683.0,4693.45,4681.56,4691.33,5082,8,0
2026-05-14 06:30:00+00:00,4691.32,4691.41,4675.82,4676.37,3899,8,0
2026-05-14 06:45:00+00:00,4676.41,4678.07,4674.04,4675.07,3764,11,0
2026-05-14 07:00:00+00:00,4674.99,4682.55,4668.62,4682.18,4320,8,0
2026-05-14 07:15:00+00:00,4682.2,4707.53,4681.91,4702.26,4119,8,0
2026-05-14 07:30:00+00:00,4702.31,4712.76,4701.44,4705.01,4162,11,0
2026-05-14 07:45:00+00:00,4704.98,4706.99,4702.43,4702.55,3543,8,0
2026-05-14 08:00:00+00:00,4702.54,4704.29,4699.87,4700.02,4065,10,0
2026-05-14 08:15:00+00:00,4700.03,4700.35,4693.38,4693.71,3448,8,0
2026-05-14 08:30:00+00:00,4693.65,4701.62,4693.35,4697.41,5449,10,0
2026-05-14 08:45:00+00:00,4697.51,4703.34,4688.94,4689.73,5889,8,0
2026-05-14 09:00:00+00:00,4688.91,4694.7,4686.22,4687.8,5667,8,0
2026-05-14 09:15:00+00:00,4687.79,4693.11,4686.41,4691.35,5302,8,0
2026-05-14 09:30:00+00:00,4691.34,4699.84,4690.62,4699.07,4683,8,0
2026-05-14 09:45:00+00:00,4698.98,4702.47,4694.76,4700.31,5362,8,0
2026-05-14 10:00:00+00:00,4700.17,4702.35,4694.65,4695.3,3987,8,0
2026-05-14 10:15:00+00:00,4695.37,4707.0,4695.06,4705.53,4012,8,0
2026-05-14 10:30:00+00:00,4705.65,4718.95,4703.07,4709.27,4395,8,0
2026-05-14 10:45:00+00:00,4709.25,4709.69,4690.78,4693.08,3802,8,0
2026-05-14 11:00:00+00:00,4693.16,4701.0,4692.12,4698.52,3231,8,0
2026-05-14 11:15:00+00:00,4698.51,4704.92,4697.92,4703.03,3491,8,0
2026-05-14 11:30:00+00:00,4703.07,4706.71,4695.62,4697.01,3859,8,0
2026-05-14 11:45:00+00:00,4697.03,4697.57,4693.06,4693.35,3537,8,0
2026-05-14 12:00:00+00:00,4693.33,4698.17,4690.43,4694.56,2980,8,0
2026-05-14 12:15:00+00:00,4694.27,4696.72,4690.84,4690.84,2447,8,0
2026-05-14 12:30:00+00:00,4690.78,4697.25,4688.42,4695.59,3614,8,0
2026-05-14 12:45:00+00:00,4695.6,4702.59,4695.56,4699.62,3148,8,0
2026-05-14 13:00:00+00:00,4699.75,4705.56,4695.98,4697.27,3204,8,0
2026-05-14 13:15:00+00:00,4697.24,4698.38,4693.79,4697.58,3529,8,0
2026-05-14 13:30:00+00:00,4697.61,4698.1,4692.22,4693.54,2157,8,0
2026-05-14 13:45:00+00:00,4693.6,4697.77,4691.22,4697.13,3536,8,0
2026-05-14 14:00:00+00:00,4697.14,4698.88,4692.87,4697.46,2971,8,0
2026-05-14 14:15:00+00:00,4697.47,4697.75,4689.41,4692.04,2352,8,0
2026-05-14 14:30:00+00:00,4692.06,4697.44,4690.88,4695.51,2926,10,0
2026-05-14 14:45:00+00:00,4695.49,4704.91,4694.31,4694.31,3940,8,0
2026-05-14 15:00:00+00:00,4694.26,4703.86,4692.31,4703.83,4494,8,0
2026-05-14 15:15:00+00:00,4703.86,4707.64,4698.93,4702.67,4152,8,0
2026-05-14 15:30:00+00:00,4703.03,4710.18,4697.99,4697.99,5509,8,0
2026-05-14 15:45:00+00:00,4697.84,4706.47,4695.93,4704.9,4739,8,0
2026-05-14 16:00:00+00:00,4704.91,4707.82,4696.1,4704.07,5286,8,0
2026-05-14 16:15:00+00:00,4704.17,4704.47,4688.06,4688.06,5170,8,0
2026-05-14 16:30:00+00:00,4688.31,4689.53,4666.59,4676.84,7081,8,0
2026-05-14 16:45:00+00:00,4676.86,4691.3,4675.8,4679.43,7008,8,0
2026-05-14 17:00:00+00:00,4679.64,4690.42,4677.67,4687.69,2783,8,0
2026-05-14 17:15:00+00:00,4687.65,4699.77,4687.0,4691.39,3362,8,0
2026-05-14 17:30:00+00:00,4691.4,4692.51,4686.11,4687.1,6283,8,0
2026-05-14 17:45:00+00:00,4686.94,4690.55,4679.27,4679.42,6573,8,0
2026-05-14 18:00:00+00:00,4679.41,4686.72,4677.02,4684.93,5663,8,0
2026-05-14 18:15:00+00:00,4684.95,4689.44,4684.16,4685.79,5274,8,0
2026-05-14 18:30:00+00:00,4685.85,4689.04,4681.02,4682.56,4536,8,0
2026-05-14 18:45:00+00:00,4682.55,4686.77,4680.93,4685.97,4876,8,0
2026-05-14 19:00:00+00:00,4685.98,4686.98,4674.2,4678.6,5079,8,0
2026-05-14 19:15:00+00:00,4678.64,4681.31,4675.34,4677.29,4682,8,0
2026-05-14 19:30:00+00:00,4677.26,4678.38,4670.35,4675.42,5390,8,0
2026-05-14 19:45:00+00:00,4675.41,4679.02,4672.65,4678.3,4597,8,0
2026-05-14 20:00:00+00:00,4678.41,4682.62,4678.39,4678.69,5052,8,0
2026-05-14 20:15:00+00:00,4678.7,4683.03,4676.8,4677.35,5238,8,0
2026-05-14 20:30:00+00:00,4677.35,4681.5,4676.36,4681.36,4110,8,0
2026-05-14 20:45:00+00:00,4681.34,4681.77,4677.75,4678.14,3937,8,0
2026-05-14 21:00:00+00:00,4678.16,4678.4,4668.81,4674.67,5256,8,0
2026-05-14 21:15:00+00:00,4674.64,4676.47,4672.92,4673.52,4398,8,0
2026-05-14 21:30:00+00:00,4673.53,4674.92,4668.5,4668.7,3307,8,0
2026-05-14 21:45:00+00:00,4668.64,4671.98,4666.95,4671.73,3418,8,0
2026-05-14 22:00:00+00:00,4671.74,4671.91,4666.92,4667.53,3130,8,0
2026-05-14 22:15:00+00:00,4667.55,4669.3,4663.31,4663.53,3520,8,0
2026-05-14 22:30:00+00:00,4663.46,4665.53,4655.65,4656.57,4275,8,0
2026-05-14 22:45:00+00:00,4656.56,4659.06,4653.11,4654.38,4969,8,0
2026-05-14 23:00:00+00:00,4654.14,4656.97,4649.77,4650.13,3078,8,0
2026-05-14 23:15:00+00:00,4650.05,4651.32,4647.02,4648.21,2238,8,0
2026-05-14 23:30:00+00:00,4648.23,4653.17,4644.61,4650.69,2501,8,0
2026-05-14 23:45:00+00:00,4650.7,4652.56,4649.47,4652.37,2070,8,0
2026-05-15 01:00:00+00:00,4650.88,4658.04,4646.36,4655.41,1891,20,0
2026-05-15 01:15:00+00:00,4655.38,4659.48,4655.33,4658.96,2184,11,0
2026-05-15 01:30:00+00:00,4658.95,4662.5,4658.83,4661.93,1997,8,0
2026-05-15 01:45:00+00:00,4661.95,4662.72,4660.13,4662.5,1646,8,0
2026-05-15 02:00:00+00:00,4662.41,4663.38,4658.9,4659.29,1995,8,0
2026-05-15 02:15:00+00:00,4659.25,4664.4,4655.75,4664.05,2805,8,0
2026-05-15 02:30:00+00:00,4663.96,4665.36,4646.92,4657.42,3524,8,0
2026-05-15 02:45:00+00:00,4657.45,4657.64,4648.17,4652.09,3894,8,0
2026-05-15 03:00:00+00:00,4652.07,4653.72,4642.69,4650.56,5579,8,0
2026-05-15 03:15:00+00:00,4650.57,4658.36,4629.65,4629.8,5757,8,0
2026-05-15 03:30:00+00:00,4629.82,4630.75,4613.6,4618.54,6178,8,0
2026-05-15 03:45:00+00:00,4618.53,4630.58,4617.3,4630.26,6135,8,0
2026-05-15 04:00:00+00:00,4630.17,4631.48,4607.56,4614.71,7680,8,0
2026-05-15 04:15:00+00:00,4614.68,4625.71,4608.27,4609.01,7386,11,0
2026-05-15 04:30:00+00:00,4608.95,4622.96,4607.56,4622.95,7164,8,0
2026-05-15 04:45:00+00:00,4622.97,4624.47,4607.13,4613.42,7106,8,0
2026-05-15 05:00:00+00:00,4613.83,4619.25,4609.7,4613.17,6440,8,0
2026-05-15 05:15:00+00:00,4613.25,4616.75,4609.39,4612.63,4401,8,0
2026-05-15 05:30:00+00:00,4612.54,4618.04,4609.53,4617.89,5673,8,0
2026-05-15 05:45:00+00:00,4617.92,4623.48,4611.73,4618.15,5721,8,0
2026-05-15 06:00:00+00:00,4618.13,4622.36,4614.74,4617.35,5226,8,0
2026-05-15 06:15:00+00:00,4617.38,4618.45,4609.85,4612.76,5391,8,0
2026-05-15 06:30:00+00:00,4612.85,4617.39,4607.44,4613.3,4265,8,0
2026-05-15 06:45:00+00:00,4613.26,4617.24,4610.52,4615.7,3121,8,0
2026-05-15 07:00:00+00:00,4615.6,4621.73,4612.92,4620.08,3945,8,0
2026-05-15 07:15:00+00:00,4620.07,4620.71,4607.43,4610.92,3286,8,0
2026-05-15 07:30:00+00:00,4610.93,4614.99,4604.41,4605.77,3282,8,0
2026-05-15 07:45:00+00:00,4606.01,4612.49,4604.98,4605.84,3262,8,0
2026-05-15 08:00:00+00:00,4606.11,4606.51,4588.46,4592.29,5784,8,0
2026-05-15 08:15:00+00:00,4592.1,4595.36,4580.69,4588.46,5822,8,0
2026-05-15 08:30:00+00:00,4588.93,4589.39,4563.81,4568.54,7604,8,0
2026-05-15 08:45:00+00:00,4568.67,4573.38,4558.67,4559.49,7218,8,0
2026-05-15 09:00:00+00:00,4559.49,4573.32,4556.46,4570.72,7031,8,0
2026-05-15 09:15:00+00:00,4570.94,4578.33,4570.36,4575.09,6496,8,0
2026-05-15 09:30:00+00:00,4575.13,4580.6,4566.93,4568.0,5870,8,0
2026-05-15 09:45:00+00:00,4567.62,4574.3,4564.26,4569.8,5693,8,0
2026-05-15 10:00:00+00:00,4569.71,4586.17,4565.95,4585.91,5744,8,0
2026-05-15 10:15:00+00:00,4585.9,4588.57,4579.14,4581.78,5535,8,0
2026-05-15 10:30:00+00:00,4581.79,4582.45,4574.75,4577.63,4455,8,0
2026-05-15 10:45:00+00:00,4577.65,4578.54,4568.38,4570.86,4653,8,0
2026-05-15 11:00:00+00:00,4570.87,4571.97,4557.31,4565.22,5427,8,0
2026-05-15 11:15:00+00:00,4565.23,4565.8,4552.72,4557.73,4168,8,0
2026-05-15 11:30:00+00:00,4552.39,4562.52,4551.23,4562.52,4534,8,0
2026-05-15 11:45:00+00:00,4562.4,4563.64,4552.78,4554.08,4341,8,0
2026-05-15 12:00:00+00:00,4554.2,4563.81,4546.04,4547.2,5695,8,0
2026-05-15 12:15:00+00:00,4547.19,4554.56,4539.55,4553.47,2999,8,0
2026-05-15 12:30:00+00:00,4553.41,4555.67,4542.79,4543.7,4795,8,0
2026-05-15 12:45:00+00:00,4543.66,4547.07,4531.89,4545.78,5833,8,0
2026-05-15 13:00:00+00:00,4545.77,4562.75,4544.14,4561.02,5548,8,0
2026-05-15 13:15:00+00:00,4561.03,4563.34,4551.76,4551.82,4547,8,0
2026-05-15 13:30:00+00:00,4551.83,4556.2,4549.69,4554.81,3473,8,0
2026-05-15 13:45:00+00:00,4555.23,4569.89,4554.27,4566.16,3149,8,0
2026-05-15 14:00:00+00:00,4566.22,4570.29,4560.89,4566.45,5345,8,0
2026-05-15 14:15:00+00:00,4566.4,4568.75,4560.17,4562.32,2271,8,0
2026-05-15 14:30:00+00:00,4562.31,4562.51,4551.03,4551.55,3851,8,0
2026-05-15 14:45:00+00:00,4551.45,4558.68,4549.83,4551.98,3587,8,0
2026-05-15 15:00:00+00:00,4551.92,4555.28,4545.22,4545.6,6034,8,0
2026-05-15 15:15:00+00:00,4545.63,4558.74,4544.86,4555.21,4178,8,0
2026-05-15 15:30:00+00:00,4555.01,4555.07,4543.67,4545.65,3450,8,0
2026-05-15 15:45:00+00:00,4545.62,4554.94,4543.65,4546.1,4880,8,0
2026-05-15 16:00:00+00:00,4546.11,4549.99,4539.23,4544.28,2602,8,0
2026-05-15 16:15:00+00:00,4546.6,4557.87,4543.38,4548.9,5227,8,0
2026-05-15 16:30:00+00:00,4548.86,4551.48,4520.41,4520.44,3771,8,0
2026-05-15 16:45:00+00:00,4520.42,4541.98,4512.05,4533.89,3385,8,0
2026-05-15 17:00:00+00:00,4533.84,4550.78,4526.27,4544.04,5890,8,0
2026-05-15 17:15:00+00:00,4543.59,4562.91,4540.73,4555.94,7481,8,0
2026-05-15 17:30:00+00:00,4555.98,4560.57,4550.81,4557.04,7138,8,0
2026-05-15 17:45:00+00:00,4557.0,4566.58,4546.1,4562.81,6822,8,0
2026-05-15 18:00:00+00:00,4562.8,4563.81,4550.75,4552.79,7085,8,0
2026-05-15 18:15:00+00:00,4552.74,4554.35,4543.71,4547.78,5693,8,0
2026-05-15 18:30:00+00:00,4547.71,4551.22,4539.96,4541.48,5948,8,0
2026-05-15 18:45:00+00:00,4541.46,4542.88,4534.4,4539.78,6971,8,0
2026-05-15 19:00:00+00:00,4539.77,4542.43,4529.43,4532.74,6551,8,0
2026-05-15 19:15:00+00:00,4532.76,4542.43,4531.4,4540.79,5888,8,0
2026-05-15 19:30:00+00:00,4540.97,4547.87,4540.13,4547.25,6262,8,0
2026-05-15 19:45:00+00:00,4547.24,4548.2,4541.99,4544.65,5535,8,0
2026-05-15 20:00:00+00:00,4544.66,4558.2,4543.19,4556.44,5634,8,0
2026-05-15 20:15:00+00:00,4556.6,4564.53,4553.84,4557.93,5387,8,0
2026-05-15 20:30:00+00:00,4557.99,4563.72,4557.83,4560.76,5414,8,0
2026-05-15 20:45:00+00:00,4560.96,4562.74,4557.33,4559.63,5438,8,0
2026-05-15 21:00:00+00:00,4559.62,4561.99,4556.16,4561.8,5177,8,0
2026-05-15 21:15:00+00:00,4561.81,4563.07,4552.96,4558.2,6047,8,0
2026-05-15 21:30:00+00:00,4558.19,4559.02,4552.43,4557.73,5432,8,0
2026-05-15 21:45:00+00:00,4557.72,4562.94,4556.73,4559.4,4394,8,0
2026-05-15 22:00:00+00:00,4559.32,4560.29,4549.5,4550.46,5164,8,0
2026-05-15 22:15:00+00:00,4550.48,4552.82,4548.6,4550.82,4211,8,0
2026-05-15 22:30:00+00:00,4550.84,4555.92,4550.25,4553.54,4725,8,0
2026-05-15 22:45:00+00:00,4553.55,4554.42,4545.0,4545.99,5521,8,0
2026-05-15 23:00:00+00:00,4545.81,4546.44,4535.68,4538.38,4503,8,0
2026-05-15 23:15:00+00:00,4538.36,4539.18,4533.15,4539.03,3662,10,0
2026-05-15 23:30:00+00:00,4539.05,4544.3,4539.05,4540.37,3006,10,0
2026-05-15 23:45:00+00:00,4540.36,4541.5,4536.45,4540.08,2127,13,0
2026-05-18 01:00:00+00:00,4541.9,4555.17,4528.47,4548.56,3434,12,0
2026-05-18 01:15:00+00:00,4548.58,4550.27,4537.95,4541.1,2274,12,0
2026-05-18 01:30:00+00:00,4541.08,4553.89,4541.0,4549.95,3540,10,0
2026-05-18 01:45:00+00:00,4549.8,4554.59,4543.81,4546.2,2995,10,0
2026-05-18 02:00:00+00:00,4546.12,4548.13,4539.52,4541.66,2412,11,0
2026-05-18 02:15:00+00:00,4541.54,4544.32,4537.91,4537.97,3154,11,0
2026-05-18 02:30:00+00:00,4537.98,4541.36,4532.48,4539.09,3928,8,0
2026-05-18 02:45:00+00:00,4539.11,4544.25,4532.07,4537.19,4649,8,0
2026-05-18 03:00:00+00:00,4537.15,4542.71,4523.04,4526.38,6730,8,0
2026-05-18 03:15:00+00:00,4526.4,4533.68,4514.7,4515.86,6084,8,0
2026-05-18 03:30:00+00:00,4515.79,4518.88,4480.65,4481.72,7151,8,0
2026-05-18 03:45:00+00:00,4481.67,4516.64,4480.38,4516.1,7134,8,0
2026-05-18 04:00:00+00:00,4515.98,4516.0,4489.6,4496.05,7738,8,0
2026-05-18 04:15:00+00:00,4496.06,4510.06,4492.9,4504.14,7373,8,0
2026-05-18 04:30:00+00:00,4504.15,4513.74,4499.84,4512.65,7281,10,0
2026-05-18 04:45:00+00:00,4512.66,4535.79,4510.99,4525.41,7396,8,0
2026-05-18 05:00:00+00:00,4525.41,4538.62,4522.07,4536.73,6738,8,0
2026-05-18 05:15:00+00:00,4536.76,4540.77,4531.96,4533.71,4978,8,0
2026-05-18 05:30:00+00:00,4533.55,4541.25,4529.51,4536.3,5986,10,0
2026-05-18 05:45:00+00:00,4536.18,4542.9,4530.36,4533.59,5913,10,0
2026-05-18 06:00:00+00:00,4533.75,4535.92,4526.73,4529.28,5350,8,0
2026-05-18 06:15:00+00:00,4529.45,4538.45,4528.32,4536.01,3917,8,0
2026-05-18 06:30:00+00:00,4536.05,4548.01,4525.24,4545.83,5815,10,0
2026-05-18 06:45:00+00:00,4545.68,4547.88,4539.2,4541.27,5013,8,0
2026-05-18 07:00:00+00:00,4541.28,4550.0,4541.08,4544.4,4628,8,0
2026-05-18 07:15:00+00:00,4544.39,4547.13,4530.16,4532.71,4329,8,0
2026-05-18 07:30:00+00:00,4532.7,4544.35,4532.21,4541.74,4218,8,0
2026-05-18 07:45:00+00:00,4541.78,4545.69,4535.24,4540.73,4199,8,0
2026-05-18 08:00:00+00:00,4540.74,4542.91,4532.96,4538.24,4351,8,0
2026-05-18 08:15:00+00:00,4538.19,4550.71,4534.9,4548.81,4402,8,0
2026-05-18 08:30:00+00:00,4548.82,4552.17,4538.42,4539.52,6245,8,0
2026-05-18 08:45:00+00:00,4539.48,4543.06,4529.92,4530.91,5197,10,0
2026-05-18 09:00:00+00:00,4530.94,4540.5,4529.67,4537.37,5856,8,0
2026-05-18 09:15:00+00:00,4537.36,4548.21,4534.53,4537.52,5621,8,0
2026-05-18 09:30:00+00:00,4537.49,4547.26,4534.5,4540.68,5799,8,0
2026-05-18 09:45:00+00:00,4540.69,4547.75,4538.58,4546.78,5039,8,0
2026-05-18 10:00:00+00:00,4546.79,4549.37,4542.02,4543.65,4754,8,0
2026-05-18 10:15:00+00:00,4543.61,4551.46,4538.31,4550.67,4857,8,0
2026-05-18 10:30:00+00:00,4550.65,4560.07,4547.86,4549.28,4628,8,0
2026-05-18 10:45:00+00:00,4549.06,4551.77,4540.14,4546.35,3811,8,0
2026-05-18 11:00:00+00:00,4546.36,4548.97,4542.51,4546.65,4480,8,0
2026-05-18 11:15:00+00:00,4546.63,4551.49,4543.09,4547.89,4332,8,0
2026-05-18 11:30:00+00:00,4547.93,4553.21,4545.96,4548.07,3591,8,0
2026-05-18 11:45:00+00:00,4548.29,4557.07,4548.18,4550.0,3518,8,0
2026-05-18 12:00:00+00:00,4549.92,4552.1,4541.3,4546.31,3802,8,0
2026-05-18 12:15:00+00:00,4546.28,4548.95,4544.56,4545.0,2813,8,0
2026-05-18 12:30:00+00:00,4545.01,4546.46,4540.64,4542.98,4018,8,0
2026-05-18 12:45:00+00:00,4543.06,4544.64,4540.25,4542.99,3633,8,0
2026-05-18 13:00:00+00:00,4542.98,4545.09,4535.74,4539.21,3485,8,0
2026-05-18 13:15:00+00:00,4539.22,4542.47,4538.13,4539.69,3666,8,0
2026-05-18 13:30:00+00:00,4539.73,4544.15,4532.15,4543.82,4154,8,0
2026-05-18 13:45:00+00:00,4543.79,4547.85,4536.76,4540.31,3596,8,0
2026-05-18 14:00:00+00:00,4540.32,4541.85,4530.04,4539.59,4128,8,0
2026-05-18 14:15:00+00:00,4539.45,4540.25,4531.78,4536.4,4364,8,0
2026-05-18 14:30:00+00:00,4536.29,4567.01,4535.5,4562.12,5894,8,0
2026-05-18 14:45:00+00:00,4562.14,4564.63,4549.45,4550.69,5383,8,0
2026-05-18 15:00:00+00:00,4550.48,4556.64,4547.67,4553.46,4248,8,0
2026-05-18 15:15:00+00:00,4553.41,4554.99,4545.26,4550.54,4778,8,0
2026-05-18 15:30:00+00:00,4550.53,4569.96,4550.15,4569.96,5765,8,0
2026-05-18 15:45:00+00:00,4569.92,4574.94,4562.58,4571.36,6151,8,0
2026-05-18 16:00:00+00:00,4571.38,4576.92,4561.91,4567.77,6215,8,0
2026-05-18 16:15:00+00:00,4567.73,4576.41,4564.0,4571.93,5028,8,0
2026-05-18 16:30:00+00:00,4571.95,4579.88,4564.77,4566.31,7375,8,0
2026-05-18 16:45:00+00:00,4566.34,4585.03,4563.69,4575.69,7526,8,0
2026-05-18 17:00:00+00:00,4575.74,4575.77,4559.39,4564.58,7164,8,0
2026-05-18 17:15:00+00:00,4564.62,4569.22,4554.39,4560.95,6946,8,0
2026-05-18 17:30:00+00:00,4560.92,4562.25,4539.35,4548.22,7413,8,0
2026-05-18 17:45:00+00:00,4548.29,4549.07,4538.4,4547.52,7015,8,0
2026-05-18 18:00:00+00:00,4547.37,4548.72,4531.81,4541.41,7148,8,0
2026-05-18 18:15:00+00:00,4541.42,4543.61,4533.85,4534.04,6722,8,0
2026-05-18 18:30:00+00:00,4533.96,4544.99,4533.57,4538.81,6171,8,0
2026-05-18 18:45:00+00:00,4538.82,4547.27,4538.32,4543.88,5954,8,0
2026-05-18 19:00:00+00:00,4543.87,4549.38,4540.44,4548.99,5634,8,0
2026-05-18 19:15:00+00:00,4548.98,4550.75,4534.4,4537.68,5802,8,0
2026-05-18 19:30:00+00:00,4537.67,4544.45,4534.89,4542.93,6114,8,0
2026-05-18 19:45:00+00:00,4542.87,4554.86,4542.34,4550.79,5251,8,0
2026-05-18 20:00:00+00:00,4550.82,4559.08,4548.14,4553.46,4934,8,0
2026-05-18 20:15:00+00:00,4553.47,4555.61,4551.79,4553.92,3957,8,0
2026-05-18 20:30:00+00:00,4553.91,4554.24,4547.15,4548.25,4467,8,0
2026-05-18 20:45:00+00:00,4548.28,4549.75,4545.7,4547.01,3778,8,0
2026-05-18 21:00:00+00:00,4547.03,4547.85,4543.7,4545.21,4741,8,0
2026-05-18 21:15:00+00:00,4545.19,4545.4,4536.79,4542.09,5610,8,0
2026-05-18 21:30:00+00:00,4542.05,4544.1,4539.11,4541.51,4396,8,0
2026-05-18 21:45:00+00:00,4541.53,4543.3,4534.33,4535.76,4391,8,0
2026-05-18 22:00:00+00:00,4535.86,4565.35,4535.31,4554.43,7073,8,0
2026-05-18 22:15:00+00:00,4554.52,4555.73,4546.62,4551.61,5885,8,0
2026-05-18 22:30:00+00:00,4551.6,4561.25,4550.15,4558.15,5473,8,0
2026-05-18 22:45:00+00:00,4558.18,4562.97,4557.65,4558.63,5495,8,0
2026-05-18 23:00:00+00:00,4558.47,4562.89,4557.82,4562.25,2491,8,0
2026-05-18 23:15:00+00:00,4562.26,4566.98,4562.14,4563.56,2301,8,0
2026-05-18 23:30:00+00:00,4563.54,4565.12,4561.94,4564.6,2053,8,0
2026-05-18 23:45:00+00:00,4564.61,4566.64,4562.49,4566.39,1772,8,0
2026-05-19 01:00:00+00:00,4568.36,4573.49,4566.46,4572.72,1851,11,0
2026-05-19 01:15:00+00:00,4572.7,4573.98,4570.56,4572.31,2421,8,0
2026-05-19 01:30:00+00:00,4572.59,4577.78,4571.02,4576.05,1892,11,0
2026-05-19 01:45:00+00:00,4575.96,4576.32,4571.98,4573.27,1623,11,0
2026-05-19 02:00:00+00:00,4573.34,4586.83,4573.16,4585.62,2806,8,0
2026-05-19 02:15:00+00:00,4585.59,4589.0,4583.29,4585.85,2352,8,0
2026-05-19 02:30:00+00:00,4585.86,4587.87,4582.86,4585.57,2438,8,0
2026-05-19 02:45:00+00:00,4585.51,4586.82,4579.14,4581.9,2761,8,0
2026-05-19 03:00:00+00:00,4582.0,4589.37,4576.78,4578.88,5785,8,0
2026-05-19 03:15:00+00:00,4578.89,4585.88,4568.95,4573.67,5442,11,0
2026-05-19 03:30:00+00:00,4573.65,4576.08,4568.17,4570.83,4977,8,0
2026-05-19 03:45:00+00:00,4570.66,4572.6,4561.27,4563.31,5491,8,0
2026-05-19 04:00:00+00:00,4563.04,4569.32,4557.63,4565.71,6502,8,0
2026-05-19 04:15:00+00:00,4565.82,4568.44,4554.1,4559.18,6046,8,0
2026-05-19 04:30:00+00:00,4559.11,4572.25,4555.25,4570.7,5210,11,0
2026-05-19 04:45:00+00:00,4570.68,4571.76,4561.47,4563.85,5480,8,0
2026-05-19 05:00:00+00:00,4563.87,4563.87,4552.96,4554.59,6001,8,0
2026-05-19 05:15:00+00:00,4554.58,4562.26,4551.53,4559.65,4290,8,0
2026-05-19 05:30:00+00:00,4559.71,4559.8,4551.07,4556.33,5557,8,0
2026-05-19 05:45:00+00:00,4556.27,4558.11,4546.11,4547.21,5290,8,0
2026-05-19 06:00:00+00:00,4547.23,4552.73,4543.79,4551.86,4939,8,0
2026-05-19 06:15:00+00:00,4551.89,4553.1,4546.8,4549.22,4674,8,0
2026-05-19 06:30:00+00:00,4549.19,4555.06,4547.02,4547.84,3977,8,0
2026-05-19 06:45:00+00:00,4547.85,4549.57,4544.39,4545.1,3956,11,0
2026-05-19 07:00:00+00:00,4545.07,4545.76,4538.82,4540.3,4095,8,0
2026-05-19 07:15:00+00:00,4540.31,4543.23,4538.28,4540.26,3477,8,0
2026-05-19 07:30:00+00:00,4540.36,4542.3,4537.93,4539.82,3308,11,0
2026-05-19 07:45:00+00:00,4539.84,4543.82,4539.77,4542.54,3408,8,0
2026-05-19 08:00:00+00:00,4542.55,4546.61,4540.28,4544.93,3858,8,0
2026-05-19 08:15:00+00:00,4544.89,4545.36,4530.98,4538.5,4859,8,0
2026-05-19 08:30:00+00:00,4538.73,4544.27,4533.0,4538.51,5793,8,0
2026-05-19 08:45:00+00:00,4538.5,4543.53,4533.09,4540.9,5754,8,0
2026-05-19 09:00:00+00:00,4541.31,4545.91,4533.5,4542.01,6105,8,0
2026-05-19 09:15:00+00:00,4541.97,4553.94,4540.96,4547.85,5813,8,0
2026-05-19 09:30:00+00:00,4547.73,4552.92,4545.5,4552.26,4540,8,0
2026-05-19 09:45:00+00:00,4552.25,4552.61,4543.14,4548.12,4371,8,0
2026-05-19 10:00:00+00:00,4548.15,4555.3,4544.27,4548.71,3812,8,0
2026-05-19 10:15:00+00:00,4548.74,4550.12,4543.16,4548.09,2507,8,0
2026-05-19 10:30:00+00:00,4548.27,4549.19,4541.28,4542.15,3783,8,0
2026-05-19 10:45:00+00:00,4542.29,4559.31,4542.04,4557.24,4326,8,0
2026-05-19 11:00:00+00:00,4557.46,4559.15,4542.66,4546.45,4205,8,0
2026-05-19 11:15:00+00:00,4546.38,4548.16,4536.39,4538.55,4385,8,0
2026-05-19 11:30:00+00:00,4538.33,4545.02,4537.0,4543.32,3130,8,0
2026-05-19 11:45:00+00:00,4543.25,4548.66,4538.37,4542.8,2861,8,0
2026-05-19 12:00:00+00:00,4542.82,4542.88,4537.01,4539.64,3413,8,0
2026-05-19 12:15:00+00:00,4539.63,4546.79,4536.02,4540.68,3916,8,0
2026-05-19 12:30:00+00:00,4540.78,4543.22,4536.71,4539.59,4344,8,0
2026-05-19 12:45:00+00:00,4539.6,4544.78,4538.39,4541.89,3511,8,0
2026-05-19 13:00:00+00:00,4541.9,4542.3,4536.11,4541.52,2964,8,0
2026-05-19 13:15:00+00:00,4541.57,4541.93,4538.43,4540.05,2578,8,0
2026-05-19 13:30:00+00:00,4540.04,4543.0,4525.49,4529.14,4520,8,0
2026-05-19 13:45:00+00:00,4529.08,4544.76,4527.67,4544.76,4218,8,0
2026-05-19 14:00:00+00:00,4544.75,4548.03,4536.03,4536.75,5207,8,0
2026-05-19 14:15:00+00:00,4536.74,4542.21,4535.83,4539.34,3674,8,0
2026-05-19 14:30:00+00:00,4539.33,4543.17,4536.94,4542.27,3344,8,0
2026-05-19 14:45:00+00:00,4542.42,4542.42,4529.92,4530.76,3816,8,0
2026-05-19 15:00:00+00:00,4530.23,4546.72,4527.46,4542.29,4554,8,0
2026-05-19 15:15:00+00:00,4542.33,4544.4,4536.73,4543.5,4283,8,0
2026-05-19 15:30:00+00:00,4543.48,4547.11,4536.77,4537.43,4299,8,0
2026-05-19 15:45:00+00:00,4537.44,4541.67,4535.69,4537.23,4013,8,0
2026-05-19 16:00:00+00:00,4537.2,4537.45,4514.92,4524.42,6121,8,0
2026-05-19 16:15:00+00:00,4524.48,4526.27,4490.85,4492.01,6666,8,0
2026-05-19 16:30:00+00:00,4492.03,4495.65,4464.88,4476.51,8095,8,0
2026-05-19 16:45:00+00:00,4476.54,4511.59,4474.06,4504.3,6937,8,0
2026-05-19 17:00:00+00:00,4504.33,4514.26,4492.86,4493.34,7336,8,0
2026-05-19 17:15:00+00:00,4493.39,4501.25,4484.4,4490.02,7446,8,0
2026-05-19 17:30:00+00:00,4490.15,4498.73,4487.48,4494.65,7266,8,0
2026-05-19 17:45:00+00:00,4494.72,4496.41,4485.92,4493.82,7026,8,0
2026-05-19 18:00:00+00:00,4493.83,4499.72,4489.59,4498.94,6437,8,0
2026-05-19 18:15:00+00:00,4498.97,4504.77,4493.64,4498.6,5596,8,0
2026-05-19 18:30:00+00:00,4498.62,4507.25,4497.65,4502.14,5873,8,0
2026-05-19 18:45:00+00:00,4502.12,4509.24,4500.22,4508.51,5790,8,0
2026-05-19 19:00:00+00:00,4508.43,4510.42,4496.11,4501.05,5334,8,0
2026-05-19 19:15:00+00:00,4501.04,4512.1,4498.84,4508.82,5577,8,0
2026-05-19 19:30:00+00:00,4508.8,4512.39,4505.57,4505.94,5726,8,0
2026-05-19 19:45:00+00:00,4505.97,4509.39,4504.59,4507.74,5286,8,0
2026-05-19 20:00:00+00:00,4507.75,4510.89,4505.88,4510.34,4958,8,0
2026-05-19 20:15:00+00:00,4510.41,4511.08,4503.42,4507.06,4041,8,0
2026-05-19 20:30:00+00:00,4506.96,4508.38,4502.73,4504.51,4460,8,0
2026-05-19 20:45:00+00:00,4504.55,4504.93,4499.16,4500.92,5494,8,0
2026-05-19 21:00:00+00:00,4500.93,4503.72,4499.71,4501.03,4572,8,0
2026-05-19 21:15:00+00:00,4501.0,4502.0,4495.58,4496.1,5674,8,0
2026-05-19 21:30:00+00:00,4496.09,4500.89,4493.3,4499.14,4804,8,0
2026-05-19 21:45:00+00:00,4499.12,4500.12,4490.34,4493.68,4703,8,0
2026-05-19 22:00:00+00:00,4493.69,4497.59,4493.22,4497.09,4875,8,0
2026-05-19 22:15:00+00:00,4497.07,4497.45,4485.64,4486.99,4244,8,0
2026-05-19 22:30:00+00:00,4487.03,4489.95,4485.99,4488.45,5537,8,0
2026-05-19 22:45:00+00:00,4488.46,4488.93,4481.33,4483.5,5365,8,0
2026-05-19 23:00:00+00:00,4483.49,4487.08,4480.89,4485.61,2977,8,0
2026-05-19 23:15:00+00:00,4485.6,4488.19,4483.37,4486.22,2163,8,0
2026-05-19 23:30:00+00:00,4486.24,4486.29,4482.0,4483.48,1830,8,0
2026-05-19 23:45:00+00:00,4483.49,4484.34,4481.38,4481.77,1814,8,0
2026-05-20 01:00:00+00:00,4483.74,4485.87,4480.34,4482.89,1274,15,0
2026-05-20 01:15:00+00:00,4482.83,4482.83,4478.01,4479.31,1181,11,0
2026-05-20 01:30:00+00:00,4479.36,4485.75,4477.44,4481.96,1635,11,0
2026-05-20 01:45:00+00:00,4481.93,4484.63,4479.36,4484.45,1457,11,0
2026-05-20 02:00:00+00:00,4484.27,4486.72,4479.83,4486.29,1242,11,0
2026-05-20 02:15:00+00:00,4485.75,4488.75,4483.23,4486.08,1408,18,0
2026-05-20 02:30:00+00:00,4486.11,4496.36,4485.54,4492.36,2008,11,0
2026-05-20 02:45:00+00:00,4492.34,4494.63,4488.21,4489.39,1726,11,0
2026-05-20 03:00:00+00:00,4489.3,4490.52,4479.67,4488.52,3860,11,0
2026-05-20 03:15:00+00:00,4488.58,4501.9,4481.34,4501.89,4578,8,0
2026-05-20 03:30:00+00:00,4501.98,4507.32,4499.76,4505.26,4459,8,0
2026-05-20 03:45:00+00:00,4505.24,4508.73,4498.12,4500.93,3867,11,0
2026-05-20 04:00:00+00:00,4500.89,4506.17,4487.93,4492.4,4976,11,0
2026-05-20 04:15:00+00:00,4492.52,4496.7,4472.84,4473.67,4483,11,0
2026-05-20 04:30:00+00:00,4473.77,4476.95,4456.02,4466.73,5294,8,0
2026-05-20 04:45:00+00:00,4466.69,4488.59,4463.07,4481.35,4909,11,0
2026-05-20 05:00:00+00:00,4481.38,4487.11,4476.24,4481.35,4097,11,0
2026-05-20 05:15:00+00:00,4481.39,4486.93,4476.51,4481.47,2877,11,0
2026-05-20 05:30:00+00:00,4481.4,4483.5,4460.68,4460.69,4171,11,0
2026-05-20 05:45:00+00:00,4460.78,4466.21,4458.58,4465.19,2719,11,0
2026-05-20 06:00:00+00:00,4465.08,4467.16,4453.5,4457.92,2976,11,0
2026-05-20 06:15:00+00:00,4457.79,4464.42,4457.18,4460.96,1487,11,0
2026-05-20 06:30:00+00:00,4460.42,4466.09,4457.57,4460.56,2043,11,0
2026-05-20 06:45:00+00:00,4460.63,4465.08,4458.14,4463.65,1632,15,0
2026-05-20 07:00:00+00:00,4463.41,4470.05,4463.21,4469.14,1599,11,0
2026-05-20 07:15:00+00:00,4469.13,4470.64,4462.51,4465.02,1206,11,0
2026-05-20 07:30:00+00:00,4465.16,4465.82,4460.63,4463.13,1088,11,0
2026-05-20 07:45:00+00:00,4463.07,4463.58,4456.67,4462.13,1753,13,0
2026-05-20 08:00:00+00:00,4462.16,4473.17,4461.61,4469.58,2582,13,0
2026-05-20 08:15:00+00:00,4469.59,4475.35,4467.23,4468.37,1703,10,0
2026-05-20 08:30:00+00:00,4468.6,4479.09,4467.94,4472.38,2251,8,0
2026-05-20 08:45:00+00:00,4472.31,4475.4,4463.38,4472.91,1761,8,0
2026-05-20 09:00:00+00:00,4472.32,4477.59,4467.4,4471.65,2074,10,0
2026-05-20 09:15:00+00:00,4472.2,4478.35,4467.79,4471.97,2342,10,0
2026-05-20 09:30:00+00:00,4472.11,4472.55,4461.49,4467.08,2937,13,0
2026-05-20 09:45:00+00:00,4467.13,4478.54,4465.35,4474.33,3284,6,0
2026-05-20 10:00:00+00:00,4474.38,4485.34,4472.02,4481.21,2614,6,0
2026-05-20 10:15:00+00:00,4481.14,4484.02,4476.44,4482.71,1797,8,0
2026-05-20 10:30:00+00:00,4482.61,4485.96,4476.06,4481.37,2186,8,0
2026-05-20 10:45:00+00:00,4481.4,4482.01,4475.2,4478.6,2154,8,0
2026-05-20 11:00:00+00:00,4478.43,4484.16,4476.79,4482.47,2316,8,0
2026-05-20 11:15:00+00:00,4482.5,4486.52,4478.34,4486.09,2425,8,0
2026-05-20 11:30:00+00:00,4486.06,4489.5,4476.89,4479.39,2570,8,0
2026-05-20 11:45:00+00:00,4479.43,4490.21,4479.28,4484.11,2049,8,0
2026-05-20 12:00:00+00:00,4484.08,4486.19,4479.77,4480.35,1359,8,0
2026-05-20 12:15:00+00:00,4480.08,4483.68,4472.8,4474.3,1511,8,0
2026-05-20 12:30:00+00:00,4474.15,4484.85,4472.89,4483.27,1751,8,0
2026-05-20 12:45:00+00:00,4483.37,4491.07,4481.86,4485.06,1439,8,0
2026-05-20 13:00:00+00:00,4484.92,4492.27,4484.83,4487.96,1325,8,0
2026-05-20 13:15:00+00:00,4487.93,4492.63,4487.31,4489.0,1328,8,0
2026-05-20 13:30:00+00:00,4489.08,4497.1,4488.61,4494.41,1699,8,0
2026-05-20 13:45:00+00:00,4494.64,4495.87,4490.26,4494.72,1171,8,0
2026-05-20 14:00:00+00:00,4494.68,4496.77,4492.82,4493.08,1679,8,0
2026-05-20 14:15:00+00:00,4493.05,4501.15,4491.25,4500.14,1431,8,0
2026-05-20 14:30:00+00:00,4500.02,4500.45,4493.46,4495.28,1686,8,0
2026-05-20 14:45:00+00:00,4495.23,4499.6,4490.96,4499.1,2240,8,0
2026-05-20 15:00:00+00:00,4499.07,4501.02,4495.82,4496.58,1907,8,0
2026-05-20 15:15:00+00:00,4496.63,4499.53,4493.07,4499.52,2310,8,0
2026-05-20 15:30:00+00:00,4499.71,4504.69,4499.32,4502.92,2755,8,0
2026-05-20 15:45:00+00:00,4502.98,4505.43,4493.95,4496.25,2501,8,0
2026-05-20 16:00:00+00:00,4496.23,4506.18,4493.98,4505.24,3321,8,0
2026-05-20 16:15:00+00:00,4504.93,4505.36,4489.34,4489.44,2801,8,0
2026-05-20 16:30:00+00:00,4489.36,4493.09,4483.11,4490.11,4238,8,0
2026-05-20 16:45:00+00:00,4489.53,4491.82,4481.99,4483.13,4109,8,0
2026-05-20 17:00:00+00:00,4484.87,4485.15,4467.03,4476.96,3526,8,0
2026-05-20 17:15:00+00:00,4476.78,4510.91,4476.61,4506.93,5909,8,0
2026-05-20 17:30:00+00:00,4506.97,4528.91,4506.97,4520.91,5218,8,0
2026-05-20 17:45:00+00:00,4520.92,4537.24,4517.06,4531.0,4111,8,0
2026-05-20 18:00:00+00:00,4531.04,4535.5,4523.03,4524.29,3898,8,0
2026-05-20 18:15:00+00:00,4524.34,4552.51,4524.25,4530.03,5543,8,0
2026-05-20 18:30:00+00:00,4530.05,4539.59,4528.31,4536.24,4144,8,0
2026-05-20 18:45:00+00:00,4536.36,4537.21,4526.73,4528.56,4221,8,0
2026-05-20 19:00:00+00:00,4528.7,4534.72,4527.83,4533.17,2225,8,0
2026-05-20 19:15:00+00:00,4533.26,4533.26,4523.61,4525.38,2620,8,0
2026-05-20 19:30:00+00:00,4525.5,4533.17,4523.74,4532.72,2917,8,0
2026-05-20 19:45:00+00:00,4533.03,4534.9,4529.64,4533.92,2654,8,0
2026-05-20 20:00:00+00:00,4534.02,4538.16,4531.25,4534.38,2554,8,0
2026-05-20 20:15:00+00:00,4534.33,4536.87,4530.97,4532.41,2855,8,0
2026-05-20 20:30:00+00:00,4533.09,4536.5,4529.93,4533.32,2559,8,0
2026-05-20 20:45:00+00:00,4533.2,4535.36,4530.3,4531.39,1547,8,0
2026-05-20 21:00:00+00:00,4531.44,4534.0,4529.51,4532.95,1785,8,0
2026-05-20 21:15:00+00:00,4532.92,4536.63,4531.91,4534.84,1992,8,0
2026-05-20 21:30:00+00:00,4534.81,4543.5,4534.81,4537.06,2036,8,0
2026-05-20 21:45:00+00:00,4536.99,4544.85,4536.85,4542.2,2182,8,0
2026-05-20 22:00:00+00:00,4542.15,4545.2,4541.88,4543.85,1885,8,0
2026-05-20 22:15:00+00:00,4543.88,4546.0,4543.37,4545.18,1648,8,0
2026-05-20 22:30:00+00:00,4545.08,4550.11,4545.08,4546.44,1764,8,0
2026-05-20 22:45:00+00:00,4546.5,4548.53,4545.45,4545.79,2233,8,0
2026-05-20 23:00:00+00:00,4545.8,4550.37,4545.37,4546.71,1011,8,0
2026-05-20 23:15:00+00:00,4546.69,4548.33,4543.12,4545.73,1217,8,0
2026-05-20 23:30:00+00:00,4545.74,4546.34,4542.82,4543.56,1021,8,0
2026-05-20 23:45:00+00:00,4543.44,4544.63,4542.05,4543.97,1288,11,0
2026-05-21 01:00:00+00:00,4545.95,4548.82,4538.87,4540.11,1555,10,0
2026-05-21 01:15:00+00:00,4540.43,4540.53,4535.26,4538.95,936,11,0
2026-05-21 01:30:00+00:00,4539.04,4543.49,4538.76,4542.26,1300,8,0
2026-05-21 01:45:00+00:00,4542.23,4544.66,4537.27,4539.95,1703,8,0
2026-05-21 02:00:00+00:00,4539.99,4543.22,4538.03,4539.91,1262,8,0
2026-05-21 02:15:00+00:00,4539.93,4540.73,4534.59,4538.43,1419,8,0
2026-05-21 02:30:00+00:00,4538.51,4545.38,4537.97,4542.99,1307,8,0
2026-05-21 02:45:00+00:00,4542.87,4547.25,4541.85,4546.56,1535,10,0
2026-05-21 03:00:00+00:00,4546.47,4548.78,4540.26,4544.96,3957,10,0
2026-05-21 03:15:00+00:00,4544.91,4553.35,4537.51,4543.94,3610,10,0
2026-05-21 03:30:00+00:00,4543.72,4545.23,4539.74,4543.6,2268,10,0
2026-05-21 03:45:00+00:00,4543.58,4548.77,4541.86,4545.33,2437,8,0
2026-05-21 04:00:00+00:00,4545.34,4560.17,4539.99,4560.0,4810,8,0
2026-05-21 04:15:00+00:00,4559.97,4567.8,4557.41,4567.27,3567,8,0
2026-05-21 04:30:00+00:00,4567.25,4570.77,4561.67,4567.75,3104,8,0
2026-05-21 04:45:00+00:00,4567.78,4568.35,4559.1,4561.15,2730,8,0
2026-05-21 05:00:00+00:00,4561.26,4564.94,4550.82,4551.82,1934,8,0
2026-05-21 05:15:00+00:00,4551.77,4553.22,4539.82,4540.42,2159,8,0
2026-05-21 05:30:00+00:00,4540.1,4542.41,4534.14,4536.44,3454,8,0
2026-05-21 05:45:00+00:00,4536.33,4537.33,4531.61,4533.29,2340,8,0
2026-05-21 06:00:00+00:00,4533.23,4539.1,4531.65,4537.82,2056,8,0
2026-05-21 06:15:00+00:00,4537.9,4540.2,4533.15,4535.92,1509,8,0
2026-05-21 06:30:00+00:00,4535.93,4537.27,4531.85,4534.02,1335,8,0
2026-05-21 06:45:00+00:00,4534.16,4534.41,4527.27,4528.34,1625,8,0
2026-05-21 07:00:00+00:00,4528.15,4536.55,4527.4,4536.18,1850,8,0
2026-05-21 07:15:00+00:00,4536.1,4540.14,4534.46,4539.5,1560,8,0
2026-05-21 07:30:00+00:00,4539.66,4540.52,4534.01,4537.3,1401,8,0
2026-05-21 07:45:00+00:00,4537.31,4539.33,4535.62,4538.57,913,8,0
2026-05-21 08:00:00+00:00,4538.58,4540.4,4529.85,4530.81,2184,8,0
2026-05-21 08:15:00+00:00,4530.82,4531.15,4521.77,4522.99,2925,8,0
2026-05-21 08:30:00+00:00,4522.9,4527.21,4518.5,4526.04,3721,8,0
2026-05-21 08:45:00+00:00,4526.08,4530.07,4518.54,4527.97,3505,8,0
2026-05-21 09:00:00+00:00,4527.94,4535.46,4526.67,4531.6,3455,8,0
2026-05-21 09:15:00+00:00,4531.56,4539.98,4528.63,4533.15,3694,8,0
2026-05-21 09:30:00+00:00,4533.07,4535.14,4523.04,4524.98,3419,8,0
2026-05-21 09:45:00+00:00,4524.95,4526.35,4519.07,4521.58,3730,8,0
2026-05-21 10:00:00+00:00,4521.69,4524.51,4518.19,4520.62,3330,8,0
2026-05-21 10:15:00+00:00,4519.75,4523.7,4512.15,4512.92,3267,8,0
2026-05-21 10:30:00+00:00,4512.89,4517.41,4512.11,4516.4,2039,8,0
2026-05-21 10:45:00+00:00,4516.58,4523.19,4514.18,4519.56,2003,8,0
2026-05-21 11:00:00+00:00,4519.58,4535.68,4518.31,4534.14,3558,8,0
2026-05-21 11:15:00+00:00,4534.1,4536.73,4529.22,4535.82,3761,8,0
2026-05-21 11:30:00+00:00,4535.71,4535.71,4526.42,4529.13,2805,8,0
2026-05-21 11:45:00+00:00,4529.3,4534.6,4528.29,4532.63,2757,8,0
2026-05-21 12:00:00+00:00,4532.56,4540.27,4531.86,4537.83,3025,8,0
2026-05-21 12:15:00+00:00,4537.85,4542.56,4535.42,4536.99,2642,8,0
2026-05-21 12:30:00+00:00,4536.96,4542.8,4529.75,4529.92,2750,8,0
2026-05-21 12:45:00+00:00,4529.9,4533.33,4528.21,4530.91,2131,8,0
2026-05-21 13:00:00+00:00,4530.87,4535.57,4530.25,4532.84,2493,8,0
2026-05-21 13:15:00+00:00,4532.96,4534.94,4511.22,4518.24,3763,8,0
2026-05-21 13:30:00+00:00,4518.33,4518.72,4505.12,4516.93,5565,8,0
2026-05-21 13:45:00+00:00,4516.96,4518.01,4510.87,4511.56,4255,8,0
2026-05-21 14:00:00+00:00,4511.57,4520.07,4510.79,4516.32,3882,8,0
2026-05-21 14:15:00+00:00,4516.31,4521.07,4512.29,4513.89,3051,8,0
2026-05-21 14:30:00+00:00,4513.87,4515.78,4508.23,4512.22,2693,8,0
2026-05-21 14:45:00+00:00,4512.18,4517.4,4510.89,4514.13,2554,8,0
2026-05-21 15:00:00+00:00,4514.11,4519.32,4513.73,4514.72,3131,8,0
2026-05-21 15:15:00+00:00,4514.76,4514.82,4504.37,4507.22,3423,8,0
2026-05-21 15:30:00+00:00,4507.25,4517.78,4505.72,4515.11,4567,8,0
2026-05-21 15:45:00+00:00,4515.04,4518.26,4502.56,4504.13,3992,8,0
2026-05-21 16:00:00+00:00,4504.11,4512.84,4499.52,4502.41,5182,8,0
2026-05-21 16:15:00+00:00,4502.38,4505.49,4495.52,4500.39,4731,8,0
2026-05-21 16:30:00+00:00,4500.43,4502.76,4488.57,4498.0,6098,8,0
2026-05-21 16:45:00+00:00,4497.89,4521.24,4495.04,4513.37,6486,8,0
2026-05-21 17:00:00+00:00,4513.44,4515.48,4502.92,4508.0,5729,8,0
2026-05-21 17:15:00+00:00,4508.11,4509.17,4498.22,4506.89,6214,8,0
2026-05-21 17:30:00+00:00,4506.9,4510.79,4502.01,4504.94,5253,8,0
2026-05-21 17:45:00+00:00,4504.9,4510.8,4501.8,4509.21,5275,8,0
2026-05-21 18:00:00+00:00,4509.14,4515.57,4496.76,4510.08,5892,8,0
2026-05-21 18:15:00+00:00,4510.16,4511.62,4502.31,4503.62,4919,8,0
2026-05-21 18:30:00+00:00,4503.66,4510.22,4502.96,4506.87,3536,8,0
2026-05-21 18:45:00+00:00,4507.03,4512.67,4506.74,4511.66,3022,8,0
2026-05-21 19:00:00+00:00,4511.67,4520.86,4511.67,4517.27,4463,8,0
2026-05-21 19:15:00+00:00,4517.22,4518.97,4514.63,4516.57,3767,8,0
2026-05-21 19:30:00+00:00,4516.57,4519.42,4515.62,4518.12,2972,8,0
2026-05-21 19:45:00+00:00,4518.11,4520.31,4516.3,4519.76,2578,8,0
2026-05-21 20:00:00+00:00,4519.89,4532.15,4514.54,4525.91,4331,8,0
2026-05-21 20:15:00+00:00,4525.94,4545.71,4525.94,4542.19,6666,8,0
2026-05-21 20:30:00+00:00,4542.16,4549.05,4538.77,4548.21,5107,8,0
2026-05-21 20:45:00+00:00,4548.24,4559.32,4545.03,4551.54,5094,8,0
2026-05-21 21:00:00+00:00,4551.27,4556.16,4543.1,4546.01,5174,8,0
2026-05-21 21:15:00+00:00,4546.06,4550.91,4544.6,4548.47,3972,8,0
2026-05-21 21:30:00+00:00,4548.57,4549.71,4543.08,4545.54,3189,8,0
2026-05-21 21:45:00+00:00,4545.42,4546.34,4527.7,4532.21,5529,8,0
2026-05-21 22:00:00+00:00,4531.98,4537.88,4529.93,4537.83,4358,8,0
2026-05-21 22:15:00+00:00,4537.81,4542.08,4537.76,4538.92,3000,8,0
2026-05-21 22:30:00+00:00,4538.82,4543.13,4538.69,4539.38,2741,8,0
2026-05-21 22:45:00+00:00,4539.57,4543.83,4534.68,4542.84,3656,8,0
2026-05-21 23:00:00+00:00,4542.92,4544.74,4541.16,4542.67,1820,8,0
2026-05-21 23:15:00+00:00,4542.64,4542.8,4540.32,4541.37,929,11,0
2026-05-21 23:30:00+00:00,4541.41,4542.25,4540.39,4540.78,648,8,0
2026-05-21 23:45:00+00:00,4540.76,4543.29,4539.83,4543.22,794,11,0
2026-05-22 01:00:00+00:00,4543.3,4546.0,4539.84,4541.98,1300,11,0
2026-05-22 01:15:00+00:00,4541.95,4543.31,4540.04,4541.16,819,11,0
2026-05-22 01:30:00+00:00,4541.2,4543.77,4539.77,4542.83,682,11,0
2026-05-22 01:45:00+00:00,4542.79,4543.5,4540.83,4543.47,709,15,0
2026-05-22 02:00:00+00:00,4543.4,4545.08,4542.69,4543.88,766,11,0
2026-05-22 02:15:00+00:00,4543.82,4544.5,4538.56,4540.62,838,11,0
2026-05-22 02:30:00+00:00,4539.78,4539.88,4532.99,4533.42,1142,11,0
2026-05-22 02:45:00+00:00,4533.45,4536.62,4532.63,4535.47,1651,8,0
2026-05-22 03:00:00+00:00,4535.56,4536.89,4530.98,4531.42,3470,8,0
2026-05-22 03:15:00+00:00,4531.33,4537.43,4530.37,4536.5,3150,8,0
2026-05-22 03:30:00+00:00,4536.44,4541.07,4535.93,4538.01,2583,8,0
2026-05-22 03:45:00+00:00,4538.05,4539.01,4525.82,4526.86,1846,8,0
2026-05-22 04:00:00+00:00,4526.62,4536.39,4523.41,4529.77,4468,8,0
2026-05-22 04:15:00+00:00,4529.73,4533.47,4526.42,4529.36,3502,8,0
2026-05-22 04:30:00+00:00,4529.05,4529.93,4521.05,4525.04,3818,8,0
2026-05-22 04:45:00+00:00,4525.13,4531.92,4524.76,4526.19,3739,8,0
2026-05-22 05:00:00+00:00,4526.34,4529.4,4521.49,4527.55,2955,8,0
2026-05-22 05:15:00+00:00,4527.82,4528.94,4522.81,4524.68,2332,8,0
2026-05-22 05:30:00+00:00,4524.66,4524.68,4518.64,4522.68,3230,8,0
2026-05-22 05:45:00+00:00,4522.72,4527.07,4519.53,4523.08,2956,8,0
2026-05-22 06:00:00+00:00,4523.13,4525.12,4520.66,4521.12,2660,8,0
2026-05-22 06:15:00+00:00,4521.08,4522.95,4519.21,4521.85,2715,8,0
2026-05-22 06:30:00+00:00,4521.81,4527.73,4521.71,4526.82,2315,8,0
2026-05-22 06:45:00+00:00,4526.74,4529.98,4526.52,4529.47,1825,8,0
2026-05-22 07:00:00+00:00,4529.56,4530.28,4527.88,4529.24,1800,8,0
2026-05-22 07:15:00+00:00,4529.27,4533.09,4527.67,4532.33,1828,8,0
2026-05-22 07:30:00+00:00,4532.34,4532.79,4525.63,4529.07,1941,8,0
2026-05-22 07:45:00+00:00,4529.12,4530.28,4527.1,4527.2,1614,8,0
2026-05-22 08:00:00+00:00,4527.19,4529.74,4523.84,4525.47,1705,8,0
2026-05-22 08:15:00+00:00,4525.61,4529.17,4523.54,4526.14,1679,8,0
2026-05-22 08:30:00+00:00,4526.11,4534.28,4525.37,4534.1,3887,8,0
2026-05-22 08:45:00+00:00,4534.14,4534.37,4507.26,4511.22,3567,8,0
2026-05-22 09:00:00+00:00,4511.26,4524.43,4510.21,4521.7,4297,8,0
2026-05-22 09:15:00+00:00,4521.57,4526.16,4516.43,4525.32,2585,8,0
2026-05-22 09:30:00+00:00,4525.21,4527.46,4521.73,4526.59,1979,8,0
2026-05-22 09:45:00+00:00,4526.63,4528.86,4523.95,4526.9,2493,8,0
2026-05-22 10:00:00+00:00,4526.87,4527.07,4521.55,4522.51,2586,8,0
2026-05-22 10:15:00+00:00,4522.63,4527.43,4522.27,4525.84,1851,8,0
2026-05-22 10:30:00+00:00,4525.91,4525.93,4516.27,4520.0,2565,8,0
2026-05-22 10:45:00+00:00,4519.96,4523.33,4517.71,4521.88,2045,8,0
2026-05-22 11:00:00+00:00,4522.3,4530.0,4521.63,4524.78,1910,8,0
2026-05-22 11:15:00+00:00,4524.93,4531.19,4523.83,4526.59,2760,8,0
2026-05-22 11:30:00+00:00,4526.84,4527.44,4517.12,4522.5,2817,8,0
2026-05-22 11:45:00+00:00,4522.52,4524.99,4521.65,4521.95,1860,8,0
2026-05-22 12:00:00+00:00,4521.92,4525.57,4517.38,4517.42,1881,8,0
2026-05-22 12:15:00+00:00,4516.98,4520.66,4515.08,4517.89,2084,8,0
2026-05-22 12:30:00+00:00,4517.88,4526.12,4514.9,4525.23,1705,8,0
2026-05-22 12:45:00+00:00,4525.34,4536.46,4524.68,4532.25,2178,8,0
2026-05-22 13:00:00+00:00,4532.26,4536.84,4529.67,4533.91,2119,8,0
2026-05-22 13:15:00+00:00,4533.98,4534.32,4524.56,4524.73,2239,8,0
2026-05-22 13:30:00+00:00,4524.8,4525.53,4512.34,4512.56,3024,8,0
2026-05-22 13:45:00+00:00,4512.53,4515.2,4510.24,4514.74,2331,8,0
2026-05-22 14:00:00+00:00,4514.64,4517.34,4513.89,4515.98,2468,8,0
2026-05-22 14:15:00+00:00,4515.9,4515.9,4511.96,4512.16,1762,8,0
2026-05-22 14:30:00+00:00,4512.08,4523.15,4511.62,4521.8,1928,8,0
2026-05-22 14:45:00+00:00,4521.85,4525.16,4520.17,4520.66,2245,8,0
2026-05-22 15:00:00+00:00,4520.63,4530.08,4518.84,4529.39,3146,8,0
2026-05-22 15:15:00+00:00,4529.38,4536.06,4521.11,4521.79,3644,8,0
2026-05-22 15:30:00+00:00,4521.77,4523.75,4515.13,4518.77,3130,8,0
2026-05-22 15:45:00+00:00,4518.8,4528.51,4517.49,4528.34,2978,8,0
2026-05-22 16:00:00+00:00,4528.26,4534.39,4520.94,4528.3,4103,8,0
2026-05-22 16:15:00+00:00,4528.54,4529.81,4521.5,4522.02,3167,8,0
2026-05-22 16:30:00+00:00,4522.08,4527.14,4510.82,4517.71,4570,8,0
2026-05-22 16:45:00+00:00,4517.45,4518.92,4510.38,4513.64,4208,8,0
2026-05-22 17:00:00+00:00,4513.69,4513.8,4493.03,4497.69,5736,8,0
2026-05-22 17:15:00+00:00,4497.66,4500.6,4491.93,4499.12,4858,8,0
2026-05-22 17:30:00+00:00,4499.22,4506.03,4497.3,4504.6,3776,8,0
2026-05-22 17:45:00+00:00,4504.55,4507.35,4499.84,4500.1,3269,8,0
2026-05-22 18:00:00+00:00,4500.05,4511.37,4499.76,4510.65,3344,8,0
2026-05-22 18:15:00+00:00,4510.66,4519.26,4510.52,4519.26,2780,8,0
2026-05-22 18:30:00+00:00,4519.34,4522.29,4517.05,4517.86,2645,8,0
2026-05-22 18:45:00+00:00,4517.93,4521.94,4514.43,4520.18,2946,8,0
2026-05-22 19:00:00+00:00,4520.17,4520.46,4517.04,4519.65,2097,8,0
2026-05-22 19:15:00+00:00,4519.62,4524.23,4516.99,4523.76,2456,8,0
2026-05-22 19:30:00+00:00,4523.74,4526.77,4513.76,4514.94,2740,8,0
2026-05-22 19:45:00+00:00,4515.02,4518.01,4512.36,4514.94,2693,8,0
2026-05-22 20:00:00+00:00,4515.08,4521.05,4514.81,4519.34,2679,8,0
2026-05-22 20:15:00+00:00,4519.18,4525.91,4513.18,4525.37,3341,8,0
2026-05-22 20:30:00+00:00,4525.32,4527.66,4519.42,4522.22,3294,8,0
2026-05-22 20:45:00+00:00,4522.24,4522.86,4518.68,4519.17,2182,8,0
2026-05-22 21:00:00+00:00,4519.25,4519.48,4512.1,4513.8,2566,8,0
2026-05-22 21:15:00+00:00,4513.73,4517.69,4512.5,4515.36,2277,8,0
2026-05-22 21:30:00+00:00,4515.42,4520.21,4513.97,4515.23,1834,8,0
2026-05-22 21:45:00+00:00,4515.22,4516.04,4512.97,4514.88,1891,8,0
2026-05-22 22:00:00+00:00,4514.92,4515.8,4506.9,4507.27,2771,8,0
2026-05-22 22:15:00+00:00,4507.3,4509.04,4506.42,4507.17,1998,8,0
2026-05-22 22:30:00+00:00,4507.31,4510.77,4504.37,4509.65,1912,8,0
2026-05-22 22:45:00+00:00,4509.59,4510.0,4506.7,4508.26,2294,8,0
2026-05-22 23:00:00+00:00,4508.29,4509.33,4504.95,4507.97,1646,8,0
2026-05-22 23:15:00+00:00,4508.06,4510.56,4506.9,4510.36,1237,11,0
2026-05-22 23:30:00+00:00,4510.41,4510.52,4504.48,4504.72,1357,8,0
2026-05-22 23:45:00+00:00,4504.62,4509.61,4504.15,4509.23,796,18,0
2026-05-25 01:00:00+00:00,4531.86,4557.94,4518.97,4555.31,4216,8,0
2026-05-25 01:15:00+00:00,4555.32,4556.71,4548.9,4552.07,4049,8,0
2026-05-25 01:30:00+00:00,4551.88,4560.94,4551.72,4558.26,3349,10,0
2026-05-25 01:45:00+00:00,4558.38,4565.53,4558.0,4564.97,2971,10,0
2026-05-25 02:00:00+00:00,4564.96,4576.54,4564.93,4574.5,3156,10,0
2026-05-25 02:15:00+00:00,4574.61,4578.34,4573.59,4575.0,2663,10,0
2026-05-25 02:30:00+00:00,4574.99,4580.01,4574.99,4577.31,3090,10,0
2026-05-25 02:45:00+00:00,4577.3,4578.36,4565.87,4567.21,3755,10,0
2026-05-25 03:00:00+00:00,4567.16,4575.89,4566.16,4572.7,4714,10,0
2026-05-25 03:15:00+00:00,4572.67,4575.62,4569.88,4572.43,4257,10,0
2026-05-25 03:30:00+00:00,4572.66,4575.61,4571.0,4571.6,3526,10,0
2026-05-25 03:45:00+00:00,4571.74,4579.59,4566.22,4569.26,4810,10,0
2026-05-25 04:00:00+00:00,4569.42,4576.47,4560.4,4565.64,6331,10,0
2026-05-25 04:15:00+00:00,4565.62,4575.55,4562.27,4574.04,5582,10,0
2026-05-25 04:30:00+00:00,4573.63,4574.88,4563.25,4563.32,5166,10,0
2026-05-25 04:45:00+00:00,4563.44,4567.25,4560.27,4562.87,4872,10,0
2026-05-25 05:00:00+00:00,4562.88,4568.31,4561.26,4561.94,5017,10,0
2026-05-25 05:15:00+00:00,4562.09,4563.44,4558.86,4562.96,3780,10,0
2026-05-25 05:30:00+00:00,4562.97,4569.52,4561.7,4569.48,4541,10,0
2026-05-25 05:45:00+00:00,4569.51,4570.24,4559.52,4561.38,3864,10,0
2026-05-25 06:00:00+00:00,4561.47,4564.52,4560.5,4563.24,3942,10,0
2026-05-25 06:15:00+00:00,4563.26,4564.61,4560.24,4560.73,3377,10,0
2026-05-25 06:30:00+00:00,4560.79,4564.17,4558.26,4558.62,3142,10,0
2026-05-25 06:45:00+00:00,4558.57,4561.35,4556.61,4559.75,3110,10,0
2026-05-25 07:00:00+00:00,4559.7,4562.72,4559.37,4560.93,2359,10,0
2026-05-25 07:15:00+00:00,4561.05,4565.97,4560.05,4565.25,2393,10,0
2026-05-25 07:30:00+00:00,4565.29,4565.6,4559.63,4562.36,2273,10,0
2026-05-25 07:45:00+00:00,4562.35,4565.72,4562.22,4564.88,1885,10,0
2026-05-25 08:00:00+00:00,4564.87,4566.12,4563.03,4563.59,2265,10,0
2026-05-25 08:15:00+00:00,4563.56,4563.72,4554.09,4554.25,3024,8,0
2026-05-25 08:30:00+00:00,4554.2,4561.05,4552.77,4557.01,4157,8,0
2026-05-25 08:45:00+00:00,4556.98,4557.92,4551.88,4553.43,3673,8,0
2026-05-25 09:00:00+00:00,4553.38,4555.89,4550.43,4553.96,4284,8,0
2026-05-25 09:15:00+00:00,4553.9,4557.35,4552.23,4554.18,4217,8,0
2026-05-25 09:30:00+00:00,4554.22,4557.38,4553.59,4556.43,3753,8,0
2026-05-25 09:45:00+00:00,4556.44,4563.29,4556.17,4562.48,3970,8,0
2026-05-25 10:00:00+00:00,4562.6,4564.81,4560.8,4560.84,3174,8,0
2026-05-25 10:15:00+00:00,4560.86,4561.26,4552.59,4554.49,4079,8,0
2026-05-25 10:30:00+00:00,4554.59,4561.86,4554.26,4560.0,3395,8,0
2026-05-25 10:45:00+00:00,4559.97,4565.17,4558.67,4564.81,2603,8,0
2026-05-25 11:00:00+00:00,4564.82,4565.07,4559.64,4561.11,2910,8,0
2026-05-25 11:15:00+00:00,4561.11,4561.37,4553.58,4554.8,2702,8,0
2026-05-25 11:30:00+00:00,4554.79,4557.86,4553.27,4554.41,2576,8,0
2026-05-25 11:45:00+00:00,4554.44,4556.46,4553.2,4555.9,1715,8,0
2026-05-25 12:00:00+00:00,4555.88,4558.76,4555.05,4555.54,1852,8,0
2026-05-25 12:15:00+00:00,4555.51,4558.98,4555.49,4558.91,1714,8,0
2026-05-25 12:30:00+00:00,4558.87,4566.11,4558.43,4565.76,2629,8,0
2026-05-25 12:45:00+00:00,4565.75,4569.24,4564.59,4567.56,2463,8,0
2026-05-25 13:00:00+00:00,4567.65,4572.61,4567.63,4571.96,2198,8,0
2026-05-25 13:15:00+00:00,4571.98,4573.72,4569.93,4570.99,2088,8,0
2026-05-25 13:30:00+00:00,4571.01,4573.25,4568.49,4570.12,1939,8,0
2026-05-25 13:45:00+00:00,4570.2,4572.4,4568.53,4568.69,1741,8,0
2026-05-25 14:00:00+00:00,4568.9,4572.47,4567.62,4572.12,1499,8,0
2026-05-25 14:15:00+00:00,4572.11,4575.33,4569.49,4571.67,2133,8,0
2026-05-25 14:30:00+00:00,4571.64,4576.24,4571.57,4574.53,2601,8,0
2026-05-25 14:45:00+00:00,4574.55,4577.04,4569.33,4569.47,2726,8,0
2026-05-25 15:00:00+00:00,4569.39,4569.51,4556.18,4556.41,3738,8,0
2026-05-25 15:15:00+00:00,4556.4,4561.01,4552.9,4560.56,3066,8,0
2026-05-25 15:30:00+00:00,4560.63,4570.39,4559.93,4566.5,2910,8,0
2026-05-25 15:45:00+00:00,4566.53,4568.81,4564.28,4567.77,2813,8,0
2026-05-25 16:00:00+00:00,4567.71,4571.47,4561.7,4564.43,4708,8,0
2026-05-25 16:15:00+00:00,4564.38,4564.65,4560.59,4561.91,2959,8,0
2026-05-25 16:30:00+00:00,4561.89,4565.67,4561.57,4564.84,3877,8,0
2026-05-25 16:45:00+00:00,4564.81,4565.07,4559.92,4563.15,3543,8,0
2026-05-25 17:00:00+00:00,4563.16,4570.04,4562.45,4567.77,3286,8,0
2026-05-25 17:15:00+00:00,4567.76,4570.66,4567.42,4567.98,2948,8,0
2026-05-25 17:30:00+00:00,4567.99,4568.58,4565.14,4567.0,3184,8,0
2026-05-25 17:45:00+00:00,4567.03,4569.02,4565.44,4566.85,3292,8,0
2026-05-25 18:00:00+00:00,4566.75,4573.57,4565.71,4570.23,3727,8,0
2026-05-25 18:15:00+00:00,4570.22,4574.71,4568.03,4573.44,3686,8,0
2026-05-25 18:30:00+00:00,4573.46,4573.59,4566.8,4568.78,2522,8,0
2026-05-25 18:45:00+00:00,4568.79,4572.51,4568.51,4570.68,1882,8,0
2026-05-25 19:00:00+00:00,4570.73,4570.82,4568.61,4570.62,2231,8,0
2026-05-25 19:15:00+00:00,4570.63,4570.71,4568.21,4568.28,1927,8,0
2026-05-25 19:30:00+00:00,4568.29,4572.5,4568.06,4572.26,2489,8,0
2026-05-25 19:45:00+00:00,4572.21,4574.71,4571.01,4573.58,2605,8,0
2026-05-25 20:00:00+00:00,4573.57,4577.95,4573.46,4574.19,2981,12,0
2026-05-25 20:15:00+00:00,4574.18,4574.66,4570.47,4571.5,2203,12,0
2026-05-25 20:30:00+00:00,4571.48,4571.56,4566.36,4566.76,1752,12,0
2026-05-25 20:45:00+00:00,4566.78,4566.8,4563.31,4565.09,1968,12,0
2026-05-25 21:00:00+00:00,4565.08,4571.47,4564.47,4569.15,1829,12,0
2026-05-25 21:15:00+00:00,4569.15,4571.06,4567.45,4571.06,1172,12,0
2026-05-26 01:00:00+00:00,4573.46,4574.07,4570.06,4573.43,1857,10,0
2026-05-26 01:15:00+00:00,4573.47,4575.5,4572.98,4573.09,1805,10,0
2026-05-26 01:30:00+00:00,4573.19,4575.17,4569.63,4574.06,2442,10,0
2026-05-26 01:45:00+00:00,4574.05,4576.56,4573.54,4574.9,2166,10,0
2026-05-26 02:00:00+00:00,4574.96,4579.29,4573.88,4579.19,2419,10,0
2026-05-26 02:15:00+00:00,4579.14,4580.27,4567.18,4568.06,2530,10,0
2026-05-26 02:30:00+00:00,4568.39,4568.61,4555.07,4556.55,3930,10,0
2026-05-26 02:45:00+00:00,4556.64,4562.99,4556.58,4559.61,3187,10,0
2026-05-26 03:00:00+00:00,4559.58,4559.88,4548.46,4552.3,5765,10,0
2026-05-26 03:15:00+00:00,4552.35,4553.4,4541.22,4549.27,5029,10,0
2026-05-26 03:30:00+00:00,4549.28,4553.06,4543.47,4548.29,4514,10,0
2026-05-26 03:45:00+00:00,4548.27,4551.61,4539.61,4549.69,4534,10,0
2026-05-26 04:00:00+00:00,4549.71,4550.28,4542.29,4548.61,6485,10,0
2026-05-26 04:15:00+00:00,4548.5,4549.04,4541.85,4543.7,5382,10,0
2026-05-26 04:30:00+00:00,4543.69,4544.17,4527.86,4532.18,6621,10,0
2026-05-26 04:45:00+00:00,4532.26,4537.45,4531.34,4537.09,5055,10,0
2026-05-26 05:00:00+00:00,4537.08,4539.55,4535.45,4538.51,4016,10,0
2026-05-26 05:15:00+00:00,4538.53,4539.04,4536.4,4536.88,2731,10,0
2026-05-26 05:30:00+00:00,4536.89,4538.61,4533.63,4534.05,4145,10,0
2026-05-26 05:45:00+00:00,4533.98,4534.75,4530.02,4532.3,3462,10,0
2026-05-26 06:00:00+00:00,4532.33,4538.34,4532.05,4536.96,3386,10,0
2026-05-26 06:15:00+00:00,4536.94,4543.79,4536.81,4542.29,3194,10,0
2026-05-26 06:30:00+00:00,4542.32,4545.46,4541.09,4541.52,2088,10,0
2026-05-26 06:45:00+00:00,4541.38,4543.84,4540.88,4542.39,1263,10,0
2026-05-26 07:00:00+00:00,4542.4,4543.27,4536.2,4537.34,1821,10,0
2026-05-26 07:15:00+00:00,4537.53,4539.48,4532.56,4532.59,1583,10,0
2026-05-26 07:30:00+00:00,4532.58,4533.31,4525.23,4526.25,2346,10,0
2026-05-26 07:45:00+00:00,4526.23,4529.06,4523.52,4525.48,2105,10,0
2026-05-26 08:00:00+00:00,4525.42,4531.43,4522.95,4529.44,3059,8,0
2026-05-26 08:15:00+00:00,4529.33,4531.56,4528.9,4531.36,2237,8,0
2026-05-26 08:30:00+00:00,4531.15,4535.23,4528.05,4529.83,4321,8,0
2026-05-26 08:45:00+00:00,4529.84,4529.98,4523.62,4527.28,4402,8,0
2026-05-26 09:00:00+00:00,4527.33,4532.88,4527.06,4531.67,3102,8,0
2026-05-26 09:15:00+00:00,4531.71,4536.22,4528.32,4530.5,3047,8,0
2026-05-26 09:30:00+00:00,4530.47,4534.05,4528.7,4533.89,2952,8,0
2026-05-26 09:45:00+00:00,4533.93,4534.11,4528.6,4531.1,3220,8,0
2026-05-26 10:00:00+00:00,4531.15,4534.02,4525.88,4528.62,3650,8,0
2026-05-26 10:15:00+00:00,4528.6,4531.0,4522.22,4529.73,3307,8,0
2026-05-26 10:30:00+00:00,4529.83,4529.83,4521.78,4526.72,3398,8,0
2026-05-26 10:45:00+00:00,4526.71,4539.06,4525.32,4538.3,3313,8,0
2026-05-26 11:00:00+00:00,4538.28,4539.08,4527.11,4527.57,3754,8,0
2026-05-26 11:15:00+00:00,4527.6,4530.02,4520.53,4522.49,2795,10,0
2026-05-26 11:30:00+00:00,4522.48,4526.58,4520.45,4525.68,3609,10,0
2026-05-26 11:45:00+00:00,4525.7,4527.65,4520.19,4523.8,2832,10,0
2026-05-26 12:00:00+00:00,4523.81,4525.22,4519.31,4520.57,2635,8,0
2026-05-26 12:15:00+00:00,4520.55,4526.47,4518.49,4524.75,3386,8,0
2026-05-26 12:30:00+00:00,4524.78,4525.24,4512.11,4513.25,3460,10,0
2026-05-26 12:45:00+00:00,4513.2,4523.52,4513.14,4522.76,3025,8,0
2026-05-26 13:00:00+00:00,4522.79,4532.09,4519.53,4529.53,3718,8,0
2026-05-26 13:15:00+00:00,4529.47,4535.67,4527.8,4533.81,2689,8,0
2026-05-26 13:30:00+00:00,4533.82,4538.88,4531.57,4533.24,3694,8,0
2026-05-26 13:45:00+00:00,4533.25,4540.55,4533.18,4534.51,3839,8,0
2026-05-26 14:00:00+00:00,4534.52,4536.28,4531.69,4531.81,2789,8,0
2026-05-26 14:15:00+00:00,4531.82,4532.78,4522.83,4523.71,2904,8,0
2026-05-26 14:30:00+00:00,4523.52,4523.78,4504.48,4509.89,5314,8,0
2026-05-26 14:45:00+00:00,4509.89,4515.65,4503.74,4507.25,4451,8,0
2026-05-26 15:00:00+00:00,4507.2,4512.28,4504.52,4510.5,4097,10,0
2026-05-26 15:15:00+00:00,4510.44,4516.07,4503.75,4506.2,3836,10,0
2026-05-26 15:30:00+00:00,4506.23,4511.86,4500.7,4511.83,3986,10,0
2026-05-26 15:45:00+00:00,4511.79,4523.79,4510.44,4520.45,4522,10,0
2026-05-26 16:00:00+00:00,4520.46,4526.47,4516.22,4518.49,4117,10,0
2026-05-26 16:15:00+00:00,4518.66,4527.73,4518.23,4522.31,4214,10,0
2026-05-26 16:30:00+00:00,4522.33,4531.26,4521.3,4527.32,6504,10,0
2026-05-26 16:45:00+00:00,4527.59,4529.29,4512.3,4514.23,6604,10,0
2026-05-26 17:00:00+00:00,4514.28,4520.6,4507.91,4511.14,6149,10,0
2026-05-26 17:15:00+00:00,4511.15,4517.9,4508.52,4517.66,5242,10,0
2026-05-26 17:30:00+00:00,4517.58,4524.99,4516.83,4521.43,4786,10,0
2026-05-26 17:45:00+00:00,4521.35,4522.17,4512.72,4515.3,4577,10,0
2026-05-26 18:00:00+00:00,4515.35,4515.6,4508.17,4509.57,4943,10,0
2026-05-26 18:15:00+00:00,4509.48,4510.47,4504.87,4506.24,4886,10,0
2026-05-26 18:30:00+00:00,4506.05,4508.98,4502.22,4508.24,5179,10,0
2026-05-26 18:45:00+00:00,4508.32,4510.82,4505.99,4506.48,5041,10,0
2026-05-26 19:00:00+00:00,4506.36,4508.55,4500.61,4501.43,4402,10,0
2026-05-26 19:15:00+00:00,4501.39,4508.81,4499.71,4508.05,4712,10,0
2026-05-26 19:30:00+00:00,4507.99,4511.25,4506.13,4506.49,4141,10,0
2026-05-26 19:45:00+00:00,4506.52,4507.74,4503.08,4504.89,4408,10,0
2026-05-26 20:00:00+00:00,4504.9,4507.52,4503.12,4503.77,3921,10,0
2026-05-26 20:15:00+00:00,4503.76,4507.57,4500.37,4501.56,3829,10,0
2026-05-26 20:30:00+00:00,4501.33,4501.68,4497.12,4498.59,3883,10,0
2026-05-26 20:45:00+00:00,4498.64,4501.34,4489.92,4491.07,3428,10,0
2026-05-26 21:00:00+00:00,4491.05,4493.4,4482.61,4487.34,5015,10,0
2026-05-26 21:15:00+00:00,4487.24,4496.22,4486.45,4495.29,4261,10,0
2026-05-26 21:30:00+00:00,4495.3,4498.53,4494.27,4496.17,2491,10,0
2026-05-26 21:45:00+00:00,4496.16,4499.74,4496.16,4499.36,3260,10,0
2026-05-26 22:00:00+00:00,4499.44,4501.26,4497.83,4499.5,2815,10,0
2026-05-26 22:15:00+00:00,4499.54,4504.74,4499.47,4502.13,2688,10,0
2026-05-26 22:30:00+00:00,4502.12,4506.07,4500.89,4504.94,3363,10,0
2026-05-26 22:45:00+00:00,4504.98,4510.0,4504.24,4509.02,3078,10,0
2026-05-26 23:00:00+00:00,4509.07,4510.82,4506.34,4507.98,1729,10,0
2026-05-26 23:15:00+00:00,4508.0,4510.03,4506.42,4506.73,1217,10,0
2026-05-26 23:30:00+00:00,4506.56,4509.75,4506.16,4508.83,991,10,0
2026-05-26 23:45:00+00:00,4508.87,4510.18,4504.04,4506.0,1896,10,0
2026-05-27 01:00:00+00:00,4507.46,4539.6,4498.16,4504.66,1199,20,0
2026-05-27 01:15:00+00:00,4504.67,4510.1,4502.74,4504.52,2517,15,0
2026-05-27 01:30:00+00:00,4504.53,4506.12,4498.14,4500.62,1956,11,0
2026-05-27 01:45:00+00:00,4500.61,4512.51,4499.54,4511.01,1428,12,0
2026-05-27 02:00:00+00:00,4511.15,4513.71,4507.6,4508.91,1547,12,0
2026-05-27 02:15:00+00:00,4508.89,4512.22,4504.51,4512.22,1655,11,0
2026-05-27 02:30:00+00:00,4512.27,4527.01,4511.15,4526.95,2156,8,0
2026-05-27 02:45:00+00:00,4526.93,4527.57,4518.58,4519.67,2071,8,0
2026-05-27 03:00:00+00:00,4519.64,4525.91,4517.32,4522.09,2677,8,0
2026-05-27 03:15:00+00:00,4522.06,4522.57,4514.08,4517.93,2440,9,0
2026-05-27 03:30:00+00:00,4518.18,4520.75,4516.9,4518.7,1910,12,0
2026-05-27 03:45:00+00:00,4518.73,4522.1,4514.75,4515.12,2255,9,0
2026-05-27 04:00:00+00:00,4515.1,4520.96,4512.71,4519.49,4100,9,0
2026-05-27 04:15:00+00:00,4519.5,4521.1,4514.49,4515.87,2183,12,0
2026-05-27 04:30:00+00:00,4516.08,4517.09,4509.48,4510.01,2326,9,0
2026-05-27 04:45:00+00:00,4510.06,4510.59,4506.95,4507.9,1745,12,0
2026-05-27 05:00:00+00:00,4507.95,4509.63,4502.18,4504.15,2566,9,0
2026-05-27 05:15:00+00:00,4504.2,4505.77,4499.24,4505.45,1729,9,0
2026-05-27 05:30:00+00:00,4505.49,4506.06,4498.8,4499.75,1791,12,0
2026-05-27 05:45:00+00:00,4499.87,4507.1,4498.12,4505.84,1735,9,0
2026-05-27 06:00:00+00:00,4505.77,4510.34,4505.1,4509.23,1855,12,0
2026-05-27 06:15:00+00:00,4509.26,4511.92,4505.62,4507.07,1489,9,0
2026-05-27 06:30:00+00:00,4507.06,4507.23,4501.77,4504.39,1076,9,0
2026-05-27 06:45:00+00:00,4504.4,4505.41,4496.65,4497.13,1086,9,0
2026-05-27 07:00:00+00:00,4497.15,4503.19,4495.89,4503.06,1531,9,0
2026-05-27 07:15:00+00:00,4503.09,4503.33,4499.64,4499.64,1335,9,0
2026-05-27 07:30:00+00:00,4499.63,4508.42,4497.88,4508.39,1790,9,0
2026-05-27 07:45:00+00:00,4508.43,4517.23,4508.38,4510.22,2683,9,0
2026-05-27 08:00:00+00:00,4510.2,4513.95,4508.41,4508.98,2135,9,0
2026-05-27 08:15:00+00:00,4509.04,4509.09,4504.22,4507.29,2169,9,0
2026-05-27 08:30:00+00:00,4507.26,4508.79,4491.71,4493.54,4919,9,0
2026-05-27 08:45:00+00:00,4493.46,4502.48,4492.02,4497.62,4097,9,0
2026-05-27 09:00:00+00:00,4497.64,4499.17,4493.8,4494.04,3503,9,0
2026-05-27 09:15:00+00:00,4494.03,4495.89,4483.78,4486.28,3770,9,0
2026-05-27 09:30:00+00:00,4486.32,4487.82,4479.98,4487.67,3504,9,0
2026-05-27 09:45:00+00:00,4487.71,4490.15,4483.68,4485.21,2156,9,0
2026-05-27 10:00:00+00:00,4485.25,4488.59,4480.18,4480.39,2029,9,0
2026-05-27 10:15:00+00:00,4480.61,4489.22,4480.46,4486.25,1732,9,0
2026-05-27 10:30:00+00:00,4486.28,4488.7,4481.29,4482.8,1660,9,0
2026-05-27 10:45:00+00:00,4482.81,4484.08,4475.79,4481.88,2166,8,0
2026-05-27 11:00:00+00:00,4481.18,4489.22,4481.18,4486.29,2602,8,0
2026-05-27 11:15:00+00:00,4486.38,4492.86,4486.08,4489.31,2016,8,0
2026-05-27 11:30:00+00:00,4489.33,4496.79,4486.08,4496.32,2323,8,0
2026-05-27 11:45:00+00:00,4496.27,4498.72,4492.73,4497.87,2166,8,0
2026-05-27 12:00:00+00:00,4497.82,4497.82,4488.63,4491.8,2284,8,0
2026-05-27 12:15:00+00:00,4491.85,4495.35,4489.4,4490.02,1795,8,0
2026-05-27 12:30:00+00:00,4490.04,4492.25,4487.0,4488.65,1638,8,0
2026-05-27 12:45:00+00:00,4488.62,4493.22,4488.31,4490.19,1007,8,0
2026-05-27 13:00:00+00:00,4490.15,4490.65,4484.37,4485.6,1600,8,0
2026-05-27 13:15:00+00:00,4485.47,4486.41,4476.52,4477.02,2248,8,0
2026-05-27 13:30:00+00:00,4476.91,4477.27,4462.1,4465.78,3959,8,0
2026-05-27 13:45:00+00:00,4465.76,4466.93,4442.86,4445.85,4881,8,0
2026-05-27 14:00:00+00:00,4445.82,4453.23,4443.34,4451.31,3437,8,0
2026-05-27 14:15:00+00:00,4451.25,4452.31,4439.58,4441.13,3368,8,0
2026-05-27 14:30:00+00:00,4441.17,4444.53,4432.61,4443.3,3555,8,0
2026-05-27 14:45:00+00:00,4443.26,4445.01,4425.19,4428.9,3553,10,0
2026-05-27 15:00:00+00:00,4428.87,4437.71,4428.67,4430.74,3485,10,0
2026-05-27 15:15:00+00:00,4430.51,4466.44,4427.78,4454.77,5892,10,0
2026-05-27 15:30:00+00:00,4454.76,4460.35,4444.76,4447.06,4830,10,0
2026-05-27 15:45:00+00:00,4447.12,4448.19,4437.76,4438.89,3629,10,0
2026-05-27 16:00:00+00:00,4438.65,4438.95,4411.03,4416.77,5968,10,0
2026-05-27 16:15:00+00:00,4416.67,4421.34,4401.67,4404.91,5564,10,0
2026-05-27 16:30:00+00:00,4404.83,4424.83,4404.45,4419.28,6452,10,0
2026-05-27 16:45:00+00:00,4419.29,4434.08,4418.37,4427.4,5437,10,0
2026-05-27 17:00:00+00:00,4427.48,4455.52,4426.19,4448.0,5711,10,0
2026-05-27 17:15:00+00:00,4448.05,4455.39,4440.22,4445.5,5467,10,0
2026-05-27 17:30:00+00:00,4445.29,4449.42,4435.86,4443.2,5001,10,0
2026-05-27 17:45:00+00:00,4443.24,4446.22,4433.52,4434.22,4311,10,0
2026-05-27 18:00:00+00:00,4434.17,4438.46,4428.18,4432.23,3995,10,0
2026-05-27 18:15:00+00:00,4432.2,4435.95,4429.84,4435.84,3408,10,0
2026-05-27 18:30:00+00:00,4435.87,4441.55,4433.13,4434.14,3397,10,0
2026-05-27 18:45:00+00:00,4434.15,4438.76,4431.04,4436.44,3239,10,0
2026-05-27 19:00:00+00:00,4436.56,4441.95,4434.19,4440.2,2666,10,0
2026-05-27 19:15:00+00:00,4440.24,4447.58,4439.9,4446.88,2191,10,0
2026-05-27 19:30:00+00:00,4446.85,4453.19,4445.27,4450.8,2043,10,0
2026-05-27 19:45:00+00:00,4450.82,4453.22,4449.45,4450.86,2356,10,0
2026-05-27 20:00:00+00:00,4450.97,4451.66,4441.49,4444.14,3138,10,0
2026-05-27 20:15:00+00:00,4444.1,4451.27,4443.35,4449.82,2430,10,0
2026-05-27 20:30:00+00:00,4449.81,4454.35,4449.81,4450.67,2307,10,0
2026-05-27 20:45:00+00:00,4450.65,4454.06,4450.07,4450.49,1581,10,0
2026-05-27 21:00:00+00:00,4450.43,4452.23,4447.68,4450.1,1540,10,0
2026-05-27 21:15:00+00:00,4450.09,4458.34,4449.91,4455.59,1590,10,0
2026-05-27 21:30:00+00:00,4455.64,4456.42,4451.37,4453.42,1217,10,0
2026-05-27 21:45:00+00:00,4453.29,4455.06,4452.38,4454.42,1040,10,0
2026-05-27 22:00:00+00:00,4454.4,4454.8,4450.67,4451.84,1317,10,0
2026-05-27 22:15:00+00:00,4451.83,4454.08,4449.86,4451.13,1575,10,0
2026-05-27 22:30:00+00:00,4451.1,4454.76,4449.71,4453.73,1430,10,0
2026-05-27 22:45:00+00:00,4453.77,4453.77,4448.83,4450.86,1813,10,0
2026-05-27 23:00:00+00:00,4450.94,4455.27,4450.13,4455.27,1142,10,0
2026-05-27 23:15:00+00:00,4455.32,4458.78,4454.62,4454.9,968,10,0
2026-05-27 23:30:00+00:00,4454.88,4455.59,4451.74,4453.67,559,10,0
2026-05-27 23:45:00+00:00,4453.77,4456.63,4452.61,4454.18,775,10,0
2026-05-28 01:00:00+00:00,4457.86,4467.67,4455.57,4458.02,1491,12,0
2026-05-28 01:15:00+00:00,4458.01,4462.06,4456.7,4459.98,1719,12,0
2026-05-28 01:30:00+00:00,4459.9,4462.53,4455.22,4458.53,2261,12,0
2026-05-28 01:45:00+00:00,4458.54,4458.89,4455.48,4457.47,1547,10,0
2026-05-28 02:00:00+00:00,4457.45,4457.84,4451.63,4453.67,1938,10,0
2026-05-28 02:15:00+00:00,4453.68,4454.96,4449.39,4450.85,2805,10,0
2026-05-28 02:30:00+00:00,4450.84,4454.16,4449.38,4451.12,2414,10,0
2026-05-28 02:45:00+00:00,4451.11,4451.13,4443.29,4446.53,3471,10,0
2026-05-28 03:00:00+00:00,4446.55,4452.14,4444.14,4444.23,4534,10,0
2026-05-28 03:15:00+00:00,4444.26,4454.09,4443.51,4445.76,4578,10,0
2026-05-28 03:30:00+00:00,4445.7,4453.33,4443.4,4451.4,4402,10,0
2026-05-28 03:45:00+00:00,4451.49,4458.09,4450.75,4456.36,4203,10,0
2026-05-28 04:00:00+00:00,4456.37,4458.0,4437.84,4438.23,6367,10,0
2026-05-28 04:15:00+00:00,4438.21,4440.5,4417.35,4419.49,6193,10,0
2026-05-28 04:30:00+00:00,4419.5,4426.51,4415.84,4417.58,6075,10,0
2026-05-28 04:45:00+00:00,4417.6,4420.52,4406.98,4410.04,6486,10,0
2026-05-28 05:00:00+00:00,4410.03,4412.77,4396.47,4402.54,5938,10,0
2026-05-28 05:15:00+00:00,4402.73,4408.49,4399.8,4406.1,4183,10,0
2026-05-28 05:30:00+00:00,4406.11,4410.45,4400.75,4402.17,4671,10,0
2026-05-28 05:45:00+00:00,4402.13,4402.38,4392.62,4394.48,5205,10,0
2026-05-28 06:00:00+00:00,4394.38,4397.87,4390.25,4394.23,5288,10,0
2026-05-28 06:15:00+00:00,4394.2,4394.53,4382.2,4387.75,5672,10,0
2026-05-28 06:30:00+00:00,4387.74,4388.03,4370.87,4376.69,6162,10,0
2026-05-28 06:45:00+00:00,4376.68,4379.41,4368.45,4374.84,5592,10,0
2026-05-28 07:00:00+00:00,4374.83,4382.15,4369.43,4376.39,5284,10,0
2026-05-28 07:15:00+00:00,4376.53,4377.07,4366.54,4368.47,4903,10,0
2026-05-28 07:30:00+00:00,4368.42,4375.11,4368.34,4374.09,4678,10,0
2026-05-28 07:45:00+00:00,4373.62,4375.18,4368.21,4373.09,4025,10,0
2026-05-28 08:00:00+00:00,4373.22,4377.33,4367.18,4375.47,4384,10,0
2026-05-28 08:15:00+00:00,4375.39,4380.14,4371.74,4378.84,4103,10,0
2026-05-28 08:30:00+00:00,4378.8,4393.83,4375.22,4389.46,6207,10,0
2026-05-28 08:45:00+00:00,4389.56,4395.92,4387.65,4388.01,4850,10,0
2026-05-28 09:00:00+00:00,4388.11,4390.62,4374.82,4376.06,5089,10,0
2026-05-28 09:15:00+00:00,4376.05,4384.78,4374.28,4380.4,4972,10,0
2026-05-28 09:30:00+00:00,4380.36,4385.49,4376.89,4380.43,4377,10,0
2026-05-28 09:45:00+00:00,4380.41,4384.69,4379.25,4383.47,4449,10,0
2026-05-28 10:00:00+00:00,4383.48,4392.14,4383.48,4388.66,3028,10,0
2026-05-28 10:15:00+00:00,4388.86,4396.13,4386.44,4392.88,1472,8,0
2026-05-28 10:30:00+00:00,4392.89,4394.02,4386.25,4389.59,1324,8,0
2026-05-28 10:45:00+00:00,4389.78,4391.13,4383.74,4387.86,2579,8,0
2026-05-28 11:00:00+00:00,4387.87,4394.97,4386.61,4393.31,3338,8,0
2026-05-28 11:15:00+00:00,4393.23,4394.58,4387.64,4389.86,3551,10,0
2026-05-28 11:30:00+00:00,4389.78,4395.01,4386.86,4390.26,2477,10,0
2026-05-28 11:45:00+00:00,4390.25,4392.2,4386.47,4387.64,2729,10,0
2026-05-28 12:00:00+00:00,4387.52,4391.36,4386.73,4389.73,3038,10,0
2026-05-28 12:15:00+00:00,4389.68,4399.11,4388.96,4396.51,2945,10,0
2026-05-28 12:30:00+00:00,4396.18,4396.96,4390.27,4391.22,3698,10,0
2026-05-28 12:45:00+00:00,4391.23,4396.62,4389.94,4393.82,3157,10,0
2026-05-28 13:00:00+00:00,4393.94,4404.42,4391.79,4399.32,2607,10,0
2026-05-28 13:15:00+00:00,4399.79,4402.55,4393.85,4401.26,2216,10,0
2026-05-28 13:30:00+00:00,4400.85,4402.51,4388.12,4389.67,3136,10,0
2026-05-28 13:45:00+00:00,4389.66,4389.66,4376.02,4383.1,5023,10,0
2026-05-28 14:00:00+00:00,4383.09,4389.49,4381.62,4386.97,4574,10,0
2026-05-28 14:15:00+00:00,4386.96,4390.59,4384.37,4385.03,2447,10,0
2026-05-28 14:30:00+00:00,4384.99,4390.34,4381.04,4386.02,3256,10,0
2026-05-28 14:45:00+00:00,4385.84,4388.65,4381.12,4387.96,3670,10,0
2026-05-28 15:00:00+00:00,4388.27,4392.76,4388.11,4392.57,3320,10,0
2026-05-28 15:15:00+00:00,4392.51,4392.8,4379.76,4385.32,3397,10,0
2026-05-28 15:30:00+00:00,4385.37,4403.08,4384.03,4402.16,4389,10,0
2026-05-28 15:45:00+00:00,4402.2,4433.8,4401.74,4432.19,5309,10,0
2026-05-28 16:00:00+00:00,4432.2,4439.12,4425.16,4426.73,6627,8,0
2026-05-28 16:15:00+00:00,4426.95,4434.38,4425.81,4428.82,4994,8,0
2026-05-28 16:30:00+00:00,4428.86,4431.14,4418.51,4422.1,7090,8,0
2026-05-28 16:45:00+00:00,4422.13,4434.4,4421.64,4430.43,6277,8,0
2026-05-28 17:00:00+00:00,4430.02,4466.94,4420.71,4464.17,6862,8,0
2026-05-28 17:15:00+00:00,4464.02,4473.69,4451.08,4461.35,7780,8,0
2026-05-28 17:30:00+00:00,4461.27,4472.07,4452.98,4469.34,7287,8,0
2026-05-28 17:45:00+00:00,4469.23,4481.09,4462.0,4469.4,7163,8,0
2026-05-28 18:00:00+00:00,4469.4,4481.24,4468.68,4471.73,6528,8,0
2026-05-28 18:15:00+00:00,4471.88,4482.18,4469.25,4476.88,5425,8,0
2026-05-28 18:30:00+00:00,4477.23,4484.99,4477.17,4479.42,5230,8,0
2026-05-28 18:45:00+00:00,4479.44,4482.5,4478.45,4482.21,4546,8,0
2026-05-28 19:00:00+00:00,4482.24,4485.67,4477.68,4484.34,5196,8,0
2026-05-28 19:15:00+00:00,4484.33,4502.92,4484.03,4500.52,6369,8,0
2026-05-28 19:30:00+00:00,4500.69,4506.32,4497.73,4504.35,4631,8,0
2026-05-28 19:45:00+00:00,4504.36,4511.08,4504.34,4511.06,5146,8,0
2026-05-28 20:00:00+00:00,4511.13,4514.58,4503.61,4503.96,4777,8,0
2026-05-28 20:15:00+00:00,4503.97,4506.9,4501.2,4502.13,4286,8,0
2026-05-28 20:30:00+00:00,4502.43,4507.25,4502.43,4505.14,3609,8,0
2026-05-28 20:45:00+00:00,4505.16,4510.05,4504.78,4509.0,3986,8,0
2026-05-28 21:00:00+00:00,4508.99,4516.65,4506.35,4507.75,4457,8,0
2026-05-28 21:15:00+00:00,4507.86,4512.68,4505.48,4506.34,4760,8,0
2026-05-28 21:30:00+00:00,4506.43,4506.54,4500.94,4501.77,3972,8,0
2026-05-28 21:45:00+00:00,4501.78,4503.68,4498.62,4501.06,3996,8,0
2026-05-28 22:00:00+00:00,4501.07,4503.84,4498.72,4499.66,3415,8,0
2026-05-28 22:15:00+00:00,4499.68,4503.11,4499.67,4499.8,2343,8,0
2026-05-28 22:30:00+00:00,4499.85,4501.95,4499.09,4499.43,2595,8,0
2026-05-28 22:45:00+00:00,4499.36,4500.41,4497.25,4498.14,3106,8,0
2026-05-28 23:00:00+00:00,4498.13,4498.76,4495.0,4497.21,2414,8,0
2026-05-28 23:15:00+00:00,4497.2,4500.73,4496.38,4499.58,1666,8,0
2026-05-28 23:30:00+00:00,4499.57,4500.86,4495.04,4495.62,1742,8,0
2026-05-28 23:45:00+00:00,4495.69,4496.6,4494.92,4495.69,1492,8,0
2026-05-29 01:00:00+00:00,4497.82,4499.62,4492.02,4493.82,1031,12,0
2026-05-29 01:15:00+00:00,4493.78,4496.58,4492.9,4495.91,1031,12,0
2026-05-29 01:30:00+00:00,4495.9,4496.72,4493.19,4495.63,1417,10,0
2026-05-29 01:45:00+00:00,4495.82,4496.32,4491.03,4491.17,1285,10,0
2026-05-29 02:00:00+00:00,4491.18,4495.72,4491.14,4494.72,1461,10,0
2026-05-29 02:15:00+00:00,4494.7,4497.05,4491.81,4492.33,1210,10,0
2026-05-29 02:30:00+00:00,4492.32,4494.69,4489.22,4490.02,2091,10,0
2026-05-29 02:45:00+00:00,4490.09,4496.43,4489.05,4495.16,2670,10,0
2026-05-29 03:00:00+00:00,4495.14,4498.19,4492.2,4497.41,4621,10,0
2026-05-29 03:15:00+00:00,4497.4,4500.66,4495.93,4500.06,3675,10,0
2026-05-29 03:30:00+00:00,4499.94,4500.41,4493.44,4498.32,3506,10,0
2026-05-29 03:45:00+00:00,4498.12,4498.38,4493.31,4496.16,3356,10,0
2026-05-29 04:00:00+00:00,4496.15,4515.38,4492.4,4515.02,6462,10,0
2026-05-29 04:15:00+00:00,4514.99,4520.67,4505.32,4505.54,5671,10,0
2026-05-29 04:30:00+00:00,4505.53,4508.56,4502.51,4506.46,5271,10,0
2026-05-29 04:45:00+00:00,4506.41,4507.81,4501.19,4506.69,4920,10,0
2026-05-29 05:00:00+00:00,4506.62,4511.28,4504.09,4506.9,4744,10,0
2026-05-29 05:15:00+00:00,4506.93,4509.01,4501.88,4503.13,3105,10,0
2026-05-29 05:30:00+00:00,4503.12,4508.07,4498.51,4505.16,4056,10,0
2026-05-29 05:45:00+00:00,4505.15,4508.29,4501.33,4501.95,4407,10,0
2026-05-29 06:00:00+00:00,4501.94,4502.17,4495.07,4496.34,4759,10,0
2026-05-29 06:15:00+00:00,4496.4,4499.3,4495.2,4496.92,4161,10,0
2026-05-29 06:30:00+00:00,4496.89,4499.32,4494.9,4498.17,2933,10,0
2026-05-29 06:45:00+00:00,4498.09,4501.7,4496.42,4501.35,2766,10,0
2026-05-29 07:00:00+00:00,4501.2,4505.43,4501.05,4502.42,2884,10,0
2026-05-29 07:15:00+00:00,4502.43,4511.83,4502.02,4509.29,3344,10,0
2026-05-29 07:30:00+00:00,4509.25,4511.09,4508.53,4510.71,2607,10,0
2026-05-29 07:45:00+00:00,4510.72,4514.8,4508.3,4514.26,2367,10,0
2026-05-29 08:00:00+00:00,4514.23,4515.55,4508.98,4512.04,2299,10,0
2026-05-29 08:15:00+00:00,4511.99,4512.26,4509.51,4510.09,2270,10,0
2026-05-29 08:30:00+00:00,4509.95,4512.89,4502.68,4506.76,4448,10,0
2026-05-29 08:45:00+00:00,4506.75,4515.88,4504.1,4514.95,4021,10,0
2026-05-29 09:00:00+00:00,4514.97,4522.48,4511.14,4515.74,4374,8,0
2026-05-29 09:15:00+00:00,4515.73,4521.5,4510.06,4516.63,3623,8,0
2026-05-29 09:30:00+00:00,4516.66,4520.78,4511.22,4516.73,3984,8,0
2026-05-29 09:45:00+00:00,4516.72,4524.18,4515.29,4523.7,3422,8,0
2026-05-29 10:00:00+00:00,4523.71,4523.98,4516.0,4516.34,3002,8,0
2026-05-29 10:15:00+00:00,4516.31,4517.16,4510.76,4514.13,4101,8,0
2026-05-29 10:30:00+00:00,4514.09,4526.4,4512.96,4524.61,4197,8,0
2026-05-29 10:45:00+00:00,4524.58,4526.64,4522.18,4524.79,2711,10,0
2026-05-29 11:00:00+00:00,4524.8,4524.86,4514.19,4515.2,3152,10,0
2026-05-29 11:15:00+00:00,4515.18,4518.02,4512.58,4517.13,3273,10,0
2026-05-29 11:30:00+00:00,4517.04,4518.06,4513.79,4515.01,2675,10,0
2026-05-29 11:45:00+00:00,4514.7,4516.09,4509.87,4514.98,3501,8,0
2026-05-29 12:00:00+00:00,4514.91,4530.32,4513.29,4529.07,3599,8,0
2026-05-29 12:15:00+00:00,4529.01,4532.36,4522.16,4528.88,4008,8,0
2026-05-29 12:30:00+00:00,4528.9,4532.69,4524.89,4532.45,3755,8,0
2026-05-29 12:45:00+00:00,4532.54,4539.44,4529.75,4531.09,3536,8,0
2026-05-29 13:00:00+00:00,4531.13,4531.19,4525.62,4528.47,3263,8,0
2026-05-29 13:15:00+00:00,4528.46,4530.96,4525.63,4530.47,2542,8,0
2026-05-29 13:30:00+00:00,4530.5,4543.33,4530.39,4538.06,3402,8,0
2026-05-29 13:45:00+00:00,4538.1,4541.15,4535.46,4538.51,3484,8,0
2026-05-29 14:00:00+00:00,4538.53,4540.43,4530.89,4532.4,3366,8,0
2026-05-29 14:15:00+00:00,4532.41,4534.51,4526.87,4528.13,3755,8,0
2026-05-29 14:30:00+00:00,4528.14,4531.54,4525.86,4531.12,2705,8,0
2026-05-29 14:45:00+00:00,4531.26,4539.02,4527.38,4538.43,3188,8,0
2026-05-29 15:00:00+00:00,4538.59,4538.62,4526.92,4528.42,4188,8,0
2026-05-29 15:15:00+00:00,4528.43,4531.92,4520.05,4522.32,3522,8,0
2026-05-29 15:30:00+00:00,4522.47,4523.52,4512.83,4514.37,4563,8,0
2026-05-29 15:45:00+00:00,4514.39,4524.06,4512.78,4522.99,3956,8,0
2026-05-29 16:00:00+00:00,4522.98,4526.87,4516.89,4522.67,4825,8,0
2026-05-29 16:15:00+00:00,4522.75,4529.76,4521.32,4528.67,3989,8,0
2026-05-29 16:30:00+00:00,4528.62,4535.52,4522.53,4533.11,6275,8,0
2026-05-29 16:45:00+00:00,4533.04,4540.12,4529.43,4536.07,4950,8,0
2026-05-29 17:00:00+00:00,4536.05,4552.74,4535.05,4543.86,6902,8,0
2026-05-29 17:15:00+00:00,4543.91,4545.07,4526.23,4529.9,7008,8,0
2026-05-29 17:30:00+00:00,4529.91,4541.97,4525.69,4540.45,6556,8,0
2026-05-29 17:45:00+00:00,4540.44,4570.55,4536.92,4564.78,6952,8,0
2026-05-29 18:00:00+00:00,4564.79,4595.35,4564.79,4590.59,7490,8,0
2026-05-29 18:15:00+00:00,4590.57,4592.34,4578.36,4578.36,6398,8,0
2026-05-29 18:30:00+00:00,4578.43,4583.28,4560.95,4565.94,6565,8,0
2026-05-29 18:45:00+00:00,4566.02,4571.63,4557.81,4571.14,6204,8,0
2026-05-29 19:00:00+00:00,4571.21,4572.18,4560.02,4563.72,5467,8,0
2026-05-29 19:15:00+00:00,4563.74,4567.74,4560.35,4563.13,4809,8,0
2026-05-29 19:30:00+00:00,4563.14,4573.54,4561.97,4569.63,5370,8,0
2026-05-29 19:45:00+00:00,4569.67,4569.67,4560.89,4566.39,5000,8,0
2026-05-29 20:00:00+00:00,4566.5,4568.13,4564.17,4564.95,3899,8,0
2026-05-29 20:15:00+00:00,4564.66,4566.96,4560.88,4561.88,4366,8,0
2026-05-29 20:30:00+00:00,4561.92,4562.13,4553.36,4554.23,4297,8,0
2026-05-29 20:45:00+00:00,4554.22,4557.71,4551.76,4553.47,4902,8,0
2026-05-29 21:00:00+00:00,4553.48,4558.37,4552.65,4558.21,4888,8,0
2026-05-29 21:15:00+00:00,4558.22,4560.53,4555.78,4559.44,4601,8,0
2026-05-29 21:30:00+00:00,4559.41,4561.77,4557.61,4557.99,3295,8,0
2026-05-29 21:45:00+00:00,4557.79,4557.95,4550.87,4553.4,4831,8,0
2026-05-29 22:00:00+00:00,4553.43,4560.27,4552.38,4558.57,3587,8,0
2026-05-29 22:15:00+00:00,4558.55,4559.2,4554.66,4555.28,2448,8,0
2026-05-29 22:30:00+00:00,4555.27,4556.47,4551.29,4551.61,2984,8,0
2026-05-29 22:45:00+00:00,4551.59,4551.74,4542.98,4545.49,4098,8,0
2026-05-29 23:00:00+00:00,4545.64,4549.18,4542.74,4548.8,2901,8,0
2026-05-29 23:15:00+00:00,4548.81,4548.85,4542.31,4542.72,1860,8,0
2026-05-29 23:30:00+00:00,4542.42,4544.15,4541.32,4543.69,2007,8,0
2026-05-29 23:45:00+00:00,4543.71,4543.71,4539.47,4540.36,1583,10,0
2026-06-01 01:00:00+00:00,4540.3,4540.3,4518.06,4534.72,3535,9,0
2026-06-01 01:15:00+00:00,4534.67,4536.7,4531.36,4533.21,3455,8,0
2026-06-01 01:30:00+00:00,4532.87,4536.62,4530.94,4535.71,3135,8,0
2026-06-01 01:45:00+00:00,4535.72,4540.41,4534.8,4535.33,2634,8,0
2026-06-01 02:00:00+00:00,4535.32,4543.27,4535.12,4542.48,2389,8,0
2026-06-01 02:15:00+00:00,4542.47,4545.01,4540.1,4544.9,2150,8,0
2026-06-01 02:30:00+00:00,4544.91,4545.73,4538.57,4541.92,2866,8,0
2026-06-01 02:45:00+00:00,4541.9,4544.87,4538.59,4539.52,3857,8,0
2026-06-01 03:00:00+00:00,4539.26,4546.04,4537.51,4540.78,4447,8,0
2026-06-01 03:15:00+00:00,4540.86,4544.56,4537.8,4543.19,4110,8,0
2026-06-01 03:30:00+00:00,4543.2,4545.13,4535.24,4536.05,3952,8,0
2026-06-01 03:45:00+00:00,4536.03,4542.81,4535.96,4540.58,3883,8,0
2026-06-01 04:00:00+00:00,4540.69,4541.41,4526.06,4534.05,5869,8,0
2026-06-01 04:15:00+00:00,4534.08,4536.65,4527.85,4528.73,4993,10,0
2026-06-01 04:30:00+00:00,4528.74,4533.93,4527.06,4533.26,5324,10,0
2026-06-01 04:45:00+00:00,4533.29,4533.85,4523.75,4524.96,4860,10,0
2026-06-01 05:00:00+00:00,4524.95,4534.22,4523.75,4532.92,4776,10,0
2026-06-01 05:15:00+00:00,4532.95,4535.44,4529.36,4530.35,2330,10,0
2026-06-01 05:30:00+00:00,4530.39,4531.13,4522.03,4522.46,4418,10,0
2026-06-01 05:45:00+00:00,4522.51,4524.68,4521.14,4521.42,4494,10,0
2026-06-01 06:00:00+00:00,4521.43,4526.02,4515.54,4519.56,4203,10,0
2026-06-01 06:15:00+00:00,4519.57,4521.44,4513.83,4520.46,4197,10,0
2026-06-01 06:30:00+00:00,4520.33,4524.13,4509.81,4510.73,3254,10,0
2026-06-01 06:45:00+00:00,4510.74,4516.35,4509.82,4516.35,2617,10,0
2026-06-01 07:00:00+00:00,4516.37,4520.43,4512.43,4514.56,2155,10,0
2026-06-01 07:15:00+00:00,4514.61,4518.53,4514.61,4516.31,1961,10,0
2026-06-01 07:30:00+00:00,4516.45,4517.31,4513.58,4514.6,2178,10,0
2026-06-01 07:45:00+00:00,4514.63,4515.19,4508.61,4514.54,2487,10,0
2026-06-01 08:00:00+00:00,4514.53,4519.31,4513.6,4518.19,2852,10,0
2026-06-01 08:15:00+00:00,4518.34,4523.65,4517.52,4520.44,2472,10,0
2026-06-01 08:30:00+00:00,4520.51,4522.14,4512.8,4519.84,4846,8,0
2026-06-01 08:45:00+00:00,4519.77,4525.24,4517.18,4518.35,4317,10,0
2026-06-01 09:00:00+00:00,4518.21,4518.84,4512.75,4514.19,4333,10,0
2026-06-01 09:15:00+00:00,4514.08,4515.9,4504.89,4514.0,4287,10,0
2026-06-01 09:30:00+00:00,4514.02,4514.81,4501.82,4504.64,4269,10,0
2026-06-01 09:45:00+00:00,4504.56,4504.93,4500.17,4501.66,4258,10,0
2026-06-01 10:00:00+00:00,4501.68,4509.97,4500.73,4507.32,3757,10,0
2026-06-01 10:15:00+00:00,4507.21,4508.3,4503.36,4503.97,3436,10,0
2026-06-01 10:30:00+00:00,4503.99,4507.77,4498.03,4498.28,3621,10,0
2026-06-01 10:45:00+00:00,4498.21,4503.17,4492.5,4503.15,3947,10,0
2026-06-01 11:00:00+00:00,4503.16,4504.53,4493.55,4495.7,4145,10,0
2026-06-01 11:15:00+00:00,4495.63,4496.76,4490.71,4495.92,3352,10,0
2026-06-01 11:30:00+00:00,4495.88,4500.45,4492.54,4499.92,2880,10,0
2026-06-01 11:45:00+00:00,4500.01,4503.01,4496.23,4498.43,3059,10,0
2026-06-01 12:00:00+00:00,4498.44,4500.86,4497.8,4499.59,2615,10,0
2026-06-01 12:15:00+00:00,4499.69,4506.22,4496.4,4496.4,3003,10,0
2026-06-01 12:30:00+00:00,4496.43,4499.2,4489.12,4498.34,3400,10,0
2026-06-01 12:45:00+00:00,4498.04,4498.44,4493.84,4495.9,2949,10,0
2026-06-01 13:00:00+00:00,4496.83,4502.14,4496.28,4501.47,2837,10,0
2026-06-01 13:15:00+00:00,4501.56,4503.54,4496.24,4500.86,2479,10,0
2026-06-01 13:30:00+00:00,4500.88,4507.45,4500.58,4505.82,2633,10,0
2026-06-01 13:45:00+00:00,4505.98,4510.96,4502.59,4504.03,2891,10,0
2026-06-01 14:00:00+00:00,4503.95,4506.75,4499.84,4504.93,2748,10,0
2026-06-01 14:15:00+00:00,4504.99,4513.05,4504.2,4510.63,2453,10,0
2026-06-01 14:30:00+00:00,4510.69,4512.35,4506.23,4507.23,2388,10,0
2026-06-01 14:45:00+00:00,4507.21,4509.85,4505.38,4505.86,2591,10,0
2026-06-01 15:00:00+00:00,4505.69,4509.74,4502.96,4503.16,2729,10,0
2026-06-01 15:15:00+00:00,4503.3,4507.62,4497.41,4505.22,3511,10,0
2026-06-01 15:30:00+00:00,4505.32,4508.4,4497.31,4507.62,3688,10,0
2026-06-01 15:45:00+00:00,4507.59,4510.52,4498.58,4502.27,3527,10,0
2026-06-01 16:00:00+00:00,4502.24,4503.87,4472.35,4484.31,4842,10,0
2026-06-01 16:15:00+00:00,4484.28,4489.72,4463.02,4465.59,7366,10,0
2026-06-01 16:30:00+00:00,4465.66,4479.24,4459.57,4467.86,7657,10,0
2026-06-01 16:45:00+00:00,4467.94,4470.15,4448.93,4450.09,7282,10,0
2026-06-01 17:00:00+00:00,4450.08,4462.2,4447.61,4461.33,6584,10,0
2026-06-01 17:15:00+00:00,4461.31,4464.85,4449.8,4456.3,6208,10,0
2026-06-01 17:30:00+00:00,4456.29,4461.59,4454.02,4460.01,4755,10,0
2026-06-01 17:45:00+00:00,4460.0,4461.29,4452.18,4458.96,4966,10,0
2026-06-01 18:00:00+00:00,4459.22,4465.22,4455.82,4464.03,4788,10,0
2026-06-01 18:15:00+00:00,4464.06,4470.22,4463.07,4468.65,3754,10,0
2026-06-01 18:30:00+00:00,4468.35,4479.86,4468.11,4472.32,5525,10,0
2026-06-01 18:45:00+00:00,4472.29,4475.55,4468.7,4474.22,3238,10,0
2026-06-01 19:00:00+00:00,4474.17,4478.22,4465.76,4468.01,3970,10,0
2026-06-01 19:15:00+00:00,4467.86,4470.1,4463.98,4468.78,3616,10,0
2026-06-01 19:30:00+00:00,4468.81,4472.78,4468.08,4468.44,3953,10,0
2026-06-01 19:45:00+00:00,4468.35,4482.77,4467.7,4480.43,4663,10,0
2026-06-01 20:00:00+00:00,4480.36,4481.33,4471.43,4475.08,4138,10,0
2026-06-01 20:15:00+00:00,4475.05,4482.96,4472.33,4482.96,2972,10,0
2026-06-01 20:30:00+00:00,4482.7,4491.63,4480.55,4491.59,5816,10,0
2026-06-01 20:45:00+00:00,4491.58,4495.48,4487.52,4487.61,4381,10,0
2026-06-01 21:00:00+00:00,4487.68,4490.29,4486.35,4488.71,2402,10,0
2026-06-01 21:15:00+00:00,4488.72,4489.97,4486.59,4486.94,2118,10,0
2026-06-01 21:30:00+00:00,4487.01,4488.21,4485.1,4488.0,1535,10,0
2026-06-01 21:45:00+00:00,4487.89,4488.69,4486.6,4486.76,2083,10,0
2026-06-01 22:00:00+00:00,4486.75,4488.34,4484.82,4485.46,2468,10,0
2026-06-01 22:15:00+00:00,4485.57,4486.58,4484.46,4484.8,1930,10,0
2026-06-01 22:30:00+00:00,4484.76,4485.78,4483.09,4483.53,2379,10,0
2026-06-01 22:45:00+00:00,4483.49,4484.4,4479.22,4481.2,3360,10,0
2026-06-01 23:00:00+00:00,4481.35,4484.36,4480.23,4483.51,1614,10,0
2026-06-01 23:15:00+00:00,4483.49,4484.31,4482.23,4483.19,807,10,0
2026-06-01 23:30:00+00:00,4483.21,4484.74,4482.14,4482.63,1095,10,0
2026-06-01 23:45:00+00:00,4482.62,4485.91,4481.31,4484.66,1462,10,0
2026-06-02 01:00:00+00:00,4486.85,4488.52,4481.96,4484.66,1538,15,0
2026-06-02 01:15:00+00:00,4484.65,4485.37,4481.47,4481.47,1379,10,0
2026-06-02 01:30:00+00:00,4481.48,4483.66,4479.79,4481.69,1090,10,0
2026-06-02 01:45:00+00:00,4481.7,4486.71,4481.67,4486.08,1174,10,0
2026-06-02 02:00:00+00:00,4485.84,4487.89,4481.82,4486.17,1250,8,0
2026-06-02 02:15:00+00:00,4486.08,4488.27,4485.52,4487.32,855,8,0
2026-06-02 02:30:00+00:00,4487.31,4487.53,4480.69,4483.45,2135,8,0
2026-06-02 02:45:00+00:00,4483.43,4485.97,4479.44,4484.45,2387,8,0
2026-06-02 03:00:00+00:00,4484.47,4485.23,4476.72,4481.15,4641,8,0
2026-06-02 03:15:00+00:00,4481.07,4493.86,4481.0,4493.83,4315,8,0
2026-06-02 03:30:00+00:00,4493.81,4497.24,4485.24,4487.22,3974,8,0
2026-06-02 03:45:00+00:00,4487.15,4487.92,4480.78,4482.08,3917,8,0
2026-06-02 04:00:00+00:00,4481.75,4492.09,4473.79,4489.87,6548,8,0
2026-06-02 04:15:00+00:00,4489.96,4492.39,4480.97,4486.46,6072,8,0
2026-06-02 04:30:00+00:00,4486.37,4489.47,4479.53,4479.91,5440,8,0
2026-06-02 04:45:00+00:00,4479.93,4482.34,4463.04,4474.23,5797,8,0
2026-06-02 05:00:00+00:00,4474.18,4481.19,4472.35,4480.54,5247,8,0
2026-06-02 05:15:00+00:00,4480.58,4484.83,4478.81,4481.93,3586,8,0
2026-06-02 05:30:00+00:00,4481.96,4485.85,4474.45,4476.45,4049,8,0
2026-06-02 05:45:00+00:00,4476.47,4486.57,4473.62,4485.9,3757,8,0
2026-06-02 06:00:00+00:00,4485.94,4492.74,4485.74,4488.24,4180,8,0
2026-06-02 06:15:00+00:00,4488.28,4497.24,4485.7,4495.31,4187,8,0
2026-06-02 06:30:00+00:00,4495.27,4499.42,4493.16,4497.19,3538,8,0
2026-06-02 06:45:00+00:00,4497.07,4499.67,4495.56,4499.33,2534,8,0
2026-06-02 07:00:00+00:00,4499.31,4505.57,4497.84,4504.72,2693,8,0
2026-06-02 07:15:00+00:00,4504.59,4510.33,4504.13,4504.56,2582,8,0
2026-06-02 07:30:00+00:00,4504.54,4510.99,4503.44,4510.22,2516,8,0
2026-06-02 07:45:00+00:00,4510.17,4518.23,4509.85,4517.4,2537,8,0
2026-06-02 08:00:00+00:00,4517.41,4518.72,4515.19,4518.53,2734,8,0
2026-06-02 08:15:00+00:00,4518.57,4521.91,4516.79,4519.8,2987,8,0
2026-06-02 08:30:00+00:00,4519.89,4528.25,4519.79,4524.44,5219,8,0
2026-06-02 08:45:00+00:00,4524.73,4526.32,4516.26,4517.16,3657,8,0
2026-06-02 09:00:00+00:00,4517.02,4524.93,4517.02,4519.08,4146,8,0
2026-06-02 09:15:00+00:00,4519.06,4533.97,4518.09,4533.14,4366,8,0
2026-06-02 09:30:00+00:00,4533.18,4538.43,4531.75,4532.81,3965,8,0
2026-06-02 09:45:00+00:00,4532.79,4536.86,4532.0,4535.9,2952,8,0
2026-06-02 10:00:00+00:00,4535.77,4541.51,4533.23,4540.04,3348,8,0
2026-06-02 10:15:00+00:00,4539.81,4540.54,4533.37,4534.13,2839,8,0
2026-06-02 10:30:00+00:00,4534.06,4535.35,4531.25,4531.94,2144,8,0
2026-06-02 10:45:00+00:00,4531.98,4535.54,4527.99,4535.14,2422,8,0
2026-06-02 11:00:00+00:00,4535.13,4539.22,4533.15,4534.81,3671,8,0
2026-06-02 11:15:00+00:00,4534.8,4535.45,4529.88,4531.24,3342,8,0
2026-06-02 11:30:00+00:00,4531.23,4533.46,4528.36,4528.8,3100,8,0
2026-06-02 11:45:00+00:00,4528.78,4530.19,4525.96,4526.71,2472,8,0
2026-06-02 12:00:00+00:00,4526.84,4534.34,4525.32,4534.07,2591,8,0
2026-06-02 12:15:00+00:00,4534.03,4535.79,4525.38,4526.73,2567,8,0
2026-06-02 12:30:00+00:00,4526.72,4527.4,4521.95,4525.72,3117,8,0
2026-06-02 12:45:00+00:00,4525.6,4531.64,4525.11,4529.99,2615,8,0
2026-06-02 13:00:00+00:00,4529.79,4531.76,4527.72,4528.96,1893,8,0
2026-06-02 13:15:00+00:00,4528.78,4529.69,4524.71,4528.48,2063,8,0
2026-06-02 13:30:00+00:00,4528.57,4528.82,4525.44,4528.82,1502,8,0
2026-06-02 13:45:00+00:00,4528.8,4534.03,4528.8,4533.21,1896,8,0
2026-06-02 14:00:00+00:00,4533.22,4534.75,4528.84,4528.86,1984,8,0
2026-06-02 14:15:00+00:00,4528.85,4529.7,4526.66,4529.57,2043,8,0
2026-06-02 14:30:00+00:00,4529.54,4530.79,4526.2,4526.91,1906,8,0
2026-06-02 14:45:00+00:00,4526.92,4530.62,4525.55,4527.54,1910,8,0
2026-06-02 15:00:00+00:00,4527.77,4528.71,4524.83,4526.45,2365,8,0
2026-06-02 15:15:00+00:00,4526.37,4534.17,4524.05,4529.42,2179,8,0
2026-06-02 15:30:00+00:00,4529.44,4533.67,4521.76,4525.09,3313,8,0
2026-06-02 15:45:00+00:00,4525.2,4526.06,4513.62,4514.39,2688,8,0
2026-06-02 16:00:00+00:00,4514.64,4524.84,4511.9,4514.09,5133,8,0
2026-06-02 16:15:00+00:00,4514.07,4517.27,4510.22,4510.95,5093,8,0
2026-06-02 16:30:00+00:00,4511.11,4514.24,4506.84,4508.45,6474,8,0
2026-06-02 16:45:00+00:00,4508.49,4513.84,4502.67,4502.67,6094,8,0
2026-06-02 17:00:00+00:00,4502.61,4507.12,4498.33,4504.54,5279,8,0
2026-06-02 17:15:00+00:00,4504.42,4505.18,4490.89,4495.62,5888,8,0
2026-06-02 17:30:00+00:00,4495.61,4504.76,4495.58,4504.13,3704,10,0
2026-06-02 17:45:00+00:00,4504.14,4506.35,4500.47,4503.4,3760,10,0
2026-06-02 18:00:00+00:00,4503.42,4509.0,4500.83,4503.54,4085,10,0
2026-06-02 18:15:00+00:00,4503.49,4506.26,4501.3,4505.44,3903,10,0
2026-06-02 18:30:00+00:00,4505.49,4507.86,4499.4,4501.75,4058,10,0
2026-06-02 18:45:00+00:00,4501.78,4506.75,4501.04,4502.29,3210,10,0
2026-06-02 19:00:00+00:00,4502.44,4503.76,4497.88,4497.95,3898,10,0
2026-06-02 19:15:00+00:00,4497.97,4498.21,4490.38,4490.4,3489,10,0
2026-06-02 19:30:00+00:00,4490.39,4491.41,4486.23,4489.57,3469,10,0
2026-06-02 19:45:00+00:00,4489.59,4492.49,4488.95,4491.95,2492,10,0
2026-06-02 20:00:00+00:00,4491.92,4493.08,4486.85,4489.67,2975,10,0
2026-06-02 20:15:00+00:00,4489.68,4491.81,4486.49,4491.31,3296,10,0
2026-06-02 20:30:00+00:00,4491.17,4491.72,4482.07,4484.65,3314,10,0
2026-06-02 20:45:00+00:00,4484.64,4486.67,4482.8,4484.71,2645,10,0
2026-06-02 21:00:00+00:00,4484.8,4488.75,4484.42,4485.27,2930,10,0
2026-06-02 21:15:00+00:00,4485.21,4491.02,4484.11,4488.47,3162,10,0
2026-06-02 21:30:00+00:00,4488.44,4489.38,4478.59,4480.43,3083,10,0
2026-06-02 21:45:00+00:00,4480.4,4490.57,4480.05,4487.47,2624,10,0
2026-06-02 22:00:00+00:00,4487.51,4489.28,4487.34,4487.41,2305,10,0
2026-06-02 22:15:00+00:00,4487.42,4489.77,4485.75,4489.7,2048,10,0
2026-06-02 22:30:00+00:00,4489.57,4490.4,4483.48,4487.36,2308,10,0
2026-06-02 22:45:00+00:00,4487.44,4488.6,4485.65,4487.98,3247,10,0
2026-06-02 23:00:00+00:00,4488.03,4489.98,4486.32,4489.89,1198,10,0
2026-06-02 23:15:00+00:00,4489.9,4491.04,4488.61,4489.79,806,10,0
2026-06-02 23:30:00+00:00,4489.81,4491.04,4488.93,4489.09,770,10,0
2026-06-02 23:45:00+00:00,4489.1,4491.53,4486.82,4491.53,1556,10,0
2026-06-03 01:00:00+00:00,4491.11,4493.39,4488.13,4489.59,1505,10,0
2026-06-03 01:15:00+00:00,4489.55,4491.52,4487.66,4490.27,1223,8,0
2026-06-03 01:30:00+00:00,4490.23,4491.19,4487.16,4488.96,1121,10,0
2026-06-03 01:45:00+00:00,4488.98,4492.28,4484.27,4484.81,2123,10,0
2026-06-03 02:00:00+00:00,4484.85,4488.78,4474.61,4477.15,2461,8,0
2026-06-03 02:15:00+00:00,4477.36,4477.51,4462.11,4467.23,2975,8,0
2026-06-03 02:30:00+00:00,4467.33,4474.98,4462.88,4474.79,3032,8,0
2026-06-03 02:45:00+00:00,4474.94,4475.23,4469.0,4474.4,2287,8,0
2026-06-03 03:00:00+00:00,4474.38,4479.84,4473.81,4475.99,2703,8,0
2026-06-03 03:15:00+00:00,4476.0,4483.19,4474.44,4482.98,1463,8,0
2026-06-03 03:30:00+00:00,4483.16,4496.7,4481.3,4495.85,2477,8,0
2026-06-03 03:45:00+00:00,4495.88,4496.07,4485.88,4486.08,2003,10,0
2026-06-03 04:00:00+00:00,4485.88,4487.5,4467.19,4471.35,4710,8,0
2026-06-03 04:15:00+00:00,4471.38,4472.52,4463.5,4466.56,3608,8,0
2026-06-03 04:30:00+00:00,4466.66,4472.82,4464.97,4470.47,3441,8,0
2026-06-03 04:45:00+00:00,4470.44,4477.12,4470.09,4475.83,2715,8,0
2026-06-03 05:00:00+00:00,4475.94,4481.41,4472.86,4480.66,2372,8,0
2026-06-03 05:15:00+00:00,4480.68,4481.06,4474.14,4478.44,1948,8,0
2026-06-03 05:30:00+00:00,4478.45,4484.85,4474.49,4478.85,2484,10,0
2026-06-03 05:45:00+00:00,4478.9,4482.02,4472.77,4481.91,2555,8,0
2026-06-03 06:00:00+00:00,4481.82,4487.54,4481.79,4485.43,2345,8,0
2026-06-03 06:15:00+00:00,4485.47,4487.14,4483.18,4483.53,1706,8,0
2026-06-03 06:30:00+00:00,4483.58,4485.89,4483.17,4484.41,1109,8,0
2026-06-03 06:45:00+00:00,4484.43,4486.34,4482.55,4484.45,1205,8,0
2026-06-03 07:00:00+00:00,4484.48,4486.94,4484.22,4486.67,1399,8,0
2026-06-03 07:15:00+00:00,4486.71,4488.18,4477.23,4477.23,1240,8,0
2026-06-03 07:30:00+00:00,4477.16,4477.44,4470.92,4473.39,1537,8,0
2026-06-03 07:45:00+00:00,4473.38,4474.07,4468.26,4469.47,1167,8,0
2026-06-03 08:00:00+00:00,4469.48,4473.56,4467.42,4473.47,2211,10,0
2026-06-03 08:15:00+00:00,4473.44,4474.22,4466.04,4468.37,1953,8,0
2026-06-03 08:30:00+00:00,4468.48,4468.94,4459.14,4462.06,2899,8,0
2026-06-03 08:45:00+00:00,4462.06,4468.27,4456.71,4457.06,2559,8,0
2026-06-03 09:00:00+00:00,4457.05,4467.39,4456.88,4466.15,3619,8,0
2026-06-03 09:15:00+00:00,4466.12,4470.93,4459.03,4462.7,3302,8,0
2026-06-03 09:30:00+00:00,4462.67,4465.08,4457.28,4460.63,3515,8,0
2026-06-03 09:45:00+00:00,4460.58,4463.14,4455.35,4463.14,2626,8,0
2026-06-03 10:00:00+00:00,4463.05,4472.25,4459.95,4469.52,2836,8,0
2026-06-03 10:15:00+00:00,4469.59,4470.02,4456.3,4456.3,2282,8,0
2026-06-03 10:30:00+00:00,4456.26,4463.35,4454.32,4458.89,2566,8,0
2026-06-03 10:45:00+00:00,4458.9,4463.94,4452.85,4453.42,1969,8,0
2026-06-03 11:00:00+00:00,4453.44,4459.29,4451.0,4455.48,2383,8,0
2026-06-03 11:15:00+00:00,4455.95,4457.73,4450.8,4457.36,2036,8,0
2026-06-03 11:30:00+00:00,4457.48,4458.93,4454.56,4456.52,2068,8,0
2026-06-03 11:45:00+00:00,4456.56,4457.8,4440.35,4443.98,2433,8,0
2026-06-03 12:00:00+00:00,4443.84,4459.04,4441.83,4451.43,2383,8,0
2026-06-03 12:15:00+00:00,4451.16,4451.99,4439.61,4439.68,2458,8,0
2026-06-03 12:30:00+00:00,4439.78,4448.43,4439.0,4446.87,2445,8,0
2026-06-03 12:45:00+00:00,4446.69,4447.99,4440.99,4443.08,1797,8,0
2026-06-03 13:00:00+00:00,4443.09,4467.05,4440.93,4463.0,4227,8,0
2026-06-03 13:15:00+00:00,4462.99,4464.24,4453.66,4459.84,2980,8,0
2026-06-03 13:30:00+00:00,4459.98,4462.56,4453.34,4454.19,1592,8,0
2026-06-03 13:45:00+00:00,4454.13,4461.17,4453.83,4459.06,1784,8,0
2026-06-03 14:00:00+00:00,4459.04,4468.09,4459.04,4462.07,2484,8,0
2026-06-03 14:15:00+00:00,4462.1,4465.74,4459.22,4464.58,1784,8,0
2026-06-03 14:30:00+00:00,4464.7,4467.29,4459.63,4460.47,1540,8,0
2026-06-03 14:45:00+00:00,4460.45,4464.98,4458.58,4462.46,1821,8,0
2026-06-03 15:00:00+00:00,4462.64,4464.59,4457.28,4459.04,2000,8,0
2026-06-03 15:15:00+00:00,4458.96,4462.34,4451.98,4452.77,2597,8,0
2026-06-03 15:30:00+00:00,4453.07,4460.57,4448.27,4459.1,3116,8,0
2026-06-03 15:45:00+00:00,4459.12,4467.21,4455.47,4460.53,3414,8,0
2026-06-03 16:00:00+00:00,4460.49,4465.97,4458.07,4462.39,4035,8,0
2026-06-03 16:15:00+00:00,4462.4,4463.27,4445.89,4448.7,3457,8,0
2026-06-03 16:30:00+00:00,4448.61,4453.24,4427.16,4427.38,5031,8,0
2026-06-03 16:45:00+00:00,4427.19,4450.13,4426.55,4446.13,5193,8,0
2026-06-03 17:00:00+00:00,4446.39,4456.79,4442.59,4454.54,4543,8,0
2026-06-03 17:15:00+00:00,4454.55,4458.59,4445.9,4452.09,4666,8,0
2026-06-03 17:30:00+00:00,4452.08,4453.46,4447.19,4448.27,4257,8,0
2026-06-03 17:45:00+00:00,4448.28,4459.62,4448.0,4457.25,4301,8,0
2026-06-03 18:00:00+00:00,4457.2,4458.44,4445.03,4445.78,3557,8,0
2026-06-03 18:15:00+00:00,4445.87,4450.88,4439.56,4444.8,4291,8,0
2026-06-03 18:30:00+00:00,4445.31,4445.65,4436.8,4440.14,4139,8,0
2026-06-03 18:45:00+00:00,4440.1,4443.75,4438.0,4442.25,3594,8,0
2026-06-03 19:00:00+00:00,4442.16,4443.91,4437.23,4439.25,3551,8,0
2026-06-03 19:15:00+00:00,4439.23,4441.33,4433.86,4437.6,3487,8,0
2026-06-03 19:30:00+00:00,4437.59,4440.72,4435.44,4439.02,3154,8,0
2026-06-03 19:45:00+00:00,4438.87,4442.74,4437.07,4441.9,2637,8,0
2026-06-03 20:00:00+00:00,4441.91,4448.4,4441.62,4441.89,2919,8,0
2026-06-03 20:15:00+00:00,4442.03,4443.51,4437.88,4439.05,2928,8,0
2026-06-03 20:30:00+00:00,4439.03,4442.25,4435.6,4440.6,2440,8,0
2026-06-03 20:45:00+00:00,4440.61,4440.92,4436.95,4439.02,2084,8,0
2026-06-03 21:00:00+00:00,4439.01,4440.63,4435.62,4436.95,2068,8,0
2026-06-03 21:15:00+00:00,4436.96,4440.66,4435.64,4440.25,2071,8,0
2026-06-03 21:30:00+00:00,4440.24,4442.53,4436.97,4440.07,1930,8,0
2026-06-03 21:45:00+00:00,4439.97,4442.85,4439.67,4442.13,1526,8,0
2026-06-03 22:00:00+00:00,4442.08,4450.08,4441.47,4449.83,2405,8,0
2026-06-03 22:15:00+00:00,4449.89,4452.28,4446.61,4448.08,2107,8,0
2026-06-03 22:30:00+00:00,4448.18,4449.69,4446.71,4446.93,1915,8,0
2026-06-03 22:45:00+00:00,4446.96,4447.28,4443.11,4444.11,2619,8,0
2026-06-03 23:00:00+00:00,4443.81,4445.3,4438.62,4439.95,1918,8,0
2026-06-03 23:15:00+00:00,4440.05,4441.04,4437.33,4439.15,1795,8,0
2026-06-03 23:30:00+00:00,4439.02,4439.57,4432.35,4433.57,1665,8,0
2026-06-03 23:45:00+00:00,4433.48,4435.03,4430.51,4434.45,1745,11,0
2026-06-04 01:00:00+00:00,4436.49,4440.28,4429.58,4431.88,2107,8,0
2026-06-04 01:15:00+00:00,4431.99,4435.63,4423.96,4434.34,2107,8,0
2026-06-04 01:30:00+00:00,4433.92,4440.36,4433.92,4436.82,1927,8,0
2026-06-04 01:45:00+00:00,4436.85,4453.01,4436.66,4448.98,2290,8,0
2026-06-04 02:00:00+00:00,4448.95,4450.32,4445.45,4447.91,2059,8,0
2026-06-04 02:15:00+00:00,4447.94,4451.61,4447.2,4450.86,1496,8,0
2026-06-04 02:30:00+00:00,4450.92,4454.19,4446.42,4453.55,2123,8,0
2026-06-04 02:45:00+00:00,4453.63,4464.7,4453.47,4457.25,3077,8,0
2026-06-04 03:00:00+00:00,4457.23,4465.34,4453.16,4453.46,3977,8,0
2026-06-04 03:15:00+00:00,4453.35,4456.71,4447.71,4450.69,2884,8,0
2026-06-04 03:30:00+00:00,4450.84,4452.81,4444.13,4448.29,2904,8,0
2026-06-04 03:45:00+00:00,4448.44,4452.9,4445.15,4448.45,3238,8,0
2026-06-04 04:00:00+00:00,4448.41,4467.21,4443.37,4464.41,4669,8,0
2026-06-04 04:15:00+00:00,4464.42,4473.7,4459.75,4466.08,3535,8,0
2026-06-04 04:30:00+00:00,4466.11,4470.12,4458.87,4459.2,3992,8,0
2026-06-04 04:45:00+00:00,4459.29,4467.31,4456.98,4465.8,2870,8,0
2026-06-04 05:00:00+00:00,4466.0,4467.19,4455.57,4462.98,1479,8,0
2026-06-04 05:15:00+00:00,4462.92,4463.54,4458.78,4460.67,816,8,0
2026-06-04 05:30:00+00:00,4460.78,4464.74,4457.67,4462.49,1109,8,0
2026-06-04 05:45:00+00:00,4462.61,4476.45,4462.61,4475.2,1277,8,0
2026-06-04 06:00:00+00:00,4475.0,4477.29,4470.41,4471.97,1107,8,0
2026-06-04 06:15:00+00:00,4472.15,4472.49,4466.03,4469.31,597,8,0
2026-06-04 06:30:00+00:00,4469.44,4470.9,4461.0,4461.0,669,8,0
2026-06-04 06:45:00+00:00,4460.88,4464.87,4458.49,4463.84,822,8,0
2026-06-04 07:00:00+00:00,4463.93,4471.32,4462.4,4471.18,1107,8,0
2026-06-04 07:15:00+00:00,4471.24,4476.25,4470.14,4474.73,1028,8,0
2026-06-04 07:30:00+00:00,4474.72,4484.36,4474.6,4482.82,2606,8,0
2026-06-04 07:45:00+00:00,4482.97,4483.77,4478.73,4481.12,1790,8,0
2026-06-04 08:00:00+00:00,4481.17,4482.44,4471.42,4477.22,1997,8,0
2026-06-04 08:15:00+00:00,4477.39,4477.7,4471.11,4473.35,1424,8,0
2026-06-04 08:30:00+00:00,4473.36,4475.77,4470.85,4474.66,2423,8,0
2026-06-04 08:45:00+00:00,4474.67,4474.79,4466.99,4469.27,2515,8,0
2026-06-04 09:00:00+00:00,4469.24,4477.22,4468.1,4474.08,2960,8,0
2026-06-04 09:15:00+00:00,4474.05,4474.32,4466.75,4472.16,2745,8,0
2026-06-04 09:30:00+00:00,4472.07,4476.93,4469.06,4469.36,3043,8,0
2026-06-04 09:45:00+00:00,4469.43,4470.34,4462.98,4467.78,2323,8,0
2026-06-04 10:00:00+00:00,4467.75,4470.82,4462.36,4464.21,2455,8,0
2026-06-04 10:15:00+00:00,4464.27,4470.49,4461.93,4465.27,2017,8,0
2026-06-04 10:30:00+00:00,4465.26,4467.95,4459.92,4461.48,2425,8,0
2026-06-04 10:45:00+00:00,4461.47,4462.41,4459.6,4461.63,1607,8,0
2026-06-04 11:00:00+00:00,4461.7,4467.98,4459.77,4460.7,2062,8,0
2026-06-04 11:15:00+00:00,4460.56,4465.48,4458.64,4463.49,2509,8,0
2026-06-04 11:30:00+00:00,4463.5,4469.53,4460.13,4463.41,2755,8,0
2026-06-04 11:45:00+00:00,4463.39,4465.9,4459.68,4463.32,2268,8,0
2026-06-04 12:00:00+00:00,4463.35,4469.39,4461.02,4463.52,2906,8,0
2026-06-04 12:15:00+00:00,4463.54,4467.56,4463.0,4464.68,2831,8,0
2026-06-04 12:30:00+00:00,4464.65,4469.31,4461.86,4468.17,2698,8,0
2026-06-04 12:45:00+00:00,4468.16,4475.7,4467.54,4470.44,2309,8,0
2026-06-04 13:00:00+00:00,4470.47,4472.15,4467.84,4471.31,2430,8,0
2026-06-04 13:15:00+00:00,4471.29,4471.66,4464.41,4467.61,1873,8,0
2026-06-04 13:30:00+00:00,4467.65,4472.88,4466.47,4471.38,1805,8,0
2026-06-04 13:45:00+00:00,4471.62,4473.83,4468.55,4473.69,2484,8,0
2026-06-04 14:00:00+00:00,4473.7,4478.7,4468.73,4473.67,2515,8,0
2026-06-04 14:15:00+00:00,4473.71,4491.33,4473.59,4489.54,3330,8,0
2026-06-04 14:30:00+00:00,4489.64,4492.56,4482.33,4491.51,3609,8,0
2026-06-04 14:45:00+00:00,4491.5,4514.7,4491.5,4511.74,4379,8,0
2026-06-04 15:00:00+00:00,4511.58,4513.92,4491.7,4493.83,3826,8,0
2026-06-04 15:15:00+00:00,4494.13,4500.04,4491.21,4498.52,2891,8,0
2026-06-04 15:30:00+00:00,4498.5,4502.16,4497.1,4502.04,2832,8,0
2026-06-04 15:45:00+00:00,4502.23,4510.98,4499.05,4504.2,3426,8,0
2026-06-04 16:00:00+00:00,4504.26,4510.09,4500.3,4503.23,3626,8,0
2026-06-04 16:15:00+00:00,4503.1,4509.44,4501.81,4504.65,2794,8,0
2026-06-04 16:30:00+00:00,4504.55,4515.04,4502.18,4515.04,5031,8,0
2026-06-04 16:45:00+00:00,4514.77,4515.43,4495.62,4495.85,5153,8,0
2026-06-04 17:00:00+00:00,4495.93,4499.91,4486.11,4487.78,5156,8,0
2026-06-04 17:15:00+00:00,4487.76,4493.85,4484.11,4486.16,4202,8,0
2026-06-04 17:30:00+00:00,4486.23,4486.93,4472.45,4474.68,4347,8,0
2026-06-04 17:45:00+00:00,4474.84,4475.62,4457.42,4465.82,5014,8,0
2026-06-04 18:00:00+00:00,4465.78,4474.81,4463.95,4471.93,3753,8,0
2026-06-04 18:15:00+00:00,4471.96,4474.12,4469.27,4470.9,2914,8,0
2026-06-04 18:30:00+00:00,4471.02,4477.39,4469.76,4472.61,2901,8,0
2026-06-04 18:45:00+00:00,4472.5,4479.14,4470.1,4477.47,2866,8,0
2026-06-04 19:00:00+00:00,4477.48,4484.17,4475.44,4479.17,2328,8,0
2026-06-04 19:15:00+00:00,4479.23,4485.22,4479.23,4483.62,1898,8,0
2026-06-04 19:30:00+00:00,4483.79,4484.1,4479.83,4481.59,2719,8,0
2026-06-04 19:45:00+00:00,4481.6,4483.99,4480.44,4482.86,2210,8,0
2026-06-04 20:00:00+00:00,4482.83,4482.83,4476.17,4476.17,2195,8,0
2026-06-04 20:15:00+00:00,4476.13,4479.4,4474.13,4476.98,1876,8,0
2026-06-04 20:30:00+00:00,4476.93,4481.59,4476.24,4476.81,1815,8,0
2026-06-04 20:45:00+00:00,4476.83,4480.47,4476.83,4478.17,1017,8,0
2026-06-04 21:00:00+00:00,4478.21,4480.54,4476.44,4478.94,1083,8,0
2026-06-04 21:15:00+00:00,4479.09,4481.19,4477.48,4478.22,1167,8,0
2026-06-04 21:30:00+00:00,4478.24,4478.24,4472.88,4474.35,1294,8,0
2026-06-04 21:45:00+00:00,4474.41,4479.48,4473.92,4478.17,1021,8,0
2026-06-04 22:00:00+00:00,4478.14,4483.49,4476.19,4478.2,1165,8,0
2026-06-04 22:15:00+00:00,4478.15,4480.33,4477.73,4480.18,718,8,0
2026-06-04 22:30:00+00:00,4479.96,4480.46,4477.47,4478.06,786,8,0
2026-06-04 22:45:00+00:00,4477.93,4482.4,4476.84,4480.77,1745,8,0
2026-06-04 23:00:00+00:00,4480.86,4481.76,4477.98,4477.99,961,8,0
2026-06-04 23:15:00+00:00,4477.88,4479.15,4476.68,4477.83,546,8,0
2026-06-04 23:30:00+00:00,4477.79,4477.79,4475.24,4475.29,568,8,0
2026-06-04 23:45:00+00:00,4475.31,4476.03,4474.42,4475.33,855,8,0
2026-06-05 01:00:00+00:00,4476.57,4476.57,4473.06,4475.37,1069,10,0
2026-06-05 01:15:00+00:00,4475.58,4480.92,4474.62,4478.91,947,10,0
2026-06-05 01:30:00+00:00,4478.93,4481.46,4475.47,4475.47,1399,10,0
2026-06-05 01:45:00+00:00,4475.47,4476.35,4468.85,4469.47,1370,10,0
2026-06-05 02:00:00+00:00,4469.5,4474.13,4464.12,4471.0,2139,10,0
2026-06-05 02:15:00+00:00,4471.05,4473.35,4466.61,4469.16,1283,8,0
2026-06-05 02:30:00+00:00,4469.2,4469.55,4462.12,4463.33,1152,8,0
2026-06-05 02:45:00+00:00,4463.3,4466.05,4460.47,4461.82,2244,8,0
2026-06-05 03:00:00+00:00,4461.71,4464.94,4454.38,4455.27,3662,8,0
2026-06-05 03:15:00+00:00,4455.25,4457.6,4450.75,4457.48,3465,8,0
2026-06-05 03:30:00+00:00,4457.56,4466.87,4456.23,4463.19,3028,8,0
2026-06-05 03:45:00+00:00,4463.34,4466.26,4458.63,4459.31,2772,8,0
2026-06-05 04:00:00+00:00,4459.25,4469.97,4452.97,4460.43,5060,8,0
2026-06-05 04:15:00+00:00,4460.16,4464.83,4449.34,4458.58,4597,8,0
2026-06-05 04:30:00+00:00,4458.65,4459.72,4445.43,4446.02,3633,8,0
2026-06-05 04:45:00+00:00,4446.04,4450.72,4444.1,4446.98,3627,8,0
2026-06-05 05:00:00+00:00,4446.67,4451.26,4442.43,4449.39,3373,8,0
2026-06-05 05:15:00+00:00,4449.51,4454.96,4446.04,4451.34,2458,8,0
2026-06-05 05:30:00+00:00,4451.23,4451.82,4438.48,4442.9,3369,8,0
2026-06-05 05:45:00+00:00,4442.88,4449.95,4440.09,4440.58,2689,8,0
2026-06-05 06:00:00+00:00,4440.57,4441.17,4436.44,4440.98,2849,8,0
2026-06-05 06:15:00+00:00,4440.94,4443.85,4435.25,4436.75,2540,8,0
2026-06-05 06:30:00+00:00,4436.78,4442.43,4436.31,4440.9,1941,8,0
2026-06-05 06:45:00+00:00,4440.91,4443.27,4439.27,4442.4,1326,8,0
2026-06-05 07:00:00+00:00,4442.47,4444.7,4438.35,4441.58,1629,8,0
2026-06-05 07:15:00+00:00,4441.57,4443.86,4439.02,4439.65,1701,10,0
2026-06-05 07:30:00+00:00,4439.73,4444.19,4437.6,4440.85,1359,10,0
2026-06-05 07:45:00+00:00,4440.92,4446.56,4439.64,4445.02,1369,8,0
2026-06-05 08:00:00+00:00,4445.09,4450.1,4443.3,4448.95,2784,8,0
2026-06-05 08:15:00+00:00,4449.06,4449.2,4442.37,4444.83,1998,8,0
2026-06-05 08:30:00+00:00,4444.84,4448.11,4439.61,4443.83,2775,8,0
2026-06-05 08:45:00+00:00,4444.04,4448.41,4438.75,4440.07,2134,8,0
2026-06-05 09:00:00+00:00,4440.08,4442.74,4435.43,4436.7,4104,8,0
2026-06-05 09:15:00+00:00,4436.62,4446.55,4428.86,4442.44,4319,8,0
2026-06-05 09:30:00+00:00,4442.54,4450.33,4442.45,4448.58,3592,8,0
2026-06-05 09:45:00+00:00,4448.63,4456.49,4447.03,4453.04,3246,8,0
2026-06-05 10:00:00+00:00,4453.03,4463.42,4451.97,4458.65,3077,8,0
2026-06-05 10:15:00+00:00,4458.54,4467.52,4458.54,4467.35,2621,8,0
2026-06-05 10:30:00+00:00,4467.36,4467.4,4459.69,4462.25,2517,8,0
2026-06-05 10:45:00+00:00,4462.48,4465.2,4460.89,4461.14,1612,8,0
2026-06-05 11:00:00+00:00,4461.15,4463.52,4458.94,4461.28,2750,8,0
2026-06-05 11:15:00+00:00,4461.25,4466.96,4460.06,4466.96,2213,8,0
2026-06-05 11:30:00+00:00,4466.98,4468.28,4461.16,4461.9,1981,10,0
2026-06-05 11:45:00+00:00,4461.85,4464.55,4461.62,4462.79,1274,10,0
2026-06-05 12:00:00+00:00,4462.62,4469.26,4458.91,4466.02,2095,10,0
2026-06-05 12:15:00+00:00,4466.32,4469.41,4462.05,4462.9,2822,10,0
2026-06-05 12:30:00+00:00,4462.93,4466.17,4459.38,4465.97,2457,10,0
2026-06-05 12:45:00+00:00,4466.07,4469.0,4462.7,4464.89,1367,10,0
2026-06-05 13:00:00+00:00,4464.9,4465.24,4463.16,4465.24,1074,10,0
2026-06-05 13:15:00+00:00,4465.2,4468.14,4464.62,4466.07,1086,10,0
2026-06-05 13:30:00+00:00,4466.08,4467.0,4461.82,4464.62,1080,10,0
2026-06-05 13:45:00+00:00,4464.67,4467.91,4464.49,4466.98,1161,10,0
2026-06-05 14:00:00+00:00,4466.7,4467.22,4461.14,4461.42,1875,10,0
2026-06-05 14:15:00+00:00,4461.4,4466.13,4459.3,4466.12,2362,10,0
2026-06-05 14:30:00+00:00,4466.15,4467.26,4463.26,4464.96,1846,10,0
2026-06-05 14:45:00+00:00,4464.95,4475.31,4464.03,4470.22,2110,10,0
2026-06-05 15:00:00+00:00,4470.31,4471.45,4464.4,4469.34,2495,10,0
2026-06-05 15:15:00+00:00,4469.39,4475.85,4461.7,4464.78,1986,10,0
2026-06-05 15:30:00+00:00,4464.79,4466.08,4439.77,4445.75,5964,10,0
2026-06-05 15:45:00+00:00,4446.07,4449.11,4404.81,4406.19,5828,10,0
2026-06-05 16:00:00+00:00,4406.16,4420.68,4399.88,4418.49,6248,10,0
2026-06-05 16:15:00+00:00,4418.46,4420.98,4403.96,4405.22,5479,10,0
2026-06-05 16:30:00+00:00,4404.52,4409.55,4386.1,4389.55,7012,10,0
2026-06-05 16:45:00+00:00,4389.51,4391.07,4365.56,4365.97,6377,10,0
2026-06-05 17:00:00+00:00,4365.81,4379.25,4363.97,4366.22,7107,10,0
2026-06-05 17:15:00+00:00,4366.31,4370.29,4353.09,4361.06,6342,10,0
2026-06-05 17:30:00+00:00,4361.07,4363.98,4344.69,4349.2,6247,10,0
2026-06-05 17:45:00+00:00,4349.21,4370.22,4348.36,4369.71,5320,10,0
2026-06-05 18:00:00+00:00,4369.92,4372.65,4353.15,4353.28,5223,10,0
2026-06-05 18:15:00+00:00,4353.07,4357.77,4348.33,4351.75,5763,10,0
2026-06-05 18:30:00+00:00,4351.87,4354.86,4335.49,4338.71,5237,10,0
2026-06-05 18:45:00+00:00,4338.48,4341.92,4334.03,4335.48,4645,10,0
2026-06-05 19:00:00+00:00,4335.45,4338.83,4328.94,4333.62,5205,10,0
2026-06-05 19:15:00+00:00,4333.63,4333.85,4325.39,4329.73,5302,10,0
2026-06-05 19:30:00+00:00,4329.72,4332.28,4323.55,4327.92,4375,10,0
2026-06-05 19:45:00+00:00,4327.91,4345.0,4325.14,4344.6,5389,10,0
2026-06-05 20:00:00+00:00,4344.61,4346.92,4336.56,4339.66,4764,10,0
2026-06-05 20:15:00+00:00,4339.62,4343.01,4335.63,4342.35,4889,10,0
2026-06-05 20:30:00+00:00,4342.39,4347.29,4339.74,4341.23,4469,10,0
2026-06-05 20:45:00+00:00,4341.15,4343.68,4337.87,4341.76,3979,10,0
2026-06-05 21:00:00+00:00,4341.77,4342.12,4322.85,4322.85,4521,10,0
2026-06-05 21:15:00+00:00,4322.8,4330.61,4321.86,4325.8,5260,10,0
2026-06-05 21:30:00+00:00,4325.76,4327.07,4315.31,4318.12,4035,10,0
2026-06-05 21:45:00+00:00,4318.07,4326.74,4316.05,4322.35,4741,10,0
2026-06-05 22:00:00+00:00,4322.42,4323.84,4315.24,4315.41,4305,10,0
2026-06-05 22:15:00+00:00,4315.4,4324.33,4313.99,4323.86,4788,10,0
2026-06-05 22:30:00+00:00,4323.81,4325.12,4314.09,4318.83,5104,10,0
2026-06-05 22:45:00+00:00,4318.81,4323.79,4316.94,4318.76,5324,10,0
2026-06-05 23:00:00+00:00,4318.74,4318.91,4311.71,4315.59,4198,10,0
2026-06-05 23:15:00+00:00,4315.63,4326.47,4314.0,4322.73,2910,10,0
2026-06-05 23:30:00+00:00,4322.69,4325.26,4320.55,4323.59,1333,10,0
2026-06-05 23:45:00+00:00,4323.87,4331.16,4323.47,4328.33,1182,22,0
2026-06-08 01:00:00+00:00,4330.21,4335.92,4310.03,4329.94,4791,8,0
2026-06-08 01:15:00+00:00,4330.13,4330.66,4316.24,4316.84,5033,8,0
2026-06-08 01:30:00+00:00,4316.71,4329.02,4315.05,4326.01,4280,8,0
2026-06-08 01:45:00+00:00,4325.93,4326.68,4315.63,4317.22,4774,8,0
2026-06-08 02:00:00+00:00,4317.24,4334.19,4317.24,4330.82,4428,10,0
2026-06-08 02:15:00+00:00,4330.78,4334.71,4328.8,4334.06,3881,10,0
2026-06-08 02:30:00+00:00,4334.08,4340.71,4332.96,4338.98,3975,10,0
2026-06-08 02:45:00+00:00,4338.99,4346.97,4335.3,4344.08,4971,10,0
2026-06-08 03:00:00+00:00,4344.12,4346.92,4340.63,4343.74,5147,10,0
2026-06-08 03:15:00+00:00,4343.79,4353.5,4341.71,4351.6,4749,10,0
2026-06-08 03:30:00+00:00,4351.59,4352.45,4342.07,4345.47,4632,10,0
2026-06-08 03:45:00+00:00,4345.34,4346.06,4339.78,4342.48,5566,10,0
2026-06-08 04:00:00+00:00,4342.33,4345.89,4326.75,4327.08,7251,10,0
2026-06-08 04:15:00+00:00,4327.09,4327.51,4311.36,4314.68,7593,10,0
2026-06-08 04:30:00+00:00,4314.69,4327.53,4300.01,4326.33,7800,10,0
2026-06-08 04:45:00+00:00,4326.31,4329.8,4319.45,4325.61,7048,10,0
2026-06-08 05:00:00+00:00,4325.76,4330.91,4314.73,4316.79,6429,10,0
2026-06-08 05:15:00+00:00,4316.8,4319.85,4311.56,4314.95,5307,10,0
2026-06-08 05:30:00+00:00,4315.05,4317.82,4307.35,4315.98,6561,10,0
2026-06-08 05:45:00+00:00,4316.02,4321.01,4309.26,4310.69,6213,10,0
2026-06-08 06:00:00+00:00,4310.67,4314.32,4304.4,4304.92,5502,10,0
2026-06-08 06:15:00+00:00,4304.93,4312.11,4303.68,4307.26,4509,10,0
2026-06-08 06:30:00+00:00,4307.28,4310.09,4304.97,4309.95,3658,10,0
2026-06-08 06:45:00+00:00,4309.97,4317.34,4309.41,4316.99,3694,10,0
2026-06-08 07:00:00+00:00,4317.18,4320.46,4313.57,4318.79,4036,10,0
2026-06-08 07:15:00+00:00,4318.8,4321.82,4316.0,4320.11,3859,10,0
2026-06-08 07:30:00+00:00,4320.12,4320.45,4307.62,4307.75,4903,10,0
2026-06-08 07:45:00+00:00,4307.72,4314.06,4307.72,4312.71,4143,10,0
2026-06-08 08:00:00+00:00,4312.73,4316.22,4305.18,4305.2,3906,8,0
2026-06-08 08:15:00+00:00,4304.89,4314.12,4304.52,4311.88,4344,8,0
2026-06-08 08:30:00+00:00,4311.87,4313.09,4268.58,4288.07,7428,10,0
2026-06-08 08:45:00+00:00,4288.08,4295.92,4285.1,4292.04,6711,8,0
2026-06-08 09:00:00+00:00,4291.99,4308.08,4291.99,4303.62,6604,8,0
2026-06-08 09:15:00+00:00,4303.72,4311.43,4299.67,4305.93,5842,8,0
2026-06-08 09:30:00+00:00,4305.95,4306.61,4294.02,4298.38,6246,8,0
2026-06-08 09:45:00+00:00,4298.42,4300.9,4293.19,4300.32,5407,8,0
2026-06-08 10:00:00+00:00,4300.28,4308.5,4294.89,4305.15,5309,8,0
2026-06-08 10:15:00+00:00,4305.19,4316.96,4300.84,4306.18,5258,8,0
2026-06-08 10:30:00+00:00,4306.19,4311.78,4301.48,4301.75,4783,8,0
2026-06-08 10:45:00+00:00,4301.76,4302.71,4294.42,4294.46,5086,8,0
2026-06-08 11:00:00+00:00,4294.45,4297.1,4289.57,4291.76,5275,8,0
2026-06-08 11:15:00+00:00,4291.77,4293.65,4285.49,4288.12,4704,8,0
2026-06-08 11:30:00+00:00,4288.14,4292.15,4286.55,4290.83,4169,8,0
2026-06-08 11:45:00+00:00,4290.82,4294.01,4285.57,4288.79,4662,8,0
2026-06-08 12:00:00+00:00,4288.9,4292.31,4284.47,4289.01,3950,8,0
2026-06-08 12:15:00+00:00,4288.77,4290.93,4279.5,4279.85,2602,8,0
2026-06-08 12:30:00+00:00,4279.84,4296.48,4273.38,4294.0,5497,8,0
2026-06-08 12:45:00+00:00,4294.01,4302.05,4291.19,4294.42,4884,8,0
2026-06-08 13:00:00+00:00,4294.46,4297.73,4286.29,4294.68,4109,8,0
2026-06-08 13:15:00+00:00,4294.63,4295.98,4289.84,4293.89,3602,8,0
2026-06-08 13:30:00+00:00,4293.9,4305.68,4292.32,4304.87,4727,8,0
2026-06-08 13:45:00+00:00,4304.89,4305.08,4296.93,4302.04,3957,8,0
2026-06-08 14:00:00+00:00,4301.97,4318.79,4297.23,4318.54,4285,8,0
2026-06-08 14:15:00+00:00,4318.83,4331.21,4312.66,4325.34,6183,8,0
2026-06-08 14:30:00+00:00,4325.41,4333.28,4322.33,4324.09,5299,8,0
2026-06-08 14:45:00+00:00,4324.13,4332.52,4321.33,4331.0,5125,8,0
2026-06-08 15:00:00+00:00,4331.01,4334.54,4322.41,4322.82,5599,8,0
2026-06-08 15:15:00+00:00,4322.75,4331.69,4320.12,4329.99,4398,8,0
2026-06-08 15:30:00+00:00,4329.97,4339.2,4327.42,4335.55,5065,8,0
2026-06-08 15:45:00+00:00,4335.51,4337.88,4326.85,4332.91,5066,8,0
2026-06-08 16:00:00+00:00,4332.9,4334.7,4323.26,4323.96,5940,8,0
2026-06-08 16:15:00+00:00,4323.97,4336.0,4321.36,4331.35,5949,8,0
2026-06-08 16:30:00+00:00,4331.34,4346.7,4330.99,4336.44,7971,8,0
2026-06-08 16:45:00+00:00,4336.45,4339.29,4326.26,4326.84,7327,8,0
2026-06-08 17:00:00+00:00,4326.79,4330.88,4316.76,4319.54,7323,8,0
2026-06-08 17:15:00+00:00,4319.48,4324.45,4315.89,4320.12,7112,8,0
2026-06-08 17:30:00+00:00,4320.17,4324.31,4314.88,4322.65,6872,8,0
2026-06-08 17:45:00+00:00,4322.73,4331.55,4317.04,4331.0,6625,8,0
2026-06-08 18:00:00+00:00,4331.04,4336.61,4325.29,4325.44,5528,8,0
2026-06-08 18:15:00+00:00,4325.48,4336.13,4322.61,4330.74,6236,8,0
2026-06-08 18:30:00+00:00,4330.69,4339.61,4328.65,4339.41,5768,8,0
2026-06-08 18:45:00+00:00,4339.61,4345.77,4334.54,4341.91,5545,8,0
2026-06-08 19:00:00+00:00,4341.93,4343.97,4338.18,4341.15,6242,8,0
2026-06-08 19:15:00+00:00,4341.13,4344.03,4339.78,4340.97,5087,8,0
2026-06-08 19:30:00+00:00,4341.03,4346.4,4340.68,4344.21,5741,8,0
2026-06-08 19:45:00+00:00,4344.11,4346.21,4337.97,4340.81,4687,8,0
2026-06-08 20:00:00+00:00,4340.8,4342.58,4336.29,4338.86,5746,8,0
2026-06-08 20:15:00+00:00,4338.85,4340.64,4334.21,4339.25,5681,8,0
2026-06-08 20:30:00+00:00,4339.27,4339.69,4332.13,4334.15,5904,8,0
2026-06-08 20:45:00+00:00,4334.14,4339.45,4334.08,4339.3,5466,8,0
2026-06-08 21:00:00+00:00,4339.18,4345.45,4338.69,4341.46,5430,8,0
2026-06-08 21:15:00+00:00,4341.64,4345.95,4341.57,4342.63,4637,8,0
2026-06-08 21:30:00+00:00,4342.64,4344.64,4336.38,4336.77,4131,8,0
2026-06-08 21:45:00+00:00,4336.79,4337.16,4333.12,4334.7,3555,8,0
2026-06-08 22:00:00+00:00,4334.73,4338.25,4329.61,4329.92,3698,8,0
2026-06-08 22:15:00+00:00,4329.91,4331.73,4326.17,4327.84,4759,8,0
2026-06-08 22:30:00+00:00,4327.83,4330.57,4324.34,4325.23,4730,8,0
2026-06-08 22:45:00+00:00,4325.2,4330.05,4323.24,4326.76,4619,8,0
2026-06-08 23:00:00+00:00,4326.65,4329.97,4326.42,4328.3,2519,8,0
2026-06-08 23:15:00+00:00,4328.32,4328.37,4324.51,4326.59,2235,8,0
2026-06-08 23:30:00+00:00,4326.55,4328.58,4325.46,4326.39,1735,8,0
2026-06-08 23:45:00+00:00,4326.38,4330.46,4325.67,4328.49,1719,8,0
2026-06-09 01:00:00+00:00,4333.31,4333.77,4324.54,4325.4,1791,8,0
2026-06-09 01:15:00+00:00,4325.33,4327.23,4322.85,4325.25,2074,8,0
2026-06-09 01:30:00+00:00,4325.16,4327.64,4325.05,4327.49,1803,8,0
2026-06-09 01:45:00+00:00,4327.57,4328.96,4326.2,4327.91,1361,8,0
2026-06-09 02:00:00+00:00,4327.99,4328.97,4325.39,4327.65,1466,8,0
2026-06-09 02:15:00+00:00,4327.71,4328.44,4320.61,4320.66,2008,8,0
2026-06-09 02:30:00+00:00,4320.65,4322.51,4315.42,4319.74,2871,8,0
2026-06-09 02:45:00+00:00,4319.76,4320.13,4312.91,4317.85,4015,8,0
2026-06-09 03:00:00+00:00,4317.81,4323.86,4315.51,4322.65,6346,8,0
2026-06-09 03:15:00+00:00,4322.51,4323.51,4316.71,4317.0,5485,8,0
2026-06-09 03:30:00+00:00,4316.95,4323.24,4315.23,4318.73,4867,8,0
2026-06-09 03:45:00+00:00,4318.67,4321.26,4315.09,4319.98,4773,8,0
2026-06-09 04:00:00+00:00,4319.87,4327.98,4318.64,4324.02,6152,8,0
2026-06-09 04:15:00+00:00,4324.05,4338.04,4322.36,4335.43,6355,8,0
2026-06-09 04:30:00+00:00,4335.36,4338.84,4332.87,4335.63,5198,8,0
2026-06-09 04:45:00+00:00,4335.64,4338.38,4333.15,4336.52,5625,8,0
2026-06-09 05:00:00+00:00,4336.51,4336.84,4328.27,4332.93,5272,8,0
2026-06-09 05:15:00+00:00,4332.95,4336.21,4330.14,4335.52,4797,8,0
2026-06-09 05:30:00+00:00,4335.54,4339.7,4331.05,4338.38,5176,8,0
2026-06-09 05:45:00+00:00,4338.64,4341.04,4334.93,4336.07,5020,8,0
2026-06-09 06:00:00+00:00,4336.06,4341.62,4331.24,4338.66,4812,8,0
2026-06-09 06:15:00+00:00,4338.78,4342.34,4333.41,4336.72,4646,8,0
2026-06-09 06:30:00+00:00,4336.63,4338.15,4333.67,4337.67,3271,8,0
2026-06-09 06:45:00+00:00,4337.84,4342.05,4334.56,4336.71,3064,8,0
2026-06-09 07:00:00+00:00,4336.7,4339.49,4332.31,4332.32,2687,8,0
2026-06-09 07:15:00+00:00,4332.33,4332.92,4328.76,4330.52,2512,8,0
2026-06-09 07:30:00+00:00,4330.63,4330.66,4324.18,4328.19,3015,8,0
2026-06-09 07:45:00+00:00,4328.04,4332.84,4326.26,4332.35,2575,8,0
2026-06-09 08:00:00+00:00,4332.36,4337.2,4330.97,4331.42,3480,8,0
2026-06-09 08:15:00+00:00,4331.44,4335.55,4330.95,4332.66,3952,8,0
2026-06-09 08:30:00+00:00,4332.64,4351.51,4331.66,4348.19,6234,8,0
2026-06-09 08:45:00+00:00,4348.49,4349.13,4341.7,4343.42,5028,8,0
2026-06-09 09:00:00+00:00,4343.43,4348.79,4340.03,4341.32,5302,8,0
2026-06-09 09:15:00+00:00,4341.28,4345.95,4338.16,4338.85,4843,8,0
2026-06-09 09:30:00+00:00,4338.86,4339.48,4331.88,4336.68,4634,8,0
2026-06-09 09:45:00+00:00,4336.7,4340.34,4330.26,4330.7,4207,8,0
2026-06-09 10:00:00+00:00,4330.74,4334.8,4327.19,4327.41,4692,8,0
2026-06-09 10:15:00+00:00,4326.94,4332.27,4323.09,4331.19,5083,8,0
2026-06-09 10:30:00+00:00,4331.17,4331.4,4322.37,4328.5,4134,8,0
2026-06-09 10:45:00+00:00,4328.46,4330.34,4325.23,4326.54,3196,8,0
2026-06-09 11:00:00+00:00,4326.67,4336.36,4321.23,4331.86,5030,8,0
2026-06-09 11:15:00+00:00,4331.85,4335.65,4331.56,4334.46,4384,8,0
2026-06-09 11:30:00+00:00,4334.56,4336.87,4330.48,4335.12,3099,8,0
2026-06-09 11:45:00+00:00,4335.0,4335.44,4325.92,4326.65,2782,8,0
2026-06-09 12:00:00+00:00,4326.69,4331.12,4325.21,4328.37,3263,8,0
2026-06-09 12:15:00+00:00,4328.46,4336.12,4324.28,4327.0,3332,8,0
2026-06-09 12:30:00+00:00,4327.02,4331.16,4325.15,4327.24,3339,8,0
2026-06-09 12:45:00+00:00,4327.3,4333.64,4326.81,4332.24,2613,8,0
2026-06-09 13:00:00+00:00,4332.23,4335.78,4325.39,4335.32,3555,8,0
2026-06-09 13:15:00+00:00,4335.42,4336.9,4331.39,4333.88,2815,8,0
2026-06-09 13:30:00+00:00,4333.93,4335.08,4329.85,4332.63,1914,8,0
2026-06-09 13:45:00+00:00,4332.78,4340.88,4330.36,4339.25,2499,8,0
2026-06-09 14:00:00+00:00,4339.24,4340.55,4335.65,4337.86,3412,8,0
2026-06-09 14:15:00+00:00,4337.84,4340.53,4336.17,4338.63,3072,8,0
2026-06-09 14:30:00+00:00,4338.68,4340.06,4336.71,4338.93,2554,8,0
2026-06-09 14:45:00+00:00,4338.94,4343.8,4337.35,4339.86,2851,8,0
2026-06-09 15:00:00+00:00,4339.9,4344.05,4339.77,4341.14,3057,8,0
2026-06-09 15:15:00+00:00,4341.11,4342.99,4335.14,4335.71,3502,8,0
2026-06-09 15:30:00+00:00,4335.66,4341.96,4334.75,4340.81,3978,8,0
2026-06-09 15:45:00+00:00,4340.74,4344.3,4336.74,4341.32,3635,8,0
2026-06-09 16:00:00+00:00,4341.38,4345.46,4338.1,4340.95,4952,8,0
2026-06-09 16:15:00+00:00,4341.11,4341.98,4330.32,4330.91,4875,8,0
2026-06-09 16:30:00+00:00,4330.94,4334.43,4325.23,4330.22,6813,8,0
2026-06-09 16:45:00+00:00,4329.98,4363.45,4326.36,4328.72,7189,8,0
2026-06-09 17:00:00+00:00,4328.47,4336.03,4319.72,4321.24,7529,8,0
2026-06-09 17:15:00+00:00,4321.17,4323.78,4306.08,4318.7,7691,8,0
2026-06-09 17:30:00+00:00,4318.58,4321.01,4285.25,4285.41,7822,8,0
2026-06-09 17:45:00+00:00,4285.04,4300.78,4278.65,4300.74,7836,8,0
2026-06-09 18:00:00+00:00,4300.58,4302.11,4289.6,4294.9,7624,8,0
2026-06-09 18:15:00+00:00,4294.88,4296.95,4277.14,4278.76,7435,8,0
2026-06-09 18:30:00+00:00,4278.74,4281.96,4263.15,4279.86,8100,8,0
2026-06-09 18:45:00+00:00,4279.87,4285.76,4272.41,4272.41,7734,8,0
2026-06-09 19:00:00+00:00,4272.25,4281.2,4258.54,4259.87,7936,8,0
2026-06-09 19:15:00+00:00,4259.89,4266.4,4253.17,4263.56,8043,8,0
2026-06-09 19:30:00+00:00,4263.59,4267.73,4236.7,4245.05,7837,8,0
2026-06-09 19:45:00+00:00,4244.96,4254.08,4238.84,4252.32,8035,8,0
2026-06-09 20:00:00+00:00,4252.35,4264.53,4251.36,4261.17,7790,8,0
2026-06-09 20:15:00+00:00,4261.35,4268.06,4258.46,4263.17,7530,8,0
2026-06-09 20:30:00+00:00,4263.13,4268.18,4261.02,4264.8,7363,8,0
2026-06-09 20:45:00+00:00,4264.94,4266.81,4256.08,4263.15,7057,8,0
2026-06-09 21:00:00+00:00,4263.17,4267.02,4259.6,4265.43,7111,8,0
2026-06-09 21:15:00+00:00,4265.42,4274.33,4262.93,4270.89,6843,8,0
2026-06-09 21:30:00+00:00,4270.73,4274.06,4263.67,4264.42,6528,8,0
2026-06-09 21:45:00+00:00,4264.3,4271.63,4262.42,4269.98,5867,8,0
2026-06-09 22:00:00+00:00,4270.01,4271.77,4258.0,4258.72,6057,8,0
2026-06-09 22:15:00+00:00,4258.77,4258.78,4252.85,4257.4,6965,8,0
2026-06-09 22:30:00+00:00,4257.39,4260.27,4250.25,4251.03,6804,8,0
2026-06-09 22:45:00+00:00,4251.04,4259.79,4250.03,4258.67,6623,8,0
2026-06-09 23:00:00+00:00,4258.49,4261.23,4255.74,4258.53,3521,8,0
2026-06-09 23:15:00+00:00,4258.49,4260.53,4258.0,4259.15,2100,8,0
2026-06-09 23:30:00+00:00,4259.09,4262.04,4257.76,4261.47,1661,8,0
2026-06-09 23:45:00+00:00,4261.51,4262.17,4259.32,4260.82,1358,8,0
2026-06-10 01:00:00+00:00,4253.0,4257.42,4250.4,4255.33,2184,15,0
2026-06-10 01:15:00+00:00,4255.34,4256.72,4253.01,4256.68,2247,8,0
2026-06-10 01:30:00+00:00,4256.66,4257.49,4247.63,4249.19,3614,8,0
2026-06-10 01:45:00+00:00,4249.19,4249.99,4232.45,4237.31,4401,8,0
2026-06-10 02:00:00+00:00,4237.2,4247.3,4235.61,4236.22,3842,8,0
2026-06-10 02:15:00+00:00,4236.09,4236.58,4222.95,4224.28,4260,8,0
2026-06-10 02:30:00+00:00,4224.37,4229.83,4216.6,4218.75,3988,8,0
2026-06-10 02:45:00+00:00,4218.6,4224.69,4210.47,4222.01,5651,8,0
2026-06-10 03:00:00+00:00,4221.95,4226.73,4216.63,4225.2,6251,8,0
2026-06-10 03:15:00+00:00,4225.21,4228.4,4218.0,4218.01,5519,8,0
2026-06-10 03:30:00+00:00,4218.0,4219.04,4199.07,4204.48,6667,8,0
2026-06-10 03:45:00+00:00,4204.43,4220.67,4199.83,4217.88,6460,8,0
2026-06-10 04:00:00+00:00,4218.06,4218.85,4187.23,4203.34,7374,8,0
2026-06-10 04:15:00+00:00,4203.27,4216.47,4197.5,4201.86,6720,8,0
2026-06-10 04:30:00+00:00,4201.84,4207.1,4184.54,4187.1,6641,8,0
2026-06-10 04:45:00+00:00,4187.07,4195.5,4183.86,4188.71,6202,8,0
2026-06-10 05:00:00+00:00,4188.72,4191.86,4179.63,4182.83,5891,8,0
2026-06-10 05:15:00+00:00,4182.99,4188.45,4178.25,4188.08,5083,8,0
2026-06-10 05:30:00+00:00,4188.04,4192.61,4174.12,4184.34,6134,8,0
2026-06-10 05:45:00+00:00,4184.43,4190.74,4173.33,4174.18,6422,8,0
2026-06-10 06:00:00+00:00,4174.13,4180.91,4172.99,4178.28,5905,8,0
2026-06-10 06:15:00+00:00,4178.29,4181.26,4173.8,4177.21,5036,8,0
2026-06-10 06:30:00+00:00,4177.2,4183.14,4176.36,4179.84,4725,8,0
2026-06-10 06:45:00+00:00,4179.81,4186.57,4179.6,4184.84,4887,8,0
2026-06-10 07:00:00+00:00,4184.88,4187.3,4180.73,4181.5,3908,8,0
2026-06-10 07:15:00+00:00,4181.51,4183.26,4173.68,4174.43,4552,8,0
2026-06-10 07:30:00+00:00,4174.44,4175.45,4173.06,4173.59,4607,8,0
2026-06-10 07:45:00+00:00,4173.81,4175.99,4172.5,4174.9,4748,8,0
2026-06-10 08:00:00+00:00,4174.87,4180.68,4173.54,4179.75,5097,8,0
2026-06-10 08:15:00+00:00,4179.74,4184.13,4175.55,4183.57,4195,8,0
2026-06-10 08:30:00+00:00,4188.55,4199.04,4181.69,4198.22,3250,8,0
2026-06-10 08:45:00+00:00,4198.12,4208.12,4197.49,4204.17,4473,8,0
2026-06-10 09:00:00+00:00,4205.18,4221.91,4204.5,4212.52,4939,8,0
2026-06-10 09:15:00+00:00,4212.5,4216.78,4208.43,4211.85,3080,8,0
2026-06-10 09:30:00+00:00,4211.89,4213.5,4205.11,4207.81,4958,8,0
2026-06-10 09:45:00+00:00,4207.63,4209.83,4201.78,4203.93,5000,8,0
2026-06-10 10:00:00+00:00,4203.84,4208.07,4197.4,4198.16,4244,8,0
2026-06-10 10:15:00+00:00,4200.92,4203.88,4193.61,4194.98,3259,8,0
2026-06-10 10:30:00+00:00,4194.99,4197.23,4189.7,4190.4,2612,8,0
2026-06-10 10:45:00+00:00,4190.28,4192.94,4181.65,4186.25,3260,8,0
2026-06-10 11:00:00+00:00,4186.12,4187.43,4161.44,4167.12,3633,8,0
2026-06-10 11:15:00+00:00,4167.18,4179.02,4166.62,4171.99,4588,8,0
2026-06-10 11:30:00+00:00,4167.98,4179.34,4167.98,4170.64,3181,8,0
2026-06-10 11:45:00+00:00,4170.63,4176.52,4166.48,4168.92,5639,8,0
2026-06-10 12:00:00+00:00,4169.05,4174.14,4164.82,4165.23,5369,8,0
2026-06-10 12:15:00+00:00,4165.19,4175.12,4164.35,4166.16,5391,8,0
2026-06-10 12:30:00+00:00,4166.15,4179.65,4165.86,4171.41,5441,8,0
2026-06-10 12:45:00+00:00,4171.52,4174.96,4163.11,4168.81,4851,8,0
2026-06-10 13:00:00+00:00,4168.83,4171.19,4155.77,4161.11,4591,8,0
2026-06-10 13:15:00+00:00,4160.98,4169.9,4159.71,4165.18,4603,8,0
2026-06-10 13:30:00+00:00,4165.02,4171.55,4164.0,4171.55,4998,8,0
2026-06-10 13:45:00+00:00,4171.56,4178.72,4169.83,4174.78,4758,8,0
2026-06-10 14:00:00+00:00,4174.8,4176.13,4153.52,4168.85,6692,8,0
2026-06-10 14:15:00+00:00,4168.67,4171.75,4156.79,4166.56,6554,8,0
2026-06-10 14:30:00+00:00,4166.54,4168.03,4154.25,4154.37,6453,8,0
2026-06-10 14:45:00+00:00,4154.36,4163.48,4145.72,4147.62,6143,8,0
2026-06-10 15:00:00+00:00,4147.61,4152.58,4134.62,4136.35,6567,8,0
2026-06-10 15:15:00+00:00,4136.36,4142.94,4130.8,4140.95,6168,8,0
2026-06-10 15:30:00+00:00,4141.02,4173.98,4140.38,4160.35,7693,8,0
2026-06-10 15:45:00+00:00,4160.36,4169.6,4142.24,4146.92,7450,8,0
2026-06-10 16:00:00+00:00,4147.06,4158.01,4144.91,4151.38,7079,8,0
2026-06-10 16:15:00+00:00,4151.36,4151.36,4132.74,4150.04,6808,8,0
2026-06-10 16:30:00+00:00,4149.98,4177.86,4142.08,4177.86,8134,8,0
2026-06-10 16:45:00+00:00,4178.51,4186.3,4173.77,4179.73,7996,8,0
2026-06-10 17:00:00+00:00,4179.91,4181.34,4170.3,4174.3,7805,8,0
2026-06-10 17:15:00+00:00,4174.32,4175.51,4159.6,4160.89,7597,8,0
2026-06-10 17:30:00+00:00,4161.08,4163.41,4149.89,4150.01,7366,8,0
2026-06-10 17:45:00+00:00,4149.97,4151.72,4118.12,4125.11,7691,8,0
2026-06-10 18:00:00+00:00,4125.13,4136.63,4119.4,4123.61,7790,8,0
2026-06-10 18:15:00+00:00,4123.32,4136.98,4113.46,4127.73,7662,8,0
2026-06-10 18:30:00+00:00,4127.8,4131.29,4122.01,4128.86,7461,8,0
2026-06-10 18:45:00+00:00,4128.83,4131.12,4106.9,4128.47,7872,8,0
2026-06-10 19:00:00+00:00,4128.55,4133.06,4122.98,4129.29,7536,8,0
2026-06-10 19:15:00+00:00,4129.28,4134.62,4126.06,4127.53,7324,8,0
2026-06-10 19:30:00+00:00,4127.52,4132.22,4120.54,4122.37,7230,8,0
2026-06-10 19:45:00+00:00,4122.29,4123.26,4116.02,4122.05,7116,8,0
2026-06-10 20:00:00+00:00,4122.12,4135.09,4114.79,4118.0,6561,8,0
2026-06-10 20:15:00+00:00,4117.97,4120.29,4109.3,4110.99,6862,8,0
2026-06-10 20:30:00+00:00,4111.06,4112.56,4102.0,4102.45,6448,8,0
2026-06-10 20:45:00+00:00,4102.43,4113.53,4100.92,4111.69,7371,8,0
2026-06-10 21:00:00+00:00,4111.64,4120.6,4111.64,4115.94,6656,8,0
2026-06-10 21:15:00+00:00,4115.93,4118.18,4109.68,4112.46,6340,8,0
2026-06-10 21:30:00+00:00,4112.38,4112.74,4104.71,4105.02,6328,8,0
2026-06-10 21:45:00+00:00,4105.03,4107.78,4096.99,4101.57,6259,8,0
2026-06-10 22:00:00+00:00,4101.62,4102.09,4087.49,4089.14,6146,8,0
2026-06-10 22:15:00+00:00,4089.15,4092.29,4081.61,4084.76,5833,8,0
2026-06-10 22:30:00+00:00,4085.05,4091.96,4082.3,4091.62,5986,8,0
2026-06-10 22:45:00+00:00,4091.59,4092.6,4081.71,4082.93,5966,8,0
2026-06-10 23:00:00+00:00,4082.78,4083.15,4069.71,4072.48,4619,8,0
2026-06-10 23:15:00+00:00,4072.5,4080.12,4071.23,4078.44,3536,8,0
2026-06-10 23:30:00+00:00,4078.47,4078.47,4071.36,4072.85,2763,8,0
2026-06-10 23:45:00+00:00,4072.83,4072.84,4067.22,4071.64,2884,8,0
2026-06-11 01:00:00+00:00,4072.53,4072.74,4050.33,4056.22,4079,8,0
2026-06-11 01:15:00+00:00,4056.39,4057.18,4035.6,4044.5,5227,8,0
2026-06-11 01:30:00+00:00,4044.46,4070.11,4044.15,4063.63,4739,8,0
2026-06-11 01:45:00+00:00,4063.64,4067.76,4046.55,4047.37,4874,8,0
2026-06-11 02:00:00+00:00,4047.35,4054.78,4023.84,4030.29,5148,8,0
2026-06-11 02:15:00+00:00,4030.08,4063.69,4025.04,4060.51,6391,8,0
2026-06-11 02:30:00+00:00,4060.47,4064.33,4054.6,4056.18,4447,8,0
2026-06-11 02:45:00+00:00,4056.19,4057.14,4045.11,4047.51,5540,8,0
2026-06-11 03:00:00+00:00,4047.56,4060.19,4036.44,4052.18,7446,8,0
2026-06-11 03:15:00+00:00,4052.2,4073.64,4049.76,4067.69,7431,8,0
2026-06-11 03:30:00+00:00,4067.74,4076.49,4059.08,4063.37,6394,8,0
2026-06-11 03:45:00+00:00,4063.41,4078.18,4063.29,4075.81,6467,8,0
2026-06-11 04:00:00+00:00,4075.83,4089.93,4066.33,4087.75,7770,8,0
2026-06-11 04:15:00+00:00,4087.78,4108.76,4086.61,4104.53,7313,8,0
2026-06-11 04:30:00+00:00,4104.55,4118.14,4104.01,4113.69,6964,8,0
2026-06-11 04:45:00+00:00,4113.7,4117.17,4097.95,4101.98,6082,8,0
2026-06-11 05:00:00+00:00,4102.0,4102.68,4089.38,4089.74,6689,8,0
2026-06-11 05:15:00+00:00,4089.68,4095.87,4081.7,4082.63,6163,8,0
2026-06-11 05:30:00+00:00,4082.63,4085.2,4055.35,4059.65,7337,8,0
2026-06-11 05:45:00+00:00,4059.68,4073.53,4052.51,4068.01,6730,8,0
2026-06-11 06:00:00+00:00,4067.99,4078.6,4064.41,4065.55,6415,8,0
2026-06-11 06:15:00+00:00,4065.73,4071.5,4056.96,4063.24,6527,8,0
2026-06-11 06:30:00+00:00,4063.35,4071.86,4062.56,4067.55,4865,8,0
2026-06-11 06:45:00+00:00,4067.8,4075.59,4064.94,4072.78,4646,8,0
2026-06-11 07:00:00+00:00,4072.85,4083.29,4070.14,4082.84,5066,8,0
2026-06-11 07:15:00+00:00,4082.75,4085.58,4076.21,4077.6,4869,8,0
2026-06-11 07:30:00+00:00,4077.63,4084.04,4074.64,4082.1,3793,8,0
2026-06-11 07:45:00+00:00,4082.19,4085.9,4079.52,4082.64,4139,8,0
2026-06-11 08:00:00+00:00,4082.62,4083.18,4075.36,4077.3,4851,8,0
2026-06-11 08:15:00+00:00,4077.29,4081.36,4072.6,4075.05,5497,8,0
2026-06-11 08:30:00+00:00,4075.07,4099.63,4074.48,4099.44,6468,8,0
2026-06-11 08:45:00+00:00,4099.43,4106.31,4093.6,4094.32,5508,8,0
2026-06-11 09:00:00+00:00,4094.22,4094.84,4076.37,4084.34,6708,8,0
2026-06-11 09:15:00+00:00,4084.42,4092.99,4081.7,4086.72,5558,8,0
2026-06-11 09:30:00+00:00,4086.74,4092.93,4083.11,4092.78,4687,8,0
2026-06-11 09:45:00+00:00,4092.81,4097.67,4091.04,4094.63,4214,8,0
2026-06-11 10:00:00+00:00,4094.77,4098.45,4091.8,4096.8,5072,8,0
2026-06-11 10:15:00+00:00,4096.81,4110.35,4096.42,4107.53,4869,8,0
2026-06-11 10:30:00+00:00,4107.67,4110.68,4101.62,4107.66,4311,8,0
2026-06-11 10:45:00+00:00,4107.58,4108.09,4099.05,4105.05,4065,8,0
2026-06-11 11:00:00+00:00,4104.51,4112.67,4104.22,4106.18,5185,8,0
2026-06-11 11:15:00+00:00,4106.19,4108.58,4097.27,4097.68,4840,8,0
2026-06-11 11:30:00+00:00,4097.6,4099.53,4090.31,4090.6,4213,8,0
2026-06-11 11:45:00+00:00,4090.65,4092.18,4084.5,4084.54,4292,8,0
2026-06-11 12:00:00+00:00,4084.59,4087.42,4080.42,4085.93,4573,8,0
2026-06-11 12:15:00+00:00,4086.07,4088.96,4078.93,4079.37,4218,8,0
2026-06-11 12:30:00+00:00,4079.45,4091.87,4077.39,4091.77,3868,8,0
2026-06-11 12:45:00+00:00,4091.53,4096.45,4089.89,4091.64,3478,8,0
2026-06-11 13:00:00+00:00,4091.63,4094.24,4088.44,4092.13,3715,8,0
2026-06-11 13:15:00+00:00,4092.15,4094.56,4086.78,4087.58,3887,8,0
2026-06-11 13:30:00+00:00,4087.65,4092.98,4086.55,4090.51,3037,8,0
2026-06-11 13:45:00+00:00,4090.49,4093.01,4087.62,4089.97,3317,8,0
2026-06-11 14:00:00+00:00,4090.0,4093.23,4086.38,4086.44,5116,8,0
2026-06-11 14:15:00+00:00,4086.23,4091.29,4083.36,4090.35,5144,8,0
2026-06-11 14:30:00+00:00,4090.36,4095.97,4081.7,4084.94,5394,8,0
2026-06-11 14:45:00+00:00,4084.93,4087.75,4079.81,4080.33,4186,8,0
2026-06-11 15:00:00+00:00,4080.57,4087.24,4073.08,4076.31,4582,8,0
2026-06-11 15:15:00+00:00,4076.3,4082.04,4061.46,4069.2,6426,8,0
2026-06-11 15:30:00+00:00,4069.02,4077.01,4057.62,4073.4,7138,8,0
2026-06-11 15:45:00+00:00,4073.33,4085.29,4069.91,4082.01,6513,8,0
2026-06-11 16:00:00+00:00,4081.91,4086.27,4072.12,4073.36,6683,8,0
2026-06-11 16:15:00+00:00,4073.15,4081.9,4072.27,4075.65,5977,8,0
2026-06-11 16:30:00+00:00,4075.45,4082.75,4067.11,4076.2,7971,8,0
2026-06-11 16:45:00+00:00,4076.13,4092.65,4073.53,4083.2,7489,8,0
2026-06-11 17:00:00+00:00,4083.2,4085.55,4052.85,4060.96,7795,8,0
2026-06-11 17:15:00+00:00,4061.0,4084.68,4056.08,4074.89,7757,8,0
2026-06-11 17:30:00+00:00,4074.88,4083.63,4070.65,4076.34,7542,8,0
2026-06-11 17:45:00+00:00,4076.39,4080.98,4072.22,4073.46,7648,8,0
2026-06-11 18:00:00+00:00,4073.45,4087.79,4070.36,4080.65,7614,8,0
2026-06-11 18:15:00+00:00,4080.61,4089.42,4074.85,4081.59,6813,8,0
2026-06-11 18:30:00+00:00,4081.64,4090.74,4077.46,4088.39,6935,8,0
2026-06-11 18:45:00+00:00,4088.58,4095.44,4085.89,4088.75,6030,8,0
2026-06-11 19:00:00+00:00,4088.77,4103.34,4086.77,4102.68,6585,8,0
2026-06-11 19:15:00+00:00,4102.69,4107.54,4079.48,4079.56,6872,8,0
2026-06-11 19:30:00+00:00,4079.58,4087.85,4078.5,4081.98,6664,8,0
2026-06-11 19:45:00+00:00,4081.97,4084.26,4077.99,4080.16,6327,8,0
2026-06-11 20:00:00+00:00,4080.28,4080.52,4071.99,4076.01,6677,8,0
2026-06-11 20:15:00+00:00,4075.99,4102.35,4074.39,4101.22,6572,8,0
2026-06-11 20:30:00+00:00,4101.94,4170.09,4101.82,4166.71,8193,8,0
2026-06-11 20:45:00+00:00,4166.7,4166.77,4146.72,4151.82,7972,8,0
2026-06-11 21:00:00+00:00,4151.92,4155.71,4131.3,4146.89,7965,8,0
2026-06-11 21:15:00+00:00,4146.9,4163.01,4145.27,4152.96,7424,8,0
2026-06-11 21:30:00+00:00,4152.96,4165.2,4149.08,4164.89,7127,8,0
2026-06-11 21:45:00+00:00,4164.88,4171.79,4160.37,4161.8,6835,10,0
2026-06-11 22:00:00+00:00,4161.84,4189.38,4161.84,4188.32,7330,10,0
2026-06-11 22:15:00+00:00,4188.3,4198.4,4186.23,4195.59,7115,10,0
2026-06-11 22:30:00+00:00,4195.64,4220.18,4195.64,4210.26,7576,10,0
2026-06-11 22:45:00+00:00,4210.26,4215.55,4207.4,4209.12,7013,10,0
2026-06-11 23:00:00+00:00,4208.93,4218.63,4208.14,4213.85,4346,10,0
2026-06-11 23:15:00+00:00,4213.84,4216.47,4212.26,4214.0,3436,10,0
2026-06-11 23:30:00+00:00,4213.97,4216.39,4209.64,4209.71,3469,10,0
2026-06-11 23:45:00+00:00,4209.67,4213.08,4209.18,4210.81,2424,10,0
2026-06-12 01:00:00+00:00,4213.17,4220.45,4205.44,4209.92,2578,13,0
2026-06-12 01:15:00+00:00,4209.77,4215.91,4205.77,4214.99,3041,10,0
2026-06-12 01:30:00+00:00,4214.95,4228.26,4211.47,4225.81,3694,8,0
2026-06-12 01:45:00+00:00,4225.82,4246.37,4225.02,4243.26,4955,8,0
2026-06-12 02:00:00+00:00,4243.25,4245.82,4221.63,4223.76,4657,8,0
2026-06-12 02:15:00+00:00,4223.88,4226.6,4214.28,4215.02,4265,8,0
2026-06-12 02:30:00+00:00,4216.48,4223.63,4214.56,4219.42,3938,8,0
2026-06-12 02:45:00+00:00,4219.51,4224.69,4215.35,4220.02,4925,8,0
2026-06-12 03:00:00+00:00,4220.08,4225.82,4212.66,4216.9,6455,8,0
2026-06-12 03:15:00+00:00,4216.89,4230.49,4207.39,4220.38,6222,8,0
2026-06-12 03:30:00+00:00,4220.4,4228.8,4202.83,4202.83,5507,8,0
2026-06-12 03:45:00+00:00,4203.99,4208.37,4200.79,4208.37,5927,8,0
2026-06-12 04:00:00+00:00,4208.41,4210.9,4183.01,4187.09,7348,8,0
2026-06-12 04:15:00+00:00,4187.1,4193.9,4179.58,4181.16,6166,8,0
2026-06-12 04:30:00+00:00,4181.06,4186.68,4171.44,4179.55,6875,8,0
2026-06-12 04:45:00+00:00,4179.46,4191.49,4179.36,4186.78,6131,8,0
2026-06-12 05:00:00+00:00,4186.81,4200.12,4183.68,4193.95,5583,8,0
2026-06-12 05:15:00+00:00,4193.96,4194.54,4186.59,4188.57,4514,8,0
2026-06-12 05:30:00+00:00,4188.36,4193.27,4182.7,4186.19,4991,8,0
2026-06-12 05:45:00+00:00,4186.15,4193.75,4183.61,4191.64,5391,8,0
2026-06-12 06:00:00+00:00,4191.63,4196.18,4189.53,4193.98,4246,8,0
2026-06-12 06:15:00+00:00,4193.96,4203.62,4193.06,4203.47,5067,8,0
2026-06-12 06:30:00+00:00,4203.44,4204.94,4198.81,4199.33,4130,8,0
2026-06-12 06:45:00+00:00,4199.33,4201.44,4195.45,4197.09,3590,8,0
2026-06-12 07:00:00+00:00,4197.1,4201.01,4192.03,4194.36,3932,8,0
2026-06-12 07:15:00+00:00,4194.26,4195.62,4190.29,4192.62,2891,8,0
2026-06-12 07:30:00+00:00,4192.63,4198.51,4191.85,4193.51,3175,8,0
2026-06-12 07:45:00+00:00,4193.44,4194.33,4189.62,4189.95,3596,8,0
2026-06-12 08:00:00+00:00,4189.94,4193.06,4182.03,4188.65,5055,8,0
2026-06-12 08:15:00+00:00,4188.61,4189.65,4185.01,4187.16,4516,8,0
2026-06-12 08:30:00+00:00,4187.2,4187.85,4172.56,4180.5,5678,8,0
2026-06-12 08:45:00+00:00,4180.51,4181.01,4170.78,4173.29,5687,8,0
2026-06-12 09:00:00+00:00,4173.28,4185.68,4173.14,4183.08,5906,8,0
2026-06-12 09:15:00+00:00,4182.92,4183.33,4178.9,4182.08,5761,8,0
2026-06-12 09:30:00+00:00,4182.09,4182.49,4172.43,4176.59,5679,8,0
2026-06-12 09:45:00+00:00,4176.63,4184.85,4174.17,4184.27,5139,8,0
2026-06-12 10:00:00+00:00,4184.28,4185.04,4176.13,4178.22,5405,8,0
2026-06-12 10:15:00+00:00,4178.24,4180.12,4173.97,4174.22,4810,8,0
2026-06-12 10:30:00+00:00,4174.3,4184.73,4170.23,4183.06,4886,8,0
2026-06-12 10:45:00+00:00,4183.08,4194.33,4173.83,4194.33,4544,8,0
2026-06-12 11:00:00+00:00,4194.29,4205.04,4192.01,4203.8,6167,8,0
2026-06-12 11:15:00+00:00,4203.78,4220.65,4199.53,4213.11,6708,8,0
2026-06-12 11:30:00+00:00,4213.12,4222.49,4211.88,4218.29,6003,8,0
2026-06-12 11:45:00+00:00,4218.28,4226.01,4214.68,4219.64,4879,8,0
2026-06-12 12:00:00+00:00,4219.72,4225.4,4217.42,4224.17,5101,8,0
2026-06-12 12:15:00+00:00,4224.26,4226.85,4219.03,4220.93,5772,8,0
2026-06-12 12:30:00+00:00,4221.29,4227.88,4219.3,4225.35,4998,8,0
2026-06-12 12:45:00+00:00,4225.37,4228.0,4221.45,4221.87,4932,8,0
2026-06-12 13:00:00+00:00,4221.81,4225.66,4218.93,4221.66,3923,8,0
2026-06-12 13:15:00+00:00,4221.48,4222.3,4202.84,4206.91,5097,8,0
2026-06-12 13:30:00+00:00,4206.92,4218.8,4206.55,4215.42,4588,8,0
2026-06-12 13:45:00+00:00,4215.24,4218.72,4209.31,4210.93,4233,8,0
2026-06-12 14:00:00+00:00,4211.38,4212.11,4205.16,4207.48,4574,8,0
2026-06-12 14:15:00+00:00,4207.32,4210.33,4202.05,4202.44,4144,8,0
2026-06-12 14:30:00+00:00,4202.48,4210.48,4197.57,4209.81,4367,8,0
2026-06-12 14:45:00+00:00,4209.84,4215.39,4206.59,4207.01,4716,8,0
2026-06-12 15:00:00+00:00,4206.93,4213.98,4202.9,4213.98,5402,8,0
2026-06-12 15:15:00+00:00,4214.35,4215.44,4200.36,4201.16,4632,8,0
2026-06-12 15:30:00+00:00,4201.1,4201.86,4192.32,4196.84,5401,8,0
2026-06-12 15:45:00+00:00,4196.83,4200.67,4188.52,4191.77,5600,8,0
2026-06-12 16:00:00+00:00,4191.8,4201.25,4186.53,4198.39,6136,8,0
2026-06-12 16:15:00+00:00,4198.41,4206.73,4197.29,4202.84,5303,8,0
2026-06-12 16:30:00+00:00,4202.83,4210.21,4182.89,4191.01,7762,8,0
2026-06-12 16:45:00+00:00,4191.08,4193.85,4183.55,4186.21,7891,8,0
2026-06-12 17:00:00+00:00,4186.19,4198.39,4184.85,4193.19,7406,8,0
2026-06-12 17:15:00+00:00,4193.06,4199.44,4182.72,4188.64,7250,8,0
2026-06-12 17:30:00+00:00,4188.54,4193.28,4180.98,4184.48,7355,8,0
2026-06-12 17:45:00+00:00,4184.49,4208.44,4177.13,4203.87,7806,8,0
2026-06-12 18:00:00+00:00,4203.93,4215.19,4200.17,4213.99,7556,8,0
2026-06-12 18:15:00+00:00,4214.13,4235.59,4212.69,4225.82,7041,8,0
2026-06-12 18:30:00+00:00,4225.8,4228.42,4210.46,4210.98,7134,8,0
2026-06-12 18:45:00+00:00,4211.02,4218.97,4206.98,4211.8,7099,8,0
2026-06-12 19:00:00+00:00,4211.74,4224.77,4208.07,4221.7,7261,8,0
2026-06-12 19:15:00+00:00,4221.74,4233.29,4215.85,4217.02,7153,8,0
2026-06-12 19:30:00+00:00,4217.01,4220.43,4211.66,4213.28,6751,10,0
2026-06-12 19:45:00+00:00,4213.34,4218.48,4211.32,4216.72,6305,10,0
2026-06-12 20:00:00+00:00,4216.39,4226.74,4215.32,4218.69,6234,10,0
2026-06-12 20:15:00+00:00,4218.75,4224.04,4214.18,4219.19,5383,10,0
2026-06-12 20:30:00+00:00,4219.24,4223.95,4214.29,4222.79,5537,10,0
2026-06-12 20:45:00+00:00,4222.81,4225.46,4220.01,4221.65,5642,10,0
2026-06-12 21:00:00+00:00,4221.75,4229.34,4218.52,4227.86,5508,10,0
2026-06-12 21:15:00+00:00,4227.82,4235.51,4224.56,4226.61,5543,8,0
2026-06-12 21:30:00+00:00,4226.63,4230.85,4224.49,4230.16,4086,8,0
2026-06-12 21:45:00+00:00,4230.06,4230.06,4215.06,4216.48,4160,8,0
2026-06-12 22:00:00+00:00,4216.5,4220.06,4215.22,4218.36,4697,8,0
2026-06-12 22:15:00+00:00,4218.37,4218.4,4207.9,4208.52,4367,8,0
2026-06-12 22:30:00+00:00,4208.51,4210.33,4201.83,4204.51,5737,8,0
2026-06-12 22:45:00+00:00,4204.41,4211.34,4202.97,4210.76,5251,8,0
2026-06-12 23:00:00+00:00,4210.77,4213.59,4209.47,4212.6,2654,8,0
2026-06-12 23:15:00+00:00,4212.62,4216.94,4212.38,4214.46,1430,8,0
2026-06-12 23:30:00+00:00,4214.55,4214.55,4212.52,4213.75,1691,8,0
2026-06-12 23:45:00+00:00,4213.74,4219.19,4212.53,4218.71,1050,8,0
2026-06-15 01:00:00+00:00,4274.21,4308.75,4262.8,4300.17,4778,19,0
2026-06-15 01:15:00+00:00,4300.22,4306.51,4284.01,4287.21,3764,10,0
2026-06-15 01:30:00+00:00,4286.88,4288.66,4280.44,4285.33,3941,8,0
2026-06-15 01:45:00+00:00,4285.32,4291.93,4284.94,4285.82,2533,8,0
2026-06-15 02:00:00+00:00,4285.66,4288.36,4282.31,4283.12,3369,8,0
2026-06-15 02:15:00+00:00,4283.13,4284.76,4281.16,4283.39,2737,8,0
2026-06-15 02:30:00+00:00,4283.45,4286.23,4281.65,4285.06,2074,8,0
2026-06-15 02:45:00+00:00,4285.2,4295.15,4284.28,4294.13,4026,8,0
2026-06-15 03:00:00+00:00,4294.15,4301.1,4293.37,4299.95,4609,8,0
2026-06-15 03:15:00+00:00,4300.07,4308.26,4299.73,4300.95,4703,8,0
2026-06-15 03:30:00+00:00,4300.94,4305.54,4295.77,4297.67,4103,8,0
2026-06-15 03:45:00+00:00,4297.74,4300.0,4291.66,4292.64,4245,8,0
2026-06-15 04:00:00+00:00,4292.78,4300.39,4285.53,4296.22,7157,8,0
2026-06-15 04:15:00+00:00,4296.23,4306.54,4289.31,4303.47,6349,8,0
2026-06-15 04:30:00+00:00,4303.48,4319.64,4301.25,4317.91,6140,8,0
2026-06-15 04:45:00+00:00,4317.79,4319.21,4313.21,4316.79,5481,8,0
2026-06-15 05:00:00+00:00,4316.8,4326.73,4316.05,4326.5,5152,8,0
2026-06-15 05:15:00+00:00,4326.49,4331.27,4324.4,4328.15,3427,8,0
2026-06-15 05:30:00+00:00,4328.37,4334.36,4327.86,4330.1,4926,8,0
2026-06-15 05:45:00+00:00,4330.12,4335.56,4327.84,4329.54,4506,8,0
2026-06-15 06:00:00+00:00,4329.53,4331.31,4321.94,4325.27,4590,8,0
2026-06-15 06:15:00+00:00,4325.3,4328.95,4321.41,4323.95,4534,8,0
2026-06-15 06:30:00+00:00,4323.99,4327.38,4321.25,4323.33,3191,8,0
2026-06-15 06:45:00+00:00,4323.07,4327.4,4323.0,4324.95,2181,8,0
2026-06-15 07:00:00+00:00,4324.96,4327.79,4322.78,4326.33,2620,8,0
2026-06-15 07:15:00+00:00,4326.35,4327.73,4321.05,4327.12,2911,8,0
2026-06-15 07:30:00+00:00,4327.13,4330.25,4325.4,4327.91,2142,8,0
2026-06-15 07:45:00+00:00,4327.89,4329.36,4326.57,4328.21,2376,8,0
2026-06-15 08:00:00+00:00,4328.25,4330.93,4324.0,4328.75,3234,8,0
2026-06-15 08:15:00+00:00,4328.73,4333.08,4325.98,4330.3,3139,8,0
2026-06-15 08:30:00+00:00,4330.34,4332.73,4312.75,4312.77,5016,8,0
2026-06-15 08:45:00+00:00,4312.78,4316.33,4307.51,4310.07,4180,8,0
2026-06-15 09:00:00+00:00,4310.14,4313.42,4302.83,4308.82,5081,8,0
2026-06-15 09:15:00+00:00,4308.81,4309.51,4303.03,4305.03,4406,8,0
2026-06-15 09:30:00+00:00,4305.04,4307.09,4300.89,4306.44,5030,8,0
2026-06-15 09:45:00+00:00,4306.37,4309.84,4304.23,4308.18,3490,8,0
2026-06-15 10:00:00+00:00,4308.21,4314.39,4305.38,4313.59,3465,8,0
2026-06-15 10:15:00+00:00,4313.79,4318.85,4313.22,4316.8,3491,8,0
2026-06-15 10:30:00+00:00,4316.91,4317.53,4311.99,4316.69,3783,8,0
2026-06-15 10:45:00+00:00,4316.7,4325.33,4312.64,4323.21,3512,8,0
2026-06-15 11:00:00+00:00,4322.95,4329.65,4321.72,4328.98,3247,8,0
2026-06-15 11:15:00+00:00,4328.97,4332.75,4327.37,4328.5,3911,8,0
2026-06-15 11:30:00+00:00,4328.57,4345.3,4327.97,4341.02,3837,8,0
2026-06-15 11:45:00+00:00,4341.01,4343.07,4334.11,4334.18,3395,8,0
2026-06-15 12:00:00+00:00,4334.19,4343.19,4334.19,4340.2,4041,8,0
2026-06-15 12:15:00+00:00,4340.18,4343.3,4336.48,4338.68,3791,8,0
2026-06-15 12:30:00+00:00,4338.95,4341.09,4335.01,4335.67,3759,8,0
2026-06-15 12:45:00+00:00,4335.65,4340.83,4335.08,4336.63,3157,8,0
2026-06-15 13:00:00+00:00,4336.61,4340.45,4335.82,4337.79,3132,8,0
2026-06-15 13:15:00+00:00,4337.8,4339.5,4336.1,4338.55,2684,8,0
2026-06-15 13:30:00+00:00,4338.56,4340.44,4335.25,4337.8,2468,8,0
2026-06-15 13:45:00+00:00,4337.81,4341.5,4336.37,4338.1,2747,8,0
2026-06-15 14:00:00+00:00,4338.2,4339.96,4336.2,4338.0,3043,8,0
2026-06-15 14:15:00+00:00,4337.99,4341.54,4336.1,4340.94,2439,8,0
2026-06-15 14:30:00+00:00,4341.14,4347.57,4338.08,4338.44,3246,8,0
2026-06-15 14:45:00+00:00,4338.41,4338.64,4331.89,4335.09,4406,8,0
2026-06-15 15:00:00+00:00,4335.19,4338.71,4330.49,4331.3,3639,8,0
2026-06-15 15:15:00+00:00,4331.09,4338.26,4324.55,4337.44,4321,8,0
2026-06-15 15:30:00+00:00,4337.53,4346.74,4335.18,4344.95,3646,8,0
2026-06-15 15:45:00+00:00,4345.0,4349.46,4343.31,4349.0,3551,8,0
2026-06-15 16:00:00+00:00,4349.07,4350.48,4341.32,4349.57,4703,8,0
2026-06-15 16:15:00+00:00,4349.36,4355.95,4349.36,4353.25,4573,8,0
2026-06-15 16:30:00+00:00,4353.27,4368.8,4352.21,4363.86,6458,8,0
2026-06-15 16:45:00+00:00,4363.35,4364.69,4354.42,4355.25,5356,8,0
2026-06-15 17:00:00+00:00,4354.65,4369.43,4354.11,4357.38,5826,8,0
2026-06-15 17:15:00+00:00,4357.4,4364.31,4353.99,4363.73,5886,8,0
2026-06-15 17:30:00+00:00,4363.74,4365.27,4353.91,4357.07,5157,8,0
2026-06-15 17:45:00+00:00,4357.06,4363.39,4355.45,4356.76,5123,8,0
2026-06-15 18:00:00+00:00,4356.55,4359.01,4349.58,4350.99,5414,8,0
2026-06-15 18:15:00+00:00,4350.97,4358.18,4350.15,4353.91,4157,8,0
2026-06-15 18:30:00+00:00,4353.98,4359.86,4349.82,4357.5,4951,8,0
2026-06-15 18:45:00+00:00,4357.61,4360.84,4354.89,4356.27,4078,8,0
2026-06-15 19:00:00+00:00,4356.14,4358.71,4348.92,4351.51,3282,8,0
2026-06-15 19:15:00+00:00,4351.49,4352.32,4338.93,4342.99,4505,8,0
2026-06-15 19:30:00+00:00,4342.8,4343.09,4336.3,4336.39,3536,8,0
2026-06-15 19:45:00+00:00,4336.34,4339.94,4334.59,4339.32,3779,8,0
2026-06-15 20:00:00+00:00,4339.38,4339.38,4330.78,4333.94,4277,8,0
2026-06-15 20:15:00+00:00,4334.01,4334.89,4329.01,4329.96,3458,8,0
2026-06-15 20:30:00+00:00,4329.84,4329.95,4321.16,4322.07,3780,8,0
2026-06-15 20:45:00+00:00,4322.08,4325.43,4320.55,4324.7,3881,8,0
2026-06-15 21:00:00+00:00,4324.84,4325.05,4318.16,4324.29,4263,8,0
2026-06-15 21:15:00+00:00,4324.3,4328.11,4322.87,4324.8,2775,8,0
2026-06-15 21:30:00+00:00,4324.81,4326.34,4321.83,4324.96,3271,8,0
2026-06-15 21:45:00+00:00,4324.98,4327.34,4324.14,4325.67,2630,8,0
2026-06-15 22:00:00+00:00,4325.72,4326.74,4320.81,4322.52,3071,8,0
2026-06-15 22:15:00+00:00,4322.51,4324.65,4320.81,4321.41,2913,8,0
2026-06-15 22:30:00+00:00,4321.42,4323.75,4318.22,4319.2,3568,8,0
2026-06-15 22:45:00+00:00,4319.21,4321.0,4316.57,4320.75,3638,8,0
2026-06-15 23:00:00+00:00,4320.76,4322.15,4315.75,4315.99,2105,8,0
2026-06-15 23:15:00+00:00,4316.05,4318.57,4310.68,4312.66,1656,8,0
2026-06-15 23:30:00+00:00,4312.7,4313.06,4308.29,4309.67,1321,8,0
2026-06-15 23:45:00+00:00,4309.71,4310.59,4306.66,4309.54,1311,8,0
2026-06-16 01:00:00+00:00,4310.45,4315.33,4308.97,4309.94,1389,13,0
2026-06-16 01:15:00+00:00,4310.0,4313.3,4305.94,4308.5,1833,8,0
2026-06-16 01:30:00+00:00,4308.52,4314.35,4306.81,4312.26,1668,8,0
2026-06-16 01:45:00+00:00,4312.27,4314.35,4310.58,4311.93,1898,8,0
2026-06-16 02:00:00+00:00,4311.92,4316.51,4311.88,4313.33,2022,8,0
2026-06-16 02:15:00+00:00,4313.34,4315.6,4311.32,4315.51,1912,8,0
2026-06-16 02:30:00+00:00,4315.5,4319.29,4313.62,4318.28,2326,8,0
2026-06-16 02:45:00+00:00,4318.3,4319.09,4313.12,4315.61,2347,8,0
2026-06-16 03:00:00+00:00,4315.58,4318.31,4313.35,4313.54,2865,8,0
2026-06-16 03:15:00+00:00,4313.52,4315.8,4306.9,4308.27,3762,8,0
2026-06-16 03:30:00+00:00,4308.5,4313.79,4307.86,4311.1,3803,8,0
2026-06-16 03:45:00+00:00,4311.08,4320.83,4310.71,4319.21,3816,8,0
2026-06-16 04:00:00+00:00,4319.2,4325.97,4315.6,4320.12,6068,8,0
2026-06-16 04:15:00+00:00,4319.97,4324.03,4316.42,4319.41,4754,8,0
2026-06-16 04:30:00+00:00,4319.33,4320.53,4313.3,4315.08,5266,8,0
2026-06-16 04:45:00+00:00,4315.07,4319.5,4312.11,4313.55,4682,8,0
2026-06-16 05:00:00+00:00,4313.57,4314.16,4307.7,4309.61,4376,8,0
2026-06-16 05:15:00+00:00,4309.57,4312.98,4308.29,4312.65,2663,8,0
2026-06-16 05:30:00+00:00,4312.63,4318.36,4309.68,4312.08,4212,8,0
2026-06-16 05:45:00+00:00,4312.09,4320.89,4311.24,4318.69,3929,8,0
2026-06-16 06:00:00+00:00,4318.55,4321.28,4317.18,4318.59,3562,8,0
2026-06-16 06:15:00+00:00,4318.61,4322.65,4315.38,4321.23,3369,8,0
2026-06-16 06:30:00+00:00,4321.24,4332.98,4319.88,4331.89,3319,8,0
2026-06-16 06:45:00+00:00,4331.78,4333.17,4329.0,4330.47,3163,8,0
2026-06-16 07:00:00+00:00,4330.41,4332.14,4325.6,4327.08,2920,8,0
2026-06-16 07:15:00+00:00,4327.03,4327.79,4322.14,4322.89,2633,8,0
2026-06-16 07:30:00+00:00,4322.98,4325.36,4321.82,4323.14,2672,8,0
2026-06-16 07:45:00+00:00,4323.15,4323.86,4321.22,4322.5,2887,8,0
2026-06-16 08:00:00+00:00,4322.51,4329.16,4322.05,4326.34,2794,8,0
2026-06-16 08:15:00+00:00,4326.33,4327.99,4324.5,4327.29,2876,8,0
2026-06-16 08:30:00+00:00,4327.22,4330.84,4315.93,4317.83,5602,8,0
2026-06-16 08:45:00+00:00,4317.82,4321.13,4314.31,4315.89,4531,8,0
2026-06-16 09:00:00+00:00,4315.93,4319.69,4313.43,4318.6,4426,8,0
2026-06-16 09:15:00+00:00,4318.59,4318.66,4314.39,4316.57,4185,8,0
2026-06-16 09:30:00+00:00,4316.59,4320.23,4314.11,4316.33,4509,8,0
2026-06-16 09:45:00+00:00,4316.26,4324.42,4316.14,4323.93,4513,8,0
2026-06-16 10:00:00+00:00,4323.93,4328.53,4322.64,4326.15,3168,8,0
2026-06-16 10:15:00+00:00,4326.13,4329.73,4324.23,4328.78,3715,8,0
2026-06-16 10:30:00+00:00,4328.79,4332.72,4326.19,4327.74,3672,8,0
2026-06-16 10:45:00+00:00,4327.73,4335.63,4326.66,4335.11,3957,8,0
2026-06-16 11:00:00+00:00,4335.2,4340.17,4332.78,4338.01,4112,8,0
2026-06-16 11:15:00+00:00,4338.0,4343.6,4337.71,4341.2,4019,8,0
2026-06-16 11:30:00+00:00,4341.26,4345.2,4339.18,4343.39,3567,8,0
2026-06-16 11:45:00+00:00,4343.37,4348.02,4340.84,4347.02,3667,8,0
2026-06-16 12:00:00+00:00,4347.03,4348.29,4344.04,4346.21,3303,8,0
2026-06-16 12:15:00+00:00,4346.2,4346.38,4338.43,4339.88,2784,8,0
2026-06-16 12:30:00+00:00,4339.99,4346.3,4339.49,4342.11,3031,8,0
2026-06-16 12:45:00+00:00,4342.1,4348.34,4340.41,4345.33,2772,8,0
2026-06-16 13:00:00+00:00,4345.29,4346.76,4343.15,4346.04,2543,8,0
2026-06-16 13:15:00+00:00,4346.03,4346.75,4343.71,4344.37,2377,8,0
2026-06-16 13:30:00+00:00,4344.4,4346.82,4342.19,4346.76,2590,8,0
2026-06-16 13:45:00+00:00,4346.74,4349.01,4346.55,4349.0,2496,8,0
2026-06-16 14:00:00+00:00,4348.97,4349.34,4339.66,4341.63,3507,8,0
2026-06-16 14:15:00+00:00,4341.64,4343.51,4338.69,4342.07,2973,8,0
2026-06-16 14:30:00+00:00,4342.08,4342.29,4335.14,4339.0,3802,8,0
2026-06-16 14:45:00+00:00,4338.89,4341.69,4336.93,4341.05,3091,8,0
2026-06-16 15:00:00+00:00,4341.09,4345.6,4338.16,4344.67,4244,8,0
2026-06-16 15:15:00+00:00,4344.57,4345.15,4337.35,4343.76,4057,8,0
2026-06-16 15:30:00+00:00,4343.75,4349.79,4341.62,4349.55,4609,8,0
2026-06-16 15:45:00+00:00,4349.56,4355.08,4348.61,4354.75,4060,8,0
2026-06-16 16:00:00+00:00,4354.74,4354.95,4341.96,4343.52,5346,8,0
2026-06-16 16:15:00+00:00,4343.85,4344.8,4333.25,4335.06,5533,8,0
2026-06-16 16:30:00+00:00,4335.09,4340.65,4333.76,4339.01,6483,8,0
2026-06-16 16:45:00+00:00,4339.0,4340.65,4331.59,4331.7,5912,8,0
2026-06-16 17:00:00+00:00,4331.78,4338.71,4331.48,4335.42,5473,8,0
2026-06-16 17:15:00+00:00,4335.53,4335.53,4317.64,4319.63,6694,8,0
2026-06-16 17:30:00+00:00,4319.68,4328.45,4313.26,4324.48,6474,8,0
2026-06-16 17:45:00+00:00,4324.46,4327.4,4321.53,4324.1,6134,8,0
2026-06-16 18:00:00+00:00,4324.09,4327.16,4322.34,4324.57,5547,8,0
2026-06-16 18:15:00+00:00,4324.58,4328.73,4321.13,4325.9,5594,8,0
2026-06-16 18:30:00+00:00,4325.91,4328.86,4322.97,4326.69,5518,8,0
2026-06-16 18:45:00+00:00,4326.66,4343.51,4322.07,4335.23,6402,8,0
2026-06-16 19:00:00+00:00,4335.24,4347.05,4334.86,4345.88,6033,8,0
2026-06-16 19:15:00+00:00,4346.09,4346.83,4341.87,4344.56,4970,8,0
2026-06-16 19:30:00+00:00,4344.51,4345.2,4340.07,4344.06,5276,8,0
2026-06-16 19:45:00+00:00,4343.9,4346.47,4340.08,4340.61,4629,8,0
2026-06-16 20:00:00+00:00,4340.52,4341.23,4334.24,4335.64,4152,8,0
2026-06-16 20:15:00+00:00,4335.65,4336.08,4325.43,4334.75,5136,10,0
2026-06-16 20:30:00+00:00,4334.76,4340.04,4334.2,4338.54,5153,10,0
2026-06-16 20:45:00+00:00,4338.55,4340.59,4335.96,4340.29,4746,10,0
2026-06-16 21:00:00+00:00,4340.27,4342.8,4339.11,4341.83,4333,10,0
2026-06-16 21:15:00+00:00,4341.84,4342.42,4339.07,4341.39,4214,10,0
2026-06-16 21:30:00+00:00,4341.37,4342.79,4338.32,4338.82,3897,10,0
2026-06-16 21:45:00+00:00,4338.94,4340.19,4336.18,4338.54,2904,10,0
2026-06-16 22:00:00+00:00,4338.55,4342.97,4337.78,4339.17,3973,10,0
2026-06-16 22:15:00+00:00,4339.18,4341.08,4336.48,4339.5,3657,10,0
2026-06-16 22:30:00+00:00,4339.52,4339.98,4336.84,4338.52,3505,10,0
2026-06-16 22:45:00+00:00,4338.6,4339.7,4330.64,4334.5,4630,10,0
2026-06-16 23:00:00+00:00,4334.31,4334.31,4331.21,4331.29,1492,10,0
2026-06-16 23:15:00+00:00,4331.26,4334.02,4331.09,4332.83,992,10,0
2026-06-16 23:30:00+00:00,4332.85,4334.84,4331.67,4333.59,1051,10,0
2026-06-16 23:45:00+00:00,4333.62,4333.62,4329.54,4330.98,1913,8,0
2026-06-17 01:00:00+00:00,4332.96,4335.67,4330.09,4332.44,841,14,0
2026-06-17 01:15:00+00:00,4332.34,4333.09,4328.99,4330.14,1118,8,0
2026-06-17 01:30:00+00:00,4330.15,4333.16,4330.08,4332.71,859,11,0
2026-06-17 01:45:00+00:00,4332.69,4336.03,4332.16,4335.53,693,15,0
2026-06-17 02:00:00+00:00,4335.5,4338.3,4333.87,4336.64,778,14,0
2026-06-17 02:15:00+00:00,4336.59,4337.01,4335.74,4336.17,470,14,0
2026-06-17 02:30:00+00:00,4336.21,4336.51,4332.98,4334.61,604,14,0
2026-06-17 02:45:00+00:00,4334.57,4335.04,4329.57,4330.94,1134,18,0
2026-06-17 03:00:00+00:00,4331.61,4340.13,4328.59,4337.64,2874,10,0
2026-06-17 03:15:00+00:00,4337.66,4341.86,4336.7,4337.33,2379,10,0
2026-06-17 03:30:00+00:00,4337.32,4338.91,4334.89,4335.32,1618,10,0
2026-06-17 03:45:00+00:00,4335.31,4337.92,4332.28,4337.14,3276,8,0
2026-06-17 04:00:00+00:00,4336.9,4349.73,4334.33,4347.57,5828,8,0
2026-06-17 04:15:00+00:00,4347.76,4347.76,4339.19,4343.31,5369,8,0
2026-06-17 04:30:00+00:00,4343.24,4344.16,4338.03,4339.55,4795,8,0
2026-06-17 04:45:00+00:00,4339.52,4343.53,4336.88,4340.97,4233,8,0
2026-06-17 05:00:00+00:00,4340.94,4344.29,4340.06,4342.13,4012,8,0
2026-06-17 05:15:00+00:00,4342.11,4344.47,4339.64,4340.65,2571,8,0
2026-06-17 05:30:00+00:00,4340.62,4343.88,4337.69,4338.77,4366,8,0
2026-06-17 05:45:00+00:00,4338.8,4338.9,4329.76,4331.68,4047,8,0
2026-06-17 06:00:00+00:00,4331.51,4334.15,4329.5,4330.55,2722,8,0
2026-06-17 06:15:00+00:00,4330.33,4332.45,4328.64,4331.59,3303,8,0
2026-06-17 06:30:00+00:00,4331.76,4333.56,4330.32,4333.21,2362,8,0
2026-06-17 06:45:00+00:00,4333.23,4333.8,4330.59,4332.34,2508,8,0
2026-06-17 07:00:00+00:00,4332.3,4332.38,4328.61,4330.84,2294,8,0
2026-06-17 07:15:00+00:00,4330.75,4334.16,4324.15,4324.62,2783,8,0
2026-06-17 07:30:00+00:00,4324.42,4325.76,4317.59,4323.21,2766,8,0
2026-06-17 07:45:00+00:00,4323.2,4326.83,4322.4,4326.83,2272,8,0
2026-06-17 08:00:00+00:00,4326.8,4327.9,4321.36,4322.56,2022,8,0
2026-06-17 08:15:00+00:00,4322.54,4327.69,4321.15,4327.37,2503,8,0
2026-06-17 08:30:00+00:00,4327.32,4333.28,4326.97,4329.76,4554,8,0
2026-06-17 08:45:00+00:00,4329.75,4334.29,4324.52,4326.52,3885,8,0
2026-06-17 09:00:00+00:00,4326.55,4330.04,4324.49,4329.5,3641,8,0
2026-06-17 09:15:00+00:00,4329.54,4329.54,4320.51,4324.44,4146,8,0
2026-06-17 09:30:00+00:00,4324.46,4329.24,4322.57,4327.72,4003,8,0
2026-06-17 09:45:00+00:00,4327.75,4331.87,4326.72,4331.7,2503,8,0
2026-06-17 10:00:00+00:00,4331.65,4332.93,4327.05,4327.25,2230,8,0
2026-06-17 10:15:00+00:00,4327.26,4332.84,4326.68,4329.15,2484,8,0
2026-06-17 10:30:00+00:00,4329.06,4331.76,4325.47,4328.95,1528,8,0
2026-06-17 10:45:00+00:00,4329.03,4329.54,4324.69,4325.31,1693,8,0
2026-06-17 11:00:00+00:00,4325.3,4327.92,4322.22,4322.84,4323,8,0
2026-06-17 11:15:00+00:00,4322.85,4324.98,4319.71,4323.69,4011,8,0
2026-06-17 11:30:00+00:00,4323.62,4324.49,4319.13,4320.21,3595,8,0
2026-06-17 11:45:00+00:00,4320.08,4325.57,4317.56,4324.79,2975,8,0
2026-06-17 12:00:00+00:00,4324.75,4326.0,4321.33,4325.35,2182,8,0
2026-06-17 12:15:00+00:00,4325.39,4333.33,4325.3,4332.07,3655,8,0
2026-06-17 12:30:00+00:00,4332.07,4335.72,4328.37,4328.6,3220,8,0
2026-06-17 12:45:00+00:00,4328.67,4329.8,4325.67,4329.54,2865,8,0
2026-06-17 13:00:00+00:00,4329.53,4331.1,4327.7,4330.91,3399,8,0
2026-06-17 13:15:00+00:00,4330.93,4331.08,4326.71,4329.0,2379,8,0
2026-06-17 13:30:00+00:00,4329.05,4331.31,4327.14,4330.96,2574,8,0
2026-06-17 13:45:00+00:00,4330.94,4335.2,4330.84,4331.47,2789,8,0
2026-06-17 14:00:00+00:00,4331.48,4331.92,4327.87,4329.15,3182,8,0
2026-06-17 14:15:00+00:00,4329.13,4331.82,4328.0,4328.81,3163,8,0
2026-06-17 14:30:00+00:00,4328.84,4329.06,4324.26,4325.97,3481,8,0
2026-06-17 14:45:00+00:00,4325.95,4327.26,4320.99,4323.15,3599,8,0
2026-06-17 15:00:00+00:00,4323.17,4325.04,4319.76,4323.54,3449,8,0
2026-06-17 15:15:00+00:00,4323.48,4327.77,4321.82,4325.26,3241,8,0
2026-06-17 15:30:00+00:00,4324.9,4332.19,4323.72,4331.7,3685,8,0
2026-06-17 15:45:00+00:00,4331.95,4335.3,4331.08,4333.64,2013,8,0
2026-06-17 16:00:00+00:00,4333.63,4334.32,4324.14,4331.79,3770,8,0
2026-06-17 16:15:00+00:00,4331.75,4338.54,4330.83,4335.43,3972,8,0
2026-06-17 16:30:00+00:00,4335.46,4341.96,4332.62,4341.81,6367,8,0
2026-06-17 16:45:00+00:00,4341.86,4345.24,4339.26,4339.86,5817,8,0
2026-06-17 17:00:00+00:00,4339.87,4346.23,4335.77,4342.4,6009,8,0
2026-06-17 17:15:00+00:00,4342.41,4362.33,4341.02,4360.39,6150,8,0
2026-06-17 17:30:00+00:00,4360.35,4363.91,4347.41,4352.04,5776,8,0
2026-06-17 17:45:00+00:00,4352.05,4355.71,4330.81,4344.45,6637,8,0
2026-06-17 18:00:00+00:00,4344.43,4348.42,4343.85,4348.09,6755,8,0
2026-06-17 18:15:00+00:00,4348.04,4359.98,4346.95,4355.5,5874,8,0
2026-06-17 18:30:00+00:00,4355.54,4361.27,4354.58,4358.33,4926,8,0
2026-06-17 18:45:00+00:00,4358.48,4365.11,4357.97,4363.86,4515,8,0
2026-06-17 19:00:00+00:00,4363.88,4366.07,4360.63,4362.24,4716,8,0
2026-06-17 19:15:00+00:00,4362.34,4366.48,4360.62,4365.02,3965,8,0
2026-06-17 19:30:00+00:00,4365.1,4365.31,4355.1,4358.23,4252,8,0
2026-06-17 19:45:00+00:00,4358.22,4360.17,4356.68,4359.99,4205,8,0
2026-06-17 20:00:00+00:00,4360.04,4361.7,4355.98,4359.51,4860,8,0
2026-06-17 20:15:00+00:00,4359.5,4364.08,4358.43,4361.33,3987,8,0
2026-06-17 20:30:00+00:00,4361.35,4382.27,4360.86,4376.12,5422,8,0
2026-06-17 20:45:00+00:00,4376.13,4381.87,4373.79,4379.96,4816,8,0
2026-06-17 21:00:00+00:00,4379.91,4379.91,4277.74,4284.76,7835,10,0
2026-06-17 21:15:00+00:00,4284.83,4308.4,4283.56,4292.63,7756,10,0
2026-06-17 21:30:00+00:00,4292.62,4327.06,4269.78,4323.92,7829,10,0
2026-06-17 21:45:00+00:00,4323.75,4332.01,4278.61,4285.73,7893,10,0
2026-06-17 22:00:00+00:00,4286.13,4295.56,4260.66,4264.72,7762,10,0
2026-06-17 22:15:00+00:00,4264.73,4265.18,4226.4,4227.39,7714,10,0
2026-06-17 22:30:00+00:00,4227.06,4235.77,4218.88,4229.73,8061,10,0
2026-06-17 22:45:00+00:00,4230.41,4247.0,4229.77,4236.06,7472,10,0
2026-06-17 23:00:00+00:00,4235.99,4260.63,4235.42,4258.44,5591,10,0
2026-06-17 23:15:00+00:00,4258.35,4269.84,4254.69,4258.2,4640,10,0
2026-06-17 23:30:00+00:00,4258.23,4265.51,4258.23,4260.16,3873,10,0
2026-06-17 23:45:00+00:00,4260.18,4262.55,4255.91,4258.77,3399,10,0
2026-06-18 01:00:00+00:00,4257.81,4268.35,4254.5,4265.34,2417,15,0
2026-06-18 01:15:00+00:00,4265.67,4271.27,4264.7,4266.94,1972,24,0
2026-06-18 01:30:00+00:00,4266.97,4268.85,4263.6,4263.93,1478,20,0
2026-06-18 01:45:00+00:00,4264.08,4270.98,4260.52,4266.8,2294,10,0
2026-06-18 02:00:00+00:00,4266.79,4282.43,4264.22,4281.89,2979,10,0
2026-06-18 02:15:00+00:00,4281.96,4284.08,4275.55,4280.1,3745,10,0
2026-06-18 02:30:00+00:00,4280.13,4282.88,4267.91,4276.24,3403,10,0
2026-06-18 02:45:00+00:00,4276.25,4279.61,4272.3,4277.97,3552,10,0
2026-06-18 03:00:00+00:00,4278.01,4299.26,4276.53,4297.44,5955,10,0
2026-06-18 03:15:00+00:00,4297.51,4301.37,4294.74,4300.71,5529,10,0
2026-06-18 03:30:00+00:00,4300.72,4311.66,4299.78,4310.99,5195,10,0
2026-06-18 03:45:00+00:00,4310.98,4315.39,4308.22,4308.67,5376,10,0
2026-06-18 04:00:00+00:00,4308.52,4328.59,4307.03,4323.08,6811,10,0
2026-06-18 04:15:00+00:00,4323.0,4323.73,4315.26,4318.95,4999,10,0
2026-06-18 04:30:00+00:00,4319.05,4325.19,4317.06,4322.5,5556,10,0
2026-06-18 04:45:00+00:00,4322.46,4326.03,4317.29,4317.84,4139,10,0
2026-06-18 05:00:00+00:00,4317.87,4330.01,4316.39,4327.08,4775,10,0
2026-06-18 05:15:00+00:00,4326.97,4329.74,4323.32,4324.35,3869,10,0
2026-06-18 05:30:00+00:00,4324.33,4325.41,4316.16,4316.5,5018,8,0
2026-06-18 05:45:00+00:00,4316.58,4318.99,4310.49,4310.96,4759,8,0
2026-06-18 06:00:00+00:00,4310.99,4316.44,4309.08,4311.68,4151,8,0
2026-06-18 06:15:00+00:00,4311.87,4316.87,4310.76,4314.74,4132,8,0
2026-06-18 06:30:00+00:00,4314.64,4322.64,4313.78,4318.91,3424,8,0
2026-06-18 06:45:00+00:00,4318.95,4320.82,4316.73,4319.71,2490,8,0
2026-06-18 07:00:00+00:00,4319.72,4324.03,4314.68,4317.53,2978,8,0
2026-06-18 07:15:00+00:00,4317.5,4319.12,4311.68,4313.65,3066,8,0
2026-06-18 07:30:00+00:00,4313.71,4318.36,4309.84,4309.93,3516,8,0
2026-06-18 07:45:00+00:00,4309.95,4317.46,4309.79,4316.04,3357,8,0
2026-06-18 08:00:00+00:00,4315.82,4318.38,4312.36,4315.92,3099,8,0
2026-06-18 08:15:00+00:00,4316.0,4323.33,4315.63,4323.31,3209,8,0
2026-06-18 08:30:00+00:00,4323.32,4324.77,4309.6,4310.56,4400,8,0
2026-06-18 08:45:00+00:00,4310.57,4311.8,4301.15,4308.15,5438,8,0
2026-06-18 09:00:00+00:00,4308.14,4309.99,4296.27,4298.95,5577,8,0
2026-06-18 09:15:00+00:00,4298.91,4305.41,4296.49,4305.1,5495,8,0
2026-06-18 09:30:00+00:00,4304.94,4305.52,4299.2,4301.53,4717,8,0
2026-06-18 09:45:00+00:00,4301.52,4307.58,4301.2,4306.67,4750,8,0
2026-06-18 10:00:00+00:00,4306.57,4309.23,4300.37,4307.2,4407,8,0
2026-06-18 10:15:00+00:00,4307.19,4309.56,4304.04,4307.57,3926,8,0
2026-06-18 10:30:00+00:00,4307.77,4307.77,4293.31,4297.71,4392,8,0
2026-06-18 10:45:00+00:00,4297.7,4298.76,4287.45,4288.59,4806,8,0
2026-06-18 11:00:00+00:00,4288.78,4292.91,4284.14,4287.06,4829,8,0
2026-06-18 11:15:00+00:00,4287.03,4290.03,4283.98,4284.72,4356,8,0
2026-06-18 11:30:00+00:00,4284.7,4289.82,4281.16,4281.73,4573,8,0
2026-06-18 11:45:00+00:00,4281.72,4281.84,4265.64,4266.84,5128,8,0
2026-06-18 12:00:00+00:00,4266.88,4269.46,4259.68,4267.69,5002,8,0
2026-06-18 12:15:00+00:00,4267.71,4273.27,4265.55,4266.56,4360,8,0
2026-06-18 12:30:00+00:00,4266.38,4269.06,4263.48,4268.54,4239,8,0
2026-06-18 12:45:00+00:00,4268.55,4273.35,4267.43,4268.7,4111,8,0
2026-06-18 13:00:00+00:00,4268.68,4270.07,4261.92,4268.16,5079,8,0
2026-06-18 13:15:00+00:00,4268.13,4272.89,4263.65,4269.46,4213,8,0
2026-06-18 13:30:00+00:00,4269.47,4270.94,4263.58,4264.1,4122,8,0
2026-06-18 13:45:00+00:00,4264.11,4266.63,4254.83,4255.57,4582,8,0
2026-06-18 14:00:00+00:00,4255.58,4255.79,4240.47,4247.55,5493,8,0
2026-06-18 14:15:00+00:00,4247.45,4249.86,4243.66,4248.98,4948,8,0
2026-06-18 14:30:00+00:00,4249.0,4250.32,4241.95,4243.42,5059,8,0
2026-06-18 14:45:00+00:00,4243.44,4246.07,4239.93,4242.14,4999,8,0
2026-06-18 15:00:00+00:00,4242.13,4258.15,4240.57,4256.36,5317,8,0
2026-06-18 15:15:00+00:00,4256.35,4269.2,4254.31,4255.32,5416,8,0
2026-06-18 15:30:00+00:00,4255.29,4258.65,4241.38,4243.39,6101,8,0
2026-06-18 15:45:00+00:00,4243.47,4248.08,4241.07,4246.67,5466,8,0
2026-06-18 16:00:00+00:00,4246.66,4259.46,4245.03,4259.32,5305,8,0
2026-06-18 16:15:00+00:00,4259.41,4263.4,4252.85,4263.31,5413,8,0
2026-06-18 16:30:00+00:00,4263.29,4276.69,4263.06,4264.27,7551,8,0
2026-06-18 16:45:00+00:00,4264.43,4265.35,4250.6,4256.58,7269,8,0
2026-06-18 17:00:00+00:00,4256.53,4257.87,4239.28,4241.67,7372,8,0
2026-06-18 17:15:00+00:00,4241.64,4255.98,4237.29,4244.48,6902,8,0
2026-06-18 17:30:00+00:00,4244.35,4252.25,4241.18,4244.62,6802,8,0
2026-06-18 17:45:00+00:00,4244.51,4254.47,4240.21,4252.38,5960,8,0
2026-06-18 18:00:00+00:00,4252.35,4254.79,4246.41,4246.68,6619,8,0
2026-06-18 18:15:00+00:00,4246.71,4249.46,4234.49,4235.97,6450,8,0
2026-06-18 18:30:00+00:00,4235.82,4236.71,4224.08,4231.58,6836,8,0
2026-06-18 18:45:00+00:00,4231.66,4231.92,4223.17,4226.83,5736,8,0
2026-06-18 19:00:00+00:00,4226.6,4233.4,4225.89,4227.45,5901,8,0
2026-06-18 19:15:00+00:00,4227.7,4228.65,4221.88,4225.0,5712,8,0
2026-06-18 19:30:00+00:00,4225.33,4229.44,4215.26,4222.04,6315,8,0
2026-06-18 19:45:00+00:00,4221.99,4222.37,4213.26,4219.58,5381,8,0
2026-06-18 20:00:00+00:00,4219.61,4228.71,4218.57,4228.04,5077,8,0
2026-06-18 20:15:00+00:00,4227.98,4231.71,4225.79,4226.27,5274,8,0
2026-06-18 20:30:00+00:00,4226.29,4230.36,4222.47,4229.91,4985,8,0
2026-06-18 20:45:00+00:00,4229.85,4233.13,4227.38,4230.41,4294,8,0
2026-06-18 21:00:00+00:00,4230.4,4233.27,4227.45,4228.61,5012,8,0
2026-06-18 21:15:00+00:00,4228.4,4229.95,4225.53,4226.46,5090,8,0
2026-06-18 21:30:00+00:00,4226.45,4226.45,4220.55,4224.86,4798,8,0
2026-06-18 21:45:00+00:00,4224.89,4225.38,4218.31,4218.33,4797,8,0
2026-06-18 22:00:00+00:00,4218.34,4219.15,4203.98,4207.41,5713,8,0
2026-06-18 22:15:00+00:00,4207.39,4208.69,4202.09,4205.19,5550,8,0
2026-06-18 22:30:00+00:00,4205.18,4214.6,4201.61,4214.06,5472,8,0
2026-06-18 22:45:00+00:00,4214.1,4218.59,4213.34,4217.22,5207,8,0
2026-06-18 23:00:00+00:00,4217.01,4218.06,4214.94,4217.19,2705,8,0
2026-06-18 23:15:00+00:00,4217.18,4219.64,4214.98,4219.0,1766,8,0
2026-06-18 23:30:00+00:00,4218.99,4218.99,4213.09,4213.09,2115,8,0
2026-06-18 23:45:00+00:00,4212.99,4213.41,4207.96,4209.12,2225,8,0
2026-06-19 01:00:00+00:00,4210.44,4213.27,4203.28,4208.07,1137,8,0
2026-06-19 01:15:00+00:00,4208.15,4210.12,4202.71,4204.1,1696,8,0
2026-06-19 01:30:00+00:00,4203.91,4205.79,4203.08,4205.07,1692,8,0
2026-06-19 01:45:00+00:00,4205.09,4210.71,4204.22,4207.51,2013,8,0
2026-06-19 02:00:00+00:00,4207.5,4208.39,4194.24,4195.95,3035,8,0
2026-06-19 02:15:00+00:00,4195.94,4199.57,4193.96,4198.18,2427,8,0
2026-06-19 02:30:00+00:00,4198.23,4199.87,4194.58,4194.94,2547,8,0
2026-06-19 02:45:00+00:00,4194.97,4195.13,4186.93,4188.46,3773,8,0
2026-06-19 03:00:00+00:00,4188.47,4198.17,4184.38,4185.34,5541,8,0
2026-06-19 03:15:00+00:00,4185.55,4188.9,4184.21,4185.21,4629,8,0
2026-06-19 03:30:00+00:00,4185.2,4191.43,4184.49,4188.52,3687,8,0
2026-06-19 03:45:00+00:00,4188.53,4192.42,4187.54,4190.36,3275,8,0
2026-06-19 04:00:00+00:00,4190.42,4194.6,4184.39,4186.51,4223,8,0
2026-06-19 04:15:00+00:00,4186.57,4191.73,4183.69,4190.81,3352,8,0
2026-06-19 04:30:00+00:00,4190.79,4190.97,4184.59,4185.67,3834,8,0
2026-06-19 04:45:00+00:00,4185.7,4187.47,4184.1,4184.94,3019,8,0
2026-06-19 05:00:00+00:00,4184.99,4186.34,4178.77,4180.15,3761,8,0
2026-06-19 05:15:00+00:00,4180.27,4180.27,4175.09,4179.57,3508,8,0
2026-06-19 05:30:00+00:00,4179.56,4183.75,4177.17,4180.01,2672,8,0
2026-06-19 05:45:00+00:00,4180.09,4180.79,4171.91,4176.41,3117,8,0
2026-06-19 06:00:00+00:00,4176.47,4177.32,4166.06,4166.07,3739,8,0
2026-06-19 06:15:00+00:00,4166.09,4170.82,4165.16,4167.38,4190,8,0
2026-06-19 06:30:00+00:00,4167.46,4167.82,4157.99,4162.28,4765,8,0
2026-06-19 06:45:00+00:00,4162.27,4162.43,4146.01,4153.61,4350,8,0
2026-06-19 07:00:00+00:00,4153.73,4155.26,4143.2,4145.42,4584,8,0
2026-06-19 07:15:00+00:00,4145.51,4149.9,4141.5,4146.75,4285,8,0
2026-06-19 07:30:00+00:00,4146.71,4147.48,4133.61,4135.4,4715,8,0
2026-06-19 07:45:00+00:00,4135.36,4136.82,4125.19,4125.74,4709,8,0
2026-06-19 08:00:00+00:00,4126.21,4131.56,4121.63,4130.38,4324,8,0
2026-06-19 08:15:00+00:00,4130.41,4134.65,4125.77,4133.6,4762,8,0
2026-06-19 08:30:00+00:00,4133.63,4139.3,4130.65,4135.04,4540,8,0
2026-06-19 08:45:00+00:00,4135.03,4141.74,4132.92,4139.69,4535,8,0
2026-06-19 09:00:00+00:00,4139.73,4148.14,4133.68,4146.87,5240,8,0
2026-06-19 09:15:00+00:00,4147.04,4147.34,4139.12,4141.9,4797,8,0
2026-06-19 09:30:00+00:00,4141.89,4145.35,4132.32,4135.6,5056,8,0
2026-06-19 09:45:00+00:00,4135.61,4150.55,4134.04,4147.35,3756,8,0
2026-06-19 10:00:00+00:00,4147.15,4159.64,4147.15,4157.16,3726,8,0
2026-06-19 10:15:00+00:00,4157.28,4160.48,4152.13,4152.47,3777,8,0
2026-06-19 10:30:00+00:00,4152.53,4157.58,4151.2,4153.42,3594,8,0
2026-06-19 10:45:00+00:00,4153.95,4163.31,4151.05,4157.97,3573,8,0
2026-06-19 11:00:00+00:00,4158.01,4167.26,4155.36,4165.87,4459,8,0
2026-06-19 11:15:00+00:00,4165.75,4177.69,4165.27,4175.76,4283,8,0
2026-06-19 11:30:00+00:00,4175.85,4178.38,4166.71,4169.0,2109,8,0
2026-06-19 11:45:00+00:00,4168.99,4169.54,4164.57,4169.14,3134,8,0
2026-06-19 12:00:00+00:00,4169.09,4171.03,4163.54,4164.17,4613,8,0
2026-06-19 12:15:00+00:00,4164.16,4168.31,4162.02,4162.79,4042,8,0
2026-06-19 12:30:00+00:00,4162.78,4166.13,4162.45,4162.61,3222,8,0
2026-06-19 12:45:00+00:00,4162.62,4167.35,4160.92,4162.89,3850,8,0
2026-06-19 13:00:00+00:00,4162.9,4163.05,4152.95,4155.33,3834,8,0
2026-06-19 13:15:00+00:00,4155.35,4158.27,4152.75,4153.82,3404,8,0
2026-06-19 13:30:00+00:00,4153.85,4155.29,4150.19,4151.23,3833,8,0
2026-06-19 13:45:00+00:00,4151.26,4154.68,4148.11,4149.78,3587,8,0
2026-06-19 14:00:00+00:00,4149.73,4150.2,4142.62,4146.82,3647,8,0
2026-06-19 14:15:00+00:00,4146.89,4149.04,4143.31,4143.4,2808,8,0
2026-06-19 14:30:00+00:00,4143.52,4150.52,4141.89,4149.98,3429,8,0
2026-06-19 14:45:00+00:00,4149.97,4155.02,4148.64,4152.59,3446,8,0
2026-06-19 15:00:00+00:00,4152.6,4160.34,4152.32,4155.76,3839,8,0
2026-06-19 15:15:00+00:00,4155.78,4156.17,4151.25,4151.61,2775,8,0
2026-06-19 15:30:00+00:00,4151.84,4154.71,4148.14,4152.31,4007,8,0
2026-06-19 15:45:00+00:00,4152.3,4180.18,4147.19,4179.0,5740,8,0
2026-06-19 16:00:00+00:00,4178.91,4182.96,4164.54,4169.96,5857,8,0
2026-06-19 16:15:00+00:00,4169.94,4172.31,4162.02,4163.99,4543,8,0
2026-06-19 16:30:00+00:00,4163.97,4168.1,4157.78,4158.68,4438,8,0
2026-06-19 16:45:00+00:00,4158.57,4160.94,4150.54,4151.58,3878,8,0
2026-06-19 17:00:00+00:00,4151.5,4154.63,4147.85,4149.45,4223,8,0
2026-06-19 17:15:00+00:00,4149.42,4150.14,4143.74,4149.22,4203,8,0
2026-06-19 17:30:00+00:00,4149.21,4150.58,4143.29,4144.25,3964,8,0
2026-06-19 17:45:00+00:00,4144.46,4151.31,4142.53,4149.27,4040,8,0
2026-06-19 18:00:00+00:00,4149.26,4153.44,4148.06,4151.42,4013,8,0
2026-06-19 18:15:00+00:00,4151.39,4153.99,4149.72,4151.6,2919,8,0
2026-06-19 18:30:00+00:00,4151.77,4153.34,4147.92,4148.39,3153,8,0
2026-06-19 18:45:00+00:00,4148.38,4153.93,4148.37,4151.39,1710,8,0
2026-06-19 19:00:00+00:00,4151.4,4151.47,4144.87,4145.66,2302,8,0
2026-06-19 19:15:00+00:00,4145.65,4149.24,4144.64,4147.38,1788,8,0
2026-06-19 19:30:00+00:00,4147.37,4153.96,4147.37,4152.01,2287,8,0
2026-06-19 19:45:00+00:00,4152.13,4158.2,4151.53,4155.93,3158,8,0
2026-06-22 01:00:00+00:00,4145.07,4159.75,4139.06,4151.44,3652,15,0
2026-06-22 01:15:00+00:00,4151.54,4154.79,4147.86,4152.23,3270,8,0
2026-06-22 01:30:00+00:00,4151.98,4155.31,4150.09,4154.03,3025,8,0
2026-06-22 01:45:00+00:00,4153.95,4157.02,4152.41,4156.46,2270,8,0
2026-06-22 02:00:00+00:00,4156.24,4164.78,4155.45,4158.48,3999,8,0
2026-06-22 02:15:00+00:00,4158.54,4159.2,4153.73,4156.92,3323,8,0
2026-06-22 02:30:00+00:00,4156.9,4156.96,4141.96,4145.7,3901,8,0
2026-06-22 02:45:00+00:00,4145.64,4147.19,4136.55,4140.29,4803,8,0
2026-06-22 03:00:00+00:00,4140.38,4162.68,4140.06,4161.03,6331,8,0
2026-06-22 03:15:00+00:00,4161.1,4170.25,4160.95,4166.95,5648,8,0
2026-06-22 03:30:00+00:00,4166.97,4176.39,4165.78,4175.6,4735,8,0
2026-06-22 03:45:00+00:00,4175.69,4201.07,4175.48,4200.88,5671,8,0
2026-06-22 04:00:00+00:00,4200.9,4220.8,4200.9,4211.7,7392,8,0
2026-06-22 04:15:00+00:00,4211.79,4214.77,4205.1,4207.37,6388,8,0
2026-06-22 04:30:00+00:00,4207.39,4207.4,4194.91,4200.84,6584,8,0
2026-06-22 04:45:00+00:00,4200.77,4201.87,4189.59,4190.93,6028,8,0
2026-06-22 05:00:00+00:00,4190.92,4195.07,4183.63,4184.26,6019,8,0
2026-06-22 05:15:00+00:00,4184.28,4190.2,4183.5,4188.81,4237,8,0
2026-06-22 05:30:00+00:00,4188.8,4200.32,4187.11,4191.76,5636,8,0
2026-06-22 05:45:00+00:00,4191.78,4192.38,4187.49,4188.49,5142,8,0
2026-06-22 06:00:00+00:00,4188.77,4189.98,4178.39,4178.41,5289,8,0
2026-06-22 06:15:00+00:00,4178.42,4181.07,4173.64,4180.0,4841,8,0
2026-06-22 06:30:00+00:00,4180.01,4180.7,4175.08,4175.65,2961,8,0
2026-06-22 06:45:00+00:00,4175.64,4178.86,4170.76,4171.66,3381,8,0
2026-06-22 07:00:00+00:00,4171.49,4178.31,4170.68,4176.27,3392,8,0
2026-06-22 07:15:00+00:00,4176.35,4178.96,4174.35,4176.35,3511,8,0
2026-06-22 07:30:00+00:00,4176.38,4178.95,4174.58,4176.68,3145,8,0
2026-06-22 07:45:00+00:00,4176.72,4182.28,4176.1,4181.76,3374,8,0
2026-06-22 08:00:00+00:00,4181.79,4186.43,4179.39,4185.45,4037,8,0
2026-06-22 08:15:00+00:00,4185.46,4194.23,4184.55,4193.96,3661,8,0
2026-06-22 08:30:00+00:00,4194.0,4198.59,4189.44,4193.17,6016,8,0
2026-06-22 08:45:00+00:00,4193.23,4197.12,4190.29,4193.83,5058,8,0
2026-06-22 09:00:00+00:00,4193.8,4198.5,4191.28,4194.52,5109,8,0
2026-06-22 09:15:00+00:00,4194.53,4200.82,4193.87,4196.64,5420,8,0
2026-06-22 09:30:00+00:00,4196.63,4202.61,4194.88,4202.2,4463,8,0
2026-06-22 09:45:00+00:00,4202.21,4207.37,4197.21,4197.6,4111,8,0
2026-06-22 10:00:00+00:00,4197.59,4201.27,4197.33,4199.54,3814,8,0
2026-06-22 10:15:00+00:00,4199.41,4201.85,4196.96,4197.64,4113,8,0
2026-06-22 10:30:00+00:00,4197.8,4199.72,4192.42,4194.29,3834,8,0
2026-06-22 10:45:00+00:00,4194.48,4196.15,4188.87,4190.53,3806,8,0
2026-06-22 11:00:00+00:00,4190.46,4194.78,4188.65,4190.02,4929,8,0
2026-06-22 11:15:00+00:00,4190.04,4195.33,4189.24,4191.77,4920,8,0
2026-06-22 11:30:00+00:00,4191.78,4194.36,4189.15,4193.65,4327,8,0
2026-06-22 11:45:00+00:00,4193.67,4197.74,4192.26,4197.31,3618,8,0
2026-06-22 12:00:00+00:00,4197.5,4209.52,4195.97,4205.3,4181,8,0
2026-06-22 12:15:00+00:00,4205.31,4209.21,4203.08,4203.98,3644,8,0
2026-06-22 12:30:00+00:00,4203.99,4210.09,4201.43,4206.87,3759,8,0
2026-06-22 12:45:00+00:00,4206.98,4210.09,4204.35,4208.28,2581,8,0
2026-06-22 13:00:00+00:00,4208.27,4214.2,4207.93,4212.92,3854,8,0
2026-06-22 13:15:00+00:00,4212.93,4214.2,4208.15,4210.09,3187,8,0
2026-06-22 13:30:00+00:00,4210.08,4211.72,4208.33,4208.66,2950,8,0
2026-06-22 13:45:00+00:00,4208.65,4209.46,4203.69,4204.83,3168,8,0
2026-06-22 14:00:00+00:00,4204.81,4215.26,4204.64,4207.96,4908,8,0
2026-06-22 14:15:00+00:00,4207.97,4209.71,4203.4,4204.01,3450,8,0
2026-06-22 14:30:00+00:00,4203.99,4208.23,4202.05,4206.66,3568,8,0
2026-06-22 14:45:00+00:00,4206.65,4207.68,4201.45,4207.43,3206,8,0
2026-06-22 15:00:00+00:00,4207.42,4211.13,4205.29,4207.36,3867,8,0
2026-06-22 15:15:00+00:00,4207.17,4211.76,4206.14,4208.52,4251,8,0
2026-06-22 15:30:00+00:00,4208.53,4208.83,4201.01,4203.91,4346,8,0
2026-06-22 15:45:00+00:00,4203.9,4204.95,4192.23,4193.42,4049,8,0
2026-06-22 16:00:00+00:00,4193.56,4197.13,4188.69,4194.3,6299,8,0
2026-06-22 16:15:00+00:00,4194.34,4196.98,4185.43,4186.94,6000,8,0
2026-06-22 16:30:00+00:00,4186.97,4194.67,4182.87,4191.0,7217,8,0
2026-06-22 16:45:00+00:00,4191.05,4205.82,4187.5,4199.87,7063,8,0
2026-06-22 17:00:00+00:00,4199.81,4210.95,4193.88,4205.46,6946,8,0
2026-06-22 17:15:00+00:00,4205.47,4206.17,4191.89,4192.22,7093,8,0
2026-06-22 17:30:00+00:00,4192.24,4197.87,4187.11,4193.2,7149,8,0
2026-06-22 17:45:00+00:00,4193.29,4205.98,4193.2,4198.31,6978,8,0
2026-06-22 18:00:00+00:00,4198.35,4201.36,4195.14,4198.16,6875,8,0
2026-06-22 18:15:00+00:00,4198.17,4198.3,4188.82,4189.73,6614,8,0
2026-06-22 18:30:00+00:00,4189.65,4190.99,4180.73,4181.27,6037,8,0
2026-06-22 18:45:00+00:00,4181.26,4185.5,4170.08,4183.18,6134,8,0
2026-06-22 19:00:00+00:00,4183.22,4185.19,4174.75,4177.95,6147,8,0
2026-06-22 19:15:00+00:00,4177.9,4183.27,4176.53,4183.02,5827,8,0
2026-06-22 19:30:00+00:00,4183.07,4186.61,4181.55,4182.21,4994,8,0
2026-06-22 19:45:00+00:00,4182.2,4193.26,4181.16,4190.15,4664,8,0
2026-06-22 20:00:00+00:00,4190.3,4191.59,4186.31,4187.06,4712,8,0
2026-06-22 20:15:00+00:00,4187.07,4192.0,4183.63,4184.44,4664,8,0
2026-06-22 20:30:00+00:00,4184.4,4185.18,4177.43,4182.1,5091,8,0
2026-06-22 20:45:00+00:00,4182.02,4184.08,4180.37,4183.21,4627,8,0
2026-06-22 21:00:00+00:00,4183.42,4186.41,4182.75,4184.0,3765,8,0
2026-06-22 21:15:00+00:00,4184.05,4189.83,4184.03,4188.07,4409,8,0
2026-06-22 21:30:00+00:00,4188.05,4190.08,4186.07,4189.93,4172,8,0
2026-06-22 21:45:00+00:00,4189.92,4192.89,4189.7,4191.37,4587,8,0
2026-06-22 22:00:00+00:00,4191.35,4193.47,4191.03,4191.47,4232,8,0
2026-06-22 22:15:00+00:00,4191.46,4192.14,4187.44,4187.54,3638,8,0
2026-06-22 22:30:00+00:00,4187.47,4190.35,4184.31,4184.56,3561,8,0
2026-06-22 22:45:00+00:00,4184.63,4191.59,4184.22,4190.83,4115,8,0
2026-06-22 23:00:00+00:00,4190.7,4193.75,4190.08,4190.91,1441,8,0
2026-06-22 23:15:00+00:00,4190.88,4191.64,4188.77,4190.44,1031,8,0
2026-06-22 23:30:00+00:00,4190.34,4193.69,4189.59,4192.86,1284,8,0
2026-06-22 23:45:00+00:00,4192.85,4193.4,4190.77,4191.26,1569,8,0
2026-06-23 01:00:00+00:00,4193.97,4194.49,4191.32,4192.38,900,13,0
2026-06-23 01:15:00+00:00,4192.4,4193.31,4191.21,4192.82,840,8,0
2026-06-23 01:30:00+00:00,4192.81,4194.62,4189.25,4190.01,2226,8,0
2026-06-23 01:45:00+00:00,4190.0,4190.72,4188.41,4189.96,1784,8,0
2026-06-23 02:00:00+00:00,4189.97,4193.06,4189.58,4191.06,1679,8,0
2026-06-23 02:15:00+00:00,4191.05,4191.97,4190.35,4191.07,1349,8,0
2026-06-23 02:30:00+00:00,4191.09,4195.33,4190.81,4194.96,1558,8,0
2026-06-23 02:45:00+00:00,4194.94,4194.97,4186.74,4187.55,3088,8,0
2026-06-23 03:00:00+00:00,4187.56,4192.3,4178.34,4178.84,5179,8,0
2026-06-23 03:15:00+00:00,4178.87,4185.84,4178.8,4183.85,4794,8,0
2026-06-23 03:30:00+00:00,4183.81,4193.64,4182.37,4192.76,5255,8,0
2026-06-23 03:45:00+00:00,4192.78,4194.77,4190.03,4193.4,5464,8,0
2026-06-23 04:00:00+00:00,4193.34,4198.42,4185.04,4185.33,6317,8,0
2026-06-23 04:15:00+00:00,4185.32,4185.91,4170.89,4178.29,6244,8,0
2026-06-23 04:30:00+00:00,4178.28,4178.82,4153.52,4154.46,6950,8,0
2026-06-23 04:45:00+00:00,4154.41,4163.06,4150.1,4161.28,6684,8,0
2026-06-23 05:00:00+00:00,4161.3,4163.2,4149.03,4153.98,6111,8,0
2026-06-23 05:15:00+00:00,4153.7,4163.44,4153.44,4161.9,4280,8,0
2026-06-23 05:30:00+00:00,4162.05,4162.38,4152.4,4154.97,5781,8,0
2026-06-23 05:45:00+00:00,4154.96,4156.82,4146.7,4147.03,5581,8,0
2026-06-23 06:00:00+00:00,4147.08,4149.72,4138.85,4142.09,5886,8,0
2026-06-23 06:15:00+00:00,4142.02,4144.15,4130.78,4140.77,5908,8,0
2026-06-23 06:30:00+00:00,4140.76,4141.2,4133.64,4138.94,4794,8,0
2026-06-23 06:45:00+00:00,4138.75,4145.09,4136.64,4144.19,3992,8,0
2026-06-23 07:00:00+00:00,4144.21,4147.03,4141.92,4143.32,3945,8,0
2026-06-23 07:15:00+00:00,4143.31,4143.31,4137.32,4139.99,3743,8,0
2026-06-23 07:30:00+00:00,4139.89,4140.35,4135.33,4138.66,3975,8,0
2026-06-23 07:45:00+00:00,4138.83,4140.31,4114.76,4118.23,4241,8,0
2026-06-23 08:00:00+00:00,4118.19,4137.48,4115.46,4129.82,5175,8,0
2026-06-23 08:15:00+00:00,4129.68,4130.74,4123.6,4125.18,4044,8,0
2026-06-23 08:30:00+00:00,4125.17,4133.54,4117.09,4127.8,6811,8,0
2026-06-23 08:45:00+00:00,4127.73,4127.85,4116.96,4121.25,6032,8,0
2026-06-23 09:00:00+00:00,4121.27,4127.03,4111.2,4122.61,6441,8,0
2026-06-23 09:15:00+00:00,4122.63,4126.86,4114.55,4116.43,5719,8,0
2026-06-23 09:30:00+00:00,4116.49,4121.13,4110.82,4113.53,6053,8,0
2026-06-23 09:45:00+00:00,4113.56,4120.39,4110.36,4114.46,5504,8,0
2026-06-23 10:00:00+00:00,4114.3,4124.83,4110.2,4115.65,4990,8,0
2026-06-23 10:15:00+00:00,4115.61,4122.97,4113.72,4118.17,4820,8,0
2026-06-23 10:30:00+00:00,4117.69,4119.51,4103.85,4105.02,5980,8,0
2026-06-23 10:45:00+00:00,4104.98,4108.17,4096.88,4098.81,5642,8,0
2026-06-23 11:00:00+00:00,4098.8,4100.13,4090.8,4093.95,6280,8,0
2026-06-23 11:15:00+00:00,4093.93,4099.97,4092.24,4098.11,5851,8,0
2026-06-23 11:30:00+00:00,4098.08,4111.01,4096.68,4109.39,5686,8,0
2026-06-23 11:45:00+00:00,4109.38,4109.58,4101.84,4105.15,5331,8,0
2026-06-23 12:00:00+00:00,4105.14,4113.58,4103.9,4111.1,5090,8,0
2026-06-23 12:15:00+00:00,4111.09,4117.04,4108.91,4112.7,4804,8,0
2026-06-23 12:30:00+00:00,4112.72,4120.0,4112.18,4117.15,4483,8,0
2026-06-23 12:45:00+00:00,4117.13,4122.36,4115.33,4122.35,4251,8,0
2026-06-23 13:00:00+00:00,4122.62,4133.26,4122.26,4129.84,4483,8,0
2026-06-23 13:15:00+00:00,4130.17,4133.12,4126.8,4130.25,4297,8,0
2026-06-23 13:30:00+00:00,4130.26,4132.22,4124.46,4126.69,4925,8,0
2026-06-23 13:45:00+00:00,4126.71,4126.95,4119.61,4119.71,5019,8,0
2026-06-23 14:00:00+00:00,4119.73,4129.76,4117.44,4129.17,4833,8,0
2026-06-23 14:15:00+00:00,4129.2,4132.06,4124.37,4127.38,4856,8,0
2026-06-23 14:30:00+00:00,4127.34,4128.91,4118.63,4121.24,5105,8,0
2026-06-23 14:45:00+00:00,4121.28,4126.19,4118.36,4123.29,5058,8,0
2026-06-23 15:00:00+00:00,4123.11,4127.39,4113.22,4114.04,5205,8,0
2026-06-23 15:15:00+00:00,4114.08,4120.13,4111.64,4115.1,5899,8,0
2026-06-23 15:30:00+00:00,4115.12,4122.7,4114.32,4117.87,5464,8,0
2026-06-23 15:45:00+00:00,4117.86,4121.87,4112.38,4113.23,5361,8,0
2026-06-23 16:00:00+00:00,4113.58,4119.54,4108.07,4113.57,6490,8,0
2026-06-23 16:15:00+00:00,4113.4,4119.38,4105.26,4115.74,6315,8,0
2026-06-23 16:30:00+00:00,4116.01,4128.77,4109.98,4126.53,7859,8,0
2026-06-23 16:45:00+00:00,4126.17,4140.54,4124.52,4135.56,7337,8,0
2026-06-23 17:00:00+00:00,4135.35,4145.12,4132.92,4137.17,7238,10,0
2026-06-23 17:15:00+00:00,4137.16,4142.7,4128.77,4132.97,6948,10,0
2026-06-23 17:30:00+00:00,4133.13,4133.42,4123.02,4126.28,7151,10,0
2026-06-23 17:45:00+00:00,4126.3,4130.37,4123.69,4130.19,6923,10,0
2026-06-23 18:00:00+00:00,4130.26,4135.52,4123.49,4127.93,6384,10,0
2026-06-23 18:15:00+00:00,4128.04,4130.41,4123.44,4126.93,5823,10,0
2026-06-23 18:30:00+00:00,4126.94,4141.38,4126.33,4138.35,6151,10,0
2026-06-23 18:45:00+00:00,4138.47,4139.73,4134.15,4139.23,5392,10,0
2026-06-23 19:00:00+00:00,4139.6,4140.51,4134.28,4135.88,4202,10,0
2026-06-23 19:15:00+00:00,4135.96,4138.85,4133.53,4137.04,4111,10,0
2026-06-23 19:30:00+00:00,4137.02,4144.3,4135.67,4143.98,3919,10,0
2026-06-23 19:45:00+00:00,4143.9,4144.51,4131.74,4134.39,4384,10,0
2026-06-23 20:00:00+00:00,4134.12,4139.83,4130.1,4138.49,4253,10,0
2026-06-23 20:15:00+00:00,4138.54,4138.59,4130.27,4131.41,4546,10,0
2026-06-23 20:30:00+00:00,4131.4,4132.92,4128.02,4132.86,4148,10,0
2026-06-23 20:45:00+00:00,4132.59,4133.74,4128.35,4128.57,4532,10,0
2026-06-23 21:00:00+00:00,4128.53,4131.69,4123.95,4124.36,4421,10,0
2026-06-23 21:15:00+00:00,4124.37,4125.67,4120.51,4121.13,4300,10,0
2026-06-23 21:30:00+00:00,4120.75,4122.79,4116.0,4116.09,4093,10,0
2026-06-23 21:45:00+00:00,4116.1,4118.1,4112.84,4117.73,5309,10,0
2026-06-23 22:00:00+00:00,4117.74,4126.03,4116.81,4121.26,5907,10,0
2026-06-23 22:15:00+00:00,4121.24,4122.46,4117.43,4121.87,5446,10,0
2026-06-23 22:30:00+00:00,4121.86,4124.4,4120.59,4121.05,5138,10,0
2026-06-23 22:45:00+00:00,4121.1,4121.33,4111.76,4111.76,5692,10,0
2026-06-23 23:00:00+00:00,4111.78,4113.01,4108.69,4110.14,2762,10,0
2026-06-23 23:15:00+00:00,4110.18,4111.34,4107.4,4110.81,1998,10,0
2026-06-23 23:30:00+00:00,4110.75,4111.83,4109.01,4110.63,1443,12,0
2026-06-23 23:45:00+00:00,4110.42,4112.02,4108.72,4112.02,1711,8,0
2026-06-24 01:00:00+00:00,4113.04,4114.27,4110.93,4113.81,1544,10,0
2026-06-24 01:15:00+00:00,4113.73,4115.03,4104.47,4105.94,2931,8,0
2026-06-24 01:30:00+00:00,4106.33,4108.41,4097.04,4104.53,3926,8,0
2026-06-24 01:45:00+00:00,4104.45,4109.21,4103.7,4104.42,3270,8,0
2026-06-24 02:00:00+00:00,4104.33,4104.42,4094.89,4099.72,3548,8,0
2026-06-24 02:15:00+00:00,4099.81,4100.95,4097.15,4097.59,2327,8,0
2026-06-24 02:30:00+00:00,4097.73,4098.28,4080.82,4086.42,4552,8,0
2026-06-24 02:45:00+00:00,4086.44,4100.42,4085.95,4099.16,5085,8,0
2026-06-24 03:00:00+00:00,4099.29,4112.03,4094.49,4107.23,6585,8,0
2026-06-24 03:15:00+00:00,4107.18,4109.57,4093.7,4099.82,5888,8,0
2026-06-24 03:30:00+00:00,4099.8,4100.52,4093.73,4095.25,5508,8,0
2026-06-24 03:45:00+00:00,4095.23,4100.04,4094.22,4097.29,5996,8,0
2026-06-24 04:00:00+00:00,4097.25,4097.97,4068.5,4089.73,7775,8,0
2026-06-24 04:15:00+00:00,4089.83,4100.89,4083.48,4098.36,6951,8,0
2026-06-24 04:30:00+00:00,4098.33,4102.28,4091.86,4092.85,6859,8,0
2026-06-24 04:45:00+00:00,4092.81,4093.12,4082.4,4089.05,6375,8,0
2026-06-24 05:00:00+00:00,4089.04,4095.98,4079.91,4080.21,6100,8,0
2026-06-24 05:15:00+00:00,4080.19,4081.2,4071.36,4073.72,4589,8,0
2026-06-24 05:30:00+00:00,4073.67,4076.74,4052.08,4057.26,6478,8,0
2026-06-24 05:45:00+00:00,4057.19,4069.61,4054.87,4061.13,6306,8,0
2026-06-24 06:00:00+00:00,4061.11,4065.46,4052.74,4057.77,6388,8,0
2026-06-24 06:15:00+00:00,4057.7,4059.04,4050.44,4056.84,6073,8,0
2026-06-24 06:30:00+00:00,4056.68,4069.77,4055.63,4068.41,5464,8,0
2026-06-24 06:45:00+00:00,4068.58,4070.78,4061.99,4062.77,4596,8,0
2026-06-24 07:00:00+00:00,4062.72,4063.77,4055.86,4058.94,4505,8,0
2026-06-24 07:15:00+00:00,4058.96,4067.31,4055.1,4063.25,4715,8,0
2026-06-24 07:30:00+00:00,4063.28,4066.85,4062.66,4063.7,4619,8,0
2026-06-24 07:45:00+00:00,4063.69,4067.0,4061.91,4064.54,4075,8,0
2026-06-24 08:00:00+00:00,4064.55,4070.13,4060.77,4067.69,4856,8,0
2026-06-24 08:15:00+00:00,4067.62,4074.49,4065.6,4073.47,4698,8,0
2026-06-24 08:30:00+00:00,4073.48,4086.16,4072.33,4077.26,6096,8,0
2026-06-24 08:45:00+00:00,4077.18,4080.12,4071.4,4075.87,5203,8,0
2026-06-24 09:00:00+00:00,4075.88,4097.18,4075.83,4096.02,6458,8,0
2026-06-24 09:15:00+00:00,4096.03,4097.6,4083.64,4087.84,5645,8,0
2026-06-24 09:30:00+00:00,4087.8,4094.02,4084.7,4091.84,5117,8,0
2026-06-24 09:45:00+00:00,4091.87,4094.65,4084.5,4087.07,4620,8,0
2026-06-24 10:00:00+00:00,4087.09,4090.79,4085.33,4086.17,5108,8,0
2026-06-24 10:15:00+00:00,4086.2,4087.81,4083.53,4084.71,3379,8,0
2026-06-24 10:30:00+00:00,4084.7,4085.72,4076.46,4082.69,4526,8,0
2026-06-24 10:45:00+00:00,4082.71,4086.17,4073.77,4074.89,4723,8,0
2026-06-24 11:00:00+00:00,4074.88,4078.29,4073.31,4074.3,5050,8,0
2026-06-24 11:15:00+00:00,4074.29,4080.75,4073.27,4080.59,4610,8,0
2026-06-24 11:30:00+00:00,4080.58,4087.67,4079.16,4083.18,4467,8,0
2026-06-24 11:45:00+00:00,4083.16,4083.52,4075.67,4076.39,4085,8,0
2026-06-24 12:00:00+00:00,4076.43,4078.75,4070.24,4076.35,4688,8,0
2026-06-24 12:15:00+00:00,4076.31,4079.19,4068.38,4069.35,3818,8,0
2026-06-24 12:30:00+00:00,4069.32,4072.28,4065.43,4068.39,4135,8,0
2026-06-24 12:45:00+00:00,4068.4,4071.09,4064.19,4064.63,4102,8,0
2026-06-24 13:00:00+00:00,4064.63,4066.43,4059.38,4061.39,4364,8,0
2026-06-24 13:15:00+00:00,4061.45,4061.45,4055.53,4061.2,4405,8,0
2026-06-24 13:30:00+00:00,4061.21,4067.23,4056.98,4065.21,4435,8,0
2026-06-24 13:45:00+00:00,4065.29,4066.1,4054.6,4055.66,3840,8,0
2026-06-24 14:00:00+00:00,4055.62,4058.64,4044.79,4045.94,4611,8,0
2026-06-24 14:15:00+00:00,4045.78,4046.96,4037.61,4044.25,5550,8,0
2026-06-24 14:30:00+00:00,4044.23,4051.48,4043.43,4045.99,5229,8,0
2026-06-24 14:45:00+00:00,4045.98,4056.3,4039.2,4046.71,6052,8,0
2026-06-24 15:00:00+00:00,4046.68,4048.74,4035.22,4038.23,6002,8,0
2026-06-24 15:15:00+00:00,4038.33,4041.99,4006.44,4015.2,6397,8,0
2026-06-24 15:30:00+00:00,4015.84,4020.9,4007.21,4013.43,6478,8,0
2026-06-24 15:45:00+00:00,4013.66,4017.67,3987.66,3987.79,6472,8,0
2026-06-24 16:00:00+00:00,3987.81,3995.59,3966.8,3971.98,7732,8,0
2026-06-24 16:15:00+00:00,3971.75,3977.25,3964.54,3975.51,7068,8,0
2026-06-24 16:30:00+00:00,3975.5,4018.21,3974.19,4015.46,7933,8,0
2026-06-24 16:45:00+00:00,4015.45,4042.26,4009.32,4038.29,7845,8,0
2026-06-24 17:00:00+00:00,4038.48,4041.18,4018.94,4019.98,7874,8,0
2026-06-24 17:15:00+00:00,4019.97,4028.03,4014.38,4023.74,7552,8,0
2026-06-24 17:30:00+00:00,4023.84,4034.54,4011.06,4015.7,7658,8,0
2026-06-24 17:45:00+00:00,4015.76,4015.76,4002.96,4008.03,6601,8,0
2026-06-24 18:00:00+00:00,4008.01,4010.09,3997.26,4001.88,6886,8,0
2026-06-24 18:15:00+00:00,4001.85,4014.93,3999.54,4014.82,7203,8,0
2026-06-24 18:30:00+00:00,4014.88,4015.41,4001.19,4006.47,6591,8,0
2026-06-24 18:45:00+00:00,4006.4,4017.18,3999.74,4002.22,6633,8,0
2026-06-24 19:00:00+00:00,4002.76,4006.65,3996.23,4002.72,5945,8,0
2026-06-24 19:15:00+00:00,4002.78,4017.3,4001.64,4016.3,6111,8,0
2026-06-24 19:30:00+00:00,4016.29,4022.6,4009.2,4011.01,6787,8,0
2026-06-24 19:45:00+00:00,4011.02,4011.63,4006.17,4006.64,5796,8,0
2026-06-24 20:00:00+00:00,4006.63,4011.28,4004.57,4005.81,6187,8,0
2026-06-24 20:15:00+00:00,4005.83,4007.21,3990.09,3990.62,6922,8,0
2026-06-24 20:30:00+00:00,3990.54,3990.86,3983.1,3985.14,6638,10,0
2026-06-24 20:45:00+00:00,3985.15,3987.62,3972.68,3972.71,6952,10,0
2026-06-24 21:00:00+00:00,3972.78,3992.61,3959.02,3989.02,7795,10,0
2026-06-24 21:15:00+00:00,3989.12,3992.57,3979.57,3990.03,6788,10,0
2026-06-24 21:30:00+00:00,3989.92,3994.28,3981.43,3983.52,6193,10,0
2026-06-24 21:45:00+00:00,3983.39,3984.31,3976.95,3981.37,6078,10,0
2026-06-24 22:00:00+00:00,3981.77,3985.16,3973.62,3976.45,6168,10,0
2026-06-24 22:15:00+00:00,3976.43,3984.45,3973.97,3984.07,5545,10,0
2026-06-24 22:30:00+00:00,3984.06,3988.76,3979.83,3982.74,5507,10,0
2026-06-24 22:45:00+00:00,3982.81,3990.91,3981.08,3988.23,6187,10,0
2026-06-24 23:00:00+00:00,3987.99,4002.82,3984.68,3995.3,5372,10,0
2026-06-24 23:15:00+00:00,3995.39,4000.94,3992.33,4000.14,3825,10,0
2026-06-24 23:30:00+00:00,4000.14,4001.3,3995.77,3998.85,2907,10,0
2026-06-24 23:45:00+00:00,3998.86,4001.19,3996.54,3999.02,3003,10,0
2026-06-25 01:00:00+00:00,4003.63,4008.81,4000.81,4001.6,2410,10,0
2026-06-25 01:15:00+00:00,4001.62,4002.86,4000.35,4002.03,1868,8,0
2026-06-25 01:30:00+00:00,4002.45,4006.76,3999.52,4002.25,2738,8,0
2026-06-25 01:45:00+00:00,4002.54,4002.62,3992.89,3996.37,2687,8,0
2026-06-25 02:00:00+00:00,3996.49,3998.69,3990.84,3995.02,3429,8,0
2026-06-25 02:15:00+00:00,3994.99,4000.65,3994.93,3998.19,2461,8,0
2026-06-25 02:30:00+00:00,3998.16,4018.7,3998.06,4014.53,3809,8,0
2026-06-25 02:45:00+00:00,4014.58,4017.7,4009.52,4012.41,3959,8,0
2026-06-25 03:00:00+00:00,4012.39,4016.49,4003.9,4005.53,5753,8,0
2026-06-25 03:15:00+00:00,4005.52,4006.36,3995.37,3996.4,5827,8,0
2026-06-25 03:30:00+00:00,3996.39,3996.46,3981.37,3985.43,5468,8,0
2026-06-25 03:45:00+00:00,3985.44,4001.24,3978.49,3991.38,6088,8,0
2026-06-25 04:00:00+00:00,3991.36,4006.04,3982.43,3986.98,7608,8,0
2026-06-25 04:15:00+00:00,3987.03,4000.19,3983.99,3990.71,7199,8,0
2026-06-25 04:30:00+00:00,3990.78,3995.81,3977.03,3981.86,6973,8,0
2026-06-25 04:45:00+00:00,3981.84,3988.56,3972.59,3976.67,6557,8,0
2026-06-25 05:00:00+00:00,3976.72,3981.9,3963.67,3967.82,6920,8,0
2026-06-25 05:15:00+00:00,3967.92,3991.19,3967.36,3986.49,5813,8,0
2026-06-25 05:30:00+00:00,3986.48,3988.22,3974.55,3978.54,6236,8,0
2026-06-25 05:45:00+00:00,3978.51,3984.46,3975.64,3983.38,5940,8,0
2026-06-25 06:00:00+00:00,3983.06,3989.29,3966.3,3970.63,6128,8,0
2026-06-25 06:15:00+00:00,3970.59,3983.24,3967.67,3976.33,5841,8,0
2026-06-25 06:30:00+00:00,3976.34,3977.25,3968.89,3975.22,4429,8,0
2026-06-25 06:45:00+00:00,3975.23,4001.21,3974.54,3995.54,5135,8,0
2026-06-25 07:00:00+00:00,3995.94,3997.68,3989.46,3989.46,4637,8,0
2026-06-25 07:15:00+00:00,3989.37,3997.67,3987.66,3994.53,4216,8,0
2026-06-25 07:30:00+00:00,3994.54,3995.96,3983.56,3992.07,3866,8,0
2026-06-25 07:45:00+00:00,3992.06,3997.31,3991.26,3996.07,3806,8,0
2026-06-25 08:00:00+00:00,3996.08,4000.03,3992.22,3998.38,4598,8,0
2026-06-25 08:15:00+00:00,3998.34,3999.04,3989.11,3994.81,4625,8,0
2026-06-25 08:30:00+00:00,3994.81,3997.7,3981.71,3983.28,6179,8,0
2026-06-25 08:45:00+00:00,3983.27,3991.87,3980.4,3986.5,5729,8,0
2026-06-25 09:00:00+00:00,3986.49,3989.41,3979.94,3980.22,5605,8,0
2026-06-25 09:15:00+00:00,3980.2,3986.94,3974.12,3984.44,5814,8,0
2026-06-25 09:30:00+00:00,3984.34,3985.18,3976.67,3982.22,5823,8,0
2026-06-25 09:45:00+00:00,3982.27,3984.45,3976.05,3977.34,4884,8,0
2026-06-25 10:00:00+00:00,3977.32,3986.23,3973.51,3980.01,4586,8,0
2026-06-25 10:15:00+00:00,3980.0,3989.87,3977.6,3985.1,3474,8,0
2026-06-25 10:30:00+00:00,3985.13,3989.48,3973.64,3974.55,4028,8,0
2026-06-25 10:45:00+00:00,3974.52,3989.02,3971.44,3987.89,3666,8,0
2026-06-25 11:00:00+00:00,3987.74,3995.29,3984.34,3986.94,4833,8,0
2026-06-25 11:15:00+00:00,3986.87,4001.42,3986.29,3993.82,4383,8,0
2026-06-25 11:30:00+00:00,3993.76,4002.13,3993.71,3999.69,3668,8,0
2026-06-25 11:45:00+00:00,3999.84,3999.86,3988.62,3989.23,3672,8,0
2026-06-25 12:00:00+00:00,3989.24,3996.58,3989.18,3991.16,3547,8,0
2026-06-25 12:15:00+00:00,3991.09,3995.46,3989.31,3994.03,3324,8,0
2026-06-25 12:30:00+00:00,3994.0,3997.7,3986.11,3988.46,3729,8,0
2026-06-25 12:45:00+00:00,3988.33,3993.43,3987.63,3988.18,2616,8,0
2026-06-25 13:00:00+00:00,3988.28,3989.32,3983.67,3984.43,3208,8,0
2026-06-25 13:15:00+00:00,3984.28,3989.41,3983.27,3989.26,2462,8,0
2026-06-25 13:30:00+00:00,3989.24,3989.44,3984.73,3985.6,2820,8,0
2026-06-25 13:45:00+00:00,3985.67,3985.79,3981.34,3984.36,2289,8,0
2026-06-25 14:00:00+00:00,3984.35,3986.22,3982.01,3983.36,3372,8,0
2026-06-25 14:15:00+00:00,3983.34,3983.34,3976.17,3977.18,3263,8,0
2026-06-25 14:30:00+00:00,3977.27,3986.25,3973.72,3984.88,3332,8,0
2026-06-25 14:45:00+00:00,3984.93,3987.88,3979.45,3979.99,3138,8,0
2026-06-25 15:00:00+00:00,3980.05,3984.78,3979.61,3982.75,3446,8,0
2026-06-25 15:15:00+00:00,3982.74,3986.2,3979.04,3983.13,4036,8,0
2026-06-25 15:30:00+00:00,3983.8,4011.94,3983.72,4005.68,7141,8,0
2026-06-25 15:45:00+00:00,4005.43,4019.39,4003.61,4012.34,6210,8,0
2026-06-25 16:00:00+00:00,4012.63,4034.08,4012.19,4031.13,6868,8,0
2026-06-25 16:15:00+00:00,4030.92,4031.55,4018.85,4022.03,6331,8,0
2026-06-25 16:30:00+00:00,4022.12,4028.72,4010.86,4011.74,7629,8,0
2026-06-25 16:45:00+00:00,4011.92,4018.9,4000.43,4002.25,7975,8,0
2026-06-25 17:00:00+00:00,4002.3,4022.04,3998.6,4016.45,8051,8,0
2026-06-25 17:15:00+00:00,4016.52,4028.81,4012.77,4027.01,7798,8,0
2026-06-25 17:30:00+00:00,4027.0,4028.43,4015.95,4019.79,7527,8,0
2026-06-25 17:45:00+00:00,4019.81,4020.75,4010.59,4011.17,7057,8,0
2026-06-25 18:00:00+00:00,4011.32,4019.8,4005.0,4008.06,7250,8,0
2026-06-25 18:15:00+00:00,4008.07,4040.7,4005.8,4027.06,7401,8,0
2026-06-25 18:30:00+00:00,4027.05,4030.96,4021.91,4027.78,6868,8,0
2026-06-25 18:45:00+00:00,4027.83,4042.68,4026.89,4041.11,6959,8,0
2026-06-25 19:00:00+00:00,4041.12,4042.88,4033.73,4037.07,6694,8,0
2026-06-25 19:15:00+00:00,4037.0,4044.07,4037.0,4040.28,6647,8,0
2026-06-25 19:30:00+00:00,4040.29,4040.77,4031.0,4031.43,5903,8,0
2026-06-25 19:45:00+00:00,4031.48,4033.44,4023.86,4028.73,6005,8,0
2026-06-25 20:00:00+00:00,4028.86,4032.47,4026.93,4029.45,5687,8,0
2026-06-25 20:15:00+00:00,4029.48,4035.91,4027.92,4032.54,6044,8,0
2026-06-25 20:30:00+00:00,4032.53,4036.04,4031.01,4034.11,4860,8,0
2026-06-25 20:45:00+00:00,4034.08,4036.8,4029.72,4034.63,4673,8,0
2026-06-25 21:00:00+00:00,4034.65,4035.34,4026.67,4032.66,6669,8,0
2026-06-25 21:15:00+00:00,4032.67,4044.29,4032.18,4044.12,5736,8,0
2026-06-25 21:30:00+00:00,4044.13,4044.24,4032.18,4032.79,5775,8,0
2026-06-25 21:45:00+00:00,4032.77,4036.29,4029.71,4034.73,4582,8,0
2026-06-25 22:00:00+00:00,4034.76,4040.45,4032.53,4040.13,5010,8,0
2026-06-25 22:15:00+00:00,4040.11,4043.79,4035.33,4035.98,5501,8,0
2026-06-25 22:30:00+00:00,4036.01,4037.9,4031.94,4034.5,4292,8,0
2026-06-25 22:45:00+00:00,4034.51,4034.52,4021.88,4026.86,5835,8,0
2026-06-25 23:00:00+00:00,4026.85,4034.93,4025.69,4028.08,3056,8,0
2026-06-25 23:15:00+00:00,4028.1,4030.82,4026.5,4030.81,2238,8,0
2026-06-25 23:30:00+00:00,4030.85,4030.85,4024.84,4027.24,1753,8,0
2026-06-25 23:45:00+00:00,4027.13,4027.46,4024.4,4026.6,1494,8,0
2026-06-26 01:00:00+00:00,4030.88,4031.64,4021.99,4022.95,1504,8,0
2026-06-26 01:15:00+00:00,4022.94,4026.31,4019.8,4024.84,2590,8,0
2026-06-26 01:30:00+00:00,4024.83,4036.63,4024.47,4028.61,3462,8,0
2026-06-26 01:45:00+00:00,4028.61,4030.25,4021.96,4026.37,3120,8,0
2026-06-26 02:00:00+00:00,4026.4,4027.18,4021.47,4023.51,1988,8,0
2026-06-26 02:15:00+00:00,4023.5,4030.2,4022.5,4029.79,3099,8,0
2026-06-26 02:30:00+00:00,4029.78,4030.43,4021.09,4024.29,2583,8,0
2026-06-26 02:45:00+00:00,4024.32,4024.33,4012.57,4014.49,4027,8,0
2026-06-26 03:00:00+00:00,4014.52,4019.95,4011.41,4019.75,5854,8,0
2026-06-26 03:15:00+00:00,4019.71,4023.45,4012.46,4015.5,5322,8,0
2026-06-26 03:30:00+00:00,4015.47,4019.91,4012.44,4019.2,5707,8,0
2026-06-26 03:45:00+00:00,4019.16,4024.49,4015.53,4020.24,5468,8,0
2026-06-26 04:00:00+00:00,4020.28,4029.76,4014.28,4019.78,6412,8,0
2026-06-26 04:15:00+00:00,4019.8,4026.6,4017.7,4022.75,6000,8,0
2026-06-26 04:30:00+00:00,4022.7,4025.75,4016.21,4020.67,6254,8,0
2026-06-26 04:45:00+00:00,4020.6,4022.96,4014.42,4021.0,6290,8,0
2026-06-26 05:00:00+00:00,4021.59,4023.34,4013.41,4015.22,6057,8,0
2026-06-26 05:15:00+00:00,4015.21,4016.76,4003.91,4007.46,4973,8,0
2026-06-26 05:30:00+00:00,4007.48,4009.42,3991.22,3992.35,6265,8,0
2026-06-26 05:45:00+00:00,3992.26,3995.57,3983.03,3990.78,6507,8,0
2026-06-26 06:00:00+00:00,3990.7,4000.1,3986.69,3997.74,6051,8,0
2026-06-26 06:15:00+00:00,3997.67,4000.05,3992.7,3995.31,5480,8,0
2026-06-26 06:30:00+00:00,3995.33,4001.36,3993.12,4000.19,5128,8,0
2026-06-26 06:45:00+00:00,4000.26,4006.6,3997.3,4004.22,5424,8,0
2026-06-26 07:00:00+00:00,4004.37,4009.53,3998.74,4008.53,4815,8,0
2026-06-26 07:15:00+00:00,4008.52,4012.17,4006.08,4007.3,4571,8,0
2026-06-26 07:30:00+00:00,4007.4,4008.33,4001.75,4008.14,4485,8,0
2026-06-26 07:45:00+00:00,4008.33,4015.5,4007.22,4011.37,4584,8,0
2026-06-26 08:00:00+00:00,4011.37,4015.35,4006.53,4015.33,4844,8,0
2026-06-26 08:15:00+00:00,4015.46,4019.3,4011.81,4016.71,4960,8,0
2026-06-26 08:30:00+00:00,4016.79,4021.64,4010.9,4011.31,6119,8,0
2026-06-26 08:45:00+00:00,4011.3,4015.47,4005.65,4007.94,5932,8,0
2026-06-26 09:00:00+00:00,4008.04,4011.78,4006.75,4009.55,5974,8,0
2026-06-26 09:15:00+00:00,4009.52,4024.98,4008.36,4024.27,6419,8,0
2026-06-26 09:30:00+00:00,4024.25,4027.4,4020.94,4025.26,6120,8,0
2026-06-26 09:45:00+00:00,4025.25,4033.23,4021.92,4032.11,5795,8,0
2026-06-26 10:00:00+00:00,4032.1,4034.0,4026.76,4027.46,4042,8,0
2026-06-26 10:15:00+00:00,4027.45,4039.76,4027.03,4037.86,3805,8,0
2026-06-26 10:30:00+00:00,4037.87,4038.92,4031.02,4031.5,3311,8,0
2026-06-26 10:45:00+00:00,4031.51,4032.24,4027.88,4030.66,3042,8,0
2026-06-26 11:00:00+00:00,4030.65,4033.2,4025.83,4031.07,4383,8,0
2026-06-26 11:15:00+00:00,4031.09,4035.88,4029.84,4035.83,3688,8,0
2026-06-26 11:30:00+00:00,4035.78,4036.1,4032.37,4035.7,3421,8,0
2026-06-26 11:45:00+00:00,4035.68,4037.85,4029.74,4031.0,4152,8,0
2026-06-26 12:00:00+00:00,4031.01,4041.63,4029.54,4039.46,3888,8,0
2026-06-26 12:15:00+00:00,4039.42,4050.77,4034.46,4048.03,4734,8,0
2026-06-26 12:30:00+00:00,4048.36,4054.15,4045.26,4048.09,3819,8,0
2026-06-26 12:45:00+00:00,4048.06,4053.98,4045.53,4047.18,3899,8,0
2026-06-26 13:00:00+00:00,4047.27,4052.24,4044.49,4051.02,3448,8,0
2026-06-26 13:15:00+00:00,4050.95,4051.58,4042.34,4048.11,3362,8,0
2026-06-26 13:30:00+00:00,4048.3,4054.56,4046.87,4048.62,3748,8,0
2026-06-26 13:45:00+00:00,4048.63,4055.03,4047.91,4054.73,3551,8,0
2026-06-26 14:00:00+00:00,4054.74,4055.5,4047.16,4047.32,4286,8,0
2026-06-26 14:15:00+00:00,4047.33,4054.14,4046.22,4052.73,3416,8,0
2026-06-26 14:30:00+00:00,4052.72,4055.26,4046.17,4046.77,4103,8,0
2026-06-26 14:45:00+00:00,4046.7,4048.62,4042.71,4045.98,4497,8,0
2026-06-26 15:00:00+00:00,4046.11,4051.0,4043.67,4049.12,4531,8,0
2026-06-26 15:15:00+00:00,4049.13,4051.57,4042.01,4046.67,5042,8,0
2026-06-26 15:30:00+00:00,4046.68,4049.28,4035.81,4040.44,4989,8,0
2026-06-26 15:45:00+00:00,4040.3,4061.73,4039.36,4059.05,5699,8,0
2026-06-26 16:00:00+00:00,4058.98,4066.0,4043.4,4050.65,6748,8,0
2026-06-26 16:15:00+00:00,4050.64,4058.77,4043.35,4057.13,6374,8,0
2026-06-26 16:30:00+00:00,4057.11,4062.33,4045.0,4062.3,7801,8,0
2026-06-26 16:45:00+00:00,4062.29,4078.03,4058.53,4073.75,7494,8,0
2026-06-26 17:00:00+00:00,4073.58,4084.36,4066.93,4081.41,7391,8,0
2026-06-26 17:15:00+00:00,4081.43,4092.44,4080.46,4083.85,7319,8,0
2026-06-26 17:30:00+00:00,4083.86,4084.41,4075.64,4082.04,6618,8,0
2026-06-26 17:45:00+00:00,4082.06,4091.87,4079.82,4079.91,7339,8,0
2026-06-26 18:00:00+00:00,4079.9,4082.58,4074.95,4080.39,6421,8,0
2026-06-26 18:15:00+00:00,4080.44,4084.53,4078.04,4084.2,6356,8,0
2026-06-26 18:30:00+00:00,4084.37,4095.48,4081.78,4095.09,6017,8,0
2026-06-26 18:45:00+00:00,4095.03,4096.73,4084.12,4090.54,6314,8,0
2026-06-26 19:00:00+00:00,4090.71,4092.93,4088.32,4091.23,5407,8,0
2026-06-26 19:15:00+00:00,4091.22,4093.63,4083.1,4086.76,5442,8,0
2026-06-26 19:30:00+00:00,4086.71,4093.12,4082.21,4084.55,4714,8,0
2026-06-26 19:45:00+00:00,4084.57,4086.83,4082.8,4085.1,4220,8,0
2026-06-26 20:00:00+00:00,4085.15,4088.23,4082.49,4083.5,3414,8,0
2026-06-26 20:15:00+00:00,4083.51,4085.14,4080.31,4081.53,3696,8,0
2026-06-26 20:30:00+00:00,4081.54,4083.39,4074.16,4076.76,5036,8,0
2026-06-26 20:45:00+00:00,4076.81,4077.84,4073.6,4074.75,4674,8,0
2026-06-26 21:00:00+00:00,4074.88,4078.87,4072.38,4076.84,3731,8,0
2026-06-26 21:15:00+00:00,4076.83,4076.96,4071.55,4073.58,3999,8,0
2026-06-26 21:30:00+00:00,4073.59,4075.48,4071.85,4072.65,3376,8,0
2026-06-26 21:45:00+00:00,4072.66,4072.66,4067.13,4067.36,4086,8,0
2026-06-26 22:00:00+00:00,4067.46,4070.07,4064.53,4069.46,4728,8,0
2026-06-26 22:15:00+00:00,4069.51,4069.68,4064.59,4066.45,3729,8,0
2026-06-26 22:30:00+00:00,4066.43,4070.88,4065.7,4068.64,4317,8,0
2026-06-26 22:45:00+00:00,4068.65,4074.7,4067.0,4071.57,4921,8,0
2026-06-26 23:00:00+00:00,4071.68,4072.78,4064.65,4067.93,4021,8,0
2026-06-26 23:15:00+00:00,4067.95,4072.99,4066.28,4072.14,3033,10,0
2026-06-26 23:30:00+00:00,4072.06,4072.09,4066.99,4070.85,3970,10,0
2026-06-26 23:45:00+00:00,4070.86,4090.02,4070.14,4089.79,2495,10,0
2026-06-29 01:00:00+00:00,4088.44,4088.44,4069.98,4070.1,3350,15,0
2026-06-29 01:15:00+00:00,4070.17,4070.46,4053.15,4057.45,2774,15,0
2026-06-29 01:30:00+00:00,4056.74,4065.56,4056.09,4063.47,1677,18,0
2026-06-29 01:45:00+00:00,4063.38,4069.68,4062.39,4066.58,1546,18,0
2026-06-29 02:00:00+00:00,4066.51,4070.8,4065.44,4065.74,2788,8,0
2026-06-29 02:15:00+00:00,4065.77,4065.82,4055.5,4057.05,2687,8,0
2026-06-29 02:30:00+00:00,4057.06,4062.8,4051.88,4062.8,2976,8,0
2026-06-29 02:45:00+00:00,4062.77,4066.33,4061.29,4062.82,3785,8,0
2026-06-29 03:00:00+00:00,4062.92,4064.82,4053.8,4058.88,6366,8,0
2026-06-29 03:15:00+00:00,4058.87,4062.2,4048.37,4048.4,5753,8,0
2026-06-29 03:30:00+00:00,4048.35,4069.91,4048.33,4069.57,5396,8,0
2026-06-29 03:45:00+00:00,4069.55,4074.24,4063.04,4069.76,5493,8,0
2026-06-29 04:00:00+00:00,4069.6,4074.6,4053.74,4054.78,7134,8,0
2026-06-29 04:15:00+00:00,4054.8,4066.13,4054.57,4059.32,6642,8,0
2026-06-29 04:30:00+00:00,4059.25,4066.78,4055.69,4063.68,6572,8,0
2026-06-29 04:45:00+00:00,4063.63,4063.93,4054.87,4061.45,6391,8,0
2026-06-29 05:00:00+00:00,4061.52,4070.62,4059.47,4061.03,6471,8,0
2026-06-29 05:15:00+00:00,4061.0,4070.72,4060.34,4068.87,5316,8,0
2026-06-29 05:30:00+00:00,4068.97,4071.83,4058.42,4060.46,5988,8,0
2026-06-29 05:45:00+00:00,4060.63,4069.52,4058.89,4066.4,5514,8,0
2026-06-29 06:00:00+00:00,4066.39,4071.09,4065.0,4069.11,4473,8,0
2026-06-29 06:15:00+00:00,4069.18,4075.81,4067.93,4071.49,3165,10,0
2026-06-29 06:30:00+00:00,4071.44,4072.38,4065.43,4067.5,4530,8,0
2026-06-29 06:45:00+00:00,4067.49,4072.0,4066.27,4069.03,3960,8,0
2026-06-29 07:00:00+00:00,4068.97,4069.48,4064.12,4065.7,3516,8,0
2026-06-29 07:15:00+00:00,4065.69,4066.6,4062.29,4065.07,3341,8,0
2026-06-29 07:30:00+00:00,4064.98,4065.46,4052.82,4057.13,3847,8,0
2026-06-29 07:45:00+00:00,4057.59,4057.86,4049.65,4052.34,3603,8,0
2026-06-29 08:00:00+00:00,4052.36,4057.5,4047.38,4056.07,4799,8,0
2026-06-29 08:15:00+00:00,4055.96,4057.49,4048.07,4049.38,4440,8,0
2026-06-29 08:30:00+00:00,4049.4,4051.62,4039.41,4050.59,6145,8,0
2026-06-29 08:45:00+00:00,4050.64,4056.94,4047.3,4054.37,5778,8,0
2026-06-29 09:00:00+00:00,4054.41,4064.28,4053.82,4059.79,6014,8,0
2026-06-29 09:15:00+00:00,4059.93,4063.25,4056.0,4060.94,5152,8,0
2026-06-29 09:30:00+00:00,4060.95,4061.97,4055.1,4061.24,4621,8,0
2026-06-29 09:45:00+00:00,4061.25,4065.0,4059.82,4062.39,4614,8,0
2026-06-29 10:00:00+00:00,4062.34,4062.79,4056.07,4059.21,3723,8,0
2026-06-29 10:15:00+00:00,4059.19,4066.43,4058.06,4066.06,3905,8,0
2026-06-29 10:30:00+00:00,4066.08,4066.4,4061.05,4062.66,3761,8,0
2026-06-29 10:45:00+00:00,4062.67,4068.56,4060.76,4061.7,3210,8,0
2026-06-29 11:00:00+00:00,4061.68,4066.05,4060.56,4064.0,3481,8,0
2026-06-29 11:15:00+00:00,4063.99,4065.51,4060.54,4061.34,3349,8,0
2026-06-29 11:30:00+00:00,4061.25,4066.69,4054.79,4055.74,3350,8,0
2026-06-29 11:45:00+00:00,4055.73,4057.4,4043.66,4046.99,3526,8,0
2026-06-29 12:00:00+00:00,4047.03,4055.29,4045.4,4050.13,3460,8,0
2026-06-29 12:15:00+00:00,4050.04,4053.45,4045.26,4047.39,3617,8,0
2026-06-29 12:30:00+00:00,4047.77,4050.74,4040.87,4043.69,3656,8,0
2026-06-29 12:45:00+00:00,4043.68,4044.18,4025.31,4031.61,4381,8,0
2026-06-29 13:00:00+00:00,4031.57,4039.75,4027.57,4038.37,4205,8,0
2026-06-29 13:15:00+00:00,4038.43,4038.69,4032.84,4037.41,2904,8,0
2026-06-29 13:30:00+00:00,4037.4,4038.74,4031.87,4034.68,2974,8,0
2026-06-29 13:45:00+00:00,4034.46,4038.36,4032.66,4036.81,2894,8,0
2026-06-29 14:00:00+00:00,4036.82,4038.62,4032.43,4034.35,3475,8,0
2026-06-29 14:15:00+00:00,4034.34,4036.06,4027.55,4032.07,3174,8,0
2026-06-29 14:30:00+00:00,4032.0,4038.6,4029.93,4035.29,3276,8,0
2026-06-29 14:45:00+00:00,4035.26,4042.34,4034.91,4039.27,3265,8,0
2026-06-29 15:00:00+00:00,4039.39,4052.57,4037.91,4047.64,3928,8,0
2026-06-29 15:15:00+00:00,4047.6,4049.71,4037.76,4038.46,3717,8,0
2026-06-29 15:30:00+00:00,4038.4,4047.27,4037.66,4044.93,3555,8,0
2026-06-29 15:45:00+00:00,4044.82,4047.92,4042.48,4043.64,3507,8,0
2026-06-29 16:00:00+00:00,4043.71,4051.8,4043.56,4047.22,4844,8,0
2026-06-29 16:15:00+00:00,4047.23,4049.81,4038.32,4038.32,4918,8,0
2026-06-29 16:30:00+00:00,4038.06,4044.6,4033.97,4038.65,6859,8,0
2026-06-29 16:45:00+00:00,4038.58,4040.58,4028.27,4032.3,6668,8,0
2026-06-29 17:00:00+00:00,4032.36,4035.61,4008.65,4008.99,6991,8,0
2026-06-29 17:15:00+00:00,4008.89,4028.37,4000.24,4024.87,6829,8,0
2026-06-29 17:30:00+00:00,4024.77,4028.29,4020.12,4021.11,6806,8,0
2026-06-29 17:45:00+00:00,4021.13,4030.47,4018.1,4025.68,6703,8,0
2026-06-29 18:00:00+00:00,4025.66,4026.41,4019.27,4021.97,6403,8,0
2026-06-29 18:15:00+00:00,4021.99,4027.77,4016.76,4024.43,5837,8,0
2026-06-29 18:30:00+00:00,4024.37,4026.61,4017.59,4022.8,5534,8,0
2026-06-29 18:45:00+00:00,4022.79,4030.44,4022.23,4026.96,5076,8,0
2026-06-29 19:00:00+00:00,4026.98,4028.77,4023.59,4023.65,3988,8,0
2026-06-29 19:15:00+00:00,4023.86,4026.58,4021.95,4023.73,3568,8,0
2026-06-29 19:30:00+00:00,4023.84,4024.44,4018.76,4021.4,4039,8,0
2026-06-29 19:45:00+00:00,4021.41,4028.27,4020.72,4023.89,3886,8,0
2026-06-29 20:00:00+00:00,4023.9,4032.17,4023.31,4029.08,4216,8,0
2026-06-29 20:15:00+00:00,4029.0,4030.84,4022.43,4023.95,3233,8,0
2026-06-29 20:30:00+00:00,4023.93,4024.56,4020.75,4022.0,3087,8,0
2026-06-29 20:45:00+00:00,4021.97,4022.61,4019.31,4020.94,3632,8,0
2026-06-29 21:00:00+00:00,4020.93,4024.44,4020.5,4024.1,3741,8,0
2026-06-29 21:15:00+00:00,4024.09,4025.37,4020.33,4021.12,3644,8,0
2026-06-29 21:30:00+00:00,4021.06,4021.64,4019.56,4020.84,2046,8,0
2026-06-29 21:45:00+00:00,4020.85,4021.14,4011.99,4013.38,2933,8,0
2026-06-29 22:00:00+00:00,4013.37,4014.74,4008.17,4008.31,3929,8,0
2026-06-29 22:15:00+00:00,4008.3,4017.33,4005.39,4017.23,3114,8,0
2026-06-29 22:30:00+00:00,4017.24,4019.68,4016.4,4018.0,3310,8,0
2026-06-29 22:45:00+00:00,4018.01,4018.48,4012.61,4015.89,4192,8,0
2026-06-29 23:00:00+00:00,4015.88,4016.09,4012.74,4014.33,1602,8,0
2026-06-29 23:15:00+00:00,4014.3,4018.03,4014.25,4017.79,972,8,0
2026-06-29 23:30:00+00:00,4017.86,4017.88,4014.54,4015.78,741,8,0
2026-06-29 23:45:00+00:00,4015.69,4017.32,4014.64,4015.87,1190,8,0
2026-06-30 01:00:00+00:00,4017.68,4022.17,4016.92,4018.57,1368,8,0
2026-06-30 01:15:00+00:00,4018.63,4020.65,4015.47,4016.02,1716,8,0
2026-06-30 01:30:00+00:00,4015.73,4015.79,4010.43,4010.45,2178,8,0
2026-06-30 01:45:00+00:00,4010.42,4017.06,4009.6,4014.16,2198,8,0
2026-06-30 02:00:00+00:00,4014.42,4021.53,4014.13,4020.8,2246,8,0
2026-06-30 02:15:00+00:00,4020.79,4022.47,4015.92,4016.75,1857,8,0
2026-06-30 02:30:00+00:00,4016.73,4021.74,4013.4,4015.22,2086,8,0
2026-06-30 02:45:00+00:00,4015.21,4018.09,4013.48,4014.95,2620,8,0
2026-06-30 03:00:00+00:00,4014.94,4015.16,4003.34,4010.69,5882,8,0
2026-06-30 03:15:00+00:00,4010.53,4011.7,4004.04,4006.35,4793,8,0
2026-06-30 03:30:00+00:00,4006.34,4006.84,3991.07,3991.94,5645,8,0
2026-06-30 03:45:00+00:00,3991.9,3994.09,3980.03,3987.2,6330,8,0
2026-06-30 04:00:00+00:00,3987.11,3987.39,3942.94,3958.06,7684,8,0
2026-06-30 04:15:00+00:00,3958.05,3980.84,3950.18,3979.06,7011,8,0
2026-06-30 04:30:00+00:00,3979.05,3979.71,3966.36,3969.04,6607,8,0
2026-06-30 04:45:00+00:00,3969.01,3973.63,3961.47,3969.41,6275,8,0
2026-06-30 05:00:00+00:00,3969.4,3973.34,3952.41,3957.44,6159,8,0
2026-06-30 05:15:00+00:00,3957.46,3965.51,3955.94,3961.96,4513,8,0
2026-06-30 05:30:00+00:00,3961.97,3964.23,3954.31,3959.67,5672,8,0
2026-06-30 05:45:00+00:00,3959.68,3970.65,3959.25,3962.94,5907,8,0
2026-06-30 06:00:00+00:00,3962.95,3969.75,3962.67,3966.34,5256,8,0
2026-06-30 06:15:00+00:00,3966.32,3971.15,3963.06,3965.64,5340,8,0
2026-06-30 06:30:00+00:00,3965.62,3967.05,3960.12,3963.3,4159,8,0
2026-06-30 06:45:00+00:00,3963.27,3971.25,3963.17,3969.91,4014,8,0
2026-06-30 07:00:00+00:00,3969.93,3975.25,3968.15,3972.6,3896,8,0
2026-06-30 07:15:00+00:00,3972.14,3983.69,3972.04,3982.77,3010,8,0
2026-06-30 07:30:00+00:00,3982.67,3998.17,3982.44,3988.61,4898,8,0
2026-06-30 07:45:00+00:00,3988.59,3991.5,3983.61,3985.52,4122,8,0
2026-06-30 08:00:00+00:00,3985.52,3991.03,3983.87,3984.79,4209,8,0
2026-06-30 08:15:00+00:00,3984.77,3987.71,3979.53,3982.92,4158,8,0
2026-06-30 08:30:00+00:00,3982.87,3985.08,3975.2,3979.41,6033,8,0
2026-06-30 08:45:00+00:00,3979.4,3981.79,3976.23,3977.97,5390,8,0
2026-06-30 09:00:00+00:00,3977.98,3989.5,3977.98,3987.79,5622,8,0
2026-06-30 09:15:00+00:00,3987.93,4013.33,3984.09,4012.09,6339,8,0
2026-06-30 09:30:00+00:00,4012.08,4034.18,4011.15,4024.77,7096,8,0
2026-06-30 09:45:00+00:00,4024.76,4033.41,4024.12,4029.97,5591,8,0
2026-06-30 10:00:00+00:00,4029.71,4030.1,4023.72,4025.73,4740,8,0
2026-06-30 10:15:00+00:00,4025.7,4034.81,4025.29,4028.55,3731,8,0
2026-06-30 10:30:00+00:00,4028.54,4032.21,4026.19,4028.81,3750,8,0
2026-06-30 10:45:00+00:00,4028.82,4033.19,4025.6,4032.25,3421,8,0
2026-06-30 11:00:00+00:00,4032.23,4037.64,4022.05,4024.34,4776,8,0
2026-06-30 11:15:00+00:00,4024.33,4026.36,4020.22,4025.93,4048,8,0
2026-06-30 11:30:00+00:00,4025.95,4026.87,4015.47,4017.95,4453,8,0
2026-06-30 11:45:00+00:00,4017.94,4019.61,4013.66,4015.57,4513,8,0
2026-06-30 12:00:00+00:00,4015.58,4021.75,4014.58,4018.39,3596,8,0
2026-06-30 12:15:00+00:00,4018.36,4022.81,4016.22,4017.41,3256,8,0
2026-06-30 12:30:00+00:00,4017.42,4018.85,4012.5,4018.52,3248,8,0
2026-06-30 12:45:00+00:00,4018.67,4023.91,4018.36,4023.9,670,8,0
2026-06-30 13:00:00+00:00,4023.83,4026.62,4021.51,4025.77,769,8,0
2026-06-30 13:15:00+00:00,4025.76,4028.74,4023.87,4028.53,704,8,0
2026-06-30 13:30:00+00:00,4028.51,4029.96,4025.14,4028.08,739,8,0
2026-06-30 13:45:00+00:00,4028.33,4031.27,4026.42,4029.84,707,8,0
2026-06-30 14:00:00+00:00,4029.9,4033.62,4025.52,4033.39,766,8,0
2026-06-30 14:15:00+00:00,4033.45,4034.23,4029.89,4031.88,785,8,0
2026-06-30 14:30:00+00:00,4031.72,4035.03,4028.55,4034.57,754,8,0
2026-06-30 14:45:00+00:00,4034.55,4037.32,4030.31,4033.99,744,8,0
2026-06-30 15:00:00+00:00,4034.22,4034.46,4026.13,4026.63,790,8,0
2026-06-30 15:15:00+00:00,4026.72,4028.73,4014.94,4016.84,812,8,0
2026-06-30 15:30:00+00:00,4016.78,4021.62,4012.8,4018.8,800,8,0
2026-06-30 15:45:00+00:00,4018.24,4018.39,4008.7,4010.39,820,8,0
2026-06-30 16:00:00+00:00,4009.88,4025.69,4009.88,4023.67,839,8,0
2026-06-30 16:15:00+00:00,4023.6,4033.37,4019.13,4023.75,838,8,0
2026-06-30 16:30:00+00:00,4024.08,4027.11,4013.34,4025.13,830,8,0
2026-06-30 16:45:00+00:00,4024.96,4032.53,4022.1,4030.08,848,8,0
2026-06-30 17:00:00+00:00,4030.08,4048.64,4025.53,4043.58,780,8,0
2026-06-30 17:15:00+00:00,4043.52,4063.33,4043.29,4054.67,805,8,0
2026-06-30 17:30:00+00:00,4054.24,4058.5,4044.86,4051.18,842,8,0
2026-06-30 17:45:00+00:00,4051.13,4051.13,4037.3,4037.3,846,8,0
2026-06-30 18:00:00+00:00,4037.75,4039.14,4032.34,4035.93,845,8,0
2026-06-30 18:15:00+00:00,4036.0,4036.0,4022.26,4028.2,831,8,0
2026-06-30 18:30:00+00:00,4028.66,4031.3,4026.85,4029.56,816,10,0
2026-06-30 18:45:00+00:00,4029.74,4034.83,4028.98,4029.52,826,10,0
2026-06-30 19:00:00+00:00,4029.42,4030.4,4025.95,4030.01,811,10,0
2026-06-30 19:15:00+00:00,4030.14,4031.56,4027.88,4029.71,789,10,0
2026-06-30 19:30:00+00:00,4029.65,4032.23,4027.42,4031.39,798,10,0
2026-06-30 19:45:00+00:00,4031.16,4033.87,4025.95,4026.09,757,10,0
2026-06-30 20:00:00+00:00,4026.3,4028.03,4020.79,4023.32,777,10,0
2026-06-30 20:15:00+00:00,4023.23,4028.03,4021.68,4025.43,779,10,0
2026-06-30 20:30:00+00:00,4026.84,4029.83,4025.63,4029.43,717,10,0
2026-06-30 20:45:00+00:00,4029.29,4032.2,4029.12,4030.81,749,10,0
2026-06-30 21:00:00+00:00,4030.8,4033.81,4030.8,4032.44,713,10,0
2026-06-30 21:15:00+00:00,4032.46,4032.99,4030.49,4031.4,674,10,0
2026-06-30 21:30:00+00:00,4031.51,4031.58,4028.29,4031.02,686,10,0
2026-06-30 21:45:00+00:00,4030.95,4032.6,4028.48,4028.58,723,10,0
2026-06-30 22:00:00+00:00,4028.57,4029.52,4023.51,4024.04,708,10,0
2026-06-30 22:15:00+00:00,4024.02,4025.09,4020.97,4021.21,718,10,0
2026-06-30 22:30:00+00:00,4020.96,4023.01,4020.64,4021.94,742,10,0
2026-06-30 22:45:00+00:00,4021.89,4022.44,4014.88,4015.86,802,10,0
2026-06-30 23:00:00+00:00,4015.96,4020.7,4013.93,4019.91,673,10,0
2026-06-30 23:15:00+00:00,4019.93,4020.92,4012.27,4012.78,699,10,0
2026-06-30 23:30:00+00:00,4012.81,4013.67,4010.34,4011.11,524,10,0
2026-06-30 23:45:00+00:00,4011.05,4011.66,4006.45,4007.12,611,10,0
2026-07-01 01:00:00+00:00,4011.62,4017.49,4010.33,4014.53,707,8,0
2026-07-01 01:15:00+00:00,4014.6,4016.47,4012.21,4013.93,721,8,0
2026-07-01 01:30:00+00:00,4013.86,4018.01,4013.32,4014.3,634,11,0
2026-07-01 01:45:00+00:00,4014.23,4016.34,4011.12,4013.16,644,8,0
2026-07-01 02:00:00+00:00,4013.2,4018.44,4011.08,4014.17,745,8,0
2026-07-01 02:15:00+00:00,4014.23,4015.44,4008.18,4011.43,656,8,0
2026-07-01 02:30:00+00:00,4011.1,4012.59,4008.87,4009.38,654,8,0
2026-07-01 02:45:00+00:00,4009.34,4010.12,4005.52,4005.9,736,8,0
2026-07-01 03:00:00+00:00,4005.98,4009.83,4005.7,4008.6,826,8,0
2026-07-01 03:15:00+00:00,4008.48,4009.19,4001.64,4001.98,819,8,0
2026-07-01 03:30:00+00:00,4002.15,4005.86,3996.27,3996.53,810,8,0
2026-07-01 03:45:00+00:00,3996.51,3999.48,3993.31,3996.76,804,8,0
2026-07-01 04:00:00+00:00,3996.86,3999.59,3979.08,3984.63,833,8,0
2026-07-01 04:15:00+00:00,3984.02,3986.04,3975.89,3985.28,852,8,0
2026-07-01 04:30:00+00:00,3985.78,3988.63,3975.38,3979.05,850,8,0
2026-07-01 04:45:00+00:00,3979.06,3981.85,3973.98,3977.88,842,8,0
2026-07-01 05:00:00+00:00,3977.81,3979.74,3970.22,3976.71,846,8,0
2026-07-01 05:15:00+00:00,3976.52,3982.14,3975.91,3980.79,786,8,0
2026-07-01 05:30:00+00:00,3980.77,3986.17,3978.94,3982.89,830,8,0
2026-07-01 05:45:00+00:00,3983.33,3985.28,3978.5,3979.26,826,8,0
2026-07-01 06:00:00+00:00,3979.26,3985.51,3979.0,3983.44,801,8,0
2026-07-01 06:15:00+00:00,3983.4,3986.95,3980.27,3981.4,772,8,0
2026-07-01 06:30:00+00:00,3981.41,3982.24,3976.78,3977.74,755,8,0
2026-07-01 06:45:00+00:00,3977.49,3980.6,3977.05,3980.49,652,8,0
2026-07-01 07:00:00+00:00,3980.5,3981.09,3974.21,3976.36,705,8,0
2026-07-01 07:15:00+00:00,3976.19,3978.04,3974.58,3977.51,698,8,0
2026-07-01 07:30:00+00:00,3977.53,3980.82,3972.42,3974.61,671,8,0
2026-07-01 07:45:00+00:00,3974.5,3982.6,3974.36,3976.69,703,8,0
2026-07-01 08:00:00+00:00,3976.6,3977.09,3969.96,3971.91,772,8,0
2026-07-01 08:15:00+00:00,3971.95,3975.25,3970.1,3972.89,727,8,0
2026-07-01 08:30:00+00:00,3973.59,3978.87,3970.84,3974.65,843,8,0
2026-07-01 08:45:00+00:00,3974.86,3978.89,3973.63,3973.84,823,8,0
2026-07-01 09:00:00+00:00,3974.08,3977.39,3963.75,3965.26,841,8,0
2026-07-01 09:15:00+00:00,3965.18,3969.79,3963.2,3967.43,815,8,0
2026-07-01 09:30:00+00:00,3967.33,3973.3,3963.48,3971.86,812,8,0
2026-07-01 09:45:00+00:00,3971.83,3973.62,3969.14,3971.91,761,8,0
2026-07-01 10:00:00+00:00,3971.67,3973.73,3960.47,3961.55,801,8,0
2026-07-01 10:15:00+00:00,3961.36,3972.0,3960.25,3964.35,750,8,0
2026-07-01 10:30:00+00:00,3964.34,3971.07,3960.99,3971.06,783,8,0
2026-07-01 10:45:00+00:00,3971.05,3978.25,3968.84,3975.97,775,8,0
2026-07-01 11:00:00+00:00,3975.96,3976.07,3969.56,3974.17,808,8,0
2026-07-01 11:15:00+00:00,3974.55,3984.52,3974.27,3979.0,789,8,0
2026-07-01 11:30:00+00:00,3978.87,3979.66,3972.46,3977.04,769,8,0
2026-07-01 11:45:00+00:00,3977.05,3977.44,3971.33,3974.69,761,8,0
2026-07-01 12:00:00+00:00,3974.59,3977.62,3972.87,3975.89,745,8,0
2026-07-01 12:15:00+00:00,3975.77,3980.31,3975.54,3978.95,692,8,0
2026-07-01 12:30:00+00:00,3978.88,3982.61,3977.65,3981.71,687,8,0
2026-07-01 12:45:00+00:00,3981.91,3986.11,3981.88,3984.45,724,8,0
2026-07-01 13:00:00+00:00,3984.51,3989.56,3983.02,3984.23,725,8,0
2026-07-01 13:15:00+00:00,3984.21,3987.48,3981.48,3987.18,661,8,0
2026-07-01 13:30:00+00:00,3987.15,3994.2,3986.53,3987.41,733,8,0
2026-07-01 13:45:00+00:00,3987.56,3998.56,3987.11,3998.35,673,8,0
2026-07-01 14:00:00+00:00,3998.33,4018.82,3998.04,4016.13,763,8,0
2026-07-01 14:15:00+00:00,4016.0,4027.12,4015.21,4026.7,818,8,0
2026-07-01 14:30:00+00:00,4026.56,4031.66,4023.19,4029.47,780,8,0
2026-07-01 14:45:00+00:00,4029.22,4035.41,4028.99,4030.43,801,8,0
2026-07-01 15:00:00+00:00,4030.89,4033.65,4020.08,4021.66,823,8,0
2026-07-01 15:15:00+00:00,4022.19,4030.23,4021.91,4026.33,796,8,0
2026-07-01 15:30:00+00:00,4025.78,4033.04,4023.63,4026.5,830,8,0
2026-07-01 15:45:00+00:00,4026.15,4028.78,4022.6,4022.69,827,8,0
2026-07-01 16:00:00+00:00,4022.95,4024.89,4013.0,4021.3,837,8,0
2026-07-01 16:15:00+00:00,4021.42,4046.02,4021.42,4045.97,795,8,0
2026-07-01 16:30:00+00:00,4045.8,4097.88,4042.03,4097.64,738,8,0
2026-07-01 16:45:00+00:00,4098.08,4107.64,4085.54,4089.69,753,8,0
2026-07-01 17:00:00+00:00,4094.29,4101.53,4083.22,4093.55,794,8,0
2026-07-01 17:15:00+00:00,4093.06,4106.82,4089.48,4100.55,795,8,0
2026-07-01 17:30:00+00:00,4100.6,4114.78,4092.11,4092.76,813,8,0
2026-07-01 17:45:00+00:00,4093.02,4094.98,4086.49,4093.51,839,8,0
2026-07-01 18:00:00+00:00,4093.44,4094.33,4082.06,4085.24,823,8,0
2026-07-01 18:15:00+00:00,4085.19,4092.08,4078.64,4083.87,830,8,0
2026-07-01 18:30:00+00:00,4083.67,4083.98,4076.92,4082.46,847,8,0
2026-07-01 18:45:00+00:00,4082.32,4087.84,4079.59,4081.21,836,8,0
2026-07-01 19:00:00+00:00,4081.22,4088.26,4081.22,4082.74,800,8,0
2026-07-01 19:15:00+00:00,4082.41,4085.09,4080.57,4081.43,819,8,0
2026-07-01 19:30:00+00:00,4082.87,4083.36,4072.94,4074.43,821,8,0
2026-07-01 19:45:00+00:00,4074.83,4076.22,4070.73,4071.29,828,8,0
2026-07-01 20:00:00+00:00,4071.8,4073.47,4067.89,4071.36,793,8,0
2026-07-01 20:15:00+00:00,4071.37,4072.07,4067.86,4068.29,765,8,0
2026-07-01 20:30:00+00:00,4068.09,4073.46,4068.08,4071.08,769,8,0
2026-07-01 20:45:00+00:00,4071.2,4072.59,4067.52,4068.48,783,8,0
2026-07-01 21:00:00+00:00,4068.55,4070.99,4067.45,4070.38,751,8,0
2026-07-01 21:15:00+00:00,4069.45,4069.45,4061.37,4061.37,786,8,0
2026-07-01 21:30:00+00:00,4062.01,4066.01,4061.49,4063.07,754,8,0
2026-07-01 21:45:00+00:00,4063.1,4063.21,4057.94,4062.44,771,8,0
2026-07-01 22:00:00+00:00,4062.25,4068.38,4061.9,4065.49,802,8,0
2026-07-01 22:15:00+00:00,4065.47,4066.24,4056.66,4059.03,765,8,0
2026-07-01 22:30:00+00:00,4058.91,4059.75,4053.08,4053.89,784,8,0
2026-07-01 22:45:00+00:00,4053.9,4054.29,4034.81,4039.28,793,8,0
2026-07-01 23:00:00+00:00,4039.21,4039.64,4028.59,4035.52,774,8,0
2026-07-01 23:15:00+00:00,4035.45,4039.17,4034.61,4038.46,704,8,0
2026-07-01 23:30:00+00:00,4038.55,4039.11,4033.31,4033.98,684,8,0
2026-07-01 23:45:00+00:00,4034.05,4035.9,4030.31,4031.25,649,8,0
2026-07-02 01:00:00+00:00,4035.2,4040.99,4033.17,4036.78,687,10,0
2026-07-02 01:15:00+00:00,4036.68,4039.25,4034.93,4038.37,634,10,0
2026-07-02 01:30:00+00:00,4038.13,4040.7,4037.1,4040.0,657,10,0
2026-07-02 01:45:00+00:00,4040.0,4045.2,4039.95,4045.09,643,8,0
2026-07-02 02:00:00+00:00,4045.08,4045.08,4037.57,4037.57,647,8,0
2026-07-02 02:15:00+00:00,4037.65,4039.28,4033.92,4037.18,685,8,0
2026-07-02 02:30:00+00:00,4037.2,4040.55,4034.58,4035.75,622,8,0
2026-07-02 02:45:00+00:00,4035.6,4036.77,4033.41,4035.05,732,8,0
2026-07-02 03:00:00+00:00,4035.89,4046.2,4030.78,4044.92,842,8,0
2026-07-02 03:15:00+00:00,4044.78,4048.56,4040.33,4046.44,807,8,0
2026-07-02 03:30:00+00:00,4046.59,4046.64,4038.14,4039.36,791,8,0
2026-07-02 03:45:00+00:00,4039.38,4052.62,4039.38,4051.82,813,8,0
2026-07-02 04:00:00+00:00,4051.81,4068.43,4051.41,4065.13,829,8,0
2026-07-02 04:15:00+00:00,4065.39,4065.47,4050.19,4053.18,850,8,0
2026-07-02 04:30:00+00:00,4053.36,4055.47,4046.34,4048.1,844,8,0
2026-07-02 04:45:00+00:00,4047.76,4056.31,4045.42,4050.32,845,8,0
2026-07-02 05:00:00+00:00,4050.16,4050.93,4041.41,4048.25,847,8,0
2026-07-02 05:15:00+00:00,4048.12,4054.85,4047.87,4051.72,808,8,0
2026-07-02 05:30:00+00:00,4051.81,4056.98,4048.0,4056.16,838,8,0
2026-07-02 05:45:00+00:00,4056.19,4060.99,4054.48,4057.32,837,8,0
2026-07-02 06:00:00+00:00,4057.14,4059.77,4055.55,4057.26,837,8,0
2026-07-02 06:15:00+00:00,4057.61,4067.24,4057.61,4065.31,815,8,0
2026-07-02 06:30:00+00:00,4065.39,4067.73,4062.09,4065.59,781,8,0
2026-07-02 06:45:00+00:00,4065.6,4074.03,4063.03,4069.91,791,8,0
2026-07-02 07:00:00+00:00,4069.95,4072.95,4068.28,4070.13,759,8,0
2026-07-02 07:15:00+00:00,4070.25,4070.47,4064.21,4064.88,756,8,0
2026-07-02 07:30:00+00:00,4065.53,4066.52,4061.46,4063.32,762,8,0
2026-07-02 07:45:00+00:00,4063.28,4065.1,4060.64,4060.64,723,8,0
2026-07-02 08:00:00+00:00,4060.7,4061.2,4054.48,4055.75,803,8,0
2026-07-02 08:15:00+00:00,4055.42,4062.14,4054.77,4057.4,793,8,0
2026-07-02 08:30:00+00:00,4057.75,4066.32,4053.49,4061.89,859,8,0
2026-07-02 08:45:00+00:00,4061.73,4067.72,4059.92,4066.12,841,8,0
2026-07-02 09:00:00+00:00,4066.22,4075.26,4066.19,4068.53,820,8,0
2026-07-02 09:15:00+00:00,4068.47,4079.83,4067.19,4074.2,817,8,0
2026-07-02 09:30:00+00:00,4074.17,4076.8,4066.2,4068.05,842,8,0
2026-07-02 09:45:00+00:00,4068.11,4076.45,4066.8,4073.59,835,8,0
2026-07-02 10:00:00+00:00,4073.12,4074.15,4067.29,4067.69,814,8,0
2026-07-02 10:15:00+00:00,4067.91,4068.39,4061.09,4062.39,800,8,0
2026-07-02 10:30:00+00:00,4062.25,4075.55,4060.97,4074.49,742,8,0
2026-07-02 10:45:00+00:00,4074.51,4074.98,4063.67,4064.71,806,8,0
2026-07-02 11:00:00+00:00,4064.28,4074.24,4061.26,4069.9,820,8,0
2026-07-02 11:15:00+00:00,4069.9,4077.92,4068.79,4075.09,826,8,0
2026-07-02 11:30:00+00:00,4075.1,4077.87,4072.23,4075.33,1607,8,0
2026-07-02 11:45:00+00:00,4075.34,4079.97,4073.23,4076.17,2821,8,0
2026-07-02 12:00:00+00:00,4076.14,4076.96,4069.44,4072.28,2947,8,0
2026-07-02 12:15:00+00:00,4072.27,4073.7,4066.15,4067.63,2562,8,0
2026-07-02 12:30:00+00:00,4067.62,4072.27,4064.0,4069.43,2890,8,0
2026-07-02 12:45:00+00:00,4069.37,4072.42,4064.69,4065.35,2704,8,0
2026-07-02 13:00:00+00:00,4065.36,4066.6,4062.6,4063.42,2622,8,0
2026-07-02 13:15:00+00:00,4063.37,4068.06,4062.1,4066.21,2504,8,0
2026-07-02 13:30:00+00:00,4066.24,4068.75,4063.17,4064.74,2394,8,0
2026-07-02 13:45:00+00:00,4064.73,4068.14,4061.51,4066.26,2363,8,0
2026-07-02 14:00:00+00:00,4066.22,4067.05,4057.51,4063.37,2793,8,0
2026-07-02 14:15:00+00:00,4063.4,4067.41,4062.69,4065.54,2451,8,0
2026-07-02 14:30:00+00:00,4065.55,4071.71,4063.41,4071.18,2719,8,0
2026-07-02 14:45:00+00:00,4071.26,4072.37,4065.5,4065.5,2829,8,0
2026-07-02 15:00:00+00:00,4065.3,4073.58,4061.43,4064.25,2936,8,0
2026-07-02 15:15:00+00:00,4064.27,4069.77,4061.69,4064.97,3097,8,0
2026-07-02 15:30:00+00:00,4064.99,4140.4,4064.53,4132.67,3802,8,0
2026-07-02 15:45:00+00:00,4132.48,4133.86,4112.1,4117.42,3973,8,0
2026-07-02 16:00:00+00:00,4117.56,4129.8,4115.57,4124.07,3917,8,0
2026-07-02 16:15:00+00:00,4124.05,4124.45,4109.7,4112.92,3678,8,0
2026-07-02 16:30:00+00:00,4113.05,4138.36,4110.04,4134.83,4104,8,0
2026-07-02 16:45:00+00:00,4134.81,4143.78,4132.57,4136.93,3877,8,0
2026-07-02 17:00:00+00:00,4136.79,4138.2,4124.12,4128.4,3813,8,0
2026-07-02 17:15:00+00:00,4128.59,4136.17,4114.11,4116.43,3935,8,0
2026-07-02 17:30:00+00:00,4116.33,4125.39,4114.67,4118.73,4009,8,0
2026-07-02 17:45:00+00:00,4118.72,4129.81,4115.84,4128.69,3887,8,0
2026-07-02 18:00:00+00:00,4128.57,4131.03,4114.8,4126.56,3778,8,0
2026-07-02 18:15:00+00:00,4126.5,4131.24,4120.69,4122.41,3732,8,0
2026-07-02 18:30:00+00:00,4122.46,4130.98,4122.46,4125.33,3595,8,0
2026-07-02 18:45:00+00:00,4125.27,4130.0,4124.16,4128.79,3354,8,0
2026-07-02 19:00:00+00:00,4129.27,4130.55,4122.16,4123.74,3430,8,0
2026-07-02 19:15:00+00:00,4123.7,4124.25,4115.79,4116.73,3486,8,0
2026-07-02 19:30:00+00:00,4116.72,4116.73,4100.65,4114.15,3684,8,0
2026-07-02 19:45:00+00:00,4114.16,4119.63,4113.42,4117.66,3186,8,0
2026-07-02 20:00:00+00:00,4117.49,4119.81,4113.52,4118.18,3464,8,0
2026-07-02 20:15:00+00:00,4118.32,4120.36,4111.63,4112.82,2885,8,0
2026-07-02 20:30:00+00:00,4112.94,4114.81,4106.03,4107.29,3278,8,0
2026-07-02 20:45:00+00:00,4107.27,4110.29,4105.72,4106.77,3176,8,0
2026-07-02 21:00:00+00:00,4106.75,4123.82,4106.09,4119.38,3433,8,0
2026-07-02 21:15:00+00:00,4119.37,4123.13,4115.85,4123.13,2802,8,0
2026-07-02 21:30:00+00:00,4123.12,4126.99,4121.21,4121.4,2809,8,0
2026-07-02 21:45:00+00:00,4121.27,4124.26,4119.9,4122.73,2697,8,0
2026-07-02 22:00:00+00:00,4122.7,4124.46,4114.03,4115.29,3117,8,0
2026-07-02 22:15:00+00:00,4115.27,4115.79,4109.03,4113.43,2896,8,0
2026-07-02 22:30:00+00:00,4113.45,4115.58,4111.88,4114.04,3039,8,0
2026-07-02 22:45:00+00:00,4114.06,4124.62,4113.29,4121.9,3239,8,0
2026-07-02 23:00:00+00:00,4121.76,4123.12,4116.95,4120.54,1926,8,0
2026-07-02 23:15:00+00:00,4120.53,4125.63,4119.77,4124.12,1371,8,0
2026-07-02 23:30:00+00:00,4124.06,4125.59,4120.79,4120.8,921,8,0
2026-07-02 23:45:00+00:00,4120.85,4124.18,4118.48,4122.63,1164,8,0
2026-07-03 01:00:00+00:00,4125.58,4127.99,4124.44,4124.55,791,8,0
2026-07-03 01:15:00+00:00,4124.57,4125.34,4122.61,4124.35,1081,8,0
2026-07-03 01:30:00+00:00,4124.34,4126.41,4122.53,4123.15,1273,8,0
2026-07-03 01:45:00+00:00,4123.17,4126.52,4122.85,4124.7,940,8,0
2026-07-03 02:00:00+00:00,4124.71,4127.29,4124.34,4125.42,1250,8,0
2026-07-03 02:15:00+00:00,4125.44,4130.39,4124.34,4129.83,1548,8,0
2026-07-03 02:30:00+00:00,4129.84,4131.91,4121.09,4125.11,2005,8,0
2026-07-03 02:45:00+00:00,4124.94,4131.5,4124.42,4126.55,2525,8,0
2026-07-03 03:00:00+00:00,4126.95,4136.94,4122.96,4134.97,3430,8,0
2026-07-03 03:15:00+00:00,4134.97,4140.91,4131.84,4137.54,3396,8,0
2026-07-03 03:30:00+00:00,4137.36,4139.67,4132.99,4136.38,3163,8,0
2026-07-03 03:45:00+00:00,4136.3,4151.04,4135.26,4147.14,3181,8,0
2026-07-03 04:00:00+00:00,4147.13,4179.27,4146.66,4176.13,3966,8,0
2026-07-03 04:15:00+00:00,4176.18,4194.4,4174.12,4188.01,3802,8,0
2026-07-03 04:30:00+00:00,4188.03,4195.65,4178.72,4179.18,3705,8,0
2026-07-03 04:45:00+00:00,4179.09,4183.52,4174.67,4181.78,3384,8,0
2026-07-03 05:00:00+00:00,4181.79,4183.7,4176.52,4179.48,3314,8,0
2026-07-03 05:15:00+00:00,4179.47,4181.32,4176.45,4179.2,2415,8,0
2026-07-03 05:30:00+00:00,4179.37,4186.87,4178.03,4183.22,3019,8,0
2026-07-03 05:45:00+00:00,4183.23,4186.68,4178.84,4183.44,2907,8,0
2026-07-03 06:00:00+00:00,4183.45,4184.6,4179.71,4183.06,2911,8,0
2026-07-03 06:15:00+00:00,4182.83,4183.69,4179.25,4181.49,2551,8,0
2026-07-03 06:30:00+00:00,4181.39,4183.17,4177.36,4177.47,2348,8,0
2026-07-03 06:45:00+00:00,4177.46,4179.35,4175.31,4176.06,1963,8,0
2026-07-03 07:00:00+00:00,4176.12,4179.06,4173.28,4177.85,1961,8,0
2026-07-03 07:15:00+00:00,4177.78,4182.84,4176.7,4178.57,1849,8,0
2026-07-03 07:30:00+00:00,4178.59,4178.78,4175.41,4177.23,1598,8,0
2026-07-03 07:45:00+00:00,4177.26,4178.89,4174.53,4178.84,1732,8,0
2026-07-03 08:00:00+00:00,4178.83,4181.29,4177.1,4178.38,2293,8,0
2026-07-03 08:15:00+00:00,4178.39,4179.32,4173.12,4176.09,2135,8,0
2026-07-03 08:30:00+00:00,4176.02,4181.89,4173.19,4175.22,3102,8,0
2026-07-03 08:45:00+00:00,4175.28,4176.53,4169.3,4171.19,2779,8,0
2026-07-03 09:00:00+00:00,4171.32,4171.59,4162.14,4162.28,3141,8,0
2026-07-03 09:15:00+00:00,4162.39,4167.23,4160.48,4164.9,2994,8,0
2026-07-03 09:30:00+00:00,4164.88,4173.72,4164.5,4171.06,2787,8,0
2026-07-03 09:45:00+00:00,4171.07,4174.5,4170.22,4173.12,2743,8,0
2026-07-03 10:00:00+00:00,4172.9,4181.18,4171.27,4174.16,2559,8,0
2026-07-03 10:15:00+00:00,4174.09,4175.98,4169.25,4175.42,2374,8,0
2026-07-03 10:30:00+00:00,4175.32,4179.79,4173.95,4179.51,2446,8,0
2026-07-03 10:45:00+00:00,4179.52,4181.74,4174.81,4176.63,2348,8,0
2026-07-03 11:00:00+00:00,4176.79,4185.85,4176.79,4184.01,2474,8,0
2026-07-03 11:15:00+00:00,4184.03,4185.53,4181.14,4182.95,2417,8,0
2026-07-03 11:30:00+00:00,4182.99,4186.56,4180.62,4184.08,2209,8,0
2026-07-03 11:45:00+00:00,4184.15,4185.47,4177.01,4180.99,2112,8,0
2026-07-03 12:00:00+00:00,4180.96,4181.64,4175.87,4180.31,1908,8,0
2026-07-03 12:15:00+00:00,4180.45,4180.55,4171.19,4171.91,2090,8,0
2026-07-03 12:30:00+00:00,4171.91,4173.07,4168.47,4172.21,2066,8,0
2026-07-03 12:45:00+00:00,4172.22,4175.09,4171.57,4172.01,1739,8,0
2026-07-03 13:00:00+00:00,4171.97,4180.82,4170.84,4179.8,1740,8,0
2026-07-03 13:15:00+00:00,4179.75,4181.13,4178.03,4178.51,1775,8,0
2026-07-03 13:30:00+00:00,4178.53,4179.09,4175.6,4177.72,1509,8,0
2026-07-03 13:45:00+00:00,4177.72,4178.78,4174.69,4177.09,1500,8,0
2026-07-03 14:00:00+00:00,4177.14,4183.9,4175.61,4183.52,1909,8,0
2026-07-03 14:15:00+00:00,4183.35,4186.16,4182.74,4183.19,1599,8,0
2026-07-03 14:30:00+00:00,4183.04,4186.08,4182.74,4185.44,1504,8,0
2026-07-03 14:45:00+00:00,4185.43,4186.4,4178.74,4181.02,1794,8,0
2026-07-03 15:00:00+00:00,4181.03,4183.25,4177.8,4177.94,2074,8,0
2026-07-03 15:15:00+00:00,4178.01,4178.19,4172.17,4174.89,1933,8,0
2026-07-03 15:30:00+00:00,4174.83,4177.61,4172.92,4174.91,1995,8,0
2026-07-03 15:45:00+00:00,4174.91,4177.55,4172.26,4177.11,2026,8,0
2026-07-03 16:00:00+00:00,4176.8,4179.33,4164.52,4166.69,3101,8,0
2026-07-03 16:15:00+00:00,4166.68,4172.23,4166.55,4171.46,2781,8,0
2026-07-03 16:30:00+00:00,4171.47,4171.78,4165.09,4167.12,3004,8,0
2026-07-03 16:45:00+00:00,4167.06,4168.87,4163.62,4164.67,2820,8,0
2026-07-03 17:00:00+00:00,4164.66,4167.2,4155.48,4162.24,3028,8,0
2026-07-03 17:15:00+00:00,4162.25,4166.81,4161.28,4166.18,2732,8,0
2026-07-03 17:30:00+00:00,4166.16,4167.23,4163.39,4163.79,2214,8,0
2026-07-03 17:45:00+00:00,4163.88,4171.27,4163.66,4169.83,2130,10,0
2026-07-03 18:00:00+00:00,4169.82,4174.16,4168.67,4172.28,2365,10,0
2026-07-03 18:15:00+00:00,4172.27,4174.34,4166.96,4167.4,2170,10,0
2026-07-03 18:30:00+00:00,4167.43,4168.9,4166.09,4167.48,1892,10,0
2026-07-03 18:45:00+00:00,4167.52,4168.68,4164.28,4164.75,1551,10,0
2026-07-03 19:00:00+00:00,4164.7,4165.53,4162.83,4163.96,1813,10,0
2026-07-03 19:15:00+00:00,4163.94,4167.4,4162.57,4166.49,1649,10,0
2026-07-03 19:30:00+00:00,4166.5,4170.38,4166.49,4169.99,1744,10,0
2026-07-03 19:45:00+00:00,4170.0,4176.28,4169.53,4174.8,1742,10,0
2026-07-06 01:00:00+00:00,4175.89,4187.35,4173.03,4181.21,2066,11,0
2026-07-06 01:15:00+00:00,4181.19,4185.74,4177.34,4184.8,1530,8,0
2026-07-06 01:30:00+00:00,4184.91,4191.54,4182.97,4188.66,1897,8,0
2026-07-06 01:45:00+00:00,4188.79,4189.94,4183.29,4188.23,1794,8,0
2026-07-06 02:00:00+00:00,4188.18,4191.56,4186.93,4187.46,1845,8,0
2026-07-06 02:15:00+00:00,4187.49,4201.39,4186.63,4200.45,1611,8,0
2026-07-06 02:30:00+00:00,4200.47,4201.57,4193.43,4196.4,2068,8,0
2026-07-06 02:45:00+00:00,4196.38,4197.2,4177.61,4183.16,2613,8,0
2026-07-06 03:00:00+00:00,4184.32,4185.4,4170.4,4174.79,3364,8,0
2026-07-06 03:15:00+00:00,4174.8,4181.38,4171.06,4174.61,3312,8,0
2026-07-06 03:30:00+00:00,4174.65,4187.53,4174.19,4186.13,3278,8,0
2026-07-06 03:45:00+00:00,4185.99,4189.03,4175.28,4180.8,3198,8,0
2026-07-06 04:00:00+00:00,4179.32,4192.7,4172.59,4188.78,3663,8,0
2026-07-06 04:15:00+00:00,4188.77,4192.84,4180.57,4189.53,3611,8,0
2026-07-06 04:30:00+00:00,4189.56,4200.44,4187.48,4198.23,3750,8,0
2026-07-06 04:45:00+00:00,4198.21,4202.58,4185.02,4185.97,3648,8,0
2026-07-06 05:00:00+00:00,4186.0,4187.81,4176.98,4180.78,3528,8,0
2026-07-06 05:15:00+00:00,4180.86,4186.17,4175.86,4177.61,3106,8,0
2026-07-06 05:30:00+00:00,4177.69,4178.72,4168.64,4172.37,3606,8,0
2026-07-06 05:45:00+00:00,4172.5,4176.08,4170.01,4174.15,3291,8,0
2026-07-06 06:00:00+00:00,4174.04,4176.4,4165.5,4166.64,3266,8,0
2026-07-06 06:15:00+00:00,4166.61,4168.01,4162.54,4166.43,3113,8,0
2026-07-06 06:30:00+00:00,4166.06,4169.26,4161.65,4162.95,2721,8,0
2026-07-06 06:45:00+00:00,4162.97,4166.8,4160.97,4165.29,2457,8,0
2026-07-06 07:00:00+00:00,4165.28,4166.71,4161.06,4163.4,2336,8,0
2026-07-06 07:15:00+00:00,4163.41,4164.59,4160.37,4161.27,2030,8,0
2026-07-06 07:30:00+00:00,4161.38,4162.49,4157.45,4160.16,2383,8,0
2026-07-06 07:45:00+00:00,4160.2,4161.23,4158.03,4159.61,2190,8,0
2026-07-06 08:00:00+00:00,4159.6,4161.05,4151.23,4152.11,2600,8,0
2026-07-06 08:15:00+00:00,4152.22,4154.48,4150.61,4152.84,2237,8,0
2026-07-06 08:30:00+00:00,4152.98,4160.49,4149.67,4155.38,3530,8,0
2026-07-06 08:45:00+00:00,4155.4,4156.89,4144.89,4148.27,3203,8,0
2026-07-06 09:00:00+00:00,4148.16,4152.25,4145.75,4152.09,2895,8,0
2026-07-06 09:15:00+00:00,4152.05,4156.79,4147.89,4156.17,2352,8,0
2026-07-06 09:30:00+00:00,4156.52,4159.56,4153.35,4155.9,2534,8,0
2026-07-06 09:45:00+00:00,4155.89,4156.79,4149.04,4150.24,2409,8,0
2026-07-06 10:00:00+00:00,4150.25,4153.51,4147.19,4151.05,2354,8,0
2026-07-06 10:15:00+00:00,4151.02,4155.87,4150.3,4152.93,2590,8,0
2026-07-06 10:30:00+00:00,4152.94,4164.44,4151.19,4163.64,2196,8,0
2026-07-06 10:45:00+00:00,4163.62,4166.31,4162.13,4164.51,2330,8,0
2026-07-06 11:00:00+00:00,4164.49,4166.14,4157.2,4158.09,2587,8,0
2026-07-06 11:15:00+00:00,4158.06,4158.74,4153.71,4155.53,2292,8,0
2026-07-06 11:30:00+00:00,4155.53,4156.05,4148.57,4149.16,2123,8,0
2026-07-06 11:45:00+00:00,4149.14,4153.03,4147.14,4150.49,2320,8,0
2026-07-06 12:00:00+00:00,4150.5,4151.3,4147.95,4149.72,2058,8,0
2026-07-06 12:15:00+00:00,4149.73,4149.87,4141.64,4143.72,2253,8,0
2026-07-06 12:30:00+00:00,4143.71,4143.71,4136.73,4139.47,2358,8,0
2026-07-06 12:45:00+00:00,4139.48,4144.81,4139.12,4143.27,1677,8,0
2026-07-06 13:00:00+00:00,4143.25,4148.72,4142.15,4148.45,1577,8,0
2026-07-06 13:15:00+00:00,4148.3,4150.85,4147.6,4148.95,1318,8,0
2026-07-06 13:30:00+00:00,4148.98,4155.65,4148.79,4154.37,1113,11,0
2026-07-06 13:45:00+00:00,4154.32,4155.79,4152.5,4154.88,1186,8,0
2026-07-06 14:00:00+00:00,4155.05,4156.34,4151.55,4154.9,1359,8,0
2026-07-06 14:15:00+00:00,4154.87,4159.64,4153.69,4155.08,1160,8,0
2026-07-06 14:30:00+00:00,4155.1,4158.79,4152.55,4153.59,1079,8,0
2026-07-06 14:45:00+00:00,4153.58,4155.91,4151.91,4155.25,1275,8,0
2026-07-06 15:00:00+00:00,4155.47,4158.42,4153.69,4156.05,1496,8,0
2026-07-06 15:15:00+00:00,4156.04,4157.54,4145.24,4145.94,2594,8,0
2026-07-06 15:30:00+00:00,4145.72,4146.28,4131.49,4133.38,3005,8,0
2026-07-06 15:45:00+00:00,4133.39,4142.71,4133.14,4139.62,2874,8,0
2026-07-06 16:00:00+00:00,4139.63,4148.43,4137.05,4141.28,3350,8,0
2026-07-06 16:15:00+00:00,4141.28,4148.77,4138.67,4142.84,3129,8,0
2026-07-06 16:30:00+00:00,4142.4,4150.56,4141.94,4149.36,3774,8,0
2026-07-06 16:45:00+00:00,4149.28,4149.65,4137.45,4140.9,3414,8,0
2026-07-06 17:00:00+00:00,4140.81,4147.27,4133.55,4140.64,3513,8,0
2026-07-06 17:15:00+00:00,4140.55,4140.78,4132.25,4137.25,3268,8,0
2026-07-06 17:30:00+00:00,4137.16,4141.8,4128.49,4130.2,3350,8,0
2026-07-06 17:45:00+00:00,4130.21,4138.28,4129.02,4138.22,3394,8,0
2026-07-06 18:00:00+00:00,4138.21,4146.56,4137.56,4139.81,2682,8,0
2026-07-06 18:15:00+00:00,4139.7,4151.05,4138.78,4150.51,3170,8,0
2026-07-06 18:30:00+00:00,4150.61,4152.0,4147.24,4150.01,3130,8,0
2026-07-06 18:45:00+00:00,4150.02,4150.57,4144.89,4148.31,2439,8,0
2026-07-06 19:00:00+00:00,4148.33,4148.49,4140.4,4140.4,2471,8,0
2026-07-06 19:15:00+00:00,4140.63,4146.47,4140.25,4145.71,2329,8,0
2026-07-06 19:30:00+00:00,4145.63,4150.33,4145.35,4149.37,2466,8,0
2026-07-06 19:45:00+00:00,4149.46,4156.24,4148.78,4154.95,2552,8,0
2026-07-06 20:00:00+00:00,4155.26,4156.31,4152.48,4153.6,2373,8,0
2026-07-06 20:15:00+00:00,4153.59,4159.64,4150.37,4155.5,2252,8,0
2026-07-06 20:30:00+00:00,4155.51,4159.28,4154.85,4157.32,2314,8,0
2026-07-06 20:45:00+00:00,4157.28,4162.19,4156.73,4161.89,2343,8,0
2026-07-06 21:00:00+00:00,4161.9,4162.5,4155.4,4158.08,2100,8,0
2026-07-06 21:15:00+00:00,4158.24,4163.2,4158.24,4161.74,1852,8,0
2026-07-06 21:30:00+00:00,4161.53,4167.52,4159.74,4164.18,1883,8,0
2026-07-06 21:45:00+00:00,4164.23,4165.22,4162.12,4163.85,1964,8,0
2026-07-06 22:00:00+00:00,4163.86,4165.47,4159.06,4159.44,2209,8,0
2026-07-06 22:15:00+00:00,4159.46,4163.44,4158.98,4162.99,2033,8,0
2026-07-06 22:30:00+00:00,4163.0,4163.18,4159.69,4161.18,2344,8,0
2026-07-06 22:45:00+00:00,4161.16,4165.11,4161.14,4163.82,2510,8,0
2026-07-06 23:00:00+00:00,4163.88,4164.78,4161.17,4161.19,1203,8,0
2026-07-06 23:15:00+00:00,4161.14,4163.24,4160.86,4162.89,688,8,0
2026-07-06 23:30:00+00:00,4162.94,4164.93,4162.7,4163.17,690,8,0
2026-07-06 23:45:00+00:00,4163.07,4165.33,4163.02,4164.76,1065,8,0
2026-07-07 01:00:00+00:00,4165.66,4167.66,4163.73,4166.06,806,8,0
2026-07-07 01:15:00+00:00,4166.09,4167.44,4165.2,4166.13,960,8,0
2026-07-07 01:30:00+00:00,4166.15,4168.56,4166.15,4167.27,1268,8,0
2026-07-07 01:45:00+00:00,4167.26,4167.78,4164.17,4164.39,1316,8,0
2026-07-07 02:00:00+00:00,4164.22,4165.72,4163.06,4165.55,1311,8,0
2026-07-07 02:15:00+00:00,4165.56,4165.71,4162.93,4163.37,954,8,0
2026-07-07 02:30:00+00:00,4163.16,4165.34,4160.88,4161.98,1161,8,0
2026-07-07 02:45:00+00:00,4161.97,4163.73,4156.94,4157.35,2145,8,0
2026-07-07 03:00:00+00:00,4157.03,4158.45,4152.73,4156.13,3205,8,0
2026-07-07 03:15:00+00:00,4156.32,4160.63,4152.04,4159.82,2984,8,0
2026-07-07 03:30:00+00:00,4159.83,4162.81,4148.31,4149.71,3030,8,0
2026-07-07 03:45:00+00:00,4149.78,4153.84,4145.27,4145.94,3025,8,0
2026-07-07 04:00:00+00:00,4145.26,4148.07,4137.83,4141.62,3737,8,0
2026-07-07 04:15:00+00:00,4141.65,4142.92,4126.11,4132.58,3605,8,0
2026-07-07 04:30:00+00:00,4132.61,4142.34,4132.17,4142.04,3483,8,0
2026-07-07 04:45:00+00:00,4142.14,4146.95,4140.6,4141.9,3196,8,0
2026-07-07 05:00:00+00:00,4142.16,4144.42,4138.16,4143.22,3159,8,0
2026-07-07 05:15:00+00:00,4143.34,4145.71,4138.19,4140.55,2375,8,0
2026-07-07 05:30:00+00:00,4140.54,4144.47,4136.15,4139.5,2968,8,0
2026-07-07 05:45:00+00:00,4139.54,4139.7,4131.36,4136.54,2988,8,0
2026-07-07 06:00:00+00:00,4136.7,4140.06,4135.19,4136.74,2993,8,0
2026-07-07 06:15:00+00:00,4136.73,4137.66,4129.31,4132.21,3083,8,0
2026-07-07 06:30:00+00:00,4132.2,4134.96,4127.16,4129.72,2578,8,0
2026-07-07 06:45:00+00:00,4129.7,4131.58,4124.45,4131.17,2248,8,0
2026-07-07 07:00:00+00:00,4131.37,4141.36,4130.38,4136.33,2394,8,0
2026-07-07 07:15:00+00:00,4136.44,4137.35,4130.94,4132.27,2235,8,0
2026-07-07 07:30:00+00:00,4132.29,4132.38,4128.68,4128.7,2206,8,0
2026-07-07 07:45:00+00:00,4128.71,4131.3,4125.86,4126.67,2091,8,0
2026-07-07 08:00:00+00:00,4126.68,4131.39,4122.15,4122.41,2481,8,0
2026-07-07 08:15:00+00:00,4122.45,4128.71,4120.92,4128.39,2926,8,0
2026-07-07 08:30:00+00:00,4128.38,4128.64,4116.78,4122.59,3655,8,0
2026-07-07 08:45:00+00:00,4122.41,4127.17,4120.34,4123.94,3261,8,0
2026-07-07 09:00:00+00:00,4123.95,4129.49,4121.5,4123.58,2774,8,0
2026-07-07 09:15:00+00:00,4123.65,4129.78,4123.28,4126.84,2540,8,0
2026-07-07 09:30:00+00:00,4126.81,4132.5,4124.83,4132.5,2819,8,0
2026-07-07 09:45:00+00:00,4132.37,4133.04,4128.46,4130.42,2558,8,0
2026-07-07 10:00:00+00:00,4130.46,4131.27,4124.32,4129.64,2255,8,0
2026-07-07 10:15:00+00:00,4129.63,4132.24,4126.09,4126.63,2394,8,0
2026-07-07 10:30:00+00:00,4126.62,4131.13,4125.79,4129.58,2133,8,0
2026-07-07 10:45:00+00:00,4130.07,4133.55,4124.44,4124.69,2469,8,0
2026-07-07 11:00:00+00:00,4124.7,4139.19,4124.69,4137.04,2760,8,0
2026-07-07 11:15:00+00:00,4137.19,4138.84,4134.1,4138.69,2641,8,0
2026-07-07 11:30:00+00:00,4138.71,4139.07,4128.86,4131.08,2301,8,0
2026-07-07 11:45:00+00:00,4131.06,4131.07,4121.93,4126.08,2564,8,0
2026-07-07 12:00:00+00:00,4126.07,4129.11,4124.5,4127.58,2334,8,0
2026-07-07 12:15:00+00:00,4127.59,4131.07,4119.85,4121.63,2063,8,0
2026-07-07 12:30:00+00:00,4121.56,4133.77,4121.53,4133.01,2012,10,0
2026-07-07 12:45:00+00:00,4132.99,4133.22,4125.07,4131.24,2268,10,0
2026-07-07 13:00:00+00:00,4131.26,4135.09,4131.22,4132.51,2226,10,0
2026-07-07 13:15:00+00:00,4132.61,4138.89,4132.11,4137.47,1944,10,0
2026-07-07 13:30:00+00:00,4137.48,4137.58,4134.61,4135.62,2069,10,0
2026-07-07 13:45:00+00:00,4135.63,4137.17,4133.5,4135.78,1953,10,0
2026-07-07 14:00:00+00:00,4135.76,4136.27,4131.84,4133.28,2463,10,0
2026-07-07 14:15:00+00:00,4133.28,4145.47,4133.09,4143.12,2530,10,0
2026-07-07 14:30:00+00:00,4142.98,4149.02,4139.57,4148.51,2389,10,0
2026-07-07 14:45:00+00:00,4148.43,4158.2,4147.14,4156.94,2670,10,0
2026-07-07 15:00:00+00:00,4156.85,4174.64,4154.57,4173.28,3206,10,0
2026-07-07 15:15:00+00:00,4173.26,4175.21,4163.09,4165.94,3228,10,0
2026-07-07 15:30:00+00:00,4165.92,4168.22,4161.66,4166.4,2904,10,0
2026-07-07 15:45:00+00:00,4166.42,4172.68,4164.12,4172.25,2857,10,0
2026-07-07 16:00:00+00:00,4172.33,4178.2,4160.16,4171.44,3533,10,0
2026-07-07 16:15:00+00:00,4171.45,4172.48,4164.31,4166.46,2670,10,0
2026-07-07 16:30:00+00:00,4166.28,4180.39,4163.59,4177.58,3576,10,0
2026-07-07 16:45:00+00:00,4177.56,4179.89,4156.05,4158.6,3421,10,0
2026-07-07 17:00:00+00:00,4158.58,4163.31,4151.06,4152.3,3686,10,0
2026-07-07 17:15:00+00:00,4152.4,4159.8,4151.23,4158.17,3563,10,0
2026-07-07 17:30:00+00:00,4158.18,4159.32,4143.66,4152.39,3412,10,0
2026-07-07 17:45:00+00:00,4152.3,4157.69,4151.94,4154.3,3176,10,0
2026-07-07 18:00:00+00:00,4154.49,4155.53,4148.27,4148.8,3142,10,0
2026-07-07 18:15:00+00:00,4148.77,4148.96,4141.85,4143.16,3067,10,0
2026-07-07 18:30:00+00:00,4143.07,4148.38,4142.28,4146.74,2702,10,0
2026-07-07 18:45:00+00:00,4146.68,4148.1,4135.91,4139.18,2753,10,0
2026-07-07 19:00:00+00:00,4139.07,4143.69,4137.06,4141.25,2454,10,0
2026-07-07 19:15:00+00:00,4141.28,4147.28,4140.87,4146.33,2289,10,0
2026-07-07 19:30:00+00:00,4146.32,4146.59,4142.55,4143.26,1960,10,0
2026-07-07 19:45:00+00:00,4143.27,4146.66,4141.05,4145.06,1789,10,0
2026-07-07 20:00:00+00:00,4145.15,4147.05,4142.24,4143.03,1629,10,0
2026-07-07 20:15:00+00:00,4143.05,4146.75,4140.63,4146.13,2030,10,0
2026-07-07 20:30:00+00:00,4146.07,4148.24,4144.63,4147.2,1634,10,0
2026-07-07 20:45:00+00:00,4147.18,4147.41,4143.1,4144.51,1654,10,0
2026-07-07 21:00:00+00:00,4144.7,4145.26,4140.92,4142.37,1864,10,0
2026-07-07 21:15:00+00:00,4142.41,4144.27,4140.27,4141.75,1694,10,0
2026-07-07 21:30:00+00:00,4141.73,4142.47,4136.21,4141.92,1825,10,0
2026-07-07 21:45:00+00:00,4142.05,4142.65,4125.13,4126.97,2993,10,0
2026-07-07 22:00:00+00:00,4126.99,4127.82,4103.33,4105.76,3372,10,0
2026-07-07 22:15:00+00:00,4105.75,4106.97,4092.29,4103.61,3436,10,0
2026-07-07 22:30:00+00:00,4103.58,4115.15,4103.58,4109.26,2941,10,0
2026-07-07 22:45:00+00:00,4109.38,4117.73,4108.14,4114.67,2790,10,0
2026-07-07 23:00:00+00:00,4114.32,4115.86,4112.36,4113.02,1535,10,0
2026-07-07 23:15:00+00:00,4112.95,4113.24,4106.57,4110.89,1131,10,0
2026-07-07 23:30:00+00:00,4110.88,4111.18,4104.55,4106.07,821,10,0
2026-07-07 23:45:00+00:00,4106.29,4107.18,4103.58,4105.26,1299,10,0
2026-07-08 01:00:00+00:00,4097.63,4106.22,4094.03,4103.99,1421,8,0
2026-07-08 01:15:00+00:00,4103.96,4104.08,4099.68,4099.76,875,8,0
2026-07-08 01:30:00+00:00,4099.78,4102.71,4098.81,4101.13,1419,8,0
2026-07-08 01:45:00+00:00,4101.18,4101.18,4095.87,4098.34,1449,8,0
2026-07-08 02:00:00+00:00,4098.35,4107.88,4096.28,4105.98,2100,8,0
2026-07-08 02:15:00+00:00,4105.95,4106.58,4101.17,4104.97,1580,8,0
2026-07-08 02:30:00+00:00,4104.98,4105.48,4097.46,4098.37,1472,8,0
2026-07-08 02:45:00+00:00,4098.37,4101.37,4095.84,4098.39,2059,8,0
2026-07-08 03:00:00+00:00,4098.94,4104.02,4097.04,4100.14,2681,8,0
2026-07-08 03:15:00+00:00,4100.19,4108.07,4099.06,4105.53,2574,8,0
2026-07-08 03:30:00+00:00,4105.52,4126.7,4103.92,4123.18,2813,8,0
2026-07-08 03:45:00+00:00,4123.31,4125.25,4111.24,4111.59,2382,8,0
2026-07-08 04:00:00+00:00,4111.54,4118.02,4098.29,4108.44,3577,8,0
2026-07-08 04:15:00+00:00,4108.43,4110.48,4102.2,4102.69,2922,8,0
2026-07-08 04:30:00+00:00,4102.72,4106.01,4096.51,4103.42,3142,8,0
2026-07-08 04:45:00+00:00,4103.37,4113.01,4102.34,4111.29,3115,8,0
2026-07-08 05:00:00+00:00,4111.17,4118.05,4106.09,4112.29,2781,8,0
2026-07-08 05:15:00+00:00,4112.28,4124.98,4112.06,4118.94,2250,8,0
2026-07-08 05:30:00+00:00,4118.93,4121.18,4116.31,4120.26,2296,8,0
2026-07-08 05:45:00+00:00,4120.39,4120.83,4113.42,4114.63,1848,8,0
2026-07-08 06:00:00+00:00,4114.67,4130.87,4114.65,4128.13,2726,8,0
2026-07-08 06:15:00+00:00,4128.14,4130.8,4124.62,4130.01,2029,8,0
2026-07-08 06:30:00+00:00,4129.89,4131.18,4125.58,4126.66,1713,8,0
2026-07-08 06:45:00+00:00,4126.59,4129.19,4122.78,4123.44,1580,8,0
2026-07-08 07:00:00+00:00,4123.46,4128.9,4121.67,4124.27,1516,8,0
2026-07-08 07:15:00+00:00,4124.31,4127.44,4120.6,4125.97,1710,8,0
2026-07-08 07:30:00+00:00,4125.89,4128.34,4122.19,4125.18,1647,8,0
2026-07-08 07:45:00+00:00,4125.16,4126.95,4123.95,4125.21,1540,8,0
2026-07-08 08:00:00+00:00,4125.17,4134.02,4124.87,4126.1,2189,8,0
2026-07-08 08:15:00+00:00,4125.91,4129.42,4122.02,4122.07,1873,8,0
2026-07-08 08:30:00+00:00,4121.95,4131.74,4121.11,4128.26,2711,8,0
2026-07-08 08:45:00+00:00,4128.29,4129.99,4124.96,4127.82,2160,8,0
2026-07-08 09:00:00+00:00,4127.85,4131.83,4122.17,4131.51,2447,8,0
2026-07-08 09:15:00+00:00,4131.48,4133.68,4128.8,4129.81,2162,8,0
2026-07-08 09:30:00+00:00,4129.68,4129.85,4124.64,4126.6,2251,8,0
2026-07-08 09:45:00+00:00,4126.59,4127.11,4123.53,4123.73,2021,8,0
2026-07-08 10:00:00+00:00,4123.63,4125.39,4116.55,4118.01,2227,8,0
2026-07-08 10:15:00+00:00,4117.95,4121.32,4114.77,4120.46,2147,8,0
2026-07-08 10:30:00+00:00,4120.37,4127.19,4118.29,4127.19,1767,8,0
2026-07-08 10:45:00+00:00,4127.24,4127.24,4119.11,4121.07,1600,8,0
2026-07-08 11:00:00+00:00,4121.29,4121.29,4116.64,4117.73,1864,8,0
2026-07-08 11:15:00+00:00,4117.78,4120.98,4080.84,4088.64,3678,8,0
2026-07-08 11:30:00+00:00,4088.95,4092.07,4060.81,4065.71,3778,8,0
2026-07-08 11:45:00+00:00,4065.75,4075.91,4052.24,4056.44,3672,8,0
2026-07-08 12:00:00+00:00,4056.84,4056.85,4050.37,4055.77,3254,8,0
2026-07-08 12:15:00+00:00,4055.85,4061.05,4053.87,4056.7,3084,8,0
2026-07-08 12:30:00+00:00,4056.58,4058.59,4045.02,4048.37,3083,8,0
2026-07-08 12:45:00+00:00,4048.45,4052.9,4041.57,4043.45,2798,8,0
2026-07-08 13:00:00+00:00,4043.81,4048.44,4040.67,4044.56,2465,8,0
2026-07-08 13:15:00+00:00,4044.6,4055.84,4043.45,4050.85,2522,8,0
2026-07-08 13:30:00+00:00,4050.78,4058.37,4050.06,4057.38,2512,8,0
2026-07-08 13:45:00+00:00,4057.4,4058.56,4052.93,4053.01,2202,8,0
2026-07-08 14:00:00+00:00,4052.96,4057.3,4048.3,4050.89,2180,8,0
2026-07-08 14:15:00+00:00,4050.88,4054.58,4047.82,4050.2,2247,8,0
2026-07-08 14:30:00+00:00,4050.19,4065.13,4041.73,4064.46,2540,8,0
2026-07-08 14:45:00+00:00,4064.4,4072.72,4059.3,4062.06,3138,8,0
2026-07-08 15:00:00+00:00,4062.2,4073.71,4058.79,4072.13,2852,8,0
2026-07-08 15:15:00+00:00,4072.09,4077.63,4066.32,4070.98,2923,8,0
2026-07-08 15:30:00+00:00,4071.03,4078.25,4068.15,4078.16,2903,8,0
2026-07-08 15:45:00+00:00,4078.22,4086.5,4070.87,4072.08,2973,8,0
2026-07-08 16:00:00+00:00,4072.24,4082.54,4069.81,4072.84,3616,8,0
2026-07-08 16:15:00+00:00,4072.59,4076.03,4065.35,4066.82,3212,8,0
2026-07-08 16:30:00+00:00,4066.79,4080.36,4066.77,4073.3,3871,8,0
2026-07-08 16:45:00+00:00,4073.24,4079.28,4068.39,4070.89,3723,8,0
2026-07-08 17:00:00+00:00,4070.79,4071.48,4057.01,4057.54,3745,8,0
2026-07-08 17:15:00+00:00,4057.44,4065.41,4051.59,4060.1,3816,8,0
2026-07-08 17:30:00+00:00,4060.25,4061.34,4036.18,4037.27,3809,8,0
2026-07-08 17:45:00+00:00,4037.29,4046.48,4034.44,4041.67,3805,8,0
2026-07-08 18:00:00+00:00,4041.63,4043.77,4033.64,4033.69,3727,8,0
2026-07-08 18:15:00+00:00,4033.68,4036.13,4026.43,4031.05,3782,8,0
2026-07-08 18:30:00+00:00,4030.92,4033.46,4021.77,4032.91,3452,8,0
2026-07-08 18:45:00+00:00,4032.88,4038.44,4030.03,4034.43,3363,8,0
2026-07-08 19:00:00+00:00,4034.34,4042.95,4033.24,4039.35,3362,8,0
2026-07-08 19:15:00+00:00,4039.35,4044.71,4037.75,4043.73,2746,8,0
2026-07-08 19:30:00+00:00,4043.71,4057.5,4039.56,4056.66,3052,8,0
2026-07-08 19:45:00+00:00,4056.64,4064.46,4053.55,4063.71,3082,8,0
2026-07-08 20:00:00+00:00,4063.72,4070.46,4059.71,4065.21,2970,8,0
2026-07-08 20:15:00+00:00,4064.99,4073.88,4063.45,4072.94,2976,8,0
2026-07-08 20:30:00+00:00,4073.14,4076.47,4068.85,4069.96,2441,8,0
2026-07-08 20:45:00+00:00,4069.95,4070.4,4064.46,4066.15,2267,8,0
2026-07-08 21:00:00+00:00,4065.52,4075.72,4063.7,4075.19,3106,8,0
2026-07-08 21:15:00+00:00,4075.24,4075.27,4067.57,4069.71,2677,8,0
2026-07-08 21:30:00+00:00,4069.77,4079.57,4067.08,4079.55,2784,8,0
2026-07-08 21:45:00+00:00,4079.52,4091.41,4078.82,4084.44,2694,8,0
2026-07-08 22:00:00+00:00,4084.36,4090.98,4084.35,4087.65,2515,8,0
2026-07-08 22:15:00+00:00,4087.53,4088.63,4084.81,4088.38,2078,8,0
2026-07-08 22:30:00+00:00,4088.29,4091.27,4083.41,4084.21,2297,8,0
2026-07-08 22:45:00+00:00,4084.2,4084.33,4078.36,4080.24,2764,8,0
2026-07-08 23:00:00+00:00,4080.08,4083.59,4076.23,4079.07,1765,8,0
2026-07-08 23:15:00+00:00,4078.96,4079.73,4074.36,4076.9,1016,8,0
2026-07-08 23:30:00+00:00,4076.88,4078.62,4071.59,4074.88,1119,8,0
2026-07-08 23:45:00+00:00,4075.03,4079.86,4074.25,4074.44,1442,8,0
2026-07-09 01:00:00+00:00,4078.96,4079.91,4072.65,4077.18,1040,10,0
2026-07-09 01:15:00+00:00,4077.2,4078.96,4073.5,4074.4,1471,10,0
2026-07-09 01:30:00+00:00,4074.41,4079.25,4073.59,4076.33,1390,10,0
2026-07-09 01:45:00+00:00,4076.36,4079.83,4076.14,4076.55,1052,10,0
2026-07-09 02:00:00+00:00,4076.54,4077.47,4073.83,4076.98,1095,10,0
2026-07-09 02:15:00+00:00,4077.01,4077.78,4075.3,4077.63,1005,10,0
2026-07-09 02:30:00+00:00,4077.61,4077.61,4073.8,4075.27,1314,8,0
2026-07-09 02:45:00+00:00,4075.28,4077.66,4071.96,4076.25,1483,8,0
2026-07-09 03:00:00+00:00,4077.0,4087.58,4076.84,4087.58,2510,8,0
2026-07-09 03:15:00+00:00,4087.65,4089.74,4074.0,4078.02,2144,8,0
2026-07-09 03:30:00+00:00,4078.03,4081.81,4075.78,4077.04,2134,8,0
2026-07-09 03:45:00+00:00,4077.03,4079.07,4070.31,4074.07,1712,8,0
2026-07-09 04:00:00+00:00,4074.02,4078.72,4065.19,4074.15,3168,8,0
2026-07-09 04:15:00+00:00,4074.18,4076.69,4066.65,4066.7,2648,8,0
2026-07-09 04:30:00+00:00,4066.69,4075.2,4062.46,4073.21,2677,8,0
2026-07-09 04:45:00+00:00,4073.44,4076.16,4069.01,4072.88,2176,8,0
2026-07-09 05:00:00+00:00,4072.99,4079.46,4072.18,4078.62,1992,8,0
2026-07-09 05:15:00+00:00,4078.52,4082.74,4076.8,4080.48,1264,8,0
2026-07-09 05:30:00+00:00,4080.55,4081.63,4069.9,4071.07,1977,8,0
2026-07-09 05:45:00+00:00,4070.9,4071.9,4064.51,4065.1,1982,8,0
2026-07-09 06:00:00+00:00,4064.84,4067.7,4055.4,4058.75,2051,8,0
2026-07-09 06:15:00+00:00,4058.96,4061.23,4054.26,4058.26,1874,8,0
2026-07-09 06:30:00+00:00,4058.32,4063.47,4056.5,4061.97,1596,8,0
2026-07-09 06:45:00+00:00,4062.14,4064.16,4061.16,4064.15,1009,8,0
2026-07-09 07:00:00+00:00,4064.22,4064.62,4058.81,4060.56,1112,8,0
2026-07-09 07:15:00+00:00,4060.61,4061.07,4057.34,4059.01,1098,8,0
2026-07-09 07:30:00+00:00,4058.9,4064.62,4056.48,4057.86,1321,8,0
2026-07-09 07:45:00+00:00,4057.85,4064.56,4056.52,4064.23,1045,8,0
2026-07-09 08:00:00+00:00,4064.22,4076.09,4063.77,4073.58,1900,8,0
2026-07-09 08:15:00+00:00,4073.39,4073.65,4066.85,4072.34,1785,8,0
2026-07-09 08:30:00+00:00,4072.35,4077.14,4064.81,4075.56,2715,8,0
2026-07-09 08:45:00+00:00,4075.52,4084.2,4073.8,4081.94,2116,8,0
2026-07-09 09:00:00+00:00,4082.03,4099.62,4081.42,4092.21,3088,8,0
2026-07-09 09:15:00+00:00,4092.13,4103.17,4091.36,4102.02,2784,8,0
2026-07-09 09:30:00+00:00,4102.15,4106.85,4096.09,4102.95,2689,8,0
2026-07-09 09:45:00+00:00,4102.86,4108.15,4102.38,4108.03,1809,8,0
2026-07-09 10:00:00+00:00,4108.09,4110.22,4101.51,4101.51,1910,8,0
2026-07-09 10:15:00+00:00,4101.55,4110.06,4101.55,4109.03,1593,8,0
2026-07-09 10:30:00+00:00,4109.06,4110.96,4103.75,4109.13,1651,8,0
2026-07-09 10:45:00+00:00,4109.11,4111.2,4104.74,4108.04,1409,8,0
2026-07-09 11:00:00+00:00,4107.93,4110.62,4105.27,4108.21,1885,8,0
2026-07-09 11:15:00+00:00,4108.25,4117.79,4107.78,4114.84,2081,8,0
2026-07-09 11:30:00+00:00,4114.87,4116.63,4110.11,4113.7,1535,8,0
2026-07-09 11:45:00+00:00,4113.62,4113.86,4107.83,4108.34,1339,8,0
2026-07-09 12:00:00+00:00,4108.27,4109.65,4105.95,4108.74,1439,8,0
2026-07-09 12:15:00+00:00,4108.73,4112.23,4107.45,4108.42,1416,8,0
2026-07-09 12:30:00+00:00,4108.23,4109.99,4103.32,4103.8,1882,8,0
2026-07-09 12:45:00+00:00,4103.65,4107.53,4103.15,4106.41,1869,8,0
2026-07-09 13:00:00+00:00,4106.29,4110.18,4104.1,4105.07,1504,8,0
2026-07-09 13:15:00+00:00,4105.09,4106.59,4104.08,4104.26,1699,10,0
2026-07-09 13:30:00+00:00,4104.08,4105.41,4102.44,4103.38,1846,10,0
2026-07-09 13:45:00+00:00,4103.4,4104.46,4093.68,4099.03,2822,10,0
2026-07-09 14:00:00+00:00,4099.05,4105.03,4097.89,4104.87,2335,10,0
2026-07-09 14:15:00+00:00,4104.88,4107.11,4098.98,4100.46,1994,10,0
2026-07-09 14:30:00+00:00,4100.45,4109.42,4098.91,4106.33,2201,10,0
2026-07-09 14:45:00+00:00,4106.23,4110.54,4104.64,4108.56,2097,10,0
2026-07-09 15:00:00+00:00,4108.85,4119.83,4105.96,4112.73,2398,10,0
2026-07-09 15:15:00+00:00,4112.69,4113.41,4105.06,4106.88,2642,10,0
2026-07-09 15:30:00+00:00,4106.94,4122.6,4106.87,4113.01,2831,10,0
2026-07-09 15:45:00+00:00,4113.23,4114.62,4107.54,4107.73,2506,10,0
2026-07-09 16:00:00+00:00,4107.74,4121.0,4106.76,4120.54,3165,8,0
2026-07-09 16:15:00+00:00,4120.61,4127.09,4118.68,4125.98,2774,8,0
2026-07-09 16:30:00+00:00,4126.0,4129.59,4119.68,4127.59,3355,8,0
2026-07-09 16:45:00+00:00,4127.51,4127.51,4117.78,4122.07,3267,8,0
2026-07-09 17:00:00+00:00,4121.97,4135.9,4120.35,4122.35,3409,8,0
2026-07-09 17:15:00+00:00,4122.39,4125.57,4114.32,4124.68,3397,8,0
2026-07-09 17:30:00+00:00,4124.79,4126.7,4120.62,4124.27,2796,8,0
2026-07-09 17:45:00+00:00,4124.09,4128.07,4118.17,4127.66,2618,8,0
2026-07-09 18:00:00+00:00,4127.76,4130.89,4124.83,4125.17,2310,8,0
2026-07-09 18:15:00+00:00,4125.08,4130.72,4124.93,4127.8,2254,8,0
2026-07-09 18:30:00+00:00,4127.87,4131.38,4126.28,4130.25,2150,8,0
2026-07-09 18:45:00+00:00,4130.18,4132.73,4126.39,4126.99,1877,8,0
2026-07-09 19:00:00+00:00,4127.07,4131.35,4125.72,4130.2,1618,8,0
2026-07-09 19:15:00+00:00,4130.25,4133.11,4128.91,4132.81,1817,8,0
2026-07-09 19:30:00+00:00,4132.75,4138.09,4131.86,4133.28,1822,8,0
2026-07-09 19:45:00+00:00,4133.43,4134.44,4128.08,4128.08,1274,8,0
2026-07-09 20:00:00+00:00,4128.18,4128.95,4125.86,4127.76,1504,8,0
2026-07-09 20:15:00+00:00,4127.3,4131.95,4125.05,4131.92,1844,8,0
2026-07-09 20:30:00+00:00,4131.72,4134.37,4129.24,4132.12,2057,10,0
2026-07-09 20:45:00+00:00,4132.23,4138.04,4132.01,4136.2,1456,8,0
2026-07-09 21:00:00+00:00,4136.13,4136.33,4127.5,4128.71,1681,8,0
2026-07-09 21:15:00+00:00,4128.79,4128.79,4123.2,4124.04,1382,8,0
2026-07-09 21:30:00+00:00,4124.01,4125.47,4121.54,4125.4,1145,8,0
2026-07-09 21:45:00+00:00,4125.48,4125.55,4122.44,4124.55,1043,10,0
2026-07-09 22:00:00+00:00,4124.4,4126.98,4123.03,4124.42,1196,10,0
2026-07-09 22:15:00+00:00,4124.48,4125.62,4120.75,4120.99,1029,10,0
2026-07-09 22:30:00+00:00,4121.04,4122.71,4119.02,4120.33,1410,8,0
2026-07-09 22:45:00+00:00,4120.26,4123.54,4120.01,4122.49,1543,8,0
2026-07-09 23:00:00+00:00,4122.47,4124.1,4120.71,4121.38,707,8,0
2026-07-09 23:15:00+00:00,4121.33,4122.61,4120.45,4120.97,462,8,0
2026-07-09 23:30:00+00:00,4120.98,4125.65,4120.79,4124.64,702,8,0
2026-07-09 23:45:00+00:00,4124.4,4124.56,4123.05,4123.65,1207,14,0
2026-07-10 01:00:00+00:00,4125.47,4127.21,4122.29,4123.54,892,10,0
2026-07-10 01:15:00+00:00,4123.56,4124.74,4122.42,4123.2,805,12,0
2026-07-10 01:30:00+00:00,4123.19,4124.67,4122.44,4123.55,831,10,0
2026-07-10 01:45:00+00:00,4123.57,4124.1,4121.61,4121.69,781,12,0
2026-07-10 02:00:00+00:00,4121.79,4124.41,4121.46,4123.73,785,10,0
2026-07-10 02:15:00+00:00,4123.75,4125.1,4121.35,4122.23,735,10,0
2026-07-10 02:30:00+00:00,4122.28,4122.96,4121.02,4122.72,631,14,0
2026-07-10 02:45:00+00:00,4122.78,4124.44,4121.65,4123.39,1004,10,0
2026-07-10 03:00:00+00:00,4124.09,4125.76,4119.93,4122.18,1724,8,0
2026-07-10 03:15:00+00:00,4122.38,4123.8,4117.04,4119.59,1441,8,0
2026-07-10 03:30:00+00:00,4119.61,4123.98,4114.49,4123.13,1863,8,0
2026-07-10 03:45:00+00:00,4123.12,4128.27,4121.36,4126.42,1811,8,0
2026-07-10 04:00:00+00:00,4126.41,4131.09,4118.89,4124.99,2960,8,0
2026-07-10 04:15:00+00:00,4124.94,4127.35,4120.24,4121.7,2389,8,0
2026-07-10 04:30:00+00:00,4121.63,4123.53,4109.08,4111.73,2653,8,0
2026-07-10 04:45:00+00:00,4111.74,4121.33,4108.63,4116.82,2625,10,0
2026-07-10 05:00:00+00:00,4116.94,4128.92,4116.03,4124.76,2481,8,0
2026-07-10 05:15:00+00:00,4124.85,4128.11,4121.74,4125.85,1592,10,0
2026-07-10 05:30:00+00:00,4125.91,4128.69,4122.27,4125.83,1694,8,0
2026-07-10 05:45:00+00:00,4125.84,4129.08,4123.43,4126.98,1563,8,0
2026-07-10 06:00:00+00:00,4127.77,4134.82,4125.95,4126.57,1989,8,0
2026-07-10 06:15:00+00:00,4126.6,4128.35,4120.63,4125.34,1797,8,0
2026-07-10 06:30:00+00:00,4125.17,4127.83,4121.17,4121.55,1420,10,0
2026-07-10 06:45:00+00:00,4121.61,4122.4,4119.43,4120.25,982,8,0
2026-07-10 07:00:00+00:00,4120.22,4121.06,4116.76,4121.02,884,8,0
2026-07-10 07:15:00+00:00,4120.88,4121.08,4112.12,4117.48,1478,8,0
2026-07-10 07:30:00+00:00,4117.31,4119.63,4116.69,4119.13,861,10,0
2026-07-10 07:45:00+00:00,4119.05,4119.18,4114.92,4115.15,809,8,0
2026-07-10 08:00:00+00:00,4115.07,4116.4,4113.16,4114.03,1048,8,0
2026-07-10 08:15:00+00:00,4114.04,4117.12,4112.95,4114.25,1140,8,0
2026-07-10 08:30:00+00:00,4113.92,4115.33,4109.27,4114.13,2141,8,0
2026-07-10 08:45:00+00:00,4114.12,4117.18,4108.2,4116.86,2132,8,0
2026-07-10 09:00:00+00:00,4116.78,4119.26,4114.87,4115.04,2142,10,0
2026-07-10 09:15:00+00:00,4115.05,4120.2,4113.92,4114.9,1982,8,0
2026-07-10 09:30:00+00:00,4114.58,4116.21,4111.11,4111.64,1969,8,0
2026-07-10 09:45:00+00:00,4111.63,4114.45,4111.3,4111.75,1544,8,0
2026-07-10 10:00:00+00:00,4111.58,4113.78,4109.0,4111.18,1414,8,0
2026-07-10 10:15:00+00:00,4111.25,4115.35,4108.69,4112.48,1477,8,0
2026-07-10 10:30:00+00:00,4112.58,4114.6,4105.39,4106.51,1240,8,0
2026-07-10 10:45:00+00:00,4106.52,4110.0,4104.35,4109.03,1606,8,0
2026-07-10 11:00:00+00:00,4109.07,4109.58,4104.07,4107.38,1804,8,0
2026-07-10 11:15:00+00:00,4107.27,4108.82,4103.42,4104.42,1601,8,0
2026-07-10 11:30:00+00:00,4104.37,4105.69,4099.48,4101.88,1651,8,0
2026-07-10 11:45:00+00:00,4101.86,4101.86,4094.86,4097.96,1639,8,0
2026-07-10 12:00:00+00:00,4097.83,4100.87,4094.41,4100.87,1748,8,0
2026-07-10 12:15:00+00:00,4100.88,4103.54,4099.93,4102.81,1229,8,0
2026-07-10 12:30:00+00:00,4102.74,4104.02,4098.39,4102.9,1303,8,0
2026-07-10 12:45:00+00:00,4102.92,4105.5,4102.31,4104.38,1072,8,0
2026-07-10 13:00:00+00:00,4104.36,4108.55,4104.16,4106.25,1176,8,0
2026-07-10 13:15:00+00:00,4106.39,4112.73,4106.28,4109.49,1199,8,0
2026-07-10 13:30:00+00:00,4109.6,4110.53,4106.26,4109.05,1119,8,0
2026-07-10 13:45:00+00:00,4109.03,4109.06,4104.42,4104.55,1145,8,0
2026-07-10 14:00:00+00:00,4104.65,4108.11,4104.39,4106.32,1191,8,0
2026-07-10 14:15:00+00:00,4106.27,4108.18,4100.11,4100.29,1217,8,0
2026-07-10 14:30:00+00:00,4100.17,4107.53,4096.06,4106.97,1793,8,0
2026-07-10 14:45:00+00:00,4106.81,4107.97,4102.11,4102.35,1427,8,0
2026-07-10 15:00:00+00:00,4102.34,4117.27,4101.05,4115.18,1956,8,0
2026-07-10 15:15:00+00:00,4115.04,4116.41,4103.41,4106.09,2408,8,0
2026-07-10 15:30:00+00:00,4106.14,4107.08,4097.5,4098.46,2369,8,0
2026-07-10 15:45:00+00:00,4098.44,4104.98,4097.98,4100.71,1861,8,0
2026-07-10 16:00:00+00:00,4100.97,4106.2,4098.73,4104.32,2530,8,0
2026-07-10 16:15:00+00:00,4104.48,4106.73,4085.73,4087.44,2340,8,0
2026-07-10 16:30:00+00:00,4087.32,4102.5,4086.96,4098.53,3410,8,0
2026-07-10 16:45:00+00:00,4098.48,4105.47,4097.34,4099.94,2889,8,0
2026-07-10 17:00:00+00:00,4099.87,4103.53,4097.63,4100.08,2810,8,0
2026-07-10 17:15:00+00:00,4100.15,4108.95,4097.49,4105.7,2922,8,0
2026-07-10 17:30:00+00:00,4105.46,4107.88,4073.42,4099.18,3683,8,0
2026-07-10 17:45:00+00:00,4099.18,4107.67,4091.55,4092.76,3323,8,0
2026-07-10 18:00:00+00:00,4092.77,4100.95,4091.22,4097.52,3223,8,0
2026-07-10 18:15:00+00:00,4097.53,4107.61,4097.42,4101.68,2845,8,0
2026-07-10 18:30:00+00:00,4102.06,4106.94,4101.48,4106.4,3061,8,0
2026-07-10 18:45:00+00:00,4106.39,4113.48,4105.74,4113.06,2433,8,0
2026-07-10 19:00:00+00:00,4113.01,4114.89,4108.13,4110.14,2282,8,0
2026-07-10 19:15:00+00:00,4110.17,4114.49,4107.35,4114.39,2058,8,0
2026-07-10 19:30:00+00:00,4114.37,4115.44,4109.01,4109.06,1678,8,0
2026-07-10 19:45:00+00:00,4109.09,4109.76,4104.44,4104.51,1950,8,0
2026-07-10 20:00:00+00:00,4104.48,4105.55,4102.31,4103.94,1912,8,0
2026-07-10 20:15:00+00:00,4104.02,4106.81,4103.77,4105.62,1366,8,0
2026-07-10 20:30:00+00:00,4105.67,4106.89,4103.31,4103.89,1423,8,0
2026-07-10 20:45:00+00:00,4104.0,4105.18,4100.49,4100.81,1245,8,0
2026-07-10 21:00:00+00:00,4100.73,4105.21,4100.07,4104.83,1185,8,0
2026-07-10 21:15:00+00:00,4104.9,4105.23,4102.25,4102.96,1114,8,0
2026-07-10 21:30:00+00:00,4103.08,4103.78,4098.71,4098.98,1228,8,0
2026-07-10 21:45:00+00:00,4099.04,4101.71,4098.15,4101.2,959,8,0
2026-07-10 22:00:00+00:00,4101.29,4102.5,4097.85,4101.62,1003,8,0
2026-07-10 22:15:00+00:00,4101.52,4103.4,4101.23,4101.86,823,8,0
2026-07-10 22:30:00+00:00,4101.79,4103.6,4100.57,4102.57,1054,8,0
2026-07-10 22:45:00+00:00,4102.58,4109.09,4102.42,4108.55,1407,8,0
2026-07-10 23:00:00+00:00,4108.53,4115.06,4108.29,4112.24,839,10,0
2026-07-10 23:15:00+00:00,4112.12,4112.82,4110.73,4111.49,673,8,0
2026-07-10 23:30:00+00:00,4111.51,4112.63,4110.43,4111.93,956,10,0
2026-07-10 23:45:00+00:00,4111.79,4120.98,4111.56,4119.32,1207,11,0
2026-07-13 01:00:00+00:00,4098.8,4102.39,4080.62,4081.17,2402,16,0
2026-07-13 01:15:00+00:00,4081.34,4087.79,4080.26,4084.45,1752,11,0
2026-07-13 01:30:00+00:00,4084.37,4086.55,4078.27,4078.57,1719,8,0
2026-07-13 01:45:00+00:00,4078.56,4080.99,4070.2,4076.65,2202,8,0
2026-07-13 02:00:00+00:00,4076.63,4076.64,4068.51,4070.32,2196,8,0
2026-07-13 02:15:00+00:00,4070.31,4075.25,4068.87,4074.74,1551,8,0
2026-07-13 02:30:00+00:00,4074.75,4079.21,4071.82,4077.68,1608,10,0
2026-07-13 02:45:00+00:00,4077.69,4084.81,4075.58,4084.34,2562,10,0
2026-07-13 03:00:00+00:00,4085.62,4091.17,4080.84,4086.86,2617,8,0
2026-07-13 03:15:00+00:00,4086.85,4087.91,4074.3,4074.7,2805,8,0
2026-07-13 03:30:00+00:00,4074.67,4075.54,4061.15,4073.15,2796,8,0
2026-07-13 03:45:00+00:00,4073.18,4077.24,4068.81,4074.17,2864,8,0
2026-07-13 04:00:00+00:00,4074.03,4081.11,4065.6,4079.58,3480,8,0
2026-07-13 04:15:00+00:00,4079.58,4081.98,4071.18,4079.83,3451,10,0
2026-07-13 04:30:00+00:00,4079.9,4089.75,4077.76,4084.59,3309,8,0
2026-07-13 04:45:00+00:00,4084.55,4088.09,4067.74,4072.24,3282,8,0
2026-07-13 05:00:00+00:00,4072.33,4075.02,4070.12,4072.26,3228,8,0
2026-07-13 05:15:00+00:00,4072.24,4074.35,4066.57,4067.31,2767,10,0
2026-07-13 05:30:00+00:00,4067.26,4077.46,4064.79,4072.83,2903,8,0
2026-07-13 05:45:00+00:00,4072.81,4072.99,4068.44,4068.73,2656,8,0
2026-07-13 06:00:00+00:00,4068.65,4069.44,4053.06,4058.07,2917,8,0
2026-07-13 06:15:00+00:00,4058.2,4062.49,4058.03,4061.85,2526,8,0
2026-07-13 06:30:00+00:00,4061.87,4062.52,4057.18,4057.83,1867,10,0
2026-07-13 06:45:00+00:00,4057.92,4061.12,4057.68,4060.48,1450,10,0
2026-07-13 07:00:00+00:00,4060.51,4060.51,4052.46,4054.61,1966,8,0
2026-07-13 07:15:00+00:00,4054.63,4057.93,4050.34,4055.54,2012,8,0
2026-07-13 07:30:00+00:00,4055.5,4057.71,4053.13,4054.15,1433,8,0
2026-07-13 07:45:00+00:00,4054.14,4059.24,4052.75,4058.96,1337,8,0
2026-07-13 08:00:00+00:00,4058.94,4073.1,4054.85,4069.49,2640,8,0
2026-07-13 08:15:00+00:00,4069.53,4069.6,4057.58,4058.14,2386,8,0
2026-07-13 08:30:00+00:00,4058.21,4065.68,4052.29,4063.61,3158,8,0
2026-07-13 08:45:00+00:00,4063.62,4064.27,4052.73,4053.79,2588,8,0
2026-07-13 09:00:00+00:00,4053.69,4056.2,4043.8,4050.78,2998,8,0
2026-07-13 09:15:00+00:00,4050.8,4061.18,4050.67,4060.98,2889,8,0
2026-07-13 09:30:00+00:00,4061.12,4063.62,4058.64,4060.2,2825,8,0
2026-07-13 09:45:00+00:00,4060.16,4060.6,4052.06,4055.7,2523,8,0
2026-07-13 10:00:00+00:00,4055.66,4061.26,4048.94,4055.57,2610,8,0
2026-07-13 10:15:00+00:00,4055.55,4059.33,4055.55,4058.89,1862,8,0
2026-07-13 10:30:00+00:00,4058.74,4062.86,4056.25,4057.38,2061,8,0
2026-07-13 10:45:00+00:00,4057.37,4065.19,4056.12,4064.59,1935,8,0
2026-07-13 11:00:00+00:00,4064.53,4074.95,4063.26,4073.94,2685,8,0
2026-07-13 11:15:00+00:00,4073.98,4080.71,4073.63,4074.08,2731,8,0
2026-07-13 11:30:00+00:00,4074.1,4076.47,4071.9,4075.89,2114,8,0
2026-07-13 11:45:00+00:00,4075.73,4078.55,4072.23,4074.58,2119,8,0
2026-07-13 12:00:00+00:00,4074.39,4076.24,4072.79,4074.37,1923,10,0
2026-07-13 12:15:00+00:00,4074.64,4076.69,4071.43,4072.93,1880,8,0
2026-07-13 12:30:00+00:00,4072.8,4073.92,4069.44,4072.71,1914,8,0
2026-07-13 12:45:00+00:00,4072.68,4073.72,4068.19,4068.25,1512,8,0
2026-07-13 13:00:00+00:00,4068.24,4070.56,4066.8,4067.71,1571,8,0
2026-07-13 13:15:00+00:00,4067.68,4069.47,4064.43,4065.13,1368,8,0
2026-07-13 13:30:00+00:00,4065.14,4068.26,4046.85,4052.31,1793,8,0
2026-07-13 13:45:00+00:00,4052.17,4061.55,4048.09,4060.62,2486,8,0
2026-07-13 14:00:00+00:00,4060.58,4068.1,4058.22,4064.15,2680,8,0
2026-07-13 14:15:00+00:00,4064.14,4065.1,4058.27,4062.88,1899,8,0
2026-07-13 14:30:00+00:00,4062.84,4068.44,4062.09,4065.24,2242,8,0
2026-07-13 14:45:00+00:00,4065.28,4065.84,4054.99,4056.45,2286,8,0
2026-07-13 15:00:00+00:00,4056.91,4060.44,4053.53,4056.28,2429,8,0
2026-07-13 15:15:00+00:00,4056.23,4063.63,4055.19,4058.98,2595,8,0
2026-07-13 15:30:00+00:00,4059.01,4064.01,4058.76,4062.81,2561,8,0
2026-07-13 15:45:00+00:00,4062.8,4067.5,4062.8,4067.4,2559,8,0
2026-07-13 16:00:00+00:00,4067.37,4067.59,4059.33,4061.89,3020,8,0
2026-07-13 16:15:00+00:00,4061.87,4065.96,4058.63,4062.24,2829,8,0
2026-07-13 16:30:00+00:00,4062.27,4064.03,4051.58,4054.93,3546,8,0
2026-07-13 16:45:00+00:00,4054.9,4058.32,4042.22,4043.14,3832,8,0
2026-07-13 17:00:00+00:00,4043.25,4046.92,4029.67,4035.85,3590,8,0
2026-07-13 17:15:00+00:00,4035.87,4037.29,4002.81,4016.85,3826,8,0
2026-07-13 17:30:00+00:00,4016.93,4016.93,4000.46,4005.47,3635,8,0
2026-07-13 17:45:00+00:00,4005.58,4014.76,4002.1,4014.62,3379,8,0
2026-07-13 18:00:00+00:00,4015.38,4017.76,4010.95,4014.87,3360,8,0
2026-07-13 18:15:00+00:00,4014.86,4020.23,4013.21,4016.38,3263,8,0
2026-07-13 18:30:00+00:00,4016.53,4017.76,4012.33,4013.48,2901,8,0
2026-07-13 18:45:00+00:00,4013.4,4014.97,4010.29,4014.88,2917,8,0
2026-07-13 19:00:00+00:00,4016.09,4017.86,4012.63,4013.98,2477,8,0
2026-07-13 19:15:00+00:00,4014.02,4014.03,4000.67,4003.81,2891,8,0
2026-07-13 19:30:00+00:00,4003.84,4004.8,3990.78,4000.7,3812,8,0
2026-07-13 19:45:00+00:00,4000.66,4002.74,3986.61,3993.22,3160,8,0
2026-07-13 20:00:00+00:00,3993.32,3999.02,3992.11,3997.57,2874,10,0
2026-07-13 20:15:00+00:00,3997.59,4001.99,3996.7,3998.84,2689,8,0
2026-07-13 20:30:00+00:00,3998.89,4000.97,3996.26,3996.95,2493,8,0
2026-07-13 20:45:00+00:00,3996.91,3999.42,3992.13,3993.22,2700,8,0
2026-07-13 21:00:00+00:00,3993.14,3995.14,3990.0,3993.85,2664,8,0
2026-07-13 21:15:00+00:00,3993.87,3996.87,3986.8,3995.15,2794,8,0
2026-07-13 21:30:00+00:00,3995.32,4000.79,3994.07,4000.16,2639,8,0
2026-07-13 21:45:00+00:00,4000.18,4005.12,3998.27,4001.48,2415,8,0
2026-07-13 22:00:00+00:00,4001.97,4004.51,3997.9,3998.08,2554,8,0
2026-07-13 22:15:00+00:00,3998.08,4000.79,3996.92,3998.36,2096,8,0
2026-07-13 22:30:00+00:00,3998.37,4001.01,3993.55,3999.14,2489,8,0
2026-07-13 22:45:00+00:00,3999.02,4002.44,3996.91,4002.29,2721,8,0
2026-07-13 23:00:00+00:00,4001.88,4006.16,3998.59,3998.79,1454,8,0
2026-07-13 23:15:00+00:00,3998.75,4000.25,3996.97,3999.89,998,8,0
2026-07-13 23:30:00+00:00,3999.82,4000.43,3997.3,4000.06,1300,8,0
2026-07-13 23:45:00+00:00,4000.04,4002.09,3997.97,4001.38,1583,10,0
2026-07-14 01:00:00+00:00,4000.23,4006.4,4000.13,4003.98,1014,16,0
2026-07-14 01:15:00+00:00,4003.97,4005.91,4003.97,4004.45,982,10,0
2026-07-14 01:30:00+00:00,4004.2,4005.61,4003.1,4003.97,1093,8,0
2026-07-14 01:45:00+00:00,4003.95,4005.17,4000.81,4000.81,1290,8,0
2026-07-14 02:00:00+00:00,4001.05,4003.14,3999.64,4000.28,1456,14,0
2026-07-14 02:15:00+00:00,4000.29,4000.63,3996.95,3997.48,1233,8,0
2026-07-14 02:30:00+00:00,3997.45,3997.47,3993.58,3995.52,1686,10,0
2026-07-14 02:45:00+00:00,3995.46,4002.08,3992.61,4001.27,2321,8,0
2026-07-14 03:00:00+00:00,4001.67,4004.79,3983.81,3995.41,3387,8,0
2026-07-14 03:15:00+00:00,3995.45,3996.97,3985.79,3995.4,3220,8,0
2026-07-14 03:30:00+00:00,3995.33,4007.21,3994.41,4002.75,3065,8,0
2026-07-14 03:45:00+00:00,4002.95,4007.21,4000.64,4004.06,2687,8,0
2026-07-14 04:00:00+00:00,4004.15,4004.23,3992.32,3995.37,3473,8,0
2026-07-14 04:15:00+00:00,3995.22,4004.81,3995.09,3997.89,2954,8,0
2026-07-14 04:30:00+00:00,3997.87,4004.11,3993.24,4002.04,2954,8,0
2026-07-14 04:45:00+00:00,4002.1,4012.21,3998.88,4010.42,2683,8,0
2026-07-14 05:00:00+00:00,4010.88,4017.76,4005.94,4016.71,2911,8,0
2026-07-14 05:15:00+00:00,4016.87,4019.0,4013.85,4017.93,2441,8,0
2026-07-14 05:30:00+00:00,4017.88,4019.11,4010.64,4010.69,2198,8,0
2026-07-14 05:45:00+00:00,4011.02,4013.96,4009.07,4012.33,1931,8,0
2026-07-14 06:00:00+00:00,4012.34,4016.77,4012.23,4013.87,2030,8,0
2026-07-14 06:15:00+00:00,4014.02,4018.86,4011.15,4018.03,1878,8,0
2026-07-14 06:30:00+00:00,4018.06,4019.11,4013.95,4015.36,1769,10,0
2026-07-14 06:45:00+00:00,4015.34,4018.15,4014.57,4016.64,1044,8,0
2026-07-14 07:00:00+00:00,4016.87,4018.86,4013.54,4015.69,1402,8,0
2026-07-14 07:15:00+00:00,4015.79,4017.36,4014.08,4015.74,1160,8,0
2026-07-14 07:30:00+00:00,4015.75,4023.46,4015.74,4020.71,1414,8,0
2026-07-14 07:45:00+00:00,4020.53,4021.31,4015.97,4020.26,1295,8,0
2026-07-14 08:00:00+00:00,4020.52,4023.99,4019.74,4023.15,1215,8,0
2026-07-14 08:15:00+00:00,4023.25,4024.06,4020.04,4022.77,1195,8,0
2026-07-14 08:30:00+00:00,4022.76,4034.13,4022.67,4031.89,2735,8,0
2026-07-14 08:45:00+00:00,4032.15,4032.69,4029.19,4031.37,1889,8,0
2026-07-14 09:00:00+00:00,4031.38,4033.26,4028.72,4030.92,2214,8,0
2026-07-14 09:15:00+00:00,4030.93,4031.15,4023.17,4023.27,1895,8,0
2026-07-14 09:30:00+00:00,4023.26,4026.41,4021.77,4025.25,1747,8,0
2026-07-14 09:45:00+00:00,4025.24,4026.43,4023.04,4023.96,1686,8,0
2026-07-14 10:00:00+00:00,4023.93,4029.09,4020.77,4024.77,1990,8,0
2026-07-14 10:15:00+00:00,4024.48,4029.95,4024.48,4026.4,1712,8,0
2026-07-14 10:30:00+00:00,4026.34,4029.66,4022.95,4023.64,2084,8,0
2026-07-14 10:45:00+00:00,4023.7,4026.14,4020.2,4020.76,1963,8,0
2026-07-14 11:00:00+00:00,4020.77,4022.5,4014.54,4017.34,2484,8,0
2026-07-14 11:15:00+00:00,4017.39,4023.1,4017.34,4021.73,1963,8,0
2026-07-14 11:30:00+00:00,4021.75,4023.88,4018.76,4019.41,1874,8,0
2026-07-14 11:45:00+00:00,4019.34,4020.93,4015.96,4016.04,1803,8,0
2026-07-14 12:00:00+00:00,4015.98,4024.43,4013.92,4020.66,2030,8,0
2026-07-14 12:15:00+00:00,4020.85,4021.74,4015.17,4015.8,1731,8,0
2026-07-14 12:30:00+00:00,4015.84,4018.18,4013.83,4017.5,1746,8,0
2026-07-14 12:45:00+00:00,4017.32,4023.94,4016.43,4021.7,2006,8,0
2026-07-14 13:00:00+00:00,4021.75,4022.28,4016.94,4018.28,1397,8,0
2026-07-14 13:15:00+00:00,4018.3,4020.07,4015.73,4017.86,1242,8,0
2026-07-14 13:30:00+00:00,4017.82,4020.21,4015.18,4019.2,1654,8,0
2026-07-14 13:45:00+00:00,4019.37,4022.9,4018.05,4021.69,1256,8,0
2026-07-14 14:00:00+00:00,4021.89,4024.06,4015.49,4023.05,2101,8,0
2026-07-14 14:15:00+00:00,4022.81,4028.41,4020.6,4025.07,1824,8,0
2026-07-14 14:30:00+00:00,4025.0,4030.35,4024.58,4028.02,1753,8,0
2026-07-14 14:45:00+00:00,4028.03,4031.9,4025.8,4031.25,1841,8,0
2026-07-14 15:00:00+00:00,4031.47,4035.87,4025.28,4025.77,2259,8,0
2026-07-14 15:15:00+00:00,4025.95,4030.94,4023.32,4029.69,2248,8,0
2026-07-14 15:30:00+00:00,4029.95,4103.28,4029.95,4093.31,3605,8,0
2026-07-14 15:45:00+00:00,4092.71,4095.29,4069.0,4076.37,3589,8,0
2026-07-14 16:00:00+00:00,4076.27,4083.31,4070.98,4075.0,3688,8,0
2026-07-14 16:15:00+00:00,4074.99,4086.31,4072.14,4081.6,3387,8,0
2026-07-14 16:30:00+00:00,4081.51,4088.58,4075.87,4087.62,3949,8,0
2026-07-14 16:45:00+00:00,4087.53,4087.53,4074.39,4076.63,3718,8,0
2026-07-14 17:00:00+00:00,4076.59,4085.22,4072.75,4082.32,3712,8,0
2026-07-14 17:15:00+00:00,4082.3,4085.19,4070.74,4076.87,3761,8,0
2026-07-14 17:30:00+00:00,4076.95,4089.91,4073.21,4080.1,3540,8,0
2026-07-14 17:45:00+00:00,4080.03,4087.59,4077.56,4085.19,3229,8,0
2026-07-14 18:00:00+00:00,4085.14,4100.52,4078.72,4090.12,3687,8,0
2026-07-14 18:15:00+00:00,4090.11,4090.99,4082.47,4084.78,2876,8,0
2026-07-14 18:30:00+00:00,4084.74,4086.83,4066.95,4074.1,3197,8,0
2026-07-14 18:45:00+00:00,4074.14,4076.54,4064.63,4066.2,3284,8,0
2026-07-14 19:00:00+00:00,4066.22,4066.98,4057.99,4063.04,3134,8,0
2026-07-14 19:15:00+00:00,4062.9,4065.17,4057.94,4059.39,2093,8,0
2026-07-14 19:30:00+00:00,4059.42,4062.87,4057.85,4061.02,2003,8,0
2026-07-14 19:45:00+00:00,4060.92,4062.17,4057.8,4061.56,1740,8,0
2026-07-14 20:00:00+00:00,4061.87,4064.67,4055.47,4056.74,2232,8,0
2026-07-14 20:15:00+00:00,4056.71,4064.14,4054.51,4062.88,2211,8,0
2026-07-14 20:30:00+00:00,4062.9,4065.1,4059.59,4059.76,1759,8,0
2026-07-14 20:45:00+00:00,4059.8,4063.86,4058.38,4062.83,1377,8,0
2026-07-14 21:00:00+00:00,4062.65,4062.77,4059.72,4061.64,1458,8,0
2026-07-14 21:15:00+00:00,4061.65,4063.15,4056.64,4058.63,1474,8,0
2026-07-14 21:30:00+00:00,4058.5,4059.59,4042.95,4046.5,1993,8,0
2026-07-14 21:45:00+00:00,4046.48,4054.59,4044.92,4054.16,2124,8,0
2026-07-14 22:00:00+00:00,4054.22,4057.25,4052.39,4056.62,1607,8,0
2026-07-14 22:15:00+00:00,4056.59,4057.0,4051.33,4051.62,1293,8,0
2026-07-14 22:30:00+00:00,4051.66,4052.87,4047.58,4052.51,1734,8,0
2026-07-14 22:45:00+00:00,4052.61,4056.97,4051.72,4055.5,1805,8,0
2026-07-14 23:00:00+00:00,4055.74,4056.4,4053.83,4053.87,936,8,0
2026-07-14 23:15:00+00:00,4053.75,4054.59,4052.26,4052.92,608,8,0
2026-07-14 23:30:00+00:00,4053.04,4053.53,4049.7,4050.5,628,8,0
2026-07-14 23:45:00+00:00,4050.48,4053.12,4049.21,4052.19,1125,10,0
2026-07-15 01:00:00+00:00,4053.47,4053.59,4048.96,4050.73,915,14,0
2026-07-15 01:15:00+00:00,4050.76,4052.09,4049.3,4051.69,1453,8,0
2026-07-15 01:30:00+00:00,4051.73,4052.81,4049.07,4050.55,1347,8,0
2026-07-15 01:45:00+00:00,4050.52,4050.78,4048.56,4048.97,1004,10,0
2026-07-15 02:00:00+00:00,4048.95,4050.23,4046.99,4047.6,1288,10,0
2026-07-15 02:15:00+00:00,4047.52,4053.9,4046.83,4053.89,1411,8,0
2026-07-15 02:30:00+00:00,4053.94,4056.13,4051.48,4054.69,1714,8,0
2026-07-15 02:45:00+00:00,4054.72,4055.02,4052.08,4052.96,1427,8,0
2026-07-15 03:00:00+00:00,4052.24,4056.16,4051.1,4051.32,2366,8,0
2026-07-15 03:15:00+00:00,4051.33,4058.13,4051.1,4058.12,2380,10,0
2026-07-15 03:30:00+00:00,4058.16,4058.52,4052.25,4054.64,1902,8,0
2026-07-15 03:45:00+00:00,4054.63,4060.68,4054.23,4059.04,1900,8,0
2026-07-15 04:00:00+00:00,4059.55,4062.12,4055.16,4055.74,3087,8,0
2026-07-15 04:15:00+00:00,4055.72,4057.31,4052.67,4054.43,3002,10,0
2026-07-15 04:30:00+00:00,4054.48,4054.73,4036.57,4038.88,2967,8,0
2026-07-15 04:45:00+00:00,4038.85,4042.54,4035.62,4037.35,2813,8,0
2026-07-15 05:00:00+00:00,4037.37,4042.3,4034.16,4036.76,2832,8,0
2026-07-15 05:15:00+00:00,4036.74,4037.0,4029.23,4033.15,2142,8,0
2026-07-15 05:30:00+00:00,4033.07,4041.91,4032.82,4041.63,2112,8,0
2026-07-15 05:45:00+00:00,4041.66,4042.0,4034.48,4035.24,2274,8,0
2026-07-15 06:00:00+00:00,4035.29,4040.36,4033.05,4034.15,2262,10,0
2026-07-15 06:15:00+00:00,4034.09,4035.37,4030.18,4031.05,2100,8,0
2026-07-15 06:30:00+00:00,4030.99,4035.73,4028.1,4029.39,1689,8,0
2026-07-15 06:45:00+00:00,4029.36,4033.55,4029.26,4031.21,1256,8,0
2026-07-15 07:00:00+00:00,4031.28,4033.28,4030.06,4031.55,1101,10,0
2026-07-15 07:15:00+00:00,4031.49,4035.17,4030.97,4033.66,1154,8,0
2026-07-15 07:30:00+00:00,4033.68,4035.1,4028.25,4030.23,1511,8,0
2026-07-15 07:45:00+00:00,4030.33,4034.4,4030.33,4033.21,1023,8,0
2026-07-15 08:00:00+00:00,4033.36,4036.03,4025.16,4026.09,2300,8,0
2026-07-15 08:15:00+00:00,4026.1,4028.74,4024.84,4025.12,1562,8,0
2026-07-15 08:30:00+00:00,4025.16,4036.52,4022.15,4029.65,2812,10,0
2026-07-15 08:45:00+00:00,4029.73,4034.73,4027.33,4034.73,2481,8,0
2026-07-15 09:00:00+00:00,4035.08,4035.49,4027.14,4027.54,2320,8,0
2026-07-15 09:15:00+00:00,4027.63,4028.71,4021.37,4025.86,2479,8,0
2026-07-15 09:30:00+00:00,4026.47,4033.13,4022.71,4032.54,2389,8,0
2026-07-15 09:45:00+00:00,4032.51,4033.81,4029.71,4032.08,2278,8,0
2026-07-15 10:00:00+00:00,4031.98,4034.33,4028.25,4029.37,2138,8,0
2026-07-15 10:15:00+00:00,4029.36,4029.87,4020.06,4024.56,2304,8,0
2026-07-15 10:30:00+00:00,4024.54,4027.01,4019.73,4022.88,2188,8,0
2026-07-15 10:45:00+00:00,4022.89,4026.77,4021.39,4024.43,1996,8,0
2026-07-15 11:00:00+00:00,4024.45,4025.96,4017.4,4018.07,2212,8,0
2026-07-15 11:15:00+00:00,4017.89,4026.83,4017.89,4026.35,2455,8,0
2026-07-15 11:30:00+00:00,4026.46,4029.28,4024.63,4028.63,1911,8,0
2026-07-15 11:45:00+00:00,4028.58,4033.21,4027.65,4031.2,1711,8,0
2026-07-15 12:00:00+00:00,4031.21,4034.32,4029.58,4030.32,2022,8,0
2026-07-15 12:15:00+00:00,4030.33,4032.88,4027.04,4027.42,1459,8,0
2026-07-15 12:30:00+00:00,4027.53,4029.65,4025.54,4027.37,1657,8,0
2026-07-15 12:45:00+00:00,4027.28,4030.39,4026.19,4030.29,1552,8,0
2026-07-15 13:00:00+00:00,4030.28,4036.04,4028.74,4033.74,1943,8,0
2026-07-15 13:15:00+00:00,4033.7,4035.62,4026.62,4028.9,1980,8,0
2026-07-15 13:30:00+00:00,4028.91,4034.12,4028.44,4031.22,1917,8,0
2026-07-15 13:45:00+00:00,4031.28,4031.28,4027.1,4028.2,1552,8,0
2026-07-15 14:00:00+00:00,4028.14,4032.91,4027.87,4030.35,2089,8,0
2026-07-15 14:15:00+00:00,4030.38,4031.29,4027.66,4030.77,1761,8,0
2026-07-15 14:30:00+00:00,4030.83,4039.4,4029.37,4037.5,1773,8,0
2026-07-15 14:45:00+00:00,4037.49,4040.26,4035.61,4038.28,2231,8,0
2026-07-15 15:00:00+00:00,4038.39,4042.64,4035.88,4037.9,2552,8,0
2026-07-15 15:15:00+00:00,4037.97,4040.85,4037.53,4039.77,2655,8,0
2026-07-15 15:30:00+00:00,4039.73,4066.11,4039.48,4063.12,3506,8,0
2026-07-15 15:45:00+00:00,4063.13,4071.53,4061.05,4067.83,3115,8,0
2026-07-15 16:00:00+00:00,4068.45,4074.06,4061.81,4061.81,3476,8,0
2026-07-15 16:15:00+00:00,4061.79,4066.63,4054.21,4056.03,2747,8,0
2026-07-15 16:30:00+00:00,4055.99,4063.21,4055.61,4061.2,3076,8,0
2026-07-15 16:45:00+00:00,4061.28,4066.28,4055.12,4061.47,3459,8,0
2026-07-15 17:00:00+00:00,4061.91,4065.64,4060.2,4064.24,3220,8,0
2026-07-15 17:15:00+00:00,4064.23,4065.96,4055.48,4058.25,3430,8,0
2026-07-15 17:30:00+00:00,4058.4,4063.97,4056.97,4057.24,3413,8,0
2026-07-15 17:45:00+00:00,4057.25,4060.99,4053.28,4060.45,3426,8,0
2026-07-15 18:00:00+00:00,4060.68,4062.97,4043.23,4044.07,3380,8,0
2026-07-15 18:15:00+00:00,4044.1,4050.09,4039.36,4049.39,3538,8,0
2026-07-15 18:30:00+00:00,4049.25,4050.73,4045.03,4049.85,3164,8,0
2026-07-15 18:45:00+00:00,4049.87,4051.09,4046.61,4047.25,2479,8,0
2026-07-15 19:00:00+00:00,4047.2,4048.08,4037.39,4038.34,3080,8,0
2026-07-15 19:15:00+00:00,4038.39,4040.71,4033.02,4034.76,3423,8,0
2026-07-15 19:30:00+00:00,4034.79,4036.94,4026.84,4028.96,3341,8,0
2026-07-15 19:45:00+00:00,4028.73,4038.03,4027.74,4033.89,3251,8,0
2026-07-15 20:00:00+00:00,4033.75,4039.22,4033.02,4035.85,2721,8,0
2026-07-15 20:15:00+00:00,4035.95,4048.25,4033.27,4047.69,2598,8,0
2026-07-15 20:30:00+00:00,4047.76,4063.16,4047.17,4062.1,3013,8,0
2026-07-15 20:45:00+00:00,4062.47,4065.97,4060.36,4062.21,2755,8,0
2026-07-15 21:00:00+00:00,4062.29,4070.57,4061.77,4068.27,2647,8,0
2026-07-15 21:15:00+00:00,4068.26,4075.2,4067.17,4074.55,2739,8,0
2026-07-15 21:30:00+00:00,4074.56,4081.14,4068.0,4068.03,2785,8,0
2026-07-15 21:45:00+00:00,4067.97,4068.87,4058.76,4059.89,2680,8,0
2026-07-15 22:00:00+00:00,4059.89,4063.66,4058.01,4061.73,2250,8,0
2026-07-15 22:15:00+00:00,4061.68,4062.16,4052.9,4056.03,2586,8,0
2026-07-15 22:30:00+00:00,4056.06,4057.55,4047.9,4051.12,2625,8,0
2026-07-15 22:45:00+00:00,4051.1,4057.15,4050.66,4057.09,2293,8,0
2026-07-15 23:00:00+00:00,4057.02,4058.43,4055.21,4057.55,1272,8,0
2026-07-15 23:15:00+00:00,4057.61,4062.17,4057.32,4061.29,858,8,0
2026-07-15 23:30:00+00:00,4061.39,4063.13,4060.36,4061.78,789,8,0
2026-07-15 23:45:00+00:00,4061.48,4063.02,4059.92,4059.92,1094,14,0
2026-07-16 01:00:00+00:00,4062.68,4066.58,4060.88,4063.49,1042,10,0
2026-07-16 01:15:00+00:00,4063.45,4064.16,4061.43,4062.23,1203,10,0
2026-07-16 01:30:00+00:00,4062.34,4062.39,4059.12,4060.13,1069,8,0
2026-07-16 01:45:00+00:00,4060.11,4061.42,4058.31,4059.58,1066,8,0
2026-07-16 02:00:00+00:00,4059.59,4062.07,4058.9,4060.34,1217,8,0
2026-07-16 02:15:00+00:00,4060.33,4060.44,4057.05,4057.76,1312,10,0
2026-07-16 02:30:00+00:00,4057.84,4059.29,4055.64,4057.77,1229,10,0
2026-07-16 02:45:00+00:00,4057.78,4060.81,4056.26,4057.8,1824,10,0
2026-07-16 03:00:00+00:00,4057.77,4059.49,4054.88,4056.38,1780,8,0
2026-07-16 03:15:00+00:00,4056.33,4060.4,4055.04,4058.41,1857,8,0
2026-07-16 03:30:00+00:00,4058.46,4061.19,4054.09,4055.08,1667,8,0
2026-07-16 03:45:00+00:00,4054.95,4060.99,4043.8,4044.71,2486,8,0
2026-07-16 04:00:00+00:00,4044.72,4050.49,4041.11,4045.23,3315,8,0
2026-07-16 04:15:00+00:00,4045.16,4045.37,4033.9,4037.06,2923,8,0
2026-07-16 04:30:00+00:00,4036.87,4045.99,4036.65,4041.85,2509,8,0
2026-07-16 04:45:00+00:00,4042.21,4043.98,4037.22,4039.07,2522,8,0
2026-07-16 05:00:00+00:00,4039.14,4040.08,4031.29,4032.61,2294,8,0
2026-07-16 05:15:00+00:00,4032.6,4035.04,4028.88,4034.66,1948,8,0
2026-07-16 05:30:00+00:00,4034.65,4035.8,4024.53,4027.72,2550,8,0
2026-07-16 05:45:00+00:00,4027.76,4032.62,4024.75,4031.54,2232,8,0
2026-07-16 06:00:00+00:00,4031.51,4033.12,4029.27,4029.88,2032,8,0
2026-07-16 06:15:00+00:00,4029.89,4034.05,4027.81,4033.92,1766,8,0
2026-07-16 06:30:00+00:00,4034.03,4036.32,4032.38,4035.57,1274,8,0
2026-07-16 06:45:00+00:00,4035.54,4036.95,4034.2,4036.3,968,8,0
2026-07-16 07:00:00+00:00,4036.42,4037.92,4032.01,4036.91,1134,8,0
2026-07-16 07:15:00+00:00,4036.92,4036.92,4031.97,4034.02,864,8,0
2026-07-16 07:30:00+00:00,4034.22,4035.43,4032.04,4032.66,718,8,0
2026-07-16 07:45:00+00:00,4032.56,4035.34,4032.37,4033.25,817,8,0
2026-07-16 08:00:00+00:00,4033.16,4034.0,4029.42,4030.81,1043,8,0
2026-07-16 08:15:00+00:00,4030.89,4033.03,4026.75,4027.72,1272,8,0
2026-07-16 08:30:00+00:00,4027.75,4033.13,4025.29,4032.43,2840,8,0
2026-07-16 08:45:00+00:00,4032.48,4032.92,4025.51,4027.37,2344,8,0
2026-07-16 09:00:00+00:00,4027.32,4036.6,4027.06,4032.11,2908,8,0
2026-07-16 09:15:00+00:00,4032.13,4032.9,4027.93,4030.39,2038,8,0
2026-07-16 09:30:00+00:00,4030.43,4030.74,4023.02,4027.0,2552,8,0
2026-07-16 09:45:00+00:00,4027.04,4031.49,4026.46,4030.69,1917,8,0
2026-07-16 10:00:00+00:00,4030.62,4030.76,4025.74,4026.36,1816,8,0
2026-07-16 10:15:00+00:00,4026.37,4027.0,4023.75,4024.53,1752,8,0
2026-07-16 10:30:00+00:00,4024.4,4028.4,4023.07,4026.16,1838,8,0
2026-07-16 10:45:00+00:00,4026.17,4031.94,4025.98,4030.84,1976,8,0
2026-07-16 11:00:00+00:00,4030.77,4034.23,4025.48,4025.78,2279,8,0
2026-07-16 11:15:00+00:00,4025.79,4033.27,4025.32,4032.27,1946,8,0
2026-07-16 11:30:00+00:00,4032.33,4035.71,4032.12,4033.65,1964,8,0
2026-07-16 11:45:00+00:00,4033.69,4036.61,4033.16,4035.32,1624,8,0
2026-07-16 12:00:00+00:00,4035.38,4037.54,4035.3,4036.95,1295,8,0
2026-07-16 12:15:00+00:00,4036.99,4037.69,4030.63,4032.82,1380,8,0
2026-07-16 12:30:00+00:00,4032.81,4034.73,4030.2,4033.98,1745,8,0
2026-07-16 12:45:00+00:00,4033.99,4035.82,4031.29,4031.55,1217,8,0
2026-07-16 13:00:00+00:00,4031.39,4032.32,4029.24,4031.32,1364,8,0
2026-07-16 13:15:00+00:00,4031.37,4034.54,4031.36,4033.03,1054,8,0
2026-07-16 13:30:00+00:00,4032.84,4034.32,4031.29,4032.84,1164,8,0
2026-07-16 13:45:00+00:00,4032.86,4032.96,4028.31,4029.27,1257,8,0
2026-07-16 14:00:00+00:00,4029.22,4029.89,4026.24,4027.72,1326,8,0
2026-07-16 14:15:00+00:00,4027.55,4027.62,4021.08,4024.08,1631,8,0
2026-07-16 14:30:00+00:00,4024.12,4035.88,4023.25,4034.43,1959,8,0
2026-07-16 14:45:00+00:00,4034.77,4042.17,4028.4,4038.01,2805,8,0
2026-07-16 15:00:00+00:00,4038.12,4042.84,4027.52,4031.57,2640,8,0
2026-07-16 15:15:00+00:00,4031.58,4032.02,4012.63,4024.85,3087,8,0
2026-07-16 15:30:00+00:00,4024.84,4029.37,4000.19,4002.49,3372,8,0
2026-07-16 15:45:00+00:00,4002.46,4008.58,3990.2,3992.13,3458,8,0
2026-07-16 16:00:00+00:00,3991.97,3996.53,3973.56,3991.99,3712,8,0
2026-07-16 16:15:00+00:00,3991.95,4005.87,3991.07,4005.31,3292,8,0
2026-07-16 16:30:00+00:00,4005.27,4008.11,3981.22,3985.81,3870,8,0
2026-07-16 16:45:00+00:00,3985.82,3996.54,3985.68,3989.76,3676,8,0
2026-07-16 17:00:00+00:00,3989.62,3996.85,3986.59,3988.32,3616,8,0
2026-07-16 17:15:00+00:00,3988.51,4000.15,3987.15,3998.72,3722,8,0
2026-07-16 17:30:00+00:00,3998.81,4004.28,3995.05,4004.26,3319,8,0
2026-07-16 17:45:00+00:00,4004.24,4006.15,3991.94,3997.31,3328,8,0
2026-07-16 18:00:00+00:00,3997.46,3998.17,3988.93,3992.32,3155,8,0
2026-07-16 18:15:00+00:00,3992.22,4016.08,3992.11,4010.81,3325,8,0
2026-07-16 18:30:00+00:00,4010.85,4015.78,4007.12,4009.81,3121,8,0
2026-07-16 18:45:00+00:00,4009.79,4012.62,4005.04,4006.46,3226,8,0
2026-07-16 19:00:00+00:00,4006.47,4007.13,3989.5,3989.5,3013,8,0
2026-07-16 19:15:00+00:00,3989.18,3991.35,3981.83,3987.53,3378,8,0
2026-07-16 19:30:00+00:00,3987.29,3993.2,3986.99,3992.6,2790,8,0
2026-07-16 19:45:00+00:00,3992.56,3997.51,3989.91,3992.54,2735,8,0
2026-07-16 20:00:00+00:00,3992.53,3993.5,3984.89,3986.38,2655,8,0
2026-07-16 20:15:00+00:00,3986.32,3989.28,3982.8,3987.68,2848,8,0
2026-07-16 20:30:00+00:00,3987.74,3988.74,3980.83,3982.31,2925,8,0
2026-07-16 20:45:00+00:00,3982.36,3988.3,3981.65,3985.35,2489,8,0
2026-07-16 21:00:00+00:00,3985.25,3990.08,3984.38,3986.0,2700,8,0
2026-07-16 21:15:00+00:00,3985.99,3991.15,3985.15,3987.14,2443,8,0
2026-07-16 21:30:00+00:00,3987.16,3987.18,3977.35,3983.88,2847,8,0
2026-07-16 21:45:00+00:00,3983.93,3985.63,3980.27,3981.1,2004,8,0
2026-07-16 22:00:00+00:00,3981.24,3986.68,3979.82,3981.33,2402,8,0
2026-07-16 22:15:00+00:00,3981.27,3984.79,3979.4,3979.64,2046,8,0
2026-07-16 22:30:00+00:00,3979.67,3980.38,3970.04,3976.54,2683,8,0
2026-07-16 22:45:00+00:00,3976.49,3983.21,3973.68,3980.58,2947,8,0
2026-07-16 23:00:00+00:00,3980.72,3980.89,3975.26,3975.74,1126,8,0
2026-07-16 23:15:00+00:00,3975.66,3976.14,3972.68,3975.72,661,8,0
2026-07-16 23:30:00+00:00,3975.78,3977.14,3974.33,3975.42,875,10,0
2026-07-16 23:45:00+00:00,3975.25,3977.39,3974.9,3976.56,1606,10,0
2026-07-17 01:00:00+00:00,3977.03,3980.41,3976.01,3976.3,1103,10,0
2026-07-17 01:15:00+00:00,3976.31,3977.57,3974.73,3975.8,1077,12,0
2026-07-17 01:30:00+00:00,3976.47,3976.93,3973.55,3973.73,1125,10,0
2026-07-17 01:45:00+00:00,3973.6,3978.44,3973.17,3978.42,1206,10,0
2026-07-17 02:00:00+00:00,3978.41,3980.29,3975.13,3980.08,1521,10,0
2026-07-17 02:15:00+00:00,3980.07,3980.6,3977.69,3978.34,1228,10,0
2026-07-17 02:30:00+00:00,3978.43,3981.91,3975.6,3981.5,1370,10,0
2026-07-17 02:45:00+00:00,3981.59,3986.47,3976.62,3985.95,2229,10,0
2026-07-17 03:00:00+00:00,3985.58,3987.33,3983.1,3983.1,2419,10,0
2026-07-17 03:15:00+00:00,3983.8,3990.98,3983.8,3984.63,2218,10,0
2026-07-17 03:30:00+00:00,3984.82,3985.1,3980.65,3982.01,1943,12,0
2026-07-17 03:45:00+00:00,3982.05,3991.97,3981.65,3991.89,2288,10,0
2026-07-17 04:00:00+00:00,3991.93,3994.98,3987.32,3992.2,3549,10,0
2026-07-17 04:15:00+00:00,3992.11,3996.15,3987.93,3991.03,2817,10,0
2026-07-17 04:30:00+00:00,3991.02,3995.42,3988.92,3991.38,2763,10,0
2026-07-17 04:45:00+00:00,3991.42,3992.75,3979.18,3983.19,3114,10,0
2026-07-17 05:00:00+00:00,3983.23,3987.36,3979.79,3980.92,2504,10,0
2026-07-17 05:15:00+00:00,3980.84,3984.46,3980.38,3983.15,1645,10,0
2026-07-17 05:30:00+00:00,3983.08,3984.25,3970.82,3974.83,2996,10,0
2026-07-17 05:45:00+00:00,3974.78,3980.17,3974.37,3979.1,2631,10,0
2026-07-17 06:00:00+00:00,3979.21,3992.71,3978.8,3988.7,2990,10,0
2026-07-17 06:15:00+00:00,3988.68,4008.33,3988.54,4001.28,3061,10,0
2026-07-17 06:30:00+00:00,4001.09,4001.59,3995.91,3997.53,1983,10,0
2026-07-17 06:45:00+00:00,3998.07,3998.61,3990.63,3991.4,1537,10,0
2026-07-17 07:00:00+00:00,3991.26,3991.68,3987.33,3988.84,1426,10,0
2026-07-17 07:15:00+00:00,3988.87,3990.24,3985.17,3986.28,1478,10,0
2026-07-17 07:30:00+00:00,3986.14,3988.16,3980.21,3981.94,1609,10,0
2026-07-17 07:45:00+00:00,3982.14,3984.63,3980.25,3981.82,1309,10,0
2026-07-17 08:00:00+00:00,3981.81,3982.83,3977.65,3979.9,1869,8,0
2026-07-17 08:15:00+00:00,3979.89,3982.0,3975.71,3980.22,2248,8,0
2026-07-17 08:30:00+00:00,3980.16,3990.78,3978.83,3987.07,3084,8,0
2026-07-17 08:45:00+00:00,3987.16,3991.7,3982.21,3985.44,2728,8,0
2026-07-17 09:00:00+00:00,3985.46,4001.1,3985.46,4000.03,3098,8,0
2026-07-17 09:15:00+00:00,4000.07,4006.31,3998.17,4004.58,2996,8,0
2026-07-17 09:30:00+00:00,4004.08,4007.5,3995.91,3996.51,2733,8,0
2026-07-17 09:45:00+00:00,3996.41,4001.77,3996.24,3999.59,2156,8,0
2026-07-17 10:00:00+00:00,3999.25,4002.73,3993.48,3996.86,2348,8,0
2026-07-17 10:15:00+00:00,3996.85,3999.56,3994.44,3996.71,1964,8,0
2026-07-17 10:30:00+00:00,3996.82,3998.9,3994.4,3998.9,1857,8,0
2026-07-17 10:45:00+00:00,3998.89,3998.99,3993.01,3993.16,1826,8,0
2026-07-17 11:00:00+00:00,3993.09,4000.12,3991.77,3993.44,2934,8,0
2026-07-17 11:15:00+00:00,3993.45,3995.5,3988.59,3992.91,2703,8,0
2026-07-17 11:30:00+00:00,3992.84,3993.83,3988.32,3993.68,2095,8,0
2026-07-17 11:45:00+00:00,3993.85,3999.72,3992.14,3994.45,2199,8,0
2026-07-17 12:00:00+00:00,3994.4,3998.81,3993.01,3998.19,2091,8,0
2026-07-17 12:15:00+00:00,3998.18,4002.72,3995.8,3999.38,1900,8,0
2026-07-17 12:30:00+00:00,3999.24,3999.97,3995.3,3995.69,1679,8,0
2026-07-17 12:45:00+00:00,3995.75,3998.65,3994.74,3998.09,1536,8,0
2026-07-17 13:00:00+00:00,3998.27,3998.72,3994.86,3997.33,1704,8,0
2026-07-17 13:15:00+00:00,3997.34,3999.19,3994.44,3996.22,1470,8,0
2026-07-17 13:30:00+00:00,3996.07,3997.56,3993.98,3996.42,1267,8,0
2026-07-17 13:45:00+00:00,3996.34,3997.32,3990.89,3991.14,1520,8,0
2026-07-17 14:00:00+00:00,3991.2,3994.67,3990.68,3991.96,1707,8,0
2026-07-17 14:15:00+00:00,3991.83,3996.23,3990.34,3995.68,1816,8,0
2026-07-17 14:30:00+00:00,3995.7,3996.41,3991.81,3992.39,1552,8,0
2026-07-17 14:45:00+00:00,3992.53,3999.07,3991.79,3994.33,1725,8,0
2026-07-17 15:00:00+00:00,3994.32,3995.83,3988.61,3990.26,2188,8,0
2026-07-17 15:15:00+00:00,3990.6,3992.66,3984.65,3987.72,2134,8,0
2026-07-17 15:30:00+00:00,3987.64,3988.62,3965.94,3969.62,2628,8,0
2026-07-17 15:45:00+00:00,3970.13,3973.74,3964.6,3966.72,2886,8,0
2026-07-17 16:00:00+00:00,3966.7,3976.35,3960.15,3970.26,3556,8,0
2026-07-17 16:15:00+00:00,3970.1,3975.14,3967.33,3968.42,3355,8,0
2026-07-17 16:30:00+00:00,3968.25,4003.52,3963.75,3985.02,3950,8,0
2026-07-17 16:45:00+00:00,3985.03,3997.47,3981.22,3997.4,3829,8,0
2026-07-17 17:00:00+00:00,3997.14,4001.01,3990.19,3994.63,3745,8,0
2026-07-17 17:15:00+00:00,3994.59,4004.57,3993.8,3998.57,3700,8,0
2026-07-17 17:30:00+00:00,3998.6,3999.72,3992.23,3997.71,3416,8,0
2026-07-17 17:45:00+00:00,3997.66,4001.37,3992.87,4001.27,3134,8,0
2026-07-17 18:00:00+00:00,4001.25,4014.23,3997.85,4005.98,3408,8,0
2026-07-17 18:15:00+00:00,4005.84,4013.19,4004.72,4013.19,3313,8,0
2026-07-17 18:30:00+00:00,4013.31,4016.18,4009.45,4015.56,3400,8,0
2026-07-17 18:45:00+00:00,4015.41,4021.25,4013.78,4019.15,2874,8,0
2026-07-17 19:00:00+00:00,4019.44,4020.73,4011.22,4018.3,3307,8,0
2026-07-17 19:15:00+00:00,4018.22,4024.0,4017.1,4019.01,2762,8,0
2026-07-17 19:30:00+00:00,4018.96,4019.62,4013.12,4017.68,2486,8,0
2026-07-17 19:45:00+00:00,4017.73,4020.9,4015.37,4015.64,2053,8,0
2026-07-17 20:00:00+00:00,4015.72,4020.01,4014.03,4014.11,1931,8,0
2026-07-17 20:15:00+00:00,4014.14,4016.66,4013.2,4014.59,2046,8,0
2026-07-17 20:30:00+00:00,4014.64,4015.28,4010.54,4011.69,1852,8,0
2026-07-17 20:45:00+00:00,4011.57,4014.11,4009.19,4010.81,2004,8,0
2026-07-17 21:00:00+00:00,4010.92,4013.64,4008.47,4011.21,1977,8,0
2026-07-17 21:15:00+00:00,4011.17,4016.89,4009.8,4016.2,2072,8,0
2026-07-17 21:30:00+00:00,4015.71,4016.9,4007.97,4009.03,1903,8,0
2026-07-17 21:45:00+00:00,4008.96,4013.02,4007.32,4012.05,1762,8,0
2026-07-17 22:00:00+00:00,4012.04,4012.23,4005.19,4006.85,1969,8,0
2026-07-17 22:15:00+00:00,4006.61,4007.49,4003.1,4006.1,1761,8,0
2026-07-17 22:30:00+00:00,4006.09,4010.81,4005.73,4010.66,1660,8,0
2026-07-17 22:45:00+00:00,4010.69,4017.29,4010.11,4016.16,2466,8,0
2026-07-17 23:00:00+00:00,4016.08,4016.56,4012.77,4012.86,1161,8,0
2026-07-17 23:15:00+00:00,4012.93,4013.25,4009.6,4011.63,1178,11,0
2026-07-17 23:30:00+00:00,4011.64,4014.42,4009.31,4014.17,1374,8,0
2026-07-17 23:45:00+00:00,4014.05,4019.23,4013.88,4017.96,1337,11,0
2026-07-20 01:00:00+00:00,4001.71,4007.47,3994.73,3996.62,1966,13,0
2026-07-20 01:15:00+00:00,3996.61,4000.33,3994.79,3995.02,1608,10,0
2026-07-20 01:30:00+00:00,3995.03,3999.28,3993.38,3996.88,1986,8,0
2026-07-20 01:45:00+00:00,3996.86,3998.47,3994.67,3995.29,1427,14,0
2026-07-20 02:00:00+00:00,3994.78,3995.63,3990.8,3991.14,1742,14,0
2026-07-20 02:15:00+00:00,3991.11,3993.98,3990.63,3992.97,1509,14,0
2026-07-20 02:30:00+00:00,3992.99,3994.18,3989.79,3992.25,1585,10,0
2026-07-20 02:45:00+00:00,3992.26,3995.92,3989.36,3995.54,1932,8,0
2026-07-20 03:00:00+00:00,3995.51,3998.69,3982.53,3995.86,2624,8,0
2026-07-20 03:15:00+00:00,3995.93,4005.43,3993.47,4003.71,2548,8,0
2026-07-20 03:30:00+00:00,4003.7,4007.09,3998.25,3998.46,2571,8,0
2026-07-20 03:45:00+00:00,3998.47,4009.85,3998.33,4008.41,2066,8,0
2026-07-20 04:00:00+00:00,4008.38,4020.38,4005.62,4009.9,3520,8,0
2026-07-20 04:15:00+00:00,4009.85,4010.1,3999.56,4002.97,3345,8,0
2026-07-20 04:30:00+00:00,4002.84,4005.56,3995.46,3996.85,3191,8,0
2026-07-20 04:45:00+00:00,3996.87,4004.18,3996.81,4001.85,2744,8,0
2026-07-20 05:00:00+00:00,4001.88,4009.75,4001.09,4006.05,2919,8,0
2026-07-20 05:15:00+00:00,4006.13,4008.62,4003.79,4006.71,2124,8,0
2026-07-20 05:30:00+00:00,4006.73,4016.14,4005.86,4014.81,2796,8,0
2026-07-20 05:45:00+00:00,4014.81,4028.69,4013.99,4021.94,2875,8,0
2026-07-20 06:00:00+00:00,4021.85,4024.53,4018.56,4024.13,2401,8,0
2026-07-20 06:15:00+00:00,4023.93,4026.8,4021.68,4022.11,2381,8,0
2026-07-20 06:30:00+00:00,4022.32,4027.96,4018.77,4027.06,1857,8,0
2026-07-20 06:45:00+00:00,4027.13,4027.77,4022.76,4024.14,1579,8,0
2026-07-20 07:00:00+00:00,4024.1,4026.76,4021.45,4021.49,1112,8,0
2026-07-20 07:15:00+00:00,4021.5,4025.58,4021.41,4025.34,942,8,0
2026-07-20 07:30:00+00:00,4025.42,4025.42,4022.19,4023.03,1349,8,0
2026-07-20 07:45:00+00:00,4022.97,4022.99,4018.55,4018.97,1278,8,0
2026-07-20 08:00:00+00:00,4019.04,4021.2,4011.86,4014.28,1383,8,0
2026-07-20 08:15:00+00:00,4013.85,4015.02,4009.96,4010.89,1496,8,0
2026-07-20 08:30:00+00:00,4010.99,4014.55,4008.0,4009.91,2470,8,0
2026-07-20 08:45:00+00:00,4009.92,4010.86,4005.5,4008.72,2331,8,0
2026-07-20 09:00:00+00:00,4008.77,4011.74,4006.81,4007.45,2369,8,0
2026-07-20 09:15:00+00:00,4007.35,4009.66,4003.99,4004.88,2072,8,0
2026-07-20 09:30:00+00:00,4004.89,4006.41,4002.94,4004.87,2236,8,0
2026-07-20 09:45:00+00:00,4004.85,4007.65,4003.27,4003.84,1654,8,0
2026-07-20 10:00:00+00:00,4004.12,4006.9,4002.2,4004.32,1582,8,0
2026-07-20 10:15:00+00:00,4004.4,4008.77,4002.28,4006.75,1854,8,0
2026-07-20 10:30:00+00:00,4006.74,4021.06,4006.66,4021.06,2473,8,0
2026-07-20 10:45:00+00:00,4021.1,4021.84,4015.82,4016.95,2068,8,0
2026-07-20 11:00:00+00:00,4017.23,4025.49,4017.23,4024.02,2210,8,0
2026-07-20 11:15:00+00:00,4024.2,4030.63,4021.84,4021.93,2042,8,0
2026-07-20 11:30:00+00:00,4021.97,4024.92,4018.96,4021.86,1824,8,0
2026-07-20 11:45:00+00:00,4021.97,4022.95,4017.55,4019.06,1589,8,0
2026-07-20 12:00:00+00:00,4018.88,4021.1,4015.26,4019.5,1546,8,0
2026-07-20 12:15:00+00:00,4019.51,4022.16,4015.56,4016.43,1309,8,0
2026-07-20 12:30:00+00:00,4016.26,4021.34,4014.86,4019.59,1618,8,0
2026-07-20 12:45:00+00:00,4019.46,4023.9,4017.93,4021.67,1545,8,0
2026-07-20 13:00:00+00:00,4021.69,4021.84,4018.16,4020.82,1320,8,0
2026-07-20 13:15:00+00:00,4020.88,4023.38,4018.75,4021.95,1072,8,0
2026-07-20 13:30:00+00:00,4021.87,4024.35,4021.24,4022.23,998,8,0
2026-07-20 13:45:00+00:00,4022.2,4025.69,4020.99,4024.21,1197,8,0
2026-07-20 14:00:00+00:00,4024.24,4027.36,4019.84,4022.07,1820,8,0
2026-07-20 14:15:00+00:00,4022.19,4023.97,4020.02,4022.28,1210,8,0
2026-07-20 14:30:00+00:00,4022.22,4040.65,4021.51,4032.53,3388,8,0
2026-07-20 14:45:00+00:00,4032.26,4032.26,4025.03,4025.27,2522,8,0
2026-07-20 15:00:00+00:00,4024.91,4025.28,4011.47,4012.76,3033,8,0
2026-07-20 15:15:00+00:00,4012.39,4014.83,4006.86,4012.87,2313,8,0
2026-07-20 15:30:00+00:00,4012.83,4014.82,4006.48,4009.94,2404,8,0
2026-07-20 15:45:00+00:00,4010.1,4015.65,4008.02,4008.23,2253,8,0
2026-07-20 16:00:00+00:00,4008.21,4013.85,4007.92,4008.53,2724,8,0
2026-07-20 16:15:00+00:00,4008.51,4012.47,4006.79,4008.42,2630,8,0
2026-07-20 16:30:00+00:00,4008.47,4017.23,4007.98,4012.74,3259,8,0
2026-07-20 16:45:00+00:00,4012.86,4013.11,4005.75,4005.86,3191,8,0
2026-07-20 17:00:00+00:00,4005.81,4007.93,3998.31,3998.56,3446,8,0
2026-07-20 17:15:00+00:00,3998.91,4006.73,3998.32,4006.65,3129,8,0
2026-07-20 17:30:00+00:00,4006.73,4010.91,4006.07,4007.38,2587,8,0
2026-07-20 17:45:00+00:00,4007.39,4013.4,4005.15,4006.2,2901,8,0
2026-07-20 18:00:00+00:00,4006.21,4019.45,4004.46,4014.36,3022,8,0
2026-07-20 18:15:00+00:00,4014.37,4016.64,4011.24,4016.55,2852,8,0
2026-07-20 18:30:00+00:00,4016.51,4016.88,4010.29,4012.95,2339,8,0
2026-07-20 18:45:00+00:00,4012.97,4016.52,4011.82,4011.86,2041,8,0
2026-07-20 19:00:00+00:00,4011.78,4018.39,4011.39,4013.78,2235,8,0
2026-07-20 19:15:00+00:00,4013.82,4014.4,4010.81,4012.51,1934,8,0
2026-07-20 19:30:00+00:00,4012.59,4012.75,4001.37,4009.63,2255,8,0
2026-07-20 19:45:00+00:00,4009.39,4010.58,4007.16,4009.89,2141,8,0
2026-07-20 20:00:00+00:00,4009.85,4012.36,4009.62,4010.3,1684,8,0
2026-07-20 20:15:00+00:00,4010.21,4013.06,4008.91,4012.14,1578,8,0
2026-07-20 20:30:00+00:00,4012.12,4012.99,4007.75,4008.07,1504,8,0
2026-07-20 20:45:00+00:00,4008.06,4008.07,4003.81,4005.26,1814,8,0
2026-07-20 21:00:00+00:00,4005.29,4010.88,4005.29,4008.82,1423,8,0
2026-07-20 21:15:00+00:00,4008.87,4011.88,4003.45,4006.87,1883,8,0
2026-07-20 21:30:00+00:00,4006.78,4007.58,4004.44,4006.49,1959,8,0
2026-07-20 21:45:00+00:00,4006.48,4008.86,4005.41,4007.33,1773,8,0
2026-07-20 22:00:00+00:00,4007.32,4008.05,4004.43,4004.68,1547,8,0
2026-07-20 22:15:00+00:00,4004.69,4012.82,4004.38,4012.82,1687,8,0
2026-07-20 22:30:00+00:00,4012.94,4017.91,4005.37,4005.84,2207,8,0
2026-07-20 22:45:00+00:00,4005.75,4009.96,4005.69,4006.89,2037,8,0
2026-07-20 23:00:00+00:00,4006.98,4009.5,4005.74,4007.86,1058,8,0
2026-07-20 23:15:00+00:00,4007.8,4009.24,4007.12,4008.23,543,8,0
2026-07-20 23:30:00+00:00,4008.24,4009.56,4007.38,4008.87,594,8,0
2026-07-20 23:45:00+00:00,4008.86,4008.87,4007.09,4008.3,1127,10,0
2026-07-21 01:00:00+00:00,4009.7,4010.65,4005.85,4007.07,704,12,0
2026-07-21 01:15:00+00:00,4007.03,4010.78,4005.22,4009.76,1325,10,0
2026-07-21 01:30:00+00:00,4009.75,4009.75,4002.87,4004.34,1492,8,0
2026-07-21 01:45:00+00:00,4004.21,4008.4,3999.89,4000.5,1800,8,0
2026-07-21 02:00:00+00:00,4000.51,4009.85,4000.26,4003.07,1846,8,0
2026-07-21 02:15:00+00:00,4003.11,4007.3,4003.11,4003.62,1028,8,0
2026-07-21 02:30:00+00:00,4003.44,4008.48,4003.4,4007.62,919,8,0
2026-07-21 02:45:00+00:00,4007.63,4010.48,4004.24,4009.9,1571,10,0
2026-07-21 03:00:00+00:00,4006.73,4012.55,4003.85,4010.58,3065,10,0
2026-07-21 03:15:00+00:00,4010.61,4018.49,4007.77,4015.06,2504,10,0
2026-07-21 03:30:00+00:00,4015.04,4022.6,4013.99,4022.47,2069,8,0
2026-07-21 03:45:00+00:00,4022.54,4027.54,4022.33,4025.27,2190,8,0
2026-07-21 04:00:00+00:00,4025.37,4030.42,4018.96,4029.32,3164,8,0
2026-07-21 04:15:00+00:00,4029.28,4036.03,4026.48,4028.32,2997,8,0
2026-07-21 04:30:00+00:00,4028.37,4031.12,4023.36,4024.74,2727,8,0
2026-07-21 04:45:00+00:00,4024.75,4028.72,4021.84,4023.54,2689,8,0
2026-07-21 05:00:00+00:00,4023.6,4027.07,4022.48,4024.87,2583,8,0
2026-07-21 05:15:00+00:00,4024.83,4030.45,4022.38,4029.26,1960,8,0
2026-07-21 05:30:00+00:00,4029.25,4044.59,4028.38,4035.93,2955,8,0
2026-07-21 05:45:00+00:00,4036.03,4038.91,4031.42,4038.48,2477,8,0
2026-07-21 06:00:00+00:00,4038.44,4042.69,4038.2,4038.21,2527,8,0
2026-07-21 06:15:00+00:00,4038.5,4052.0,4037.29,4048.77,2417,8,0
2026-07-21 06:30:00+00:00,4048.74,4050.78,4043.02,4043.08,1714,8,0
2026-07-21 06:45:00+00:00,4043.04,4048.72,4043.04,4048.21,1647,8,0
2026-07-21 07:00:00+00:00,4048.2,4052.94,4046.89,4047.2,1692,8,0
2026-07-21 07:15:00+00:00,4047.18,4048.0,4043.71,4044.69,1100,8,0
2026-07-21 07:30:00+00:00,4044.67,4047.68,4044.45,4046.98,874,8,0
2026-07-21 07:45:00+00:00,4047.17,4049.8,4045.52,4049.64,782,8,0
2026-07-21 08:00:00+00:00,4049.81,4051.82,4046.4,4051.52,1545,8,0
2026-07-21 08:15:00+00:00,4051.58,4056.55,4048.09,4054.52,1643,8,0
2026-07-21 08:30:00+00:00,4054.58,4066.57,4054.58,4065.96,2678,8,0
2026-07-21 08:45:00+00:00,4066.3,4067.94,4061.33,4061.48,2344,8,0
2026-07-21 09:00:00+00:00,4061.47,4072.47,4061.47,4071.31,2418,8,0
2026-07-21 09:15:00+00:00,4071.37,4074.49,4068.35,4072.48,2415,8,0
2026-07-21 09:30:00+00:00,4072.47,4080.71,4071.98,4077.11,2327,8,0
2026-07-21 09:45:00+00:00,4077.06,4084.16,4077.06,4078.74,2291,8,0
2026-07-21 10:00:00+00:00,4078.59,4080.22,4071.84,4072.13,2000,8,0
2026-07-21 10:15:00+00:00,4072.24,4073.55,4068.39,4069.57,1622,8,0
2026-07-21 10:30:00+00:00,4069.56,4075.36,4067.68,4071.49,1681,8,0
2026-07-21 10:45:00+00:00,4071.56,4072.67,4069.88,4071.34,1494,8,0
2026-07-21 11:00:00+00:00,4071.42,4072.59,4065.6,4068.01,2009,8,0
2026-07-21 11:15:00+00:00,4067.99,4068.68,4062.76,4063.35,2043,8,0
2026-07-21 11:30:00+00:00,4063.34,4065.07,4060.64,4062.32,1769,8,0
2026-07-21 11:45:00+00:00,4062.34,4063.62,4059.33,4062.86,1510,8,0
2026-07-21 12:00:00+00:00,4062.9,4067.07,4062.9,4065.24,1349,8,0
2026-07-21 12:15:00+00:00,4065.25,4068.51,4062.68,4062.83,1616,8,0
2026-07-21 12:30:00+00:00,4062.82,4065.63,4060.99,4062.22,1620,8,0
2026-07-21 12:45:00+00:00,4062.23,4069.43,4061.94,4065.81,1775,8,0
2026-07-21 13:00:00+00:00,4065.78,4068.41,4061.04,4066.28,2215,8,0
2026-07-21 13:15:00+00:00,4066.37,4069.33,4065.01,4066.81,2080,8,0
2026-07-21 13:30:00+00:00,4066.93,4070.17,4066.61,4067.1,1604,8,0
2026-07-21 13:45:00+00:00,4067.12,4068.6,4062.65,4062.96,1733,8,0
2026-07-21 14:00:00+00:00,4063.04,4063.7,4055.51,4058.57,2229,8,0
2026-07-21 14:15:00+00:00,4058.47,4059.79,4056.27,4057.99,1641,8,0
2026-07-21 14:30:00+00:00,4058.03,4061.27,4055.59,4056.12,1672,8,0
2026-07-21 14:45:00+00:00,4055.92,4058.45,4054.46,4056.0,1392,8,0
2026-07-21 15:00:00+00:00,4055.98,4061.0,4055.91,4059.49,2129,8,0
2026-07-21 15:15:00+00:00,4059.5,4065.98,4055.89,4061.36,2405,8,0
2026-07-21 15:30:00+00:00,4061.52,4063.55,4050.87,4053.7,2598,8,0
2026-07-21 15:45:00+00:00,4053.68,4061.9,4052.56,4053.89,2353,8,0
2026-07-21 16:00:00+00:00,4053.88,4060.14,4053.65,4059.49,2951,8,0
2026-07-21 16:15:00+00:00,4059.5,4061.48,4050.28,4051.0,2744,8,0
2026-07-21 16:30:00+00:00,4051.02,4057.47,4044.75,4046.37,3590,8,0
2026-07-21 16:45:00+00:00,4046.36,4053.58,4044.3,4053.17,3354,8,0
2026-07-21 17:00:00+00:00,4053.18,4065.25,4051.84,4065.19,3273,8,0
2026-07-21 17:15:00+00:00,4065.2,4068.56,4060.34,4068.56,3309,8,0
2026-07-21 17:30:00+00:00,4068.54,4073.03,4062.27,4067.56,3118,8,0
2026-07-21 17:45:00+00:00,4067.5,4070.75,4066.18,4068.62,2932,8,0
2026-07-21 18:00:00+00:00,4068.46,4073.93,4065.56,4073.41,2729,8,0
2026-07-21 18:15:00+00:00,4073.51,4079.19,4073.3,4076.89,2815,8,0
2026-07-21 18:30:00+00:00,4076.91,4083.42,4075.54,4075.79,2658,8,0
2026-07-21 18:45:00+00:00,4075.84,4078.23,4072.28,4074.23,2106,8,0
2026-07-21 19:00:00+00:00,4074.21,4079.2,4073.69,4078.5,2015,8,0
2026-07-21 19:15:00+00:00,4078.53,4078.58,4074.12,4075.73,1745,8,0
2026-07-21 19:30:00+00:00,4075.76,4076.38,4071.24,4072.01,1793,8,0
2026-07-21 19:45:00+00:00,4071.99,4073.33,4069.92,4071.61,1847,8,0
2026-07-21 20:00:00+00:00,4071.56,4072.6,4069.32,4070.48,1684,8,0
2026-07-21 20:15:00+00:00,4070.53,4072.87,4068.99,4072.25,1663,8,0
2026-07-21 20:30:00+00:00,4072.27,4072.33,4066.85,4068.19,1235,8,0
2026-07-21 20:45:00+00:00,4068.15,4068.64,4066.82,4068.64,1058,8,0
2026-07-21 21:00:00+00:00,4068.67,4072.29,4067.74,4071.47,1405,8,0
2026-07-21 21:15:00+00:00,4071.47,4086.63,4071.28,4083.76,2102,8,0
2026-07-21 21:30:00+00:00,4083.79,4085.71,4081.28,4082.52,1899,8,0
2026-07-21 21:45:00+00:00,4082.38,4083.39,4079.29,4082.28,1448,8,0
2026-07-21 22:00:00+00:00,4082.31,4085.54,4080.12,4080.9,1890,8,0
2026-07-21 22:15:00+00:00,4080.91,4085.37,4080.91,4084.23,1670,8,0
2026-07-21 22:30:00+00:00,4084.45,4085.16,4081.99,4083.4,1384,8,0
2026-07-21 22:45:00+00:00,4083.42,4085.47,4082.93,4084.43,1916,8,0
2026-07-21 23:00:00+00:00,4084.56,4086.42,4083.33,4084.41,671,8,0
2026-07-21 23:15:00+00:00,4084.4,4084.56,4081.65,4082.88,345,8,0
2026-07-21 23:30:00+00:00,4083.07,4085.41,4080.44,4081.01,719,8,0
2026-07-21 23:45:00+00:00,4080.93,4080.99,4076.59,4077.52,1227,10,0
2026-07-22 01:00:00+00:00,4082.3,4082.3,4077.18,4079.04,771,10,0
2026-07-22 01:15:00+00:00,4078.8,4083.03,4078.23,4082.74,1111,10,0
2026-07-22 01:30:00+00:00,4082.85,4085.09,4082.72,4084.07,901,10,0
2026-07-22 01:45:00+00:00,4083.99,4084.42,4078.25,4080.5,1109,10,0
2026-07-22 02:00:00+00:00,4080.51,4081.98,4079.51,4081.34,785,10,0
2026-07-22 02:15:00+00:00,4081.31,4082.56,4080.9,4081.12,569,10,0
2026-07-22 02:30:00+00:00,4081.14,4082.37,4079.33,4080.5,725,8,0
2026-07-22 02:45:00+00:00,4080.56,4083.05,4078.87,4080.53,942,8,0
2026-07-22 03:00:00+00:00,4081.31,4092.73,4076.4,4092.11,2460,8,0
2026-07-22 03:15:00+00:00,4092.17,4098.78,4092.17,4098.16,2366,8,0
2026-07-22 03:30:00+00:00,4098.17,4102.28,4089.63,4092.84,2489,8,0
2026-07-22 03:45:00+00:00,4092.75,4099.1,4091.6,4097.44,2212,8,0
2026-07-22 04:00:00+00:00,4097.59,4121.41,4096.81,4121.37,3522,8,0
2026-07-22 04:15:00+00:00,4121.25,4121.6,4110.68,4115.52,3114,8,0
2026-07-22 04:30:00+00:00,4115.51,4122.37,4112.93,4121.21,3080,8,0
2026-07-22 04:45:00+00:00,4121.6,4123.22,4116.94,4121.63,2634,8,0
2026-07-22 05:00:00+00:00,4121.72,4123.5,4118.87,4122.01,2393,8,0
2026-07-22 05:15:00+00:00,4122.03,4125.99,4119.99,4124.29,1834,8,0
2026-07-22 05:30:00+00:00,4124.3,4130.4,4122.29,4128.41,2785,8,0
2026-07-22 05:45:00+00:00,4128.28,4130.86,4126.3,4130.78,2395,8,0
2026-07-22 06:00:00+00:00,4130.67,4140.62,4129.26,4137.26,2578,8,0
2026-07-22 06:15:00+00:00,4137.15,4141.73,4136.71,4138.26,2212,8,0
2026-07-22 06:30:00+00:00,4138.25,4138.26,4132.52,4133.56,1602,8,0
2026-07-22 06:45:00+00:00,4133.51,4134.29,4130.11,4130.94,1362,8,0
2026-07-22 07:00:00+00:00,4130.82,4131.25,4126.33,4126.89,1360,8,0
2026-07-22 07:15:00+00:00,4127.0,4129.68,4126.96,4128.79,992,8,0
2026-07-22 07:30:00+00:00,4128.81,4129.04,4124.75,4127.32,1241,8,0
2026-07-22 07:45:00+00:00,4127.35,4127.7,4125.22,4127.02,909,8,0
2026-07-22 08:00:00+00:00,4127.06,4129.96,4125.9,4128.55,1233,8,0
2026-07-22 08:15:00+00:00,4128.59,4128.7,4123.24,4123.77,1399,8,0
2026-07-22 08:30:00+00:00,4123.56,4134.05,4123.25,4132.36,2604,10,0
2026-07-22 08:45:00+00:00,4132.37,4133.3,4128.03,4131.09,2353,8,0
2026-07-22 09:00:00+00:00,4131.02,4135.3,4129.44,4129.84,2032,8,0
2026-07-22 09:15:00+00:00,4129.88,4131.95,4114.08,4117.44,2372,8,0
2026-07-22 09:30:00+00:00,4117.42,4120.36,4114.86,4118.81,2223,8,0
2026-07-22 09:45:00+00:00,4118.79,4120.77,4113.46,4116.46,2145,8,0
2026-07-22 10:00:00+00:00,4116.79,4117.25,4112.01,4116.45,2117,8,0
2026-07-22 10:15:00+00:00,4116.43,4122.52,4116.01,4119.71,1860,8,0
2026-07-22 10:30:00+00:00,4119.65,4123.06,4111.0,4112.28,2132,8,0
2026-07-22 10:45:00+00:00,4112.36,4114.33,4109.32,4110.65,2079,8,0
2026-07-22 11:00:00+00:00,4111.2,4115.95,4110.69,4114.67,2172,8,0
2026-07-22 11:15:00+00:00,4114.69,4117.91,4113.45,4117.44,2039,8,0
2026-07-22 11:30:00+00:00,4117.42,4119.2,4114.24,4114.61,1728,8,0
2026-07-22 11:45:00+00:00,4114.67,4120.15,4113.42,4118.37,1693,8,0
2026-07-22 12:00:00+00:00,4118.39,4122.33,4117.92,4121.78,1633,8,0
2026-07-22 12:15:00+00:00,4121.79,4122.38,4117.98,4118.76,1452,8,0
2026-07-22 12:30:00+00:00,4118.74,4121.72,4114.42,4116.03,1869,8,0
2026-07-22 12:45:00+00:00,4115.97,4117.86,4113.3,4115.05,1459,8,0
2026-07-22 13:00:00+00:00,4115.04,4120.03,4114.94,4117.49,1527,8,0
2026-07-22 13:15:00+00:00,4117.48,4121.85,4116.47,4119.36,1490,8,0
2026-07-22 13:30:00+00:00,4119.37,4120.0,4115.98,4117.17,1133,8,0
2026-07-22 13:45:00+00:00,4117.09,4120.32,4116.21,4117.58,1129,8,0
2026-07-22 14:00:00+00:00,4117.58,4120.93,4115.27,4119.21,1314,8,0
2026-07-22 14:15:00+00:00,4119.18,4123.0,4117.55,4118.71,1182,8,0
2026-07-22 14:30:00+00:00,4118.66,4120.66,4112.62,4115.68,1676,8,0
2026-07-22 14:45:00+00:00,4115.22,4123.02,4114.8,4122.65,1893,8,0
2026-07-22 15:00:00+00:00,4122.81,4127.31,4121.87,4127.06,2007,8,0
2026-07-22 15:15:00+00:00,4127.03,4133.17,4124.85,4132.62,2143,8,0
2026-07-22 15:30:00+00:00,4132.69,4134.45,4124.75,4127.32,2368,8,0
2026-07-22 15:45:00+00:00,4127.24,4127.68,4106.65,4112.97,2279,8,0
2026-07-22 16:00:00+00:00,4112.81,4125.87,4112.65,4125.83,2727,8,0
2026-07-22 16:15:00+00:00,4125.76,4135.04,4125.03,4131.87,2414,8,0
2026-07-22 16:30:00+00:00,4131.85,4146.69,4131.85,4142.72,3512,8,0
2026-07-22 16:45:00+00:00,4142.97,4155.89,4142.76,4154.58,3330,8,0
2026-07-22 17:00:00+00:00,4154.63,4163.4,4153.32,4156.56,3481,8,0
2026-07-22 17:15:00+00:00,4156.59,4156.63,4144.45,4146.35,3401,8,0
2026-07-22 17:30:00+00:00,4146.23,4152.95,4146.23,4150.95,3184,8,0
2026-07-22 17:45:00+00:00,4150.86,4152.87,4144.13,4148.54,2932,8,0
2026-07-22 18:00:00+00:00,4148.7,4158.5,4148.6,4157.55,2649,8,0
2026-07-22 18:15:00+00:00,4157.54,4161.37,4153.35,4157.18,2189,8,0
2026-07-22 18:30:00+00:00,4157.21,4160.85,4155.71,4160.0,2275,8,0
2026-07-22 18:45:00+00:00,4160.31,4166.06,4158.49,4159.47,2504,8,0
2026-07-22 19:00:00+00:00,4159.47,4159.49,4153.23,4154.47,2297,8,0
2026-07-22 19:15:00+00:00,4154.46,4155.55,4147.91,4149.21,1959,8,0
2026-07-22 19:30:00+00:00,4149.3,4151.44,4144.49,4147.07,2155,8,0
2026-07-22 19:45:00+00:00,4147.02,4148.97,4144.63,4146.89,1699,8,0
2026-07-22 20:00:00+00:00,4146.87,4147.94,4143.14,4145.43,1718,8,0
2026-07-22 20:15:00+00:00,4145.27,4147.2,4142.74,4146.21,1862,8,0
2026-07-22 20:30:00+00:00,4146.14,4147.57,4138.41,4140.56,1895,8,0
2026-07-22 20:45:00+00:00,4140.66,4143.81,4140.48,4142.38,1438,8,0
2026-07-22 21:00:00+00:00,4142.54,4142.75,4136.7,4138.13,1962,8,0
2026-07-22 21:15:00+00:00,4138.02,4139.74,4134.74,4135.22,1936,8,0
2026-07-22 21:30:00+00:00,4135.21,4136.28,4132.03,4135.82,1815,8,0
2026-07-22 21:45:00+00:00,4135.7,4138.84,4135.34,4136.07,1511,8,0
2026-07-22 22:00:00+00:00,4136.0,4137.19,4133.08,4134.1,1463,8,0
2026-07-22 22:15:00+00:00,4134.02,4135.4,4131.79,4134.48,1395,8,0
2026-07-22 22:30:00+00:00,4134.33,4136.19,4132.58,4133.94,1445,8,0
2026-07-22 22:45:00+00:00,4134.01,4135.38,4129.03,4132.14,2171,8,0
2026-07-22 23:00:00+00:00,4132.1,4135.89,4130.83,4135.89,2020,8,0
2026-07-22 23:15:00+00:00,4134.96,4138.32,4134.28,4137.15,1029,8,0
2026-07-22 23:30:00+00:00,4137.11,4138.21,4131.44,4131.72,1008,8,0
2026-07-22 23:45:00+00:00,4131.69,4131.8,4129.01,4131.06,1331,11,0
2026-07-23 01:00:00+00:00,4127.58,4127.58,4099.03,4123.75,1374,14,0
2026-07-23 01:15:00+00:00,4123.83,4128.83,4120.81,4128.64,1647,10,0
2026-07-23 01:30:00+00:00,4128.69,4129.68,4120.01,4121.62,1837,8,0
2026-07-23 01:45:00+00:00,4121.61,4126.74,4120.67,4121.72,1963,8,0
2026-07-23 02:00:00+00:00,4121.98,4124.74,4116.5,4123.88,2219,8,0
2026-07-23 02:15:00+00:00,4123.84,4124.13,4119.21,4119.94,1374,8,0
2026-07-23 02:30:00+00:00,4119.95,4124.59,4119.1,4123.65,1350,8,0
2026-07-23 02:45:00+00:00,4123.59,4134.3,4122.94,4133.45,2403,10,0
2026-07-23 03:00:00+00:00,4134.2,4134.47,4126.21,4126.82,2083,8,0
2026-07-23 03:15:00+00:00,4126.83,4134.75,4126.71,4129.13,1753,8,0
2026-07-23 03:30:00+00:00,4129.19,4132.23,4127.15,4127.98,1840,8,0
2026-07-23 03:45:00+00:00,4127.95,4133.37,4125.12,4132.25,1500,8,0
2026-07-23 04:00:00+00:00,4132.23,4139.1,4129.97,4134.6,3255,8,0
2026-07-23 04:15:00+00:00,4134.5,4141.05,4133.73,4137.36,2572,8,0
2026-07-23 04:30:00+00:00,4137.53,4139.28,4122.88,4123.02,3147,8,0
2026-07-23 04:45:00+00:00,4123.05,4123.75,4114.38,4117.93,2924,8,0
2026-07-23 05:00:00+00:00,4117.94,4118.93,4112.17,4117.7,2471,8,0
2026-07-23 05:15:00+00:00,4117.95,4118.13,4113.38,4116.23,2064,8,0
2026-07-23 05:30:00+00:00,4116.33,4122.33,4113.82,4122.25,2753,8,0
2026-07-23 05:45:00+00:00,4122.21,4128.78,4121.47,4127.94,2403,8,0
2026-07-23 06:00:00+00:00,4128.07,4129.02,4124.08,4127.4,2137,8,0
2026-07-23 06:15:00+00:00,4127.14,4133.04,4126.64,4130.55,2302,8,0
2026-07-23 06:30:00+00:00,4130.59,4131.13,4125.88,4128.77,1660,8,0
2026-07-23 06:45:00+00:00,4128.78,4128.84,4124.19,4124.79,1095,8,0
2026-07-23 07:00:00+00:00,4124.66,4127.74,4122.58,4127.74,1186,8,0
2026-07-23 07:15:00+00:00,4127.82,4129.79,4125.14,4129.79,1229,8,0
2026-07-23 07:30:00+00:00,4129.91,4130.38,4123.19,4123.23,1090,8,0
2026-07-23 07:45:00+00:00,4123.19,4124.37,4120.08,4121.24,985,8,0
2026-07-23 08:00:00+00:00,4121.16,4125.03,4119.48,4124.46,1362,10,0
2026-07-23 08:15:00+00:00,4124.28,4125.51,4119.94,4125.5,1490,8,0
2026-07-23 08:30:00+00:00,4125.51,4128.52,4123.79,4127.77,2519,8,0
2026-07-23 08:45:00+00:00,4127.78,4130.59,4120.64,4124.18,2338,8,0
2026-07-23 09:00:00+00:00,4124.11,4128.22,4121.33,4123.34,2616,8,0
2026-07-23 09:15:00+00:00,4123.29,4127.94,4121.43,4122.16,2274,8,0
2026-07-23 09:30:00+00:00,4122.25,4124.07,4117.14,4120.03,2380,8,0
2026-07-23 09:45:00+00:00,4120.19,4122.63,4118.33,4119.07,1859,8,0
2026-07-23 10:00:00+00:00,4119.1,4120.0,4102.41,4106.97,2622,8,0
2026-07-23 10:15:00+00:00,4106.96,4112.06,4105.55,4108.4,2334,8,0
2026-07-23 10:30:00+00:00,4108.41,4108.85,4091.46,4095.45,2468,8,0
2026-07-23 10:45:00+00:00,4095.52,4096.94,4090.13,4095.42,2700,8,0
2026-07-23 11:00:00+00:00,4095.33,4097.78,4090.23,4091.43,2427,8,0
2026-07-23 11:15:00+00:00,4091.48,4092.55,4088.75,4091.93,2098,8,0
2026-07-23 11:30:00+00:00,4091.87,4093.81,4088.64,4092.42,2221,8,0
2026-07-23 11:45:00+00:00,4092.36,4094.88,4087.11,4093.3,2047,8,0
2026-07-23 12:00:00+00:00,4093.36,4099.41,4092.65,4094.99,2462,8,0
2026-07-23 12:15:00+00:00,4094.94,4097.13,4089.46,4091.46,1807,8,0
2026-07-23 12:30:00+00:00,4091.47,4092.89,4088.66,4091.89,1812,8,0
2026-07-23 12:45:00+00:00,4091.99,4094.26,4088.5,4089.84,1859,8,0
2026-07-23 13:00:00+00:00,4089.86,4091.72,4087.93,4090.9,2041,8,0
2026-07-23 13:15:00+00:00,4090.89,4092.54,4086.1,4089.89,1890,8,0
2026-07-23 13:30:00+00:00,4089.9,4092.88,4086.59,4089.35,1940,8,0
2026-07-23 13:45:00+00:00,4089.37,4095.38,4087.26,4093.2,1859,8,0
2026-07-23 14:00:00+00:00,4093.36,4093.9,4087.01,4087.76,2215,8,0
2026-07-23 14:15:00+00:00,4087.74,4089.29,4081.04,4084.38,2513,8,0
2026-07-23 14:30:00+00:00,4084.41,4084.41,4073.2,4078.77,2923,8,0
2026-07-23 14:45:00+00:00,4078.74,4088.62,4077.87,4085.66,2484,8,0
2026-07-23 15:00:00+00:00,4085.98,4085.98,4081.3,4081.51,2132,8,0
2026-07-23 15:15:00+00:00,4081.53,4083.06,4070.73,4075.4,2999,8,0
2026-07-23 15:30:00+00:00,4075.44,4075.44,4064.51,4069.42,3175,8,0
2026-07-23 15:45:00+00:00,4069.6,4069.89,4061.08,4061.86,3128,8,0
2026-07-23 16:00:00+00:00,4061.82,4063.48,4040.65,4041.02,3813,8,0
2026-07-23 16:15:00+00:00,4040.94,4059.16,4040.76,4058.94,3564,8,0
2026-07-23 16:30:00+00:00,4058.9,4067.47,4055.65,4057.03,3809,8,0
2026-07-23 16:45:00+00:00,4057.31,4058.98,4042.72,4043.11,3699,8,0
2026-07-23 17:00:00+00:00,4043.21,4051.47,4040.2,4047.95,3795,8,0
2026-07-23 17:15:00+00:00,4048.03,4056.91,4042.37,4056.41,3673,8,0
2026-07-23 17:30:00+00:00,4056.4,4060.14,4051.75,4057.12,3551,8,0
2026-07-23 17:45:00+00:00,4057.11,4061.75,4056.05,4057.91,3345,8,0
2026-07-23 18:00:00+00:00,4057.88,4059.55,4049.45,4051.5,3420,8,0
2026-07-23 18:15:00+00:00,4051.46,4056.85,4045.52,4046.75,3505,8,0
2026-07-23 18:30:00+00:00,4046.69,4053.21,4042.3,4048.13,3605,8,0
2026-07-23 18:45:00+00:00,4048.16,4051.03,4046.76,4048.72,3001,8,0
2026-07-23 19:00:00+00:00,4048.74,4051.29,4047.57,4050.54,2757,8,0
2026-07-23 19:15:00+00:00,4050.56,4052.22,4046.14,4050.62,2341,8,0
2026-07-23 19:30:00+00:00,4050.63,4051.46,4047.3,4050.21,2328,8,0
2026-07-23 19:45:00+00:00,4050.2,4052.39,4048.38,4052.01,2275,8,0
2026-07-23 20:00:00+00:00,4052.05,4055.19,4047.49,4047.59,2599,8,0
2026-07-23 20:15:00+00:00,4047.66,4050.59,4046.19,4047.34,2562,8,0
2026-07-23 20:30:00+00:00,4047.32,4049.2,4041.95,4042.93,2611,8,0
2026-07-23 20:45:00+00:00,4042.92,4044.36,4041.68,4041.91,2407,8,0
2026-07-23 21:00:00+00:00,4041.88,4044.23,4040.78,4041.96,2539,8,0
2026-07-23 21:15:00+00:00,4041.96,4045.18,4040.73,4044.56,2311,8,0
2026-07-23 21:30:00+00:00,4044.55,4048.11,4044.47,4046.49,1930,8,0
2026-07-23 21:45:00+00:00,4046.5,4048.44,4044.68,4046.15,1732,8,0
2026-07-23 22:00:00+00:00,4046.5,4048.59,4042.98,4043.35,1863,8,0
2026-07-23 22:15:00+00:00,4043.15,4049.26,4043.08,4048.24,1679,8,0
2026-07-23 22:30:00+00:00,4048.27,4051.07,4045.83,4046.13,2195,8,0
2026-07-23 22:45:00+00:00,4045.94,4051.14,4044.98,4049.66,2314,8,0
2026-07-23 23:00:00+00:00,4049.79,4051.27,4048.29,4049.59,1166,8,0
2026-07-23 23:15:00+00:00,4049.53,4050.64,4047.48,4050.23,545,8,0
2026-07-23 23:30:00+00:00,4050.23,4050.7,4048.83,4049.85,823,8,0
2026-07-23 23:45:00+00:00,4049.86,4050.05,4047.46,4049.19,1261,10,0
2026-07-24 01:00:00+00:00,4049.75,4050.74,4048.55,4048.97,663,8,0
2026-07-24 01:15:00+00:00,4049.25,4050.33,4049.25,4049.96,546,8,0
2026-07-24 01:30:00+00:00,4050.04,4050.54,4048.88,4049.42,620,8,0
2026-07-24 01:45:00+00:00,4049.38,4050.53,4048.63,4049.64,476,8,0
2026-07-24 02:00:00+00:00,4049.65,4049.87,4047.47,4048.46,798,10,0
2026-07-24 02:15:00+00:00,4048.59,4049.95,4047.23,4049.08,787,10,0
2026-07-24 02:30:00+00:00,4049.16,4050.68,4047.06,4048.29,1095,8,0
2026-07-24 02:45:00+00:00,4048.3,4049.71,4046.7,4047.09,1632,8,0
2026-07-24 03:00:00+00:00,4048.27,4050.08,4041.39,4041.4,2058,8,0
2026-07-24 03:15:00+00:00,4041.63,4048.07,4041.34,4046.65,2133,8,0
2026-07-24 03:30:00+00:00,4046.63,4050.16,4044.94,4049.22,1698,10,0
2026-07-24 03:45:00+00:00,4049.21,4050.81,4048.51,4049.86,1402,8,0
2026-07-24 04:00:00+00:00,4049.92,4050.29,4040.45,4042.46,2936,8,0
2026-07-24 04:15:00+00:00,4042.37,4046.0,4041.56,4042.91,2033,8,0
2026-07-24 04:30:00+00:00,4042.83,4050.45,4041.64,4050.02,2131,8,0
2026-07-24 04:45:00+00:00,4050.05,4050.17,4041.51,4043.68,1903,8,0
2026-07-24 05:00:00+00:00,4043.7,4045.99,4041.06,4045.78,1880,8,0
2026-07-24 05:15:00+00:00,4045.77,4048.21,4042.76,4046.5,1211,8,0
2026-07-24 05:30:00+00:00,4046.56,4048.12,4041.36,4041.76,1865,8,0
2026-07-24 05:45:00+00:00,4041.78,4041.85,4023.17,4024.97,3019,8,0
2026-07-24 06:00:00+00:00,4024.59,4032.38,4023.17,4031.87,2203,8,0
2026-07-24 06:15:00+00:00,4031.84,4033.76,4028.25,4030.28,1977,8,0
2026-07-24 06:30:00+00:00,4030.35,4033.28,4030.35,4031.61,1389,8,0
2026-07-24 06:45:00+00:00,4031.52,4032.21,4028.48,4029.39,1005,8,0
2026-07-24 07:00:00+00:00,4029.22,4030.27,4027.11,4028.22,1110,10,0
2026-07-24 07:15:00+00:00,4028.23,4030.33,4027.67,4029.81,825,8,0
2026-07-24 07:30:00+00:00,4029.97,4030.29,4026.03,4026.94,795,8,0
2026-07-24 07:45:00+00:00,4026.9,4028.83,4025.61,4027.07,776,8,0
2026-07-24 08:00:00+00:00,4027.22,4032.21,4025.31,4027.65,1295,8,0
2026-07-24 08:15:00+00:00,4027.49,4029.9,4022.44,4026.23,1356,8,0
2026-07-24 08:30:00+00:00,4026.24,4031.5,4024.09,4024.85,2239,8,0
2026-07-24 08:45:00+00:00,4024.82,4029.29,4021.98,4023.13,1896,8,0
2026-07-24 09:00:00+00:00,4023.12,4031.36,4023.0,4030.92,2346,8,0
2026-07-24 09:15:00+00:00,4030.95,4039.09,4029.32,4036.61,2251,8,0
2026-07-24 09:30:00+00:00,4036.55,4037.13,4033.29,4033.95,1918,8,0
2026-07-24 09:45:00+00:00,4033.93,4038.65,4031.72,4035.76,2063,8,0
2026-07-24 10:00:00+00:00,4035.64,4047.45,4035.08,4045.44,2351,8,0
2026-07-24 10:15:00+00:00,4045.48,4050.81,4044.11,4048.73,1989,8,0
2026-07-24 10:30:00+00:00,4048.76,4053.68,4045.81,4048.43,1901,8,0
2026-07-24 10:45:00+00:00,4048.54,4049.71,4046.13,4048.39,1207,8,0
2026-07-24 11:00:00+00:00,4048.56,4049.2,4045.24,4046.88,1733,8,0
2026-07-24 11:15:00+00:00,4046.77,4052.49,4045.15,4052.44,1416,8,0
2026-07-24 11:30:00+00:00,4052.4,4055.63,4048.81,4054.8,1631,8,0
2026-07-24 11:45:00+00:00,4054.85,4058.68,4052.38,4057.57,1294,8,0
2026-07-24 12:00:00+00:00,4057.65,4060.78,4053.27,4054.25,1596,8,0
2026-07-24 12:15:00+00:00,4054.19,4056.71,4052.54,4053.03,1167,8,0
2026-07-24 12:30:00+00:00,4053.12,4056.26,4051.79,4055.68,1097,8,0
2026-07-24 12:45:00+00:00,4055.77,4059.91,4054.71,4059.79,1010,10,0
2026-07-24 13:00:00+00:00,4059.78,4061.56,4057.79,4058.2,1287,8,0
2026-07-24 13:15:00+00:00,4058.11,4063.72,4057.55,4062.11,1125,8,0
2026-07-24 13:30:00+00:00,4061.95,4063.93,4058.26,4058.42,927,8,0
2026-07-24 13:45:00+00:00,4058.5,4060.33,4057.18,4060.13,1013,8,0
2026-07-24 14:00:00+00:00,4060.09,4063.49,4058.59,4061.25,1106,8,0
2026-07-24 14:15:00+00:00,4061.26,4062.03,4059.21,4059.21,674,8,0
2026-07-24 14:30:00+00:00,4059.18,4060.42,4055.27,4055.27,977,8,0
2026-07-24 14:45:00+00:00,4055.44,4061.61,4051.47,4057.79,1283,8,0
2026-07-24 15:00:00+00:00,4057.78,4058.56,4052.4,4056.63,2166,8,0
2026-07-24 15:15:00+00:00,4056.58,4060.21,4054.85,4059.66,1668,8,0
2026-07-24 15:30:00+00:00,4059.19,4059.64,4052.04,4055.17,1796,8,0
2026-07-24 15:45:00+00:00,4055.2,4056.32,4051.72,4056.18,1491,8,0
2026-07-24 16:00:00+00:00,4056.29,4058.5,4044.77,4048.1,2650,8,0
2026-07-24 16:15:00+00:00,4048.13,4049.36,4044.9,4046.41,1953,8,0
2026-07-24 16:30:00+00:00,4046.42,4057.07,4044.86,4052.69,3264,8,0
2026-07-24 16:45:00+00:00,4052.61,4068.87,4048.9,4067.74,3387,8,0
2026-07-24 17:00:00+00:00,4067.56,4070.2,4057.63,4059.24,3469,8,0
2026-07-24 17:15:00+00:00,4059.25,4069.75,4056.31,4066.33,3465,8,0
2026-07-24 17:30:00+00:00,4066.31,4068.39,4059.62,4060.64,3105,8,0
2026-07-24 17:45:00+00:00,4060.74,4066.81,4058.92,4063.65,2990,8,0
2026-07-24 18:00:00+00:00,4063.7,4076.65,4061.9,4074.81,2995,8,0
2026-07-24 18:15:00+00:00,4074.76,4082.12,4072.13,4075.11,3541,8,0
2026-07-24 18:30:00+00:00,4075.14,4079.69,4071.93,4072.11,3058,8,0
2026-07-24 18:45:00+00:00,4072.21,4077.87,4071.06,4077.23,2677,8,0
2026-07-24 19:00:00+00:00,4077.45,4077.6,4074.52,4074.99,2018,8,0
2026-07-24 19:15:00+00:00,4075.01,4078.51,4073.54,4073.9,1815,8,0
2026-07-24 19:30:00+00:00,4073.84,4074.06,4066.71,4067.75,1840,8,0
2026-07-24 19:45:00+00:00,4067.72,4067.75,4064.15,4066.93,1364,8,0
2026-07-24 20:00:00+00:00,4066.96,4068.37,4063.07,4064.21,1782,8,0
2026-07-24 20:15:00+00:00,4064.28,4069.9,4063.68,4068.35,1612,8,0
2026-07-24 20:30:00+00:00,4068.39,4069.91,4066.19,4066.6,1223,8,0
2026-07-24 20:45:00+00:00,4066.58,4067.36,4063.11,4063.44,1318,8,0
2026-07-24 21:00:00+00:00,4063.63,4064.61,4061.34,4061.67,1254,8,0
2026-07-24 21:15:00+00:00,4061.7,4062.99,4055.08,4055.34,1404,8,0
2026-07-24 21:30:00+00:00,4055.4,4057.61,4051.74,4052.73,1670,8,0
2026-07-24 21:45:00+00:00,4052.79,4056.47,4052.44,4054.98,1091,8,0
2026-07-24 22:00:00+00:00,4055.14,4056.94,4052.86,4053.09,1609,8,0
2026-07-24 22:15:00+00:00,4053.14,4053.16,4050.02,4052.31,1122,8,0
2026-07-24 22:30:00+00:00,4052.29,4058.73,4052.16,4057.64,1857,8,0
2026-07-24 22:45:00+00:00,4057.67,4058.22,4053.51,4054.5,1600,8,0
2026-07-24 23:00:00+00:00,4054.25,4055.83,4052.86,4053.11,600,8,0
2026-07-24 23:15:00+00:00,4053.0,4055.5,4052.71,4054.02,618,8,0
2026-07-24 23:30:00+00:00,4053.98,4056.05,4051.63,4055.35,563,16,0
2026-07-24 23:45:00+00:00,4055.26,4056.12,4052.05,4052.64,350,24,0
2026-07-27 01:00:00+00:00,4093.87,4097.25,4086.3,4087.89,1313,20,0
2026-07-27 01:15:00+00:00,4087.85,4089.98,4083.8,4086.19,955,32,0
2026-07-27 01:30:00+00:00,4085.81,4092.91,4085.38,4091.23,744,26,0
2026-07-27 01:45:00+00:00,4091.34,4093.67,4088.89,4089.68,651,26,0
2026-07-27 02:00:00+00:00,4089.44,4091.2,4084.39,4084.79,1056,10,0
2026-07-27 02:15:00+00:00,4084.91,4086.56,4083.77,4084.77,1339,14,0
2026-07-27 02:30:00+00:00,4084.78,4089.2,4084.6,4088.9,1285,10,0
2026-07-27 02:45:00+00:00,4089.04,4096.36,4088.18,4094.22,2447,8,0
2026-07-27 03:00:00+00:00,4094.71,4116.18,4094.02,4115.68,3077,8,0
2026-07-27 03:15:00+00:00,4115.7,4115.7,4090.73,4095.0,3024,8,0
2026-07-27 03:30:00+00:00,4094.97,4102.51,4093.84,4099.99,1728,8,0
2026-07-27 03:45:00+00:00,4099.91,4109.24,4099.08,4100.72,2608,8,0
2026-07-27 04:00:00+00:00,4100.73,4112.49,4100.59,4107.12,3357,8,0
2026-07-27 04:15:00+00:00,4107.15,4109.16,4096.96,4099.94,2977,8,0
2026-07-27 04:30:00+00:00,4099.94,4104.27,4097.95,4102.78,2895,8,0
2026-07-27 04:45:00+00:00,4102.8,4110.14,4102.72,4110.14,2598,8,0
2026-07-27 05:00:00+00:00,4110.56,4110.95,4103.38,4105.55,2627,8,0
2026-07-27 05:15:00+00:00,4105.54,4105.92,4102.06,4103.11,1563,8,0
2026-07-27 05:30:00+00:00,4103.12,4103.22,4095.65,4096.58,2283,8,0
2026-07-27 05:45:00+00:00,4096.55,4097.68,4093.67,4093.71,1681,8,0
2026-07-27 06:00:00+00:00,4093.67,4095.91,4089.11,4092.01,2043,8,0
2026-07-27 06:15:00+00:00,4092.12,4093.57,4085.36,4085.58,1771,8,0
2026-07-27 06:30:00+00:00,4085.63,4090.85,4085.2,4089.9,1570,8,0
2026-07-27 06:45:00+00:00,4089.92,4091.23,4088.59,4091.0,644,8,0
2026-07-27 07:00:00+00:00,4091.2,4092.87,4088.65,4090.24,1023,8,0
2026-07-27 07:15:00+00:00,4090.23,4090.52,4087.1,4089.05,969,8,0
2026-07-27 07:30:00+00:00,4089.09,4092.41,4089.09,4090.47,872,8,0
2026-07-27 07:45:00+00:00,4090.58,4091.31,4089.31,4090.31,709,8,0
2026-07-27 08:00:00+00:00,4090.34,4094.84,4088.65,4094.83,1297,8,0
2026-07-27 08:15:00+00:00,4094.77,4094.77,4086.18,4087.1,1219,8,0
2026-07-27 08:30:00+00:00,4087.08,4090.29,4085.8,4088.09,2434,8,0
2026-07-27 08:45:00+00:00,4088.08,4093.71,4084.49,4092.94,2458,8,0
2026-07-27 09:00:00+00:00,4093.25,4096.44,4091.71,4094.37,2625,8,0
2026-07-27 09:15:00+00:00,4094.38,4096.51,4091.32,4096.14,1890,8,0
2026-07-27 09:30:00+00:00,4096.07,4099.34,4094.25,4098.65,1879,8,0
2026-07-27 09:45:00+00:00,4098.66,4098.99,4095.1,4096.05,1559,8,0
2026-07-27 10:00:00+00:00,4096.25,4102.0,4096.06,4101.99,2358,8,0
2026-07-27 10:15:00+00:00,4101.93,4106.12,4099.9,4103.14,2093,8,0
2026-07-27 10:30:00+00:00,4103.23,4103.71,4095.95,4097.32,1756,8,0
2026-07-27 10:45:00+00:00,4097.31,4099.2,4088.59,4088.62,1707,8,0
2026-07-27 11:00:00+00:00,4088.78,4093.15,4087.18,4091.29,2662,8,0
2026-07-27 11:15:00+00:00,4091.22,4092.58,4088.98,4090.95,2149,8,0
2026-07-27 11:30:00+00:00,4090.92,4092.87,4087.38,4091.35,1915,8,0
2026-07-27 11:45:00+00:00,4091.22,4096.89,4090.9,4095.24,1743,8,0
2026-07-27 12:00:00+00:00,4095.22,4098.44,4093.09,4093.99,1533,8,0
2026-07-27 12:15:00+00:00,4094.0,4095.93,4091.21,4091.5,1581,8,0
2026-07-27 12:30:00+00:00,4091.65,4094.73,4090.54,4094.18,1789,8,0
2026-07-27 12:45:00+00:00,4094.22,4100.42,4093.81,4096.39,1470,8,0
2026-07-27 13:00:00+00:00,4096.25,4096.48,4086.55,4090.88,1831,8,0
2026-07-27 13:15:00+00:00,4090.87,4093.95,4089.27,4093.11,1527,8,0
2026-07-27 13:30:00+00:00,4093.12,4101.94,4093.05,4100.35,1543,8,0
2026-07-27 13:45:00+00:00,4100.36,4102.34,4098.86,4099.64,1320,8,0
2026-07-27 14:00:00+00:00,4099.67,4104.16,4097.03,4102.02,1725,8,0
2026-07-27 14:15:00+00:00,4102.13,4103.36,4097.19,4097.19,1386,8,0
2026-07-27 14:30:00+00:00,4097.03,4099.99,4094.75,4095.64,2374,8,0
2026-07-27 14:45:00+00:00,4095.65,4097.3,4093.75,4093.92,1988,8,0
2026-07-27 15:00:00+00:00,4093.96,4097.57,4086.31,4087.62,2513,8,0
2026-07-27 15:15:00+00:00,4087.55,4088.95,4081.87,4086.75,2422,8,0
2026-07-27 15:30:00+00:00,4086.73,4088.67,4083.25,4086.71,2157,8,0
2026-07-27 15:45:00+00:00,4086.69,4088.96,4081.7,4083.94,2445,8,0
2026-07-27 16:00:00+00:00,4083.78,4088.73,4080.93,4084.99,3341,8,0
2026-07-27 16:15:00+00:00,4084.92,4087.18,4075.98,4076.2,3114,8,0
2026-07-27 16:30:00+00:00,4076.07,4089.2,4075.58,4086.7,3741,8,0
2026-07-27 16:45:00+00:00,4086.74,4089.52,4070.58,4074.21,3587,8,0
2026-07-27 17:00:00+00:00,4074.15,4079.15,4071.15,4076.94,3637,8,0
2026-07-27 17:15:00+00:00,4076.97,4078.67,4067.15,4068.23,3558,8,0
2026-07-27 17:30:00+00:00,4068.26,4070.61,4065.31,4068.84,3738,8,0
2026-07-27 17:45:00+00:00,4068.84,4077.52,4068.84,4076.2,3097,8,0
2026-07-27 18:00:00+00:00,4076.3,4076.48,4071.83,4076.02,3223,8,0
2026-07-27 18:15:00+00:00,4076.05,4079.32,4074.56,4076.51,3286,8,0
2026-07-27 18:30:00+00:00,4076.53,4077.87,4072.71,4076.11,2775,8,0
2026-07-27 18:45:00+00:00,4076.13,4079.86,4074.7,4078.47,2633,8,0
2026-07-27 19:00:00+00:00,4078.7,4084.8,4077.78,4081.42,2550,8,0
2026-07-27 19:15:00+00:00,4081.47,4088.78,4079.73,4085.09,2574,8,0
2026-07-27 19:30:00+00:00,4085.27,4093.89,4085.06,4088.3,2638,8,0
2026-07-27 19:45:00+00:00,4088.33,4088.56,4080.78,4082.51,2278,8,0
2026-07-27 20:00:00+00:00,4082.37,4082.37,4070.62,4073.52,2547,8,0
2026-07-27 20:15:00+00:00,4073.5,4076.86,4072.39,4074.72,2346,8,0
2026-07-27 20:30:00+00:00,4074.8,4076.05,4072.15,4074.6,2015,8,0
2026-07-27 20:45:00+00:00,4074.57,4077.21,4073.32,4076.44,1719,8,0
2026-07-27 21:00:00+00:00,4076.61,4079.26,4076.08,4076.9,1732,8,0
2026-07-27 21:15:00+00:00,4076.81,4077.02,4074.24,4076.92,1753,8,0
2026-07-27 21:30:00+00:00,4076.88,4079.06,4072.97,4076.22,2039,8,0
2026-07-27 21:45:00+00:00,4076.26,4079.44,4074.98,4078.05,2060,8,0
2026-07-27 22:00:00+00:00,4078.09,4081.81,4076.27,4080.29,1795,8,0
2026-07-27 22:15:00+00:00,4080.37,4088.7,4079.46,4085.78,1529,8,0
2026-07-27 22:30:00+00:00,4085.86,4087.2,4083.86,4086.93,1470,8,0
2026-07-27 22:45:00+00:00,4086.95,4089.34,4082.43,4083.36,2223,8,0
2026-07-27 23:00:00+00:00,4083.35,4084.14,4081.5,4082.19,862,8,0
2026-07-27 23:15:00+00:00,4082.18,4082.23,4078.32,4078.72,479,8,0
2026-07-27 23:30:00+00:00,4078.69,4079.13,4075.93,4077.26,543,8,0
2026-07-27 23:45:00+00:00,4077.23,4077.36,4075.3,4076.66,692,8,0
2026-07-28 01:00:00+00:00,4079.37,4081.82,4076.64,4076.86,684,14,0
2026-07-28 01:15:00+00:00,4077.31,4077.31,4071.02,4072.2,1052,8,0
2026-07-28 01:30:00+00:00,4072.24,4074.99,4072.24,4074.86,723,8,0
2026-07-28 01:45:00+00:00,4074.88,4074.9,4073.56,4074.33,843,8,0
2026-07-28 02:00:00+00:00,4074.38,4074.94,4072.02,4074.14,986,8,0
2026-07-28 02:15:00+00:00,4074.17,4074.57,4071.96,4073.04,850,8,0
2026-07-28 02:30:00+00:00,4072.86,4073.48,4071.6,4071.94,647,8,0
2026-07-28 02:45:00+00:00,4071.93,4073.34,4069.06,4073.34,1836,8,0
2026-07-28 03:00:00+00:00,4073.45,4074.22,4061.95,4067.11,2459,8,0
2026-07-28 03:15:00+00:00,4067.06,4067.43,4059.24,4061.97,2311,8,0
2026-07-28 03:30:00+00:00,4061.98,4066.19,4060.45,4065.52,2223,8,0
2026-07-28 03:45:00+00:00,4065.46,4065.53,4057.64,4057.99,2259,8,0
2026-07-28 04:00:00+00:00,4058.01,4060.31,4053.86,4058.14,3397,8,0
2026-07-28 04:15:00+00:00,4057.93,4059.15,4046.5,4047.41,2923,8,0
2026-07-28 04:30:00+00:00,4047.36,4050.53,4043.57,4048.95,2903,8,0
2026-07-28 04:45:00+00:00,4048.96,4049.02,4042.6,4045.16,2262,8,0
2026-07-28 05:00:00+00:00,4045.25,4047.58,4042.45,4046.39,2433,8,0
2026-07-28 05:15:00+00:00,4046.47,4049.01,4045.37,4046.18,1627,8,0
2026-07-28 05:30:00+00:00,4046.21,4047.9,4041.53,4044.32,2034,8,0
2026-07-28 05:45:00+00:00,4044.29,4045.52,4040.74,4042.13,1920,8,0
2026-07-28 06:00:00+00:00,4042.0,4047.27,4040.38,4045.83,1627,8,0
2026-07-28 06:15:00+00:00,4045.89,4049.35,4045.35,4047.81,1610,8,0
2026-07-28 06:30:00+00:00,4047.53,4051.15,4047.36,4048.41,1671,8,0
2026-07-28 06:45:00+00:00,4048.41,4050.75,4048.13,4049.41,1445,8,0
2026-07-28 07:00:00+00:00,4049.45,4049.67,4043.48,4043.98,1482,8,0
2026-07-28 07:15:00+00:00,4044.07,4047.94,4043.67,4045.65,1286,8,0
2026-07-28 07:30:00+00:00,4045.67,4047.9,4043.93,4047.7,924,8,0
2026-07-28 07:45:00+00:00,4047.76,4048.0,4041.69,4042.08,1221,8,0
2026-07-28 08:00:00+00:00,4042.18,4043.96,4040.01,4042.24,1778,8,0
2026-07-28 08:15:00+00:00,4042.3,4043.76,4040.88,4043.36,1604,8,0
2026-07-28 08:30:00+00:00,4043.19,4045.61,4034.88,4041.59,2863,8,0
2026-07-28 08:45:00+00:00,4041.62,4046.54,4039.65,4045.2,2005,8,0
2026-07-28 09:00:00+00:00,4045.19,4047.86,4042.9,4044.15,2316,8,0
2026-07-28 09:15:00+00:00,4044.14,4049.02,4044.02,4047.65,2110,8,0
2026-07-28 09:30:00+00:00,4047.73,4052.31,4046.93,4049.85,2098,8,0
2026-07-28 09:45:00+00:00,4049.76,4051.42,4047.97,4048.46,1563,8,0
2026-07-28 10:00:00+00:00,4048.41,4051.22,4047.49,4048.92,1758,8,0
2026-07-28 10:15:00+00:00,4048.85,4052.33,4048.62,4050.16,1361,8,0
2026-07-28 10:30:00+00:00,4050.18,4051.08,4048.46,4049.41,1479,8,0
2026-07-28 10:45:00+00:00,4049.34,4049.81,4046.12,4047.29,1776,8,0
2026-07-28 11:00:00+00:00,4047.26,4055.19,4043.12,4044.42,2674,8,0
2026-07-28 11:15:00+00:00,4044.43,4051.2,4044.32,4049.47,2471,8,0
2026-07-28 11:30:00+00:00,4049.43,4049.76,4041.94,4043.2,2050,8,0
2026-07-28 11:45:00+00:00,4043.21,4046.16,4041.76,4045.47,1794,8,0
2026-07-28 12:00:00+00:00,4045.73,4045.95,4040.65,4040.95,1471,8,0
2026-07-28 12:15:00+00:00,4040.98,4044.21,4039.11,4040.32,1422,8,0
2026-07-28 12:30:00+00:00,4040.31,4040.34,4029.64,4033.31,2030,8,0
2026-07-28 12:45:00+00:00,4033.35,4034.25,4019.49,4023.47,2192,8,0
2026-07-28 13:00:00+00:00,4023.26,4026.97,4020.56,4024.35,2320,8,0
2026-07-28 13:15:00+00:00,4023.93,4025.88,4016.97,4017.55,2062,8,0
2026-07-28 13:30:00+00:00,4017.43,4023.54,4017.16,4022.5,2032,8,0
2026-07-28 13:45:00+00:00,4022.5,4028.61,4022.15,4026.53,1881,8,0
2026-07-28 14:00:00+00:00,4026.66,4028.86,4023.21,4023.95,2210,8,0
2026-07-28 14:15:00+00:00,4023.84,4032.37,4023.84,4027.66,2353,10,0
2026-07-28 14:30:00+00:00,4027.56,4031.53,4026.49,4027.13,1735,8,0
2026-07-28 14:45:00+00:00,4027.16,4028.21,4023.97,4028.09,1743,8,0
2026-07-28 15:00:00+00:00,4028.1,4028.89,4022.97,4027.77,2289,8,0
2026-07-28 15:15:00+00:00,4027.82,4034.91,4026.14,4034.51,2084,8,0
2026-07-28 15:30:00+00:00,4034.45,4034.93,4026.52,4033.59,2378,8,0
2026-07-28 15:45:00+00:00,4033.66,4038.11,4028.48,4029.46,2377,8,0
2026-07-28 16:00:00+00:00,4029.49,4035.56,4029.41,4032.9,2764,8,0
2026-07-28 16:15:00+00:00,4032.93,4036.06,4028.47,4029.05,2544,8,0
2026-07-28 16:30:00+00:00,4029.02,4032.85,4020.28,4025.31,3627,8,0
2026-07-28 16:45:00+00:00,4025.2,4028.9,4021.7,4022.11,3506,8,0
2026-07-28 17:00:00+00:00,4022.09,4033.26,4021.86,4025.59,3419,8,0
2026-07-28 17:15:00+00:00,4025.73,4026.69,4011.6,4022.28,3720,8,0
2026-07-28 17:30:00+00:00,4022.23,4025.23,4018.86,4022.7,3439,8,0
2026-07-28 17:45:00+00:00,4022.69,4029.54,4021.23,4024.51,2866,8,0
2026-07-28 18:00:00+00:00,4024.46,4036.34,4022.22,4033.69,3280,8,0
2026-07-28 18:15:00+00:00,4033.71,4040.91,4031.94,4035.38,3438,8,0
2026-07-28 18:30:00+00:00,4035.48,4042.1,4032.47,4041.47,3005,8,0
2026-07-28 18:45:00+00:00,4041.4,4047.09,4041.16,4046.18,2442,8,0
2026-07-28 19:00:00+00:00,4046.46,4046.49,4042.24,4044.76,2206,8,0
2026-07-28 19:15:00+00:00,4044.67,4045.84,4042.08,4042.22,1767,8,0
2026-07-28 19:30:00+00:00,4042.2,4043.84,4040.41,4040.54,1856,8,0
2026-07-28 19:45:00+00:00,4040.43,4041.11,4036.66,4037.56,1889,8,0
2026-07-28 20:00:00+00:00,4037.65,4041.08,4035.56,4037.0,1939,8,0
2026-07-28 20:15:00+00:00,4037.01,4041.46,4035.27,4037.5,2367,8,0
2026-07-28 20:30:00+00:00,4037.56,4037.86,4027.69,4028.32,1973,8,0
2026-07-28 20:45:00+00:00,4028.28,4029.59,4025.88,4027.86,1938,8,0
2026-07-28 21:00:00+00:00,4027.93,4030.46,4027.1,4028.34,2110,8,0
2026-07-28 21:15:00+00:00,4028.33,4030.06,4025.9,4027.17,2238,8,0
2026-07-28 21:30:00+00:00,4027.21,4027.54,4023.04,4024.22,2162,8,0
2026-07-28 21:45:00+00:00,4024.26,4026.12,4021.7,4022.99,1881,8,0
2026-07-28 22:00:00+00:00,4022.95,4025.78,4022.33,4024.15,1855,8,0
2026-07-28 22:15:00+00:00,4024.16,4025.18,4021.97,4023.3,1323,8,0
2026-07-28 22:30:00+00:00,4023.37,4027.72,4023.37,4026.21,1604,8,0
2026-07-28 22:45:00+00:00,4026.49,4028.07,4025.34,4026.69,1831,8,0
2026-07-28 23:00:00+00:00,4026.47,4026.47,4022.58,4023.75,988,8,0
2026-07-28 23:15:00+00:00,4023.76,4027.86,4023.71,4027.4,543,8,0
2026-07-28 23:30:00+00:00,4027.42,4030.26,4027.42,4029.98,682,8,0
2026-07-28 23:45:00+00:00,4030.1,4030.52,4026.58,4028.59,446,18,0
2026-07-29 01:00:00+00:00,4027.48,4029.97,4024.43,4024.45,719,10,0
2026-07-29 01:15:00+00:00,4024.8,4025.15,4017.3,4020.93,1175,14,0
2026-07-29 01:30:00+00:00,4020.95,4021.22,4013.91,4018.35,1530,10,0
2026-07-29 01:45:00+00:00,4018.21,4019.69,4015.33,4018.3,1608,14,0
2026-07-29 02:00:00+00:00,4018.35,4023.15,4016.37,4021.9,1660,14,0
2026-07-29 02:15:00+00:00,4022.02,4022.12,4015.1,4018.58,1667,10,0
2026-07-29 02:30:00+00:00,4019.13,4023.48,4017.4,4023.05,1340,14,0
2026-07-29 02:45:00+00:00,4023.03,4026.34,4019.02,4025.0,2384,10,0
2026-07-29 03:00:00+00:00,4024.04,4024.3,4017.57,4020.61,2370,8,0
2026-07-29 03:15:00+00:00,4020.55,4029.71,4020.55,4022.65,2291,8,0
2026-07-29 03:30:00+00:00,4022.66,4027.7,4021.58,4025.94,1909,8,0
2026-07-29 03:45:00+00:00,4025.79,4025.95,4020.43,4021.93,2370,8,0
2026-07-29 04:00:00+00:00,4021.72,4021.72,4010.32,4013.07,3105,8,0
2026-07-29 04:15:00+00:00,4012.98,4020.25,4011.66,4018.36,2607,8,0
2026-07-29 04:30:00+00:00,4018.32,4030.57,4015.04,4027.64,2998,8,0
2026-07-29 04:45:00+00:00,4027.62,4028.25,4021.89,4025.89,2438,8,0
2026-07-29 05:00:00+00:00,4025.92,4029.18,4023.08,4028.24,2518,8,0
2026-07-29 05:15:00+00:00,4028.15,4035.34,4026.34,4033.01,1766,8,0
2026-07-29 05:30:00+00:00,4033.06,4037.89,4030.72,4034.99,2149,8,0
2026-07-29 05:45:00+00:00,4034.84,4035.26,4029.19,4029.57,1704,10,0
2026-07-29 06:00:00+00:00,4029.25,4032.73,4027.38,4027.75,1905,8,0
2026-07-29 06:15:00+00:00,4027.72,4028.85,4025.62,4026.9,1370,8,0
2026-07-29 06:30:00+00:00,4026.98,4029.48,4024.67,4026.06,1145,8,0
2026-07-29 06:45:00+00:00,4026.08,4026.9,4023.23,4023.61,850,8,0
2026-07-29 07:00:00+00:00,4023.64,4024.97,4021.37,4021.91,1134,8,0
2026-07-29 07:15:00+00:00,4021.92,4025.59,4020.67,4023.51,1078,8,0
2026-07-29 07:30:00+00:00,4023.53,4027.34,4023.45,4027.22,1211,8,0
2026-07-29 07:45:00+00:00,4027.11,4027.65,4023.57,4027.36,1588,8,0
2026-07-29 08:00:00+00:00,4027.47,4031.69,4026.7,4030.47,1323,8,0
2026-07-29 08:15:00+00:00,4030.32,4031.22,4027.15,4030.54,1182,10,0
2026-07-29 08:30:00+00:00,4030.53,4039.6,4029.92,4039.22,2219,8,0
2026-07-29 08:45:00+00:00,4039.17,4040.05,4031.65,4033.06,1929,8,0
2026-07-29 09:00:00+00:00,4033.09,4038.27,4032.96,4037.42,2177,8,0
2026-07-29 09:15:00+00:00,4037.38,4043.01,4035.85,4040.88,1682,8,0
2026-07-29 09:30:00+00:00,4040.99,4044.76,4040.86,4042.81,1688,8,0
2026-07-29 09:45:00+00:00,4042.98,4042.98,4039.78,4041.13,1461,8,0
2026-07-29 10:00:00+00:00,4041.16,4046.53,4041.12,4045.4,1660,8,0
2026-07-29 10:15:00+00:00,4045.34,4047.76,4044.21,4045.92,1410,8,0
2026-07-29 10:30:00+00:00,4046.01,4047.53,4044.81,4046.02,1665,8,0
2026-07-29 10:45:00+00:00,4046.01,4046.9,4042.71,4043.81,1074,8,0
2026-07-29 11:00:00+00:00,4043.82,4044.41,4039.12,4039.15,1402,8,0
2026-07-29 11:15:00+00:00,4039.19,4042.17,4035.72,4037.31,1250,8,0
2026-07-29 11:30:00+00:00,4037.29,4039.21,4035.79,4038.22,1188,8,0
2026-07-29 11:45:00+00:00,4038.21,4040.11,4037.1,4037.61,1179,8,0
2026-07-29 12:00:00+00:00,4037.74,4038.34,4035.57,4036.4,1321,8,0
2026-07-29 12:15:00+00:00,4036.36,4037.62,4033.51,4033.76,1244,8,0
2026-07-29 12:30:00+00:00,4033.91,4035.05,4031.31,4034.4,1351,8,0
2026-07-29 12:45:00+00:00,4034.41,4036.4,4032.01,4032.57,1044,8,0
2026-07-29 13:00:00+00:00,4032.64,4034.09,4030.93,4031.89,1395,8,0
2026-07-29 13:15:00+00:00,4031.86,4033.34,4030.18,4033.29,936,8,0
2026-07-29 13:30:00+00:00,4033.15,4034.39,4026.31,4027.41,1063,8,0
2026-07-29 13:45:00+00:00,4027.41,4028.68,4026.12,4027.57,1040,8,0
2026-07-29 14:00:00+00:00,4027.52,4029.72,4024.98,4029.7,1315,8,0
2026-07-29 14:15:00+00:00,4029.71,4033.52,4028.47,4032.81,972,8,0
2026-07-29 14:30:00+00:00,4032.84,4033.02,4030.21,4030.98,745,8,0
2026-07-29 14:45:00+00:00,4031.0,4036.15,4030.6,4032.82,1427,8,0
2026-07-29 15:00:00+00:00,4032.85,4033.42,4026.31,4027.05,1482,8,0
2026-07-29 15:15:00+00:00,4027.1,4027.61,4012.63,4013.24,3144,8,0
2026-07-29 15:30:00+00:00,4013.24,4022.46,4009.14,4020.97,2478,8,0
2026-07-29 15:45:00+00:00,4020.77,4023.68,4018.95,4022.73,1995,8,0
2026-07-29 16:00:00+00:00,4022.67,4026.38,4015.05,4015.69,2928,8,0
2026-07-29 16:15:00+00:00,4015.68,4023.16,4013.83,4014.67,2626,8,0
2026-07-29 16:30:00+00:00,4014.57,4017.43,4010.21,4013.67,3578,8,0
2026-07-29 16:45:00+00:00,4013.35,4016.03,4002.54,4007.16,3545,8,0
2026-07-29 17:00:00+00:00,4007.27,4008.72,3995.99,3999.1,3492,8,0
2026-07-29 17:15:00+00:00,3999.16,4010.1,3998.92,4005.39,3212,8,0
2026-07-29 17:30:00+00:00,4005.4,4009.21,3999.02,4001.23,2973,8,0
2026-07-29 17:45:00+00:00,4001.13,4005.83,3998.37,4004.87,3191,8,0
2026-07-29 18:00:00+00:00,4004.88,4009.83,4003.36,4006.93,2756,8,0
2026-07-29 18:15:00+00:00,4006.84,4011.31,4003.77,4010.55,2494,8,0
2026-07-29 18:30:00+00:00,4010.57,4013.52,4007.13,4010.63,2417,8,0
2026-07-29 18:45:00+00:00,4010.29,4013.87,4008.41,4009.87,2044,8,0
2026-07-29 19:00:00+00:00,4009.83,4015.71,4007.64,4009.6,2186,8,0
2026-07-29 19:15:00+00:00,4009.45,4017.55,4007.98,4016.71,2053,8,0
2026-07-29 19:30:00+00:00,4016.67,4019.04,4015.02,4017.08,2071,8,0
2026-07-29 19:45:00+00:00,4017.05,4032.84,4015.35,4027.29,2706,8,0
2026-07-29 20:00:00+00:00,4027.34,4051.31,4027.31,4042.12,3171,8,0
2026-07-29 20:15:00+00:00,4042.11,4049.77,4037.31,4039.27,3445,8,0
2026-07-29 20:30:00+00:00,4039.36,4046.8,4036.9,4045.15,3115,8,0
2026-07-29 20:45:00+00:00,4045.3,4047.52,4040.72,4044.08,2447,8,0
2026-07-29 21:00:00+00:00,4044.03,4085.26,4042.63,4080.28,3802,10,0
2026-07-29 21:15:00+00:00,4080.25,4083.02,4063.86,4067.78,3698,10,0
2026-07-29 21:30:00+00:00,4067.73,4086.81,4052.28,4083.27,3996,10,0
2026-07-29 21:45:00+00:00,4083.42,4109.35,4081.97,4107.13,3908,10,0
2026-07-29 22:00:00+00:00,4106.98,4116.46,4089.99,4099.7,3919,10,0
2026-07-29 22:15:00+00:00,4099.53,4104.56,4081.0,4083.14,3930,8,0
2026-07-29 22:30:00+00:00,4083.26,4088.35,4065.42,4070.02,3930,8,0
2026-07-29 22:45:00+00:00,4070.07,4072.75,4044.32,4044.66,3739,8,0
2026-07-29 23:00:00+00:00,4044.72,4055.88,4042.89,4051.96,3296,8,0
2026-07-29 23:15:00+00:00,4051.85,4057.32,4043.89,4055.69,2435,8,0
2026-07-29 23:30:00+00:00,4055.71,4068.99,4054.01,4066.97,1942,8,0
2026-07-29 23:45:00+00:00,4067.13,4069.99,4063.32,4066.34,885,28,0
2026-07-30 01:00:00+00:00,4068.59,4077.87,4063.47,4076.66,1804,16,0
2026-07-30 01:15:00+00:00,4076.34,4077.54,4072.49,4074.91,1702,10,0
2026-07-30 01:30:00+00:00,4074.92,4081.34,4072.87,4081.27,1795,8,0
2026-07-30 01:45:00+00:00,4081.3,4090.96,4079.72,4088.89,1753,8,0
2026-07-30 02:00:00+00:00,4088.67,4100.78,4088.67,4092.05,1907,8,0
2026-07-30 02:15:00+00:00,4092.08,4095.32,4090.94,4093.9,1718,8,0
2026-07-30 02:30:00+00:00,4094.1,4094.97,4089.71,4090.64,1753,10,0
2026-07-30 02:45:00+00:00,4090.54,4093.56,4084.91,4085.06,2870,8,0
2026-07-30 03:00:00+00:00,4084.6,4087.1,4079.2,4081.49,3228,8,0
2026-07-30 03:15:00+00:00,4081.37,4083.69,4072.87,4075.34,3112,8,0
2026-07-30 03:30:00+00:00,4075.38,4076.99,4065.12,4066.12,2744,8,0
2026-07-30 03:45:00+00:00,4066.08,4072.97,4065.06,4072.3,2616,8,0
2026-07-30 04:00:00+00:00,4072.29,4092.94,4070.67,4075.5,3583,8,0
2026-07-30 04:15:00+00:00,4075.75,4084.77,4073.21,4081.22,3495,8,0
2026-07-30 04:30:00+00:00,4081.22,4089.72,4080.67,4086.79,3187,8,0
2026-07-30 04:45:00+00:00,4086.78,4090.92,4083.9,4084.67,2744,8,0
2026-07-30 05:00:00+00:00,4084.65,4090.43,4082.39,4082.5,2578,10,0
2026-07-30 05:15:00+00:00,4082.54,4083.73,4080.01,4082.82,1962,8,0
2026-07-30 05:30:00+00:00,4082.74,4082.84,4073.65,4076.88,2909,8,0
2026-07-30 05:45:00+00:00,4076.84,4077.06,4063.51,4063.74,2492,8,0
2026-07-30 06:00:00+00:00,4063.75,4070.12,4060.63,4063.0,2539,8,0
2026-07-30 06:15:00+00:00,4063.01,4063.93,4052.59,4053.79,2656,8,0
2026-07-30 06:30:00+00:00,4053.83,4055.97,4050.71,4052.48,2318,8,0
2026-07-30 06:45:00+00:00,4052.43,4059.8,4052.43,4058.84,2085,8,0
2026-07-30 07:00:00+00:00,4058.85,4060.19,4053.02,4053.36,2023,8,0
2026-07-30 07:15:00+00:00,4053.39,4055.33,4051.09,4054.17,1642,8,0
2026-07-30 07:30:00+00:00,4054.09,4054.11,4047.77,4048.82,1742,8,0
2026-07-30 07:45:00+00:00,4048.81,4051.93,4044.44,4046.07,1973,8,0
2026-07-30 08:00:00+00:00,4046.05,4046.1,4041.76,4045.79,2133,8,0
2026-07-30 08:15:00+00:00,4045.91,4047.36,4037.79,4046.83,2263,8,0
2026-07-30 08:30:00+00:00,4046.55,4051.29,4028.46,4033.3,3437,8,0
2026-07-30 08:45:00+00:00,4033.32,4038.37,4030.07,4033.71,2769,8,0
2026-07-30 09:00:00+00:00,4033.76,4039.46,4031.25,4032.24,3016,8,0
2026-07-30 09:15:00+00:00,4032.37,4039.31,4029.46,4033.26,2750,8,0
2026-07-30 09:30:00+00:00,4033.19,4038.28,4031.13,4035.81,2457,8,0
2026-07-30 09:45:00+00:00,4035.78,4040.51,4034.29,4036.75,2066,8,0
2026-07-30 10:00:00+00:00,4036.68,4047.98,4035.59,4046.77,3023,8,0
2026-07-30 10:15:00+00:00,4046.7,4051.4,4043.06,4045.92,2548,8,0
2026-07-30 10:30:00+00:00,4045.93,4047.24,4036.19,4045.91,2423,10,0
2026-07-30 10:45:00+00:00,4045.87,4046.55,4038.17,4038.98,2096,8,0
2026-07-30 11:00:00+00:00,4038.97,4056.1,4036.73,4053.25,2950,8,0
2026-07-30 11:15:00+00:00,4053.27,4068.37,4052.25,4064.61,2733,8,0
2026-07-30 11:30:00+00:00,4064.62,4072.91,4063.05,4065.86,2773,8,0
2026-07-30 11:45:00+00:00,4065.87,4071.02,4059.53,4061.47,2399,8,0
2026-07-30 12:00:00+00:00,4061.46,4068.97,4060.42,4066.14,2354,8,0
2026-07-30 12:15:00+00:00,4066.05,4072.44,4064.61,4067.59,2420,8,0
2026-07-30 12:30:00+00:00,4067.91,4069.21,4060.73,4065.56,2275,8,0
2026-07-30 12:45:00+00:00,4065.54,4073.1,4062.41,4063.38,1944,8,0
2026-07-30 13:00:00+00:00,4063.45,4074.7,4063.14,4068.41,2521,8,0
2026-07-30 13:15:00+00:00,4068.4,4077.67,4067.68,4076.35,2467,8,0
2026-07-30 13:30:00+00:00,4076.33,4082.77,4075.29,4081.25,2609,8,0
2026-07-30 13:45:00+00:00,4081.3,4082.94,4078.07,4078.34,2344,8,0
2026-07-30 14:00:00+00:00,4078.16,4082.8,4077.56,4079.8,2146,8,0
2026-07-30 14:15:00+00:00,4079.74,4081.93,4076.65,4077.47,1986,8,0
2026-07-30 14:30:00+00:00,4077.48,4079.43,4076.29,4077.48,1929,8,0
2026-07-30 14:45:00+00:00,4077.43,4080.71,4075.71,4077.81,1881,8,0
2026-07-30 15:00:00+00:00,4077.82,4082.51,4074.75,4078.81,2399,8,0
2026-07-30 15:15:00+00:00,4078.82,4081.4,4071.69,4076.51,2253,8,0
2026-07-30 15:30:00+00:00,4076.53,4086.41,4071.44,4076.85,3444,8,0
2026-07-30 15:45:00+00:00,4076.83,4079.02,4066.95,4068.6,3250,8,0
2026-07-30 16:00:00+00:00,4068.59,4076.83,4064.83,4076.43,3558,8,0
2026-07-30 16:15:00+00:00,4076.42,4083.57,4071.75,4079.72,3245,8,0
2026-07-30 16:30:00+00:00,4079.5,4098.1,4074.34,4088.72,4029,8,0
2026-07-30 16:45:00+00:00,4088.81,4112.84,4085.61,4112.4,3974,8,0
2026-07-30 17:00:00+00:00,4112.27,4120.28,4094.01,4098.23,3792,8,0
2026-07-30 17:15:00+00:00,4098.17,4100.07,4087.09,4096.09,3664,8,0
2026-07-30 17:30:00+00:00,4096.1,4111.32,4094.8,4110.58,3408,8,0
2026-07-30 17:45:00+00:00,4110.72,4112.87,4096.66,4100.1,3483,8,0
2026-07-30 18:00:00+00:00,4100.11,4100.27,4083.17,4085.63,3663,8,0
2026-07-30 18:15:00+00:00,4085.65,4097.23,4084.92,4096.17,3426,8,0
2026-07-30 18:30:00+00:00,4096.13,4106.92,4092.61,4105.38,3217,8,0
2026-07-30 18:45:00+00:00,4105.42,4110.05,4103.59,4108.22,2675,8,0
2026-07-30 19:00:00+00:00,4108.18,4115.95,4107.78,4114.27,2599,8,0
2026-07-30 19:15:00+00:00,4114.19,4119.23,4113.77,4115.98,2140,8,0
2026-07-30 19:30:00+00:00,4116.03,4116.43,4108.4,4108.58,2072,8,0
2026-07-30 19:45:00+00:00,4108.65,4110.74,4106.65,4110.73,1710,8,0
2026-07-30 20:00:00+00:00,4110.83,4111.29,4104.91,4104.91,1862,8,0
2026-07-30 20:15:00+00:00,4104.88,4108.23,4098.61,4101.64,2067,8,0
2026-07-30 20:30:00+00:00,4101.7,4108.13,4100.02,4106.03,2628,8,0
2026-07-30 20:45:00+00:00,4106.04,4108.46,4101.25,4102.72,1955,8,0
2026-07-30 21:00:00+00:00,4102.72,4106.85,4102.72,4106.59,1899,8,0
2026-07-30 21:15:00+00:00,4106.49,4106.78,4100.82,4103.49,1806,8,0
2026-07-30 21:30:00+00:00,4103.52,4107.93,4103.04,4104.92,1704,8,0
2026-07-30 21:45:00+00:00,4104.95,4105.35,4098.88,4099.9,1759,8,0
2026-07-30 22:00:00+00:00,4099.63,4105.74,4098.86,4104.7,1853,8,0
2026-07-30 22:15:00+00:00,4104.73,4115.0,4103.07,4112.89,2052,8,0
2026-07-30 22:30:00+00:00,4112.87,4115.45,4111.68,4112.34,1817,8,0
2026-07-30 22:45:00+00:00,4112.22,4113.09,4109.3,4111.66,1829,8,0
2026-07-30 23:00:00+00:00,4112.12,4117.45,4110.04,4114.0,1563,8,0
2026-07-30 23:15:00+00:00,4113.93,4115.01,4111.71,4111.91,1072,8,0
2026-07-30 23:30:00+00:00,4112.19,4112.37,4102.33,4102.75,1362,10,0
2026-07-30 23:45:00+00:00,4102.74,4103.79,4099.04,4102.75,794,18,0
2026-07-31 01:00:00+00:00,4106.24,4107.7,4101.73,4106.53,977,10,0
2026-07-31 01:15:00+00:00,4106.51,4108.42,4106.46,4107.75,1099,8,0
2026-07-31 01:30:00+00:00,4107.64,4110.48,4107.04,4110.44,1147,10,0
2026-07-31 01:45:00+00:00,4110.52,4111.29,4109.06,4109.21,878,8,0
2026-07-31 02:00:00+00:00,4109.19,4111.78,4106.59,4107.47,1138,10,0
2026-07-31 02:15:00+00:00,4107.4,4107.56,4104.12,4104.25,1143,8,0
2026-07-31 02:30:00+00:00,4104.23,4107.38,4102.37,4106.2,1386,8,0
2026-07-31 02:45:00+00:00,4106.23,4110.11,4105.51,4105.75,1256,8,0
2026-07-31 03:00:00+00:00,4106.9,4106.9,4100.66,4101.3,2223,8,0
2026-07-31 03:15:00+00:00,4101.31,4103.79,4096.21,4096.52,2121,10,0
2026-07-31 03:30:00+00:00,4096.51,4097.56,4090.6,4093.45,2151,8,0
2026-07-31 03:45:00+00:00,4093.14,4096.06,4090.66,4094.72,2309,8,0
2026-07-31 04:00:00+00:00,4094.73,4101.64,4088.78,4088.78,2757,8,0
2026-07-31 04:15:00+00:00,4088.91,4095.04,4086.62,4092.04,2389,8,0
2026-07-31 04:30:00+00:00,4092.07,4092.08,4083.83,4085.73,2560,8,0
2026-07-31 04:45:00+00:00,4085.56,4089.34,4082.09,4084.37,2153,8,0
2026-07-31 05:00:00+00:00,4084.4,4090.35,4081.66,4085.49,2435,8,0
2026-07-31 05:15:00+00:00,4085.48,4085.48,4081.53,4082.3,1812,8,0
2026-07-31 05:30:00+00:00,4082.21,4084.42,4075.56,4075.56,2391,8,0
2026-07-31 05:45:00+00:00,4075.54,4078.3,4074.33,4076.08,2039,8,0
2026-07-31 06:00:00+00:00,4075.92,4076.26,4072.11,4073.44,2186,8,0
2026-07-31 06:15:00+00:00,4073.59,4076.08,4072.32,4075.23,2149,8,0
2026-07-31 06:30:00+00:00,4075.27,4079.35,4075.02,4076.45,1869,8,0
2026-07-31 06:45:00+00:00,4076.43,4077.48,4074.21,4075.05,1413,10,0
2026-07-31 07:00:00+00:00,4075.06,4077.05,4073.31,4076.82,1570,8,0
2026-07-31 07:15:00+00:00,4076.83,4080.11,4074.47,4080.05,1269,8,0
2026-07-31 07:30:00+00:00,4080.06,4081.36,4079.26,4079.27,1083,8,0
2026-07-31 07:45:00+00:00,4079.25,4080.11,4074.8,4079.91,1140,8,0
2026-07-31 08:00:00+00:00,4079.92,4083.27,4079.77,4079.8,1290,8,0
2026-07-31 08:15:00+00:00,4079.75,4082.82,4079.5,4080.87,952,8,0
2026-07-31 08:30:00+00:00,4081.09,4081.56,4075.85,4076.45,2210,8,0
2026-07-31 08:45:00+00:00,4076.44,4076.54,4073.35,4074.33,1961,8,0
2026-07-31 09:00:00+00:00,4074.34,4082.77,4072.79,4082.29,2205,8,0
2026-07-31 09:15:00+00:00,4082.33,4087.49,4081.03,4084.87,2087,8,0
2026-07-31 09:30:00+00:00,4084.9,4084.94,4077.3,4078.05,2519,8,0
2026-07-31 09:45:00+00:00,4078.04,4081.46,4076.39,4077.7,2110,8,0
2026-07-31 10:00:00+00:00,4077.69,4079.13,4075.42,4077.55,1918,8,0
2026-07-31 10:15:00+00:00,4077.62,4079.18,4072.15,4072.68,1992,8,0
2026-07-31 10:30:00+00:00,4072.72,4073.76,4068.17,4072.15,1808,8,0
2026-07-31 10:45:00+00:00,4072.19,4074.39,4067.65,4067.71,1879,8,0
2026-07-31 11:00:00+00:00,4067.67,4067.7,4061.14,4062.19,2293,8,0
2026-07-31 11:15:00+00:00,4062.18,4067.1,4058.1,4058.61,2201,8,0
2026-07-31 11:30:00+00:00,4058.6,4061.5,4054.38,4059.21,2078,8,0
2026-07-31 11:45:00+00:00,4059.15,4064.44,4057.76,4060.98,2104,8,0
2026-07-31 12:00:00+00:00,4060.88,4063.99,4055.19,4056.64,2637,8,0
2026-07-31 12:15:00+00:00,4056.77,4057.47,4051.34,4052.13,2172,8,0
2026-07-31 12:30:00+00:00,4052.15,4054.55,4050.31,4053.15,1789,8,0
2026-07-31 12:45:00+00:00,4053.23,4057.07,4052.42,4055.02,1525,8,0
2026-07-31 13:00:00+00:00,4054.99,4058.39,4053.19,4055.84,1702,10,0
2026-07-31 13:15:00+00:00,4055.88,4056.04,4052.0,4053.22,1422,8,0
2026-07-31 13:30:00+00:00,4053.26,4056.55,4052.88,4054.73,1518,8,0
2026-07-31 13:45:00+00:00,4054.78,4057.13,4053.7,4054.47,1411,8,0
2026-07-31 14:00:00+00:00,4054.38,4059.43,4052.17,4056.98,1722,8,0
2026-07-31 14:15:00+00:00,4057.01,4061.13,4054.28,4058.85,2135,8,0
2026-07-31 14:30:00+00:00,4058.79,4058.79,4050.78,4052.11,1978,8,0
2026-07-31 14:45:00+00:00,4052.09,4055.49,4051.3,4053.7,1533,8,0
2026-07-31 15:00:00+00:00,4053.97,4059.3,4052.48,4059.15,2241,8,0
2026-07-31 15:15:00+00:00,4059.13,4059.35,4047.09,4047.1,2119,8,0
2026-07-31 15:30:00+00:00,4047.12,4051.56,4042.56,4044.51,2727,8,0
2026-07-31 15:45:00+00:00,4044.61,4046.35,4040.58,4040.73,2528,8,0
2026-07-31 16:00:00+00:00,4040.78,4042.69,4034.77,4036.17,3102,8,0
2026-07-31 16:15:00+00:00,4036.22,4046.76,4035.62,4042.56,2988,8,0
2026-07-31 16:30:00+00:00,4042.61,4043.8,4022.56,4025.21,3824,8,0
2026-07-31 16:45:00+00:00,4025.07,4031.43,4021.99,4025.36,3776,8,0
2026-07-31 17:00:00+00:00,4025.53,4032.5,4021.01,4032.0,3817,8,0
2026-07-31 17:15:00+00:00,4031.9,4039.37,4029.93,4038.02,3572,8,0
2026-07-31 17:30:00+00:00,4038.08,4043.04,4035.91,4041.41,3217,8,0
2026-07-31 17:45:00+00:00,4041.42,4050.3,4040.98,4049.24,3201,8,0
2026-07-31 18:00:00+00:00,4049.38,4050.66,4042.85,4047.03,3268,8,0
2026-07-31 18:15:00+00:00,4047.02,4052.48,4040.19,4041.11,3040,8,0
2026-07-31 18:30:00+00:00,4041.2,4043.58,4036.72,4042.15,2900,8,0
2026-07-31 18:45:00+00:00,4042.1,4046.73,4039.84,4045.53,2797,8,0
2026-07-31 19:00:00+00:00,4045.54,4046.25,4040.55,4045.61,2483,8,0
2026-07-31 19:15:00+00:00,4045.62,4047.61,4042.47,4046.69,2359,8,0
2026-07-31 19:30:00+00:00,4046.75,4049.84,4041.26,4042.53,2400,8,0
2026-07-31 19:45:00+00:00,4042.59,4045.1,4042.16,4043.4,2005,8,0
2026-07-31 20:00:00+00:00,4043.27,4046.44,4041.57,4045.63,1741,8,0
2026-07-31 20:15:00+00:00,4045.62,4053.38,4044.84,4050.49,2298,8,0
2026-07-31 20:30:00+00:00,4050.38,4053.19,4047.7,4051.83,2459,8,0
2026-07-31 20:45:00+00:00,4052.15,4054.72,4050.3,4053.78,2580,8,0
2026-07-31 21:00:00+00:00,4053.73,4055.14,4047.17,4048.07,2497,8,0
2026-07-31 21:15:00+00:00,4048.1,4051.7,4047.65,4051.08,1887,8,0
2026-07-31 21:30:00+00:00,4051.04,4051.71,4048.03,4049.52,1372,8,0
2026-07-31 21:45:00+00:00,4049.51,4051.63,4048.2,4050.78,1322,8,0
2026-07-31 22:00:00+00:00,4050.82,4052.93,4046.99,4048.04,1377,8,0
2026-07-31 22:15:00+00:00,4048.02,4050.56,4047.12,4050.54,1300,8,0
2026-07-31 22:30:00+00:00,4050.56,4054.66,4048.98,4054.16,1440,8,0
2026-07-31 22:45:00+00:00,4054.14,4055.56,4050.08,4051.05,2532,8,0
2026-07-31 23:00:00+00:00,4051.02,4051.83,4045.22,4047.58,1727,8,0
2026-07-31 23:15:00+00:00,4047.64,4048.99,4046.38,4048.09,1169,8,0
2026-07-31 23:30:00+00:00,4047.54,4052.84,4047.12,4051.07,888,26,0
2026-07-31 23:45:00+00:00,4051.21,4052.03,4042.62,4044.19,1150,26,0
2026-08-03 01:00:00+00:00,4081.59,4083.34,4068.73,4076.36,1735,20,0
2026-08-03 01:15:00+00:00,4076.39,4077.22,4064.02,4066.02,2300,16,0
2026-08-03 01:30:00+00:00,4066.06,4068.38,4064.03,4066.82,2133,11,0
2026-08-03 01:45:00+00:00,4066.78,4067.12,4063.42,4063.66,1845,8,0
2026-08-03 02:00:00+00:00,4063.58,4066.99,4063.22,4066.5,1648,8,0
2026-08-03 02:15:00+00:00,4066.45,4072.58,4066.25,4072.04,1412,10,0
2026-08-03 02:30:00+00:00,4072.11,4072.4,4067.87,4069.67,1210,10,0
2026-08-03 02:45:00+00:00,4069.68,4074.97,4068.27,4074.74,2142,8,0
2026-08-03 03:00:00+00:00,4075.69,4079.06,4070.07,4072.04,2965,8,0
2026-08-03 03:15:00+00:00,4072.0,4072.91,4061.38,4064.33,2664,8,0
2026-08-03 03:30:00+00:00,4064.11,4070.01,4056.92,4058.27,3143,8,0
2026-08-03 03:45:00+00:00,4058.17,4060.67,4055.71,4057.12,2783,8,0
2026-08-03 04:00:00+00:00,4057.11,4063.17,4051.48,4052.28,3672,8,0
2026-08-03 04:15:00+00:00,4052.29,4055.18,4047.27,4052.83,3066,8,0
2026-08-03 04:30:00+00:00,4052.84,4057.05,4047.54,4051.12,3119,8,0
2026-08-03 04:45:00+00:00,4051.52,4057.51,4050.07,4056.57,2578,8,0
2026-08-03 05:00:00+00:00,4056.56,4061.01,4053.24,4055.76,2437,8,0
2026-08-03 05:15:00+00:00,4055.74,4060.72,4052.09,4057.95,2081,8,0
2026-08-03 05:30:00+00:00,4058.06,4060.72,4052.54,4059.58,2685,8,0
2026-08-03 05:45:00+00:00,4059.36,4066.98,4058.43,4062.45,2391,8,0
2026-08-03 06:00:00+00:00,4062.25,4065.55,4060.92,4064.36,2311,8,0
2026-08-03 06:15:00+00:00,4064.37,4067.88,4061.6,4063.97,2354,8,0
2026-08-03 06:30:00+00:00,4063.96,4064.89,4060.63,4060.63,1886,8,0
2026-08-03 06:45:00+00:00,4060.64,4066.8,4059.29,4065.09,1686,8,0
2026-08-03 07:00:00+00:00,4065.08,4068.28,4064.3,4066.69,1456,8,0
2026-08-03 07:15:00+00:00,4066.68,4071.05,4066.15,4068.28,1394,8,0
2026-08-03 07:30:00+00:00,4068.29,4071.33,4068.28,4070.58,1606,10,0
2026-08-03 07:45:00+00:00,4070.64,4071.88,4063.85,4063.85,1436,8,0
2026-08-03 08:00:00+00:00,4063.94,4065.3,4056.77,4057.42,1960,8,0
2026-08-03 08:15:00+00:00,4057.44,4062.73,4054.2,4060.4,1733,8,0
2026-08-03 08:30:00+00:00,4060.36,4064.71,4055.27,4063.43,2523,8,0
2026-08-03 08:45:00+00:00,4063.56,4069.84,4058.82,4069.0,2070,8,0
2026-08-03 09:00:00+00:00,4068.99,4071.23,4066.14,4066.14,2236,8,0
2026-08-03 09:15:00+00:00,4066.16,4071.74,4065.47,4068.29,2347,8,0
2026-08-03 09:30:00+00:00,4068.32,4068.72,4060.25,4065.56,2161,8,0
2026-08-03 09:45:00+00:00,4065.41,4066.99,4062.78,4063.83,1971,8,0
2026-08-03 10:00:00+00:00,4063.95,4065.27,4059.62,4061.52,2454,8,0
2026-08-03 10:15:00+00:00,4061.35,4061.99,4052.11,4058.01,2600,8,0
2026-08-03 10:30:00+00:00,4058.39,4061.18,4056.58,4059.63,1927,8,0
2026-08-03 10:45:00+00:00,4059.64,4063.36,4058.42,4061.07,2034,8,0
2026-08-03 11:00:00+00:00,4061.05,4062.24,4058.42,4061.74,2039,8,0
2026-08-03 11:15:00+00:00,4061.73,4062.46,4054.37,4056.09,2007,8,0
2026-08-03 11:30:00+00:00,4056.15,4060.77,4054.86,4058.44,1931,8,0
2026-08-03 11:45:00+00:00,4058.42,4060.99,4057.65,4059.52,1844,8,0
2026-08-03 12:00:00+00:00,4059.47,4062.23,4057.29,4061.52,1686,8,0
2026-08-03 12:15:00+00:00,4061.51,4061.53,4052.16,4052.81,1876,8,0
2026-08-03 12:30:00+00:00,4052.62,4054.86,4046.63,4053.66,2260,8,0
2026-08-03 12:45:00+00:00,4053.55,4058.12,4053.51,4055.31,1704,8,0
2026-08-03 13:00:00+00:00,4055.35,4057.17,4053.13,4056.36,1804,8,0
2026-08-03 13:15:00+00:00,4056.33,4057.02,4051.97,4053.43,1759,8,0
2026-08-03 13:30:00+00:00,4053.49,4053.67,4048.66,4049.27,1722,8,0
2026-08-03 13:45:00+00:00,4049.2,4050.78,4046.16,4049.45,1624,8,0
2026-08-03 14:00:00+00:00,4049.39,4052.9,4048.0,4049.78,1989,8,0
2026-08-03 14:15:00+00:00,4049.75,4049.96,4045.49,4048.38,2046,8,0
2026-08-03 14:30:00+00:00,4048.48,4054.99,4047.97,4053.58,1664,8,0
2026-08-03 14:45:00+00:00,4053.6,4063.11,4052.6,4062.59,2016,8,0
2026-08-03 15:00:00+00:00,4062.51,4064.62,4054.83,4055.94,2062,8,0
2026-08-03 15:15:00+00:00,4055.97,4056.51,4048.7,4050.88,2292,8,0
2026-08-03 15:30:00+00:00,4050.93,4052.98,4042.19,4045.06,2378,8,0
2026-08-03 15:45:00+00:00,4045.05,4048.95,4043.21,4047.65,2178,8,0
2026-08-03 16:00:00+00:00,4047.76,4053.52,4038.82,4038.82,3215,8,0
2026-08-03 16:15:00+00:00,4038.84,4040.49,4031.45,4034.21,3009,8,0
2026-08-03 16:30:00+00:00,4034.27,4035.53,4019.09,4031.93,3714,8,0
2026-08-03 16:45:00+00:00,4031.99,4035.35,4028.27,4031.96,3342,8,0
2026-08-03 17:00:00+00:00,4032.02,4036.13,4026.67,4033.21,3416,8,0
2026-08-03 17:15:00+00:00,4033.2,4036.0,4029.94,4032.44,2930,8,0
2026-08-03 17:30:00+00:00,4032.53,4038.12,4031.89,4036.42,2679,8,0
2026-08-03 17:45:00+00:00,4036.64,4039.3,4033.72,4036.3,2569,8,0
2026-08-03 18:00:00+00:00,4036.37,4037.07,4030.44,4033.35,2650,8,0
2026-08-03 18:15:00+00:00,4033.34,4038.43,4030.7,4032.78,2668,8,0
2026-08-03 18:30:00+00:00,4032.77,4038.75,4030.97,4036.76,2361,8,0
2026-08-03 18:45:00+00:00,4036.87,4040.98,4035.44,4036.31,1980,8,0
2026-08-03 19:00:00+00:00,4036.09,4037.64,4034.67,4036.57,1672,8,0
2026-08-03 19:15:00+00:00,4036.39,4038.56,4035.01,4037.02,1771,8,0
2026-08-03 19:30:00+00:00,4037.03,4039.31,4035.61,4038.7,1640,8,0
2026-08-03 19:45:00+00:00,4038.79,4038.83,4035.76,4036.96,1535,8,0
2026-08-03 20:00:00+00:00,4037.04,4037.71,4033.31,4034.33,1451,8,0
2026-08-03 20:15:00+00:00,4034.38,4037.77,4033.97,4034.43,1727,8,0
2026-08-03 20:30:00+00:00,4034.38,4037.0,4034.13,4036.09,1355,8,0
2026-08-03 20:45:00+00:00,4036.0,4036.43,4030.29,4030.53,1206,8,0
2026-08-03 21:00:00+00:00,4030.59,4038.57,4029.67,4035.08,1702,8,0
2026-08-03 21:15:00+00:00,4035.11,4038.97,4035.01,4037.96,1625,8,0
2026-08-03 21:30:00+00:00,4037.92,4041.51,4036.56,4041.44,1419,8,0
2026-08-03 21:45:00+00:00,4041.42,4045.0,4040.49,4043.52,1543,8,0
2026-08-03 22:00:00+00:00,4043.62,4049.52,4043.62,4046.31,1906,8,0
2026-08-03 22:15:00+00:00,4046.32,4054.33,4046.25,4052.97,1923,8,0
2026-08-03 22:30:00+00:00,4053.08,4055.77,4052.06,4054.07,1573,8,0
2026-08-03 22:45:00+00:00,4054.09,4055.64,4051.72,4052.1,1553,8,0
2026-08-03 23:00:00+00:00,4052.02,4052.85,4050.25,4052.59,981,8,0
2026-08-03 23:15:00+00:00,4052.59,4055.93,4051.5,4054.35,577,8,0
2026-08-03 23:30:00+00:00,4054.41,4058.13,4053.93,4056.34,748,8,0
2026-08-03 23:45:00+00:00,4056.54,4057.23,4054.06,4054.06,884,8,0
2026-08-04 01:00:00+00:00,4050.19,4054.69,4049.19,4051.4,808,10,0
2026-08-04 01:15:00+00:00,4051.41,4052.61,4050.73,4052.17,633,10,0
2026-08-04 01:30:00+00:00,4052.06,4053.45,4051.69,4052.81,728,10,0
2026-08-04 01:45:00+00:00,4052.82,4053.48,4051.3,4052.83,950,8,0
2026-08-04 02:00:00+00:00,4052.79,4055.0,4050.18,4051.37,1083,8,0
2026-08-04 02:15:00+00:00,4051.35,4054.6,4050.57,4051.61,1031,10,0
2026-08-04 02:30:00+00:00,4051.48,4052.77,4051.12,4052.28,777,8,0
2026-08-04 02:45:00+00:00,4052.39,4053.93,4051.19,4053.87,1059,8,0
2026-08-04 03:00:00+00:00,4053.85,4069.36,4053.17,4063.62,2446,8,0
2026-08-04 03:15:00+00:00,4063.57,4064.44,4058.16,4059.09,1685,8,0
2026-08-04 03:30:00+00:00,4059.11,4060.76,4055.7,4056.4,1370,8,0
2026-08-04 03:45:00+00:00,4056.38,4058.07,4048.76,4049.37,1902,8,0
2026-08-04 04:00:00+00:00,4049.3,4050.6,4042.63,4046.89,2762,8,0
2026-08-04 04:15:00+00:00,4046.9,4052.45,4046.9,4049.22,2265,8,0
2026-08-04 04:30:00+00:00,4049.24,4060.18,4048.37,4059.16,2955,8,0
2026-08-04 04:45:00+00:00,4059.17,4061.93,4056.61,4058.75,2455,8,0
2026-08-04 05:00:00+00:00,4058.85,4061.24,4055.78,4058.26,2356,8,0
2026-08-04 05:15:00+00:00,4058.27,4059.89,4055.86,4056.77,1763,8,0
2026-08-04 05:30:00+00:00,4056.81,4065.09,4055.73,4061.79,2262,8,0
2026-08-04 05:45:00+00:00,4061.81,4062.39,4058.16,4058.92,1864,8,0
2026-08-04 06:00:00+00:00,4058.75,4060.71,4056.48,4058.24,1742,8,0
2026-08-04 06:15:00+00:00,4058.07,4061.73,4057.8,4057.91,1601,8,0
2026-08-04 06:30:00+00:00,4057.9,4058.84,4052.76,4052.85,1402,8,0
2026-08-04 06:45:00+00:00,4052.86,4055.52,4052.14,4052.53,905,8,0
2026-08-04 07:00:00+00:00,4052.59,4056.9,4051.2,4056.81,1026,8,0
2026-08-04 07:15:00+00:00,4057.04,4061.66,4055.98,4061.45,1154,8,0
2026-08-04 07:30:00+00:00,4061.5,4064.3,4060.61,4062.79,982,8,0
2026-08-04 07:45:00+00:00,4062.78,4066.31,4062.53,4063.88,988,8,0
2026-08-04 08:00:00+00:00,4063.83,4064.64,4057.23,4058.06,1240,8,0
2026-08-04 08:15:00+00:00,4058.02,4064.02,4057.49,4063.32,1035,8,0
2026-08-04 08:30:00+00:00,4063.28,4067.85,4059.27,4062.69,1994,8,0
2026-08-04 08:45:00+00:00,4062.86,4064.41,4058.7,4061.94,1742,8,0
2026-08-04 09:00:00+00:00,4061.95,4066.27,4061.82,4064.31,1931,8,0
2026-08-04 09:15:00+00:00,4064.02,4064.96,4059.58,4059.9,1822,8,0
2026-08-04 09:30:00+00:00,4059.99,4060.13,4055.73,4060.13,1639,8,0
2026-08-04 09:45:00+00:00,4060.16,4063.68,4058.85,4063.45,1625,8,0
2026-08-04 10:00:00+00:00,4063.44,4065.87,4060.88,4061.04,1606,8,0
2026-08-04 10:15:00+00:00,4061.03,4065.68,4060.95,4063.07,1463,8,0
2026-08-04 10:30:00+00:00,4063.09,4066.8,4061.53,4062.92,1615,8,0
2026-08-04 10:45:00+00:00,4062.95,4066.21,4062.31,4065.58,1215,8,0
2026-08-04 11:00:00+00:00,4065.62,4072.88,4064.72,4068.24,2128,8,0
2026-08-04 11:15:00+00:00,4068.22,4068.75,4060.43,4063.44,1733,8,0
2026-08-04 11:30:00+00:00,4063.31,4064.48,4058.41,4059.49,1835,8,0
2026-08-04 11:45:00+00:00,4059.5,4059.72,4054.56,4055.13,1535,8,0
2026-08-04 12:00:00+00:00,4055.11,4055.44,4048.58,4050.78,1682,8,0
2026-08-04 12:15:00+00:00,4050.75,4052.16,4048.7,4050.4,1656,8,0
2026-08-04 12:30:00+00:00,4050.39,4051.38,4046.27,4050.41,1573,8,0
2026-08-04 12:45:00+00:00,4050.33,4051.0,4047.43,4049.81,1378,8,0
2026-08-04 13:00:00+00:00,4049.83,4049.86,4046.96,4049.05,1251,8,0
2026-08-04 13:15:00+00:00,4049.0,4049.95,4045.61,4048.94,1145,8,0
2026-08-04 13:30:00+00:00,4049.06,4053.98,4046.54,4052.75,1873,8,0
2026-08-04 13:45:00+00:00,4052.76,4060.67,4052.51,4053.76,3274,10,0
2026-08-04 14:00:00+00:00,4053.77,4058.83,4052.33,4056.57,2589,10,0
2026-08-04 14:15:00+00:00,4056.69,4061.02,4055.53,4060.87,2198,10,0
2026-08-04 14:30:00+00:00,4061.15,4070.33,4059.91,4069.57,2710,8,0
2026-08-04 14:45:00+00:00,4069.56,4084.2,4067.02,4074.78,3577,8,0
2026-08-04 15:00:00+00:00,4074.83,4075.71,4060.88,4061.91,2962,8,0
2026-08-04 15:15:00+00:00,4061.86,4070.15,4060.95,4067.86,2534,8,0
2026-08-04 15:30:00+00:00,4068.21,4084.17,4068.21,4077.84,2795,10,0
2026-08-04 15:45:00+00:00,4077.75,4079.07,4069.25,4070.67,2630,8,0
2026-08-04 16:00:00+00:00,4070.65,4071.46,4061.15,4063.63,3055,8,0
2026-08-04 16:15:00+00:00,4063.59,4090.0,4062.1,4077.77,3403,8,0
2026-08-04 16:30:00+00:00,4077.76,4090.97,4075.27,4082.58,3793,8,0
2026-08-04 16:45:00+00:00,4082.64,4093.09,4081.04,4083.46,3439,8,0
2026-08-04 17:00:00+00:00,4083.39,4090.79,4082.31,4089.36,3391,8,0
2026-08-04 17:15:00+00:00,4089.35,4091.02,4079.84,4083.76,3326,8,0
2026-08-04 17:30:00+00:00,4083.75,4086.71,4074.33,4079.73,3360,8,0
2026-08-04 17:45:00+00:00,4079.67,4084.72,4077.72,4083.49,3065,8,0
2026-08-04 18:00:00+00:00,4083.5,4085.57,4079.63,4084.03,2684,8,0
2026-08-04 18:15:00+00:00,4084.04,4084.32,4074.72,4078.35,2889,8,0
2026-08-04 18:30:00+00:00,4078.33,4087.11,4076.54,4084.0,2708,8,0
2026-08-04 18:45:00+00:00,4083.96,4088.86,4082.87,4087.27,2522,8,0
2026-08-04 19:00:00+00:00,4087.37,4088.6,4084.44,4085.08,2236,8,0
2026-08-04 19:15:00+00:00,4085.14,4089.9,4083.13,4087.58,1999,8,0
2026-08-04 19:30:00+00:00,4087.59,4089.46,4085.0,4089.15,1953,8,0
2026-08-04 19:45:00+00:00,4089.14,4093.68,4088.69,4093.44,1804,8,0
2026-08-04 20:00:00+00:00,4093.25,4106.33,4092.44,4100.06,2699,8,0
2026-08-04 20:15:00+00:00,4100.17,4101.26,4094.32,4094.73,2277,8,0
2026-08-04 20:30:00+00:00,4094.72,4096.15,4091.69,4095.4,1634,8,0
2026-08-04 20:45:00+00:00,4095.41,4096.45,4086.03,4086.03,1940,8,0
2026-08-04 21:00:00+00:00,4086.09,4088.82,4084.9,4088.55,1974,8,0
2026-08-04 21:15:00+00:00,4088.61,4088.68,4084.34,4084.67,1722,8,0
2026-08-04 21:30:00+00:00,4084.72,4085.76,4076.28,4076.59,1834,8,0
2026-08-04 21:45:00+00:00,4076.6,4081.22,4075.24,4079.83,1560,8,0
2026-08-04 22:00:00+00:00,4079.91,4084.23,4078.79,4081.81,1442,8,0
2026-08-04 22:15:00+00:00,4081.81,4084.89,4079.42,4080.26,1776,8,0
2026-08-04 22:30:00+00:00,4080.27,4082.48,4078.95,4081.32,1734,8,0
2026-08-04 22:45:00+00:00,4081.3,4082.23,4076.36,4078.58,2015,8,0
2026-08-04 23:00:00+00:00,4078.66,4080.3,4078.3,4078.95,1603,10,0
2026-08-04 23:15:00+00:00,4078.98,4078.98,4074.53,4075.32,1550,10,0
2026-08-04 23:30:00+00:00,4075.33,4078.52,4075.22,4077.47,1471,10,0
2026-08-04 23:45:00+00:00,4077.58,4078.18,4076.16,4077.59,1273,10,0
2026-08-05 01:00:00+00:00,4079.6,4079.6,4076.42,4077.0,687,8,0
2026-08-05 01:15:00+00:00,4076.82,4079.81,4075.7,4079.7,1262,8,0
2026-08-05 01:30:00+00:00,4079.8,4085.85,4079.27,4083.97,1274,8,0
2026-08-05 01:45:00+00:00,4084.0,4084.58,4075.65,4075.65,1588,8,0
2026-08-05 02:00:00+00:00,4075.66,4077.13,4068.61,4073.3,2138,8,0
2026-08-05 02:15:00+00:00,4073.35,4074.67,4066.01,4067.67,1728,8,0
2026-08-05 02:30:00+00:00,4067.72,4070.65,4066.41,4069.23,1608,8,0
2026-08-05 02:45:00+00:00,4069.27,4073.65,4069.08,4072.54,1970,8,0
2026-08-05 03:00:00+00:00,4073.24,4074.15,4070.37,4071.82,2559,10,0
2026-08-05 03:15:00+00:00,4071.79,4079.0,4071.32,4078.61,2409,10,0
2026-08-05 03:30:00+00:00,4078.65,4083.14,4078.1,4078.28,2297,8,0
2026-08-05 03:45:00+00:00,4078.3,4083.45,4077.85,4082.51,2522,10,0
2026-08-05 04:00:00+00:00,4082.52,4086.89,4077.61,4085.86,3439,10,0
2026-08-05 04:15:00+00:00,4085.87,4088.74,4082.64,4084.59,3117,10,0
2026-08-05 04:30:00+00:00,4084.6,4093.11,4080.14,4093.1,2970,10,0
2026-08-05 04:45:00+00:00,4093.07,4102.73,4092.79,4101.56,2804,8,0
2026-08-05 05:00:00+00:00,4101.48,4102.95,4096.49,4099.78,2951,10,0
2026-08-05 05:15:00+00:00,4099.8,4108.44,4095.37,4103.58,2520,8,0
2026-08-05 05:30:00+00:00,4103.8,4128.79,4101.48,4128.7,3607,8,0
2026-08-05 05:45:00+00:00,4128.16,4135.44,4124.6,4129.32,3421,8,0
2026-08-05 06:00:00+00:00,4129.21,4136.21,4127.05,4135.85,3037,10,0
2026-08-05 06:15:00+00:00,4136.0,4136.6,4129.86,4130.44,2601,10,0
2026-08-05 06:30:00+00:00,4130.57,4130.86,4127.59,4128.62,1928,10,0
2026-08-05 06:45:00+00:00,4128.64,4130.29,4127.52,4128.35,1407,10,0
2026-08-05 07:00:00+00:00,4128.2,4141.38,4128.2,4138.63,2048,8,0
2026-08-05 07:15:00+00:00,4138.6,4141.11,4137.83,4138.67,1579,10,0
2026-08-05 07:30:00+00:00,4138.92,4138.92,4133.45,4134.67,1484,8,0
2026-08-05 07:45:00+00:00,4134.51,4136.16,4132.48,4135.58,1364,10,0
2026-08-05 08:00:00+00:00,4135.55,4138.27,4134.73,4137.34,1523,8,0
2026-08-05 08:15:00+00:00,4137.14,4142.19,4135.69,4139.6,1706,8,0
2026-08-05 08:30:00+00:00,4139.61,4159.27,4139.6,4157.32,3214,8,0
2026-08-05 08:45:00+00:00,4157.16,4172.87,4157.16,4161.59,2818,8,0
2026-08-05 09:00:00+00:00,4161.57,4174.25,4160.2,4173.12,2080,8,0
2026-08-05 09:15:00+00:00,4173.13,4173.39,4161.12,4168.97,2000,8,0
2026-08-05 09:30:00+00:00,4168.88,4178.23,4167.2,4175.75,2689,8,0
2026-08-05 09:45:00+00:00,4175.82,4178.41,4172.48,4177.52,2614,10,0
2026-08-05 10:00:00+00:00,4177.54,4179.53,4166.19,4166.27,2746,10,0
2026-08-05 10:15:00+00:00,4166.25,4169.39,4163.19,4164.38,2490,10,0
2026-08-05 10:30:00+00:00,4164.43,4166.95,4162.32,4166.64,2196,8,0
2026-08-05 10:45:00+00:00,4166.63,4172.06,4164.29,4170.82,1828,10,0
2026-08-05 11:00:00+00:00,4170.83,4172.69,4164.86,4165.51,2158,10,0
2026-08-05 11:15:00+00:00,4165.45,4168.24,4162.2,4164.53,2267,10,0
2026-08-05 11:30:00+00:00,4164.51,4167.16,4161.42,4166.1,1773,10,0
2026-08-05 11:45:00+00:00,4166.17,4166.25,4158.93,4160.55,1985,10,0
2026-08-05 12:00:00+00:00,4160.64,4167.13,4160.54,4162.82,2053,10,0
2026-08-05 12:15:00+00:00,4162.8,4162.8,4155.27,4157.75,1919,10,0
2026-08-05 12:30:00+00:00,4157.74,4159.19,4154.38,4158.1,1614,10,0
2026-08-05 12:45:00+00:00,4158.12,4159.08,4153.05,4158.01,1364,8,0
2026-08-05 13:00:00+00:00,4157.99,4158.01,4150.33,4151.19,1216,10,0
2026-08-05 13:15:00+00:00,4151.15,4158.52,4150.17,4156.71,1388,10,0
2026-08-05 13:30:00+00:00,4156.79,4157.81,4153.86,4155.15,1468,10,0
2026-08-05 13:45:00+00:00,4155.43,4161.42,4154.05,4161.35,1718,8,0
2026-08-05 14:00:00+00:00,4161.34,4170.99,4160.76,4170.99,2150,8,0
2026-08-05 14:15:00+00:00,4170.87,4180.67,4169.23,4175.95,2281,8,0
2026-08-05 14:30:00+00:00,4176.18,4188.61,4174.14,4184.72,2935,8,0
2026-08-05 14:45:00+00:00,4184.74,4192.64,4182.9,4188.95,2437,8,0
2026-08-05 15:00:00+00:00,4189.3,4199.91,4188.95,4197.28,2809,8,0
2026-08-05 15:15:00+00:00,4197.43,4213.25,4197.43,4205.42,3081,8,0
2026-08-05 15:30:00+00:00,4205.33,4208.96,4192.81,4194.73,3002,8,0
2026-08-05 15:45:00+00:00,4194.72,4195.7,4183.2,4183.94,3028,8,0
2026-08-05 16:00:00+00:00,4183.96,4197.04,4183.76,4187.89,3360,8,0
2026-08-05 16:15:00+00:00,4187.92,4198.34,4185.67,4197.14,3073,8,0
2026-08-05 16:30:00+00:00,4197.22,4204.35,4192.84,4197.29,3802,8,0
2026-08-05 16:45:00+00:00,4197.31,4205.97,4188.98,4205.28,3586,8,0
2026-08-05 17:00:00+00:00,4205.36,4234.91,4202.97,4229.73,3926,8,0
2026-08-05 17:15:00+00:00,4229.68,4240.51,4226.77,4236.87,3778,8,0
2026-08-05 17:30:00+00:00,4237.0,4243.37,4228.81,4243.15,3716,8,0
2026-08-05 17:45:00+00:00,4243.2,4247.55,4233.36,4244.22,3747,8,0
2026-08-05 18:00:00+00:00,4244.18,4260.97,4242.81,4257.76,3565,8,0
2026-08-05 18:15:00+00:00,4257.99,4265.1,4250.14,4257.34,3503,8,0
2026-08-05 18:30:00+00:00,4257.51,4259.8,4252.55,4255.87,3179,8,0
2026-08-05 18:45:00+00:00,4255.95,4255.98,4232.39,4232.67,3386,8,0
2026-08-05 19:00:00+00:00,4232.72,4236.11,4224.71,4234.35,3372,8,0
2026-08-05 19:15:00+00:00,4234.28,4241.78,4232.76,4241.38,2978,8,0
2026-08-05 19:30:00+00:00,4241.45,4246.89,4239.1,4244.59,2925,8,0
2026-08-05 19:45:00+00:00,4244.62,4247.43,4238.43,4242.35,2555,8,0
2026-08-05 20:00:00+00:00,4242.36,4244.38,4239.41,4242.36,2508,8,0
2026-08-05 20:15:00+00:00,4242.33,4245.8,4237.39,4243.97,2676,8,0
2026-08-05 20:30:00+00:00,4244.01,4250.82,4240.24,4248.37,2619,8,0
2026-08-05 20:45:00+00:00,4248.28,4251.69,4247.56,4249.55,2100,8,0
2026-08-05 21:00:00+00:00,4249.1,4256.8,4248.6,4252.49,2230,8,0
2026-08-05 21:15:00+00:00,4252.35,4267.11,4252.28,4262.25,2329,8,0
2026-08-05 21:30:00+00:00,4262.26,4262.94,4253.88,4258.72,2185,8,0
2026-08-05 21:45:00+00:00,4258.67,4262.89,4257.3,4260.25,2036,8,0
2026-08-05 22:00:00+00:00,4260.25,4261.47,4255.54,4258.25,2273,8,0
2026-08-05 22:15:00+00:00,4258.28,4258.33,4250.55,4252.97,2076,8,0
2026-08-05 22:30:00+00:00,4252.96,4254.1,4248.47,4253.34,2138,8,0
2026-08-05 22:45:00+00:00,4253.31,4253.51,4246.69,4247.98,2452,8,0
2026-08-05 23:00:00+00:00,4247.4,4249.91,4247.08,4249.49,1185,8,0
2026-08-05 23:15:00+00:00,4249.55,4249.91,4245.85,4246.57,761,8,0
2026-08-05 23:30:00+00:00,4246.52,4249.8,4245.48,4245.89,719,8,0
2026-08-05 23:45:00+00:00,4245.52,4247.78,4243.27,4247.21,951,10,0
2026-08-06 01:00:00+00:00,4248.8,4253.85,4245.41,4247.61,1065,12,0
2026-08-06 01:15:00+00:00,4247.39,4249.02,4246.94,4247.99,757,10,0
2026-08-06 01:30:00+00:00,4247.51,4250.33,4247.51,4248.27,985,10,0
2026-08-06 01:45:00+00:00,4248.3,4250.3,4247.8,4249.97,1009,8,0
2026-08-06 02:00:00+00:00,4250.21,4258.3,4249.08,4256.17,1088,8,0
2026-08-06 02:15:00+00:00,4256.16,4264.21,4256.03,4263.55,1350,10,0
2026-08-06 02:30:00+00:00,4263.59,4281.89,4261.04,4280.6,2120,8,0
2026-08-06 02:45:00+00:00,4280.58,4280.63,4272.11,4278.19,2046,8,0
2026-08-06 03:00:00+00:00,4277.58,4277.58,4263.28,4269.33,2586,8,0
2026-08-06 03:15:00+00:00,4269.55,4283.86,4269.54,4274.22,2668,8,0
2026-08-06 03:30:00+00:00,4274.03,4290.28,4274.03,4286.31,2399,10,0
2026-08-06 03:45:00+00:00,4286.47,4300.33,4286.05,4294.76,2574,8,0
2026-08-06 04:00:00+00:00,4294.71,4302.72,4280.14,4284.66,3435,8,0
2026-08-06 04:15:00+00:00,4284.66,4287.91,4272.89,4276.06,3067,10,0
2026-08-06 04:30:00+00:00,4275.98,4296.02,4275.83,4288.88,3101,8,0
2026-08-06 04:45:00+00:00,4288.86,4298.49,4284.62,4286.64,2711,8,0
2026-08-06 05:00:00+00:00,4286.61,4304.12,4283.36,4295.25,2827,8,0
2026-08-06 05:15:00+00:00,4295.26,4300.03,4291.73,4292.22,1996,8,0
2026-08-06 05:30:00+00:00,4292.24,4292.42,4280.98,4285.74,2739,8,0
2026-08-06 05:45:00+00:00,4285.83,4287.14,4275.01,4278.52,2683,8,0
2026-08-06 06:00:00+00:00,4278.53,4281.01,4274.05,4274.2,2610,8,0
2026-08-06 06:15:00+00:00,4274.19,4274.19,4260.89,4266.24,2613,8,0
2026-08-06 06:30:00+00:00,4266.27,4266.76,4261.57,4262.92,1663,8,0
2026-08-06 06:45:00+00:00,4262.94,4265.76,4260.47,4265.59,1512,8,0
2026-08-06 07:00:00+00:00,4265.7,4267.28,4262.25,4263.35,1614,8,0
2026-08-06 07:15:00+00:00,4263.38,4263.96,4253.05,4255.31,1809,8,0
2026-08-06 07:30:00+00:00,4255.44,4261.18,4255.44,4258.92,1617,8,0
2026-08-06 07:45:00+00:00,4259.1,4262.98,4258.44,4262.28,1301,8,0
2026-08-06 08:00:00+00:00,4262.16,4265.3,4256.49,4259.48,1938,8,0
2026-08-06 08:15:00+00:00,4259.5,4259.6,4253.15,4253.89,1942,8,0
2026-08-06 08:30:00+00:00,4254.0,4266.08,4247.34,4263.8,2736,8,0
2026-08-06 08:45:00+00:00,4263.83,4268.46,4262.09,4267.29,2367,8,0
2026-08-06 09:00:00+00:00,4267.26,4268.63,4256.71,4260.48,2362,8,0
2026-08-06 09:15:00+00:00,4260.58,4261.14,4254.62,4257.52,2301,8,0
2026-08-06 09:30:00+00:00,4257.64,4257.97,4249.3,4256.37,2020,8,0
2026-08-06 09:45:00+00:00,4256.7,4257.95,4251.07,4256.07,1993,8,0
2026-08-06 10:00:00+00:00,4255.94,4263.75,4253.27,4263.21,2058,8,0
2026-08-06 10:15:00+00:00,4263.49,4265.42,4258.34,4261.85,1747,8,0
2026-08-06 10:30:00+00:00,4261.82,4262.03,4254.76,4254.94,1729,8,0
2026-08-06 10:45:00+00:00,4255.0,4262.9,4252.68,4262.71,1845,8,0
2026-08-06 11:00:00+00:00,4262.9,4269.37,4260.26,4268.95,1921,8,0
2026-08-06 11:15:00+00:00,4268.94,4270.43,4263.64,4267.87,1789,8,0
2026-08-06 11:30:00+00:00,4267.85,4274.94,4266.51,4273.16,1813,8,0
2026-08-06 11:45:00+00:00,4273.21,4278.82,4270.45,4278.2,2177,8,0
2026-08-06 12:00:00+00:00,4278.21,4283.56,4276.02,4279.82,2204,8,0
2026-08-06 12:15:00+00:00,4279.93,4284.81,4278.61,4283.39,1695,8,0
2026-08-06 12:30:00+00:00,4283.38,4284.32,4271.81,4271.97,1838,8,0
2026-08-06 12:45:00+00:00,4271.77,4275.96,4271.29,4273.09,1581,8,0
2026-08-06 13:00:00+00:00,4273.07,4273.68,4268.7,4270.08,1843,8,0
2026-08-06 13:15:00+00:00,4269.52,4271.03,4267.26,4269.23,1670,8,0
2026-08-06 13:30:00+00:00,4269.24,4269.73,4264.73,4265.63,1506,8,0
2026-08-06 13:45:00+00:00,4265.57,4271.53,4264.92,4270.87,1534,8,0
2026-08-06 14:00:00+00:00,4270.98,4273.4,4266.6,4269.07,2225,8,0
2026-08-06 14:15:00+00:00,4269.23,4271.48,4260.28,4264.21,1915,8,0
2026-08-06 14:30:00+00:00,4264.38,4267.01,4259.94,4260.64,1814,8,0
2026-08-06 14:45:00+00:00,4260.77,4263.44,4254.3,4263.43,2257,8,0
2026-08-06 15:00:00+00:00,4263.31,4265.75,4255.46,4256.19,2337,8,0
2026-08-06 15:15:00+00:00,4256.23,4262.83,4253.25,4261.33,2231,8,0
2026-08-06 15:30:00+00:00,4261.58,4270.79,4258.1,4267.13,2271,8,0
2026-08-06 15:45:00+00:00,4267.01,4267.56,4249.08,4250.23,2560,8,0
2026-08-06 16:00:00+00:00,4250.18,4255.81,4231.57,4237.67,3344,8,0
2026-08-06 16:15:00+00:00,4237.56,4248.18,4235.19,4247.6,2764,8,0
2026-08-06 16:30:00+00:00,4247.63,4274.31,4245.88,4270.58,3637,8,0
2026-08-06 16:45:00+00:00,4270.43,4270.44,4262.37,4267.13,3478,8,0
2026-08-06 17:00:00+00:00,4267.05,4275.27,4264.12,4268.38,3427,8,0
2026-08-06 17:15:00+00:00,4268.3,4269.03,4260.27,4265.39,3205,8,0
2026-08-06 17:30:00+00:00,4265.92,4274.75,4265.75,4273.03,3303,8,0
2026-08-06 17:45:00+00:00,4273.0,4275.06,4263.63,4273.03,3140,8,0
2026-08-06 18:00:00+00:00,4273.04,4274.3,4262.45,4264.08,3148,8,0
2026-08-06 18:15:00+00:00,4264.11,4264.16,4250.96,4254.8,3244,8,0
2026-08-06 18:30:00+00:00,4254.86,4255.5,4246.41,4251.51,2878,8,0
2026-08-06 18:45:00+00:00,4251.52,4251.53,4229.64,4233.53,3298,8,0
2026-08-06 19:00:00+00:00,4233.65,4242.64,4231.03,4232.84,3271,8,0
2026-08-06 19:15:00+00:00,4232.85,4232.97,4223.43,4230.07,3350,8,0
2026-08-06 19:30:00+00:00,4230.1,4236.05,4230.1,4233.56,2714,8,0
2026-08-06 19:45:00+00:00,4233.55,4242.54,4231.83,4241.4,2448,8,0
2026-08-06 20:00:00+00:00,4241.41,4244.56,4239.46,4240.22,2393,8,0
2026-08-06 20:15:00+00:00,4240.19,4242.71,4238.11,4241.79,2404,8,0
2026-08-06 20:30:00+00:00,4241.81,4243.49,4238.28,4242.33,2123,8,0
2026-08-06 20:45:00+00:00,4242.34,4248.48,4240.71,4247.5,1949,8,0
2026-08-06 21:00:00+00:00,4247.76,4249.1,4244.45,4246.31,2054,8,0
2026-08-06 21:15:00+00:00,4246.32,4249.06,4245.59,4246.02,1935,8,0
2026-08-06 21:30:00+00:00,4246.01,4247.78,4240.41,4242.4,1641,8,0
2026-08-06 21:45:00+00:00,4242.39,4245.63,4241.1,4243.77,1491,8,0
2026-08-06 22:00:00+00:00,4243.82,4251.88,4243.3,4247.37,1915,8,0
2026-08-06 22:15:00+00:00,4247.47,4248.56,4235.3,4237.83,2190,8,0
2026-08-06 22:30:00+00:00,4237.84,4239.67,4233.07,4234.59,2475,8,0
2026-08-06 22:45:00+00:00,4234.67,4250.74,4234.63,4248.64,2553,8,0
2026-08-06 23:00:00+00:00,4248.68,4249.92,4242.57,4244.31,1268,8,0
2026-08-06 23:15:00+00:00,4244.3,4245.34,4239.64,4241.73,907,8,0
2026-08-06 23:30:00+00:00,4241.71,4242.38,4235.07,4235.27,1005,8,0
2026-08-06 23:45:00+00:00,4235.11,4241.89,4234.68,4239.26,1027,16,0
2026-08-07 01:00:00+00:00,4239.7,4241.7,4235.69,4239.42,539,8,0
2026-08-07 01:15:00+00:00,4239.5,4244.02,4239.36,4242.86,731,8,0
2026-08-07 01:30:00+00:00,4242.84,4243.8,4239.44,4239.7,808,8,0
2026-08-07 01:45:00+00:00,4239.69,4243.4,4239.25,4241.2,609,8,0
2026-08-07 02:00:00+00:00,4240.85,4246.1,4240.7,4245.7,905,8,0
2026-08-07 02:15:00+00:00,4245.67,4246.54,4243.54,4245.79,681,8,0
2026-08-07 02:30:00+00:00,4245.78,4249.28,4244.83,4246.62,744,8,0
2026-08-07 02:45:00+00:00,4246.61,4253.17,4245.73,4252.32,1626,8,0
2026-08-07 03:00:00+00:00,4251.92,4252.83,4243.35,4244.7,2078,8,0
2026-08-07 03:15:00+00:00,4244.8,4246.24,4239.15,4243.97,2267,8,0
2026-08-07 03:30:00+00:00,4243.94,4244.05,4230.18,4234.73,2303,8,0
2026-08-07 03:45:00+00:00,4234.77,4236.87,4229.75,4232.79,2455,8,0
2026-08-07 04:00:00+00:00,4232.78,4246.65,4231.43,4244.15,3021,8,0
2026-08-07 04:15:00+00:00,4244.2,4250.21,4240.17,4243.36,2978,8,0
2026-08-07 04:30:00+00:00,4243.37,4258.73,4239.21,4256.68,3034,8,0
2026-08-07 04:45:00+00:00,4256.67,4259.28,4251.96,4256.79,2619,8,0
2026-08-07 05:00:00+00:00,4256.75,4261.7,4256.03,4258.69,2430,8,0
2026-08-07 05:15:00+00:00,4258.68,4261.24,4257.55,4261.02,1488,8,0
2026-08-07 05:30:00+00:00,4260.68,4261.69,4249.82,4249.82,2459,8,0
2026-08-07 05:45:00+00:00,4249.76,4256.09,4246.55,4250.35,2304,8,0
2026-08-07 06:00:00+00:00,4250.33,4259.37,4249.68,4254.81,2181,8,0
2026-08-07 06:15:00+00:00,4254.69,4258.93,4251.94,4258.8,2008,8,0
2026-08-07 06:30:00+00:00,4258.76,4261.08,4257.62,4260.74,1269,8,0
2026-08-07 06:45:00+00:00,4260.75,4266.36,4259.21,4266.2,1474,8,0
2026-08-07 07:00:00+00:00,4266.18,4270.31,4262.22,4265.98,1965,8,0
2026-08-07 07:15:00+00:00,4265.94,4268.35,4261.89,4265.23,1849,8,0
2026-08-07 07:30:00+00:00,4265.08,4269.19,4260.69,4263.96,1746,8,0
2026-08-07 07:45:00+00:00,4263.99,4267.32,4262.34,4265.0,1095,8,0
2026-08-07 08:00:00+00:00,4265.04,4271.35,4261.97,4269.34,1990,8,0
2026-08-07 08:15:00+00:00,4269.3,4270.59,4264.78,4266.55,1731,8,0
2026-08-07 08:30:00+00:00,4266.58,4277.39,4266.05,4271.48,2681,8,0
2026-08-07 08:45:00+00:00,4271.47,4280.54,4271.47,4278.74,2456,8,0
2026-08-07 09:00:00+00:00,4278.64,4291.16,4278.5,4286.69,2426,8,0
2026-08-07 09:15:00+00:00,4286.72,4291.22,4283.43,4283.78,2758,8,0
2026-08-07 09:30:00+00:00,4283.5,4295.11,4280.38,4292.37,2393,8,0
2026-08-07 09:45:00+00:00,4292.19,4299.09,4289.06,4297.56,2321,8,0
2026-08-07 10:00:00+00:00,4297.5,4298.06,4290.58,4291.5,1886,8,0
2026-08-07 10:15:00+00:00,4291.49,4292.94,4284.91,4285.68,1922,8,0
2026-08-07 10:30:00+00:00,4285.49,4288.85,4284.06,4285.15,1898,8,0
2026-08-07 10:45:00+00:00,4285.14,4291.19,4282.99,4290.13,1853,10,0
2026-08-07 11:00:00+00:00,4289.79,4300.65,4289.17,4299.8,2025,8,0
2026-08-07 11:15:00+00:00,4299.79,4300.74,4293.38,4294.77,2062,8,0
2026-08-07 11:30:00+00:00,4294.9,4316.66,4294.1,4309.14,2383,8,0
2026-08-07 11:45:00+00:00,4309.15,4311.43,4303.35,4306.0,2021,8,0
2026-08-07 12:00:00+00:00,4306.26,4307.23,4304.56,4306.05,1842,10,0
2026-08-07 12:15:00+00:00,4306.07,4310.9,4304.87,4306.61,1747,8,0
2026-08-07 12:30:00+00:00,4306.77,4318.2,4302.29,4316.8,2077,8,0
2026-08-07 12:45:00+00:00,4316.89,4319.97,4314.44,4315.63,2162,8,0
2026-08-07 13:00:00+00:00,4315.61,4319.18,4307.9,4308.35,1820,8,0
2026-08-07 13:15:00+00:00,4308.11,4314.42,4308.0,4313.7,1672,8,0
2026-08-07 13:30:00+00:00,4313.78,4318.36,4313.22,4316.93,1609,8,0
2026-08-07 13:45:00+00:00,4317.04,4320.69,4316.38,4316.91,1649,8,0
2026-08-07 14:00:00+00:00,4317.01,4326.33,4316.82,4320.25,2193,8,0
2026-08-07 14:15:00+00:00,4320.12,4327.39,4317.14,4325.17,2170,8,0
2026-08-07 14:30:00+00:00,4325.12,4327.78,4320.91,4322.92,2029,8,0
2026-08-07 14:45:00+00:00,4322.93,4327.02,4320.87,4321.19,1832,8,0
2026-08-07 15:00:00+00:00,4321.22,4325.43,4314.96,4315.23,2280,8,0
2026-08-07 15:15:00+00:00,4315.06,4317.17,4301.26,4309.87,2590,8,0
2026-08-07 15:30:00+00:00,4309.63,4370.53,4309.63,4367.29,3827,8,0
2026-08-07 15:45:00+00:00,4367.05,4371.89,4355.65,4361.18,3679,8,0
2026-08-07 16:00:00+00:00,4361.33,4363.49,4346.03,4347.78,3613,8,0
2026-08-07 16:15:00+00:00,4347.79,4357.23,4339.88,4355.82,3347,8,0
2026-08-07 16:30:00+00:00,4355.55,4367.22,4350.05,4358.45,3867,8,0
2026-08-07 16:45:00+00:00,4358.5,4359.85,4342.43,4348.1,3745,8,0
2026-08-07 17:00:00+00:00,4348.16,4349.21,4327.45,4333.72,4007,8,0
2026-08-07 17:15:00+00:00,4333.97,4352.04,4329.83,4348.06,3893,8,0
2026-08-07 17:30:00+00:00,4348.2,4349.93,4341.74,4343.5,3580,8,0
2026-08-07 17:45:00+00:00,4343.51,4348.96,4340.36,4341.53,3522,8,0
2026-08-07 18:00:00+00:00,4341.58,4355.99,4340.25,4355.4,3443,8,0
2026-08-07 18:15:00+00:00,4355.34,4357.69,4351.15,4351.15,3033,8,0
2026-08-07 18:30:00+00:00,4351.35,4354.72,4347.28,4348.85,2993,8,0
2026-08-07 18:45:00+00:00,4348.84,4351.11,4340.33,4341.73,2856,8,0
2026-08-07 19:00:00+00:00,4341.63,4350.33,4339.42,4347.15,2824,8,0
2026-08-07 19:15:00+00:00,4347.15,4349.44,4333.82,4337.03,3177,8,0
2026-08-07 19:30:00+00:00,4337.01,4342.44,4332.89,4339.07,2897,8,0
2026-08-07 19:45:00+00:00,4339.0,4342.56,4328.47,4328.51,2790,8,0
2026-08-07 20:00:00+00:00,4328.45,4338.44,4327.24,4335.58,2659,8,0
2026-08-07 20:15:00+00:00,4335.68,4342.23,4333.91,4339.7,2501,8,0
2026-08-07 20:30:00+00:00,4339.72,4339.97,4329.99,4336.29,2581,8,0
2026-08-07 20:45:00+00:00,4336.28,4343.09,4335.0,4340.3,2151,8,0
2026-08-07 21:00:00+00:00,4340.27,4342.99,4334.87,4335.02,1902,8,0
2026-08-07 21:15:00+00:00,4335.09,4337.97,4332.21,4334.46,2025,8,0
2026-08-07 21:30:00+00:00,4334.39,4338.95,4333.43,4334.26,1519,8,0
2026-08-07 21:45:00+00:00,4334.28,4337.53,4332.85,4335.29,1407,8,0
2026-08-07 22:00:00+00:00,4335.2,4345.65,4335.0,4343.01,2733,8,0
2026-08-07 22:15:00+00:00,4343.0,4349.85,4342.48,4347.91,2636,8,0
2026-08-07 22:30:00+00:00,4348.12,4348.35,4343.77,4347.35,2427,8,0
2026-08-07 22:45:00+00:00,4347.37,4348.95,4339.53,4343.51,2810,8,0
2026-08-07 23:00:00+00:00,4343.46,4344.75,4337.55,4341.97,1218,8,0
2026-08-07 23:15:00+00:00,4341.99,4342.29,4336.63,4337.28,773,8,0
2026-08-07 23:30:00+00:00,4337.29,4341.63,4335.42,4341.33,1292,11,0
2026-08-07 23:45:00+00:00,4341.3,4342.97,4339.0,4341.76,1043,11,0
2026-08-10 01:00:00+00:00,4342.0,4352.14,4332.64,4343.57,1700,8,0
2026-08-10 01:15:00+00:00,4343.56,4345.77,4338.45,4343.82,1447,14,0
2026-08-10 01:30:00+00:00,4343.88,4345.35,4340.12,4340.46,1068,10,0
2026-08-10 01:45:00+00:00,4340.38,4344.15,4340.11,4341.59,780,8,0
2026-08-10 02:00:00+00:00,4341.6,4347.7,4341.33,4346.42,1076,8,0
2026-08-10 02:15:00+00:00,4346.45,4349.07,4344.1,4346.47,1148,8,0
2026-08-10 02:30:00+00:00,4346.61,4347.35,4340.09,4342.49,1313,10,0
2026-08-10 02:45:00+00:00,4342.39,4343.46,4332.5,4333.24,1651,10,0
2026-08-10 03:00:00+00:00,4333.18,4347.17,4332.66,4344.24,2554,8,0
2026-08-10 03:15:00+00:00,4344.25,4345.75,4337.31,4337.65,2386,8,0
2026-08-10 03:30:00+00:00,4337.67,4339.32,4333.65,4334.48,2241,10,0
2026-08-10 03:45:00+00:00,4334.54,4337.59,4330.73,4332.31,2121,8,0
2026-08-10 04:00:00+00:00,4332.3,4340.77,4322.14,4323.16,3593,8,0
2026-08-10 04:15:00+00:00,4323.18,4328.36,4316.42,4316.42,2457,8,0
2026-08-10 04:30:00+00:00,4316.43,4320.96,4313.38,4317.54,2746,8,0
2026-08-10 04:45:00+00:00,4317.53,4324.61,4316.16,4322.92,2379,8,0
2026-08-10 05:00:00+00:00,4322.91,4326.14,4319.2,4324.93,2183,8,0
2026-08-10 05:15:00+00:00,4324.92,4332.61,4323.97,4331.24,1616,8,0
2026-08-10 05:30:00+00:00,4331.26,4332.84,4323.54,4326.49,2462,8,0
2026-08-10 05:45:00+00:00,4326.42,4327.29,4318.8,4319.56,2131,8,0
2026-08-10 06:00:00+00:00,4319.65,4321.2,4317.71,4320.03,2060,8,0
2026-08-10 06:15:00+00:00,4320.11,4328.15,4319.6,4327.3,2038,8,0
2026-08-10 06:30:00+00:00,4327.29,4330.01,4324.78,4325.26,1361,8,0
2026-08-10 06:45:00+00:00,4325.25,4327.88,4324.56,4326.68,886,10,0
2026-08-10 07:00:00+00:00,4326.7,4332.73,4323.17,4332.7,1549,8,0
2026-08-10 07:15:00+00:00,4332.34,4337.44,4330.84,4334.62,1445,10,0
2026-08-10 07:30:00+00:00,4334.58,4336.26,4329.76,4332.18,1394,8,0
2026-08-10 07:45:00+00:00,4332.17,4339.63,4331.97,4339.46,1468,8,0
2026-08-10 08:00:00+00:00,4339.34,4339.83,4333.54,4334.9,1347,8,0
2026-08-10 08:15:00+00:00,4335.04,4336.54,4332.73,4333.94,1089,8,0
2026-08-10 08:30:00+00:00,4333.89,4344.15,4331.73,4343.48,2869,8,0
2026-08-10 08:45:00+00:00,4343.23,4352.09,4340.67,4347.62,2455,8,0
2026-08-10 09:00:00+00:00,4347.23,4350.01,4341.92,4347.24,2331,8,0
2026-08-10 09:15:00+00:00,4347.15,4349.67,4342.66,4348.26,2125,8,0
2026-08-10 09:30:00+00:00,4348.22,4355.85,4346.01,4355.2,1933,8,0
2026-08-10 09:45:00+00:00,4355.21,4359.38,4355.02,4357.74,1982,8,0
2026-08-10 10:00:00+00:00,4357.77,4358.42,4349.76,4350.87,2148,8,0
2026-08-10 10:15:00+00:00,4350.86,4358.86,4350.22,4355.1,1892,8,0
2026-08-10 10:30:00+00:00,4355.08,4359.96,4352.61,4359.44,1784,8,0
2026-08-10 10:45:00+00:00,4359.33,4362.0,4354.96,4355.37,1983,8,0
2026-08-10 11:00:00+00:00,4355.39,4356.29,4351.55,4354.36,1707,8,0
2026-08-10 11:15:00+00:00,4354.38,4356.3,4352.19,4355.7,1421,8,0
2026-08-10 11:30:00+00:00,4355.65,4356.74,4345.83,4346.41,1660,8,0
2026-08-10 11:45:00+00:00,4346.36,4349.08,4343.94,4346.75,1841,8,0
2026-08-10 12:00:00+00:00,4346.66,4350.1,4345.7,4349.71,1775,8,0
2026-08-10 12:15:00+00:00,4349.73,4349.73,4345.29,4347.0,1304,8,0
2026-08-10 12:30:00+00:00,4346.9,4346.92,4340.93,4344.19,1724,8,0
2026-08-10 12:45:00+00:00,4344.32,4345.34,4340.89,4341.28,1478,10,0
2026-08-10 13:00:00+00:00,4341.25,4341.55,4339.23,4340.8,1536,8,0
2026-08-10 13:15:00+00:00,4340.76,4344.15,4339.34,4343.77,1337,8,0
2026-08-10 13:30:00+00:00,4343.71,4344.19,4337.83,4337.83,1489,8,0
2026-08-10 13:45:00+00:00,4337.86,4340.65,4335.51,4335.75,1410,8,0
2026-08-10 14:00:00+00:00,4335.82,4336.69,4330.03,4331.56,1857,8,0
2026-08-10 14:15:00+00:00,4331.45,4336.39,4329.01,4335.37,1525,8,0
2026-08-10 14:30:00+00:00,4334.76,4339.43,4334.6,4337.4,1556,8,0
2026-08-10 14:45:00+00:00,4337.39,4337.92,4332.13,4335.13,1493,8,0
2026-08-10 15:00:00+00:00,4335.12,4337.43,4330.76,4331.5,1771,8,0
2026-08-10 15:15:00+00:00,4331.68,4332.24,4324.16,4327.76,2149,8,0
2026-08-10 15:30:00+00:00,4327.78,4332.5,4326.39,4329.11,2210,8,0
2026-08-10 15:45:00+00:00,4329.12,4335.65,4328.86,4332.52,1920,8,0
2026-08-10 16:00:00+00:00,4332.58,4337.84,4326.03,4337.18,2739,8,0
2026-08-10 16:15:00+00:00,4337.21,4337.77,4329.15,4335.0,2345,8,0
2026-08-10 16:30:00+00:00,4334.83,4339.65,4330.85,4331.61,3827,8,0
2026-08-10 16:45:00+00:00,4331.67,4332.66,4317.5,4318.55,3649,8,0
2026-08-10 17:00:00+00:00,4318.7,4331.95,4318.7,4331.09,2883,8,0
2026-08-10 17:15:00+00:00,4331.07,4349.0,4329.25,4346.37,3241,8,0
2026-08-10 17:30:00+00:00,4346.34,4352.77,4345.59,4350.33,3053,8,0
2026-08-10 17:45:00+00:00,4350.35,4351.58,4343.05,4345.79,2749,8,0
2026-08-10 18:00:00+00:00,4345.78,4352.44,4343.67,4347.54,3030,8,0
2026-08-10 18:15:00+00:00,4347.43,4352.82,4346.55,4349.72,2799,8,0
2026-08-10 18:30:00+00:00,4349.91,4352.59,4348.54,4350.78,2385,8,0
2026-08-10 18:45:00+00:00,4350.91,4360.35,4349.4,4359.18,2819,8,0
2026-08-10 19:00:00+00:00,4359.27,4365.56,4357.63,4362.23,3095,8,0
2026-08-10 19:15:00+00:00,4362.27,4365.4,4361.76,4363.57,2658,8,0
2026-08-10 19:30:00+00:00,4363.61,4363.89,4351.15,4352.53,2663,8,0
2026-08-10 19:45:00+00:00,4352.46,4356.98,4352.29,4356.87,2297,8,0
2026-08-10 20:00:00+00:00,4356.91,4358.29,4351.85,4357.27,2254,8,0
2026-08-10 20:15:00+00:00,4357.24,4361.37,4356.53,4361.16,2507,8,0
2026-08-10 20:30:00+00:00,4361.25,4365.46,4359.61,4360.36,2182,8,0
2026-08-10 20:45:00+00:00,4360.43,4361.36,4357.65,4361.02,2317,8,0
2026-08-10 21:00:00+00:00,4361.01,4366.14,4360.69,4363.93,2434,8,0
2026-08-10 21:15:00+00:00,4363.87,4367.98,4362.31,4366.75,2399,8,0
2026-08-10 21:30:00+00:00,4366.7,4383.07,4366.01,4379.88,2958,8,0
2026-08-10 21:45:00+00:00,4379.82,4379.94,4373.52,4378.62,2675,8,0
2026-08-10 22:00:00+00:00,4378.66,4383.52,4378.66,4382.17,2672,8,0
2026-08-10 22:15:00+00:00,4382.07,4391.69,4381.48,4390.91,2757,8,0
2026-08-10 22:30:00+00:00,4390.77,4394.21,4385.22,4388.99,2920,8,0
2026-08-10 22:45:00+00:00,4388.96,4395.85,4387.51,4388.87,2739,8,0
2026-08-10 23:00:00+00:00,4388.92,4391.53,4386.69,4389.56,941,8,0
2026-08-10 23:15:00+00:00,4389.68,4392.07,4386.66,4391.11,797,8,0
2026-08-10 23:30:00+00:00,4391.13,4392.25,4390.62,4390.78,647,8,0
2026-08-10 23:45:00+00:00,4390.62,4391.49,4389.51,4389.82,772,11,0
2026-08-11 01:00:00+00:00,4388.97,4393.1,4388.78,4391.63,920,10,0
2026-08-11 01:15:00+00:00,4391.65,4393.7,4390.98,4392.12,752,8,0
2026-08-11 01:30:00+00:00,4392.18,4396.25,4392.11,4395.39,905,8,0
2026-08-11 01:45:00+00:00,4395.43,4400.67,4395.43,4398.99,1066,8,0
2026-08-11 02:00:00+00:00,4399.31,4402.13,4395.83,4397.48,1292,8,0
2026-08-11 02:15:00+00:00,4397.49,4397.49,4394.71,4395.43,845,8,0
2026-08-11 02:30:00+00:00,4395.37,4398.94,4395.31,4398.71,852,8,0
2026-08-11 02:45:00+00:00,4398.78,4402.52,4396.47,4402.35,1816,8,0
2026-08-11 03:00:00+00:00,4402.91,4408.98,4396.44,4404.96,2184,8,0
2026-08-11 03:15:00+00:00,4405.31,4416.12,4404.66,4414.0,1916,8,0
2026-08-11 03:30:00+00:00,4414.01,4414.1,4407.53,4413.91,1866,8,0
2026-08-11 03:45:00+00:00,4414.04,4419.23,4408.4,4409.64,1908,8,0
2026-08-11 04:00:00+00:00,4409.43,4415.32,4393.71,4414.44,3410,8,0
2026-08-11 04:15:00+00:00,4414.62,4420.1,4412.68,4419.13,2758,8,0
2026-08-11 04:30:00+00:00,4419.31,4422.32,4415.04,4415.21,2574,8,0
2026-08-11 04:45:00+00:00,4415.23,4434.05,4414.6,4429.65,2677,8,0
2026-08-11 05:00:00+00:00,4429.73,4434.51,4422.04,4433.72,2503,8,0
2026-08-11 05:15:00+00:00,4433.86,4435.25,4425.98,4428.65,1748,8,0
2026-08-11 05:30:00+00:00,4428.49,4429.11,4413.98,4418.46,2620,8,0
2026-08-11 05:45:00+00:00,4418.45,4419.03,4407.97,4411.04,2363,8,0
2026-08-11 06:00:00+00:00,4410.99,4415.28,4409.86,4413.49,1957,8,0
2026-08-11 06:15:00+00:00,4413.45,4420.74,4412.95,4420.29,1792,8,0
2026-08-11 06:30:00+00:00,4420.37,4421.52,4415.67,4416.0,1252,8,0
2026-08-11 06:45:00+00:00,4415.96,4418.79,4414.11,4416.77,1175,8,0
2026-08-11 07:00:00+00:00,4416.78,4419.55,4412.07,4413.93,1374,8,0
2026-08-11 07:15:00+00:00,4413.96,4415.85,4410.01,4415.38,1343,8,0
2026-08-11 07:30:00+00:00,4415.3,4420.26,4408.26,4410.12,2033,8,0
2026-08-11 07:45:00+00:00,4410.13,4411.32,4403.43,4408.84,1727,8,0
2026-08-11 08:00:00+00:00,4408.88,4409.01,4399.44,4402.09,1487,8,0
2026-08-11 08:15:00+00:00,4402.07,4402.08,4390.96,4392.33,1937,8,0
2026-08-11 08:30:00+00:00,4392.39,4392.39,4372.63,4377.11,3330,8,0
2026-08-11 08:45:00+00:00,4377.08,4378.22,4367.54,4375.35,2883,8,0
2026-08-11 09:00:00+00:00,4375.34,4382.52,4371.62,4372.8,2694,8,0
2026-08-11 09:15:00+00:00,4372.89,4376.09,4362.16,4363.42,2779,8,0
2026-08-11 09:30:00+00:00,4363.52,4369.26,4359.78,4363.73,2596,8,0
2026-08-11 09:45:00+00:00,4363.65,4367.52,4359.87,4366.07,2348,8,0
2026-08-11 10:00:00+00:00,4366.14,4367.81,4361.32,4363.37,1979,8,0
2026-08-11 10:15:00+00:00,4363.32,4365.86,4357.59,4362.99,1899,8,0
2026-08-11 10:30:00+00:00,4363.15,4364.79,4356.88,4358.42,2000,8,0
2026-08-11 10:45:00+00:00,4358.59,4361.64,4356.79,4357.73,1572,8,0
2026-08-11 11:00:00+00:00,4357.63,4366.68,4356.95,4364.96,1948,8,0
2026-08-11 11:15:00+00:00,4365.13,4369.72,4359.33,4369.14,2106,8,0
2026-08-11 11:30:00+00:00,4369.25,4375.92,4368.72,4374.78,1869,8,0
2026-08-11 11:45:00+00:00,4374.79,4376.13,4369.12,4369.12,1787,8,0
2026-08-11 12:00:00+00:00,4369.11,4372.93,4367.63,4372.43,1671,8,0
2026-08-11 12:15:00+00:00,4372.52,4375.56,4370.77,4371.96,1976,8,0
2026-08-11 12:30:00+00:00,4371.95,4374.96,4370.32,4370.49,1706,8,0
2026-08-11 12:45:00+00:00,4370.42,4374.64,4370.32,4372.41,1343,8,0
2026-08-11 13:00:00+00:00,4372.4,4376.09,4371.26,4373.25,1490,8,0
2026-08-11 13:15:00+00:00,4373.25,4381.77,4372.39,4378.25,1908,8,0
2026-08-11 13:30:00+00:00,4378.25,4380.96,4376.98,4377.71,1645,8,0
2026-08-11 13:45:00+00:00,4377.73,4382.57,4377.61,4382.44,1463,8,0
2026-08-11 14:00:00+00:00,4382.41,4393.04,4380.36,4391.31,3039,8,0
2026-08-11 14:15:00+00:00,4391.47,4392.43,4385.21,4387.39,2073,8,0
2026-08-11 14:30:00+00:00,4387.65,4388.13,4383.08,4385.82,1782,8,0
2026-08-11 14:45:00+00:00,4386.34,4389.9,4384.98,4387.51,1871,8,0
2026-08-11 15:00:00+00:00,4387.53,4397.05,4383.67,4396.34,2372,8,0
2026-08-11 15:15:00+00:00,4396.32,4399.53,4387.59,4391.23,2650,8,0
2026-08-11 15:30:00+00:00,4391.36,4398.55,4388.8,4398.53,2213,8,0
2026-08-11 15:45:00+00:00,4398.54,4400.03,4392.0,4392.24,2012,8,0
2026-08-11 16:00:00+00:00,4392.25,4400.77,4391.83,4393.67,2685,8,0
2026-08-11 16:15:00+00:00,4393.66,4400.13,4389.39,4397.27,2603,8,0
2026-08-11 16:30:00+00:00,4397.26,4401.04,4388.26,4399.07,3185,8,0
2026-08-11 16:45:00+00:00,4399.09,4403.41,4385.28,4390.0,3174,8,0
2026-08-11 17:00:00+00:00,4390.16,4390.73,4382.22,4386.83,2987,8,0
2026-08-11 17:15:00+00:00,4387.07,4390.78,4382.0,4383.97,2839,8,0
2026-08-11 17:30:00+00:00,4384.02,4395.58,4383.97,4393.78,2780,8,0
2026-08-11 17:45:00+00:00,4393.77,4398.27,4392.14,4394.43,2512,8,0
2026-08-11 18:00:00+00:00,4394.63,4399.12,4389.54,4392.53,2584,8,0
2026-08-11 18:15:00+00:00,4392.56,4392.56,4382.36,4387.03,2754,8,0
2026-08-11 18:30:00+00:00,4387.07,4387.18,4368.34,4375.22,2944,8,0
2026-08-11 18:45:00+00:00,4375.18,4384.11,4374.38,4384.05,2456,8,0
2026-08-11 19:00:00+00:00,4383.98,4385.03,4378.72,4379.49,2234,8,0
2026-08-11 19:15:00+00:00,4379.53,4383.42,4378.46,4382.9,2077,9,0
2026-08-11 19:30:00+00:00,4383.04,4386.54,4379.28,4385.51,1806,9,0
2026-08-11 19:45:00+00:00,4385.53,4386.2,4381.81,4384.19,1941,8,0
2026-08-11 20:00:00+00:00,4384.18,4386.46,4381.11,4381.12,1979,8,0
2026-08-11 20:15:00+00:00,4381.09,4384.36,4378.96,4381.41,2130,8,0
2026-08-11 20:30:00+00:00,4381.43,4381.97,4374.36,4376.07,2031,8,0
2026-08-11 20:45:00+00:00,4376.28,4377.57,4369.22,4369.39,1747,8,0
2026-08-11 21:00:00+00:00,4369.34,4369.34,4360.45,4363.97,2505,9,0
2026-08-11 21:15:00+00:00,4364.01,4367.3,4360.75,4361.7,2276,8,0
2026-08-11 21:30:00+00:00,4361.64,4371.89,4361.51,4371.16,1978,8,0
2026-08-11 21:45:00+00:00,4371.13,4372.75,4369.35,4370.8,1609,8,0
2026-08-11 22:00:00+00:00,4370.82,4371.45,4364.2,4364.47,1858,11,0
2026-08-11 22:15:00+00:00,4364.54,4370.9,4361.3,4370.46,1877,8,0
2026-08-11 22:30:00+00:00,4370.56,4374.4,4365.72,4366.8,1862,8,0
2026-08-11 22:45:00+00:00,4366.78,4372.54,4365.56,4369.8,1971,8,0
2026-08-11 23:00:00+00:00,4369.82,4370.32,4367.75,4369.59,1063,8,0
2026-08-11 23:15:00+00:00,4369.61,4370.23,4366.9,4369.5,682,9,0
2026-08-11 23:30:00+00:00,4369.51,4369.75,4366.73,4366.91,617,11,0
2026-08-11 23:45:00+00:00,4366.9,4369.29,4366.19,4369.29,655,19,0
2026-08-12 01:00:00+00:00,4370.84,4375.63,4370.76,4374.02,1013,11,0
2026-08-12 01:15:00+00:00,4374.0,4377.08,4373.36,4376.64,1233,19,0
2026-08-12 01:30:00+00:00,4376.61,4378.07,4375.25,4376.35,1158,19,0
2026-08-12 01:45:00+00:00,4376.36,4378.41,4367.3,4368.86,1602,19,0
2026-08-12 02:00:00+00:00,4368.94,4369.82,4362.54,4366.59,1836,17,0
2026-08-12 02:15:00+00:00,4366.58,4374.55,4365.24,4372.64,1416,11,0
2026-08-12 02:30:00+00:00,4372.77,4372.84,4366.68,4367.92,952,11,0
2026-08-12 02:45:00+00:00,4367.91,4371.82,4367.91,4371.52,1027,15,0
2026-08-12 03:00:00+00:00,4369.97,4379.99,4366.88,4379.25,2021,14,0
2026-08-12 03:15:00+00:00,4379.22,4381.73,4374.74,4381.04,1919,11,0
2026-08-12 03:30:00+00:00,4381.32,4383.68,4379.42,4382.84,1647,11,0
2026-08-12 03:45:00+00:00,4382.81,4383.16,4377.45,4380.56,1558,12,0
2026-08-12 04:00:00+00:00,4380.52,4390.72,4378.39,4390.39,2571,14,0
2026-08-12 04:15:00+00:00,4390.38,4394.18,4386.75,4390.5,2069,13,0
2026-08-12 04:30:00+00:00,4390.54,4393.19,4385.32,4393.11,2238,12,0
2026-08-12 04:45:00+00:00,4393.07,4397.4,4391.14,4396.42,2098,11,0
2026-08-12 05:00:00+00:00,4396.43,4404.74,4394.22,4401.86,2023,14,0
2026-08-12 05:15:00+00:00,4401.76,4403.71,4399.44,4402.21,1602,11,0
2026-08-12 05:30:00+00:00,4402.21,4408.22,4397.64,4405.57,2270,11,0
2026-08-12 05:45:00+00:00,4405.56,4414.38,4405.37,4411.43,2258,11,0
2026-08-12 06:00:00+00:00,4411.36,4415.83,4408.66,4410.73,2192,11,0
2026-08-12 06:15:00+00:00,4410.68,4410.77,4404.52,4407.3,1951,11,0
2026-08-12 06:30:00+00:00,4407.27,4408.65,4401.39,4401.4,1483,11,0
2026-08-12 06:45:00+00:00,4401.35,4403.74,4400.81,4402.21,1189,11,0
2026-08-12 07:00:00+00:00,4402.25,4403.19,4396.04,4396.82,1210,11,0
2026-08-12 07:15:00+00:00,4396.83,4398.71,4394.63,4398.43,1222,11,0
2026-08-12 07:30:00+00:00,4398.41,4400.0,4395.38,4399.96,1211,11,0
2026-08-12 07:45:00+00:00,4399.98,4402.26,4399.24,4401.0,1176,11,0
2026-08-12 08:00:00+00:00,4400.95,4404.77,4400.16,4401.14,1229,14,0
2026-08-12 08:15:00+00:00,4401.09,4401.09,4392.5,4392.67,1527,11,0
2026-08-12 08:30:00+00:00,4392.65,4396.92,4387.95,4388.16,2312,17,0
2026-08-12 08:45:00+00:00,4387.93,4394.02,4383.99,4391.45,2092,13,0
2026-08-12 09:00:00+00:00,4391.07,4393.09,4385.25,4387.07,1993,8,0
2026-08-12 09:15:00+00:00,4387.09,4390.52,4385.71,4389.88,1767,9,0
2026-08-12 09:30:00+00:00,4389.81,4397.44,4388.41,4394.38,2110,8,0
2026-08-12 09:45:00+00:00,4394.55,4406.33,4394.55,4403.25,2155,8,0
2026-08-12 10:00:00+00:00,4403.47,4406.06,4400.95,4401.59,1679,8,0
2026-08-12 10:15:00+00:00,4401.52,4402.74,4398.23,4402.41,1477,8,0
2026-08-12 10:30:00+00:00,4402.39,4408.52,4401.42,4407.87,1482,8,0
2026-08-12 10:45:00+00:00,4407.84,4410.03,4404.78,4406.34,1528,8,0
2026-08-12 11:00:00+00:00,4406.35,4410.5,4405.85,4408.61,1534,8,0
2026-08-12 11:15:00+00:00,4408.6,4409.44,4405.62,4406.9,1402,8,0
2026-08-12 11:30:00+00:00,4406.95,4407.56,4404.47,4406.08,1364,8,0
2026-08-12 11:45:00+00:00,4406.09,4406.09,4401.72,4401.72,1289,8,0
2026-08-12 12:00:00+00:00,4401.81,4413.08,4401.81,4413.0,1563,10,0
2026-08-12 12:15:00+00:00,4413.04,4424.08,4412.38,4413.24,2307,11,0
2026-08-12 12:30:00+00:00,4413.19,4417.07,4411.93,4413.71,1979,10,0
2026-08-12 12:45:00+00:00,4413.77,4416.48,4410.84,4415.82,1817,9,0
2026-08-12 13:00:00+00:00,4415.81,4419.29,4414.41,4417.91,1603,8,0
2026-08-12 13:15:00+00:00,4417.93,4420.91,4417.45,4419.6,1553,8,0
2026-08-12 13:30:00+00:00,4419.61,4419.75,4412.93,4414.74,1532,8,0
2026-08-12 13:45:00+00:00,4414.64,4415.7,4407.38,4412.72,1834,9,0
2026-08-12 14:00:00+00:00,4412.86,4415.19,4407.88,4408.18,1603,10,0
2026-08-12 14:15:00+00:00,4407.87,4416.73,4407.87,4414.99,1520,9,0
2026-08-12 14:30:00+00:00,4415.05,4415.87,4410.23,4413.33,1462,8,0
2026-08-12 14:45:00+00:00,4413.33,4415.42,4412.55,4412.72,1319,8,0
2026-08-12 15:00:00+00:00,4412.71,4413.07,4406.35,4408.72,1925,8,0
2026-08-12 15:15:00+00:00,4408.64,4425.0,4404.73,4425.0,2401,8,0
2026-08-12 15:30:00+00:00,4427.41,4437.78,4384.3,4429.76,3287,14,0
2026-08-12 15:45:00+00:00,4428.58,4437.95,4417.17,4437.3,3042,11,0
2026-08-12 16:00:00+00:00,4437.53,4441.22,4421.05,4422.25,3197,11,0
2026-08-12 16:15:00+00:00,4421.96,4428.95,4415.43,4418.52,2974,10,0
2026-08-12 16:30:00+00:00,4418.5,4420.71,4408.51,4416.13,3377,13,0
2026-08-12 16:45:00+00:00,4416.59,4433.31,4415.5,4426.89,3217,8,0
2026-08-12 17:00:00+00:00,4426.87,4434.14,4420.98,4431.12,3058,8,0
2026-08-12 17:15:00+00:00,4431.17,4438.94,4429.33,4430.6,2870,9,0
2026-08-12 17:30:00+00:00,4430.71,4435.21,4416.47,4425.0,3073,13,0
2026-08-12 17:45:00+00:00,4425.03,4432.4,4415.82,4421.28,3207,8,0
2026-08-12 18:00:00+00:00,4421.23,4429.34,4414.1,4426.06,3019,9,0
2026-08-12 18:15:00+00:00,4425.99,4427.32,4418.88,4420.69,2586,8,0
2026-08-12 18:30:00+00:00,4420.89,4424.61,4416.03,4417.62,2451,9,0
2026-08-12 18:45:00+00:00,4417.36,4422.32,4410.31,4421.01,2507,8,0
2026-08-12 19:00:00+00:00,4421.02,4425.65,4416.09,4422.66,2430,8,0
2026-08-12 19:15:00+00:00,4422.62,4425.74,4421.65,4422.6,2197,8,0
2026-08-12 19:30:00+00:00,4422.48,4423.2,4409.46,4410.88,2474,8,0
2026-08-12 19:45:00+00:00,4410.87,4411.25,4396.45,4400.95,2745,9,0
2026-08-12 20:00:00+00:00,4401.16,4407.6,4399.27,4403.53,2324,8,0
2026-08-12 20:15:00+00:00,4403.54,4409.8,4402.0,4406.45,2356,8,0
2026-08-12 20:30:00+00:00,4406.64,4411.5,4400.61,4401.27,2078,8,0
2026-08-12 20:45:00+00:00,4401.22,4405.58,4399.05,4399.37,1982,8,0
2026-08-12 21:00:00+00:00,4399.42,4406.58,4396.34,4405.78,1892,8,0
2026-08-12 21:15:00+00:00,4405.84,4411.1,4404.61,4408.44,1796,8,0
2026-08-12 21:30:00+00:00,4408.49,4413.64,4407.95,4413.51,1683,8,0
2026-08-12 21:45:00+00:00,4413.53,4417.87,4412.82,4413.06,1630,8,0
2026-08-12 22:00:00+00:00,4413.03,4418.35,4412.91,4416.37,1633,8,0
2026-08-12 22:15:00+00:00,4416.38,4417.93,4415.7,4416.62,1522,9,0
2026-08-12 22:30:00+00:00,4416.63,4416.69,4411.33,4413.22,1802,9,0
2026-08-12 22:45:00+00:00,4413.12,4414.06,4408.29,4413.96,2055,8,0
2026-08-12 23:00:00+00:00,4413.87,4414.16,4408.78,4409.02,1039,8,0
2026-08-12 23:15:00+00:00,4409.04,4409.92,4406.65,4407.93,839,8,0
2026-08-12 23:30:00+00:00,4407.92,4408.76,4406.79,4407.97,727,8,0
2026-08-12 23:45:00+00:00,4408.02,4408.89,4406.67,4408.3,643,19,0
2026-08-13 01:00:00+00:00,4410.49,4411.39,4402.5,4403.11,983,17,0
2026-08-13 01:15:00+00:00,4403.17,4403.21,4398.33,4399.4,715,16,0
2026-08-13 01:30:00+00:00,4399.39,4401.77,4398.78,4400.07,921,12,0
2026-08-13 01:45:00+00:00,4400.0,4403.0,4399.87,4402.37,562,15,0
2026-08-13 02:00:00+00:00,4401.78,4405.9,4401.71,4405.61,740,11,0
2026-08-13 02:15:00+00:00,4405.65,4409.81,4405.64,4408.38,759,11,0
2026-08-13 02:30:00+00:00,4408.33,4410.41,4407.36,4408.51,617,12,0
2026-08-13 02:45:00+00:00,4408.6,4414.4,4407.95,4414.35,951,11,0
2026-08-13 03:00:00+00:00,4413.61,4422.1,4413.02,4419.18,2070,17,0
2026-08-13 03:15:00+00:00,4419.22,4437.65,4419.22,4428.35,2329,17,0
2026-08-13 03:30:00+00:00,4428.33,4449.73,4424.62,4439.66,2459,16,0
2026-08-13 03:45:00+00:00,4439.93,4440.2,4424.08,4427.98,2282,14,0
2026-08-13 04:00:00+00:00,4427.99,4435.3,4422.84,4430.15,2912,14,0
2026-08-13 04:15:00+00:00,4430.06,4435.24,4419.17,4419.39,2455,14,0
2026-08-13 04:30:00+00:00,4419.27,4430.11,4417.77,4419.3,2605,16,0
2026-08-13 04:45:00+00:00,4419.24,4419.25,4406.23,4408.42,2659,11,0
2026-08-13 05:00:00+00:00,4408.46,4414.06,4405.48,4410.53,2436,11,0
2026-08-13 05:15:00+00:00,4410.66,4412.44,4405.99,4406.67,1536,11,0
2026-08-13 05:30:00+00:00,4406.52,4410.33,4398.98,4410.33,2647,13,0
2026-08-13 05:45:00+00:00,4410.34,4410.53,4405.55,4407.31,1963,15,0
2026-08-13 06:00:00+00:00,4407.09,4412.2,4404.16,4407.05,2165,13,0
2026-08-13 06:15:00+00:00,4407.24,4410.12,4405.62,4409.18,1937,13,0
2026-08-13 06:30:00+00:00,4409.2,4410.47,4405.46,4405.91,1269,13,0
2026-08-13 06:45:00+00:00,4406.3,4407.6,4398.67,4400.24,1512,14,0
2026-08-13 07:00:00+00:00,4400.21,4400.27,4391.63,4394.46,1993,14,0
2026-08-13 07:15:00+00:00,4394.49,4399.17,4392.54,4398.2,1593,12,0
2026-08-13 07:30:00+00:00,4398.19,4399.53,4395.14,4395.86,1281,12,0
2026-08-13 07:45:00+00:00,4395.82,4398.86,4395.32,4397.81,1637,11,0
2026-08-13 08:00:00+00:00,4397.79,4404.72,4393.16,4404.41,2049,12,0
2026-08-13 08:15:00+00:00,4404.44,4407.22,4400.92,4406.33,1713,11,0
2026-08-13 08:30:00+00:00,4406.41,4407.03,4386.47,4387.84,2684,11,0
2026-08-13 08:45:00+00:00,4387.72,4389.27,4380.57,4382.99,2683,12,0
2026-08-13 09:00:00+00:00,4383.0,4385.54,4375.1,4375.74,2631,8,0
2026-08-13 09:15:00+00:00,4375.65,4378.81,4374.23,4375.97,2140,8,0
2026-08-13 09:30:00+00:00,4376.01,4378.56,4369.03,4374.1,2397,8,0
2026-08-13 09:45:00+00:00,4374.14,4381.52,4374.08,4381.08,2265,8,0
2026-08-13 10:00:00+00:00,4381.22,4381.77,4375.21,4376.99,2138,8,0
2026-08-13 10:15:00+00:00,4376.99,4377.76,4373.95,4376.44,2054,8,0
2026-08-13 10:30:00+00:00,4375.82,4378.74,4372.14,4378.51,1957,8,0
2026-08-13 10:45:00+00:00,4378.52,4378.77,4369.32,4369.97,2051,8,0
2026-08-13 11:00:00+00:00,4369.72,4370.54,4364.09,4366.0,2303,8,0
2026-08-13 11:15:00+00:00,4365.99,4373.5,4364.98,4372.28,2061,8,0
2026-08-13 11:30:00+00:00,4372.31,4375.47,4371.62,4373.27,1713,8,0
2026-08-13 11:45:00+00:00,4373.3,4379.32,4373.17,4375.9,1547,8,0
2026-08-13 12:00:00+00:00,4375.86,4378.37,4372.51,4377.06,1796,8,0
2026-08-13 12:15:00+00:00,4377.01,4382.27,4376.26,4380.04,1794,8,0
2026-08-13 12:30:00+00:00,4379.91,4381.76,4378.89,4380.3,1552,8,0
2026-08-13 12:45:00+00:00,4380.09,4384.87,4378.56,4384.57,1489,8,0
2026-08-13 13:00:00+00:00,4384.86,4385.31,4381.51,4381.52,1451,8,0
2026-08-13 13:15:00+00:00,4381.56,4387.62,4381.56,4387.14,1422,8,0
2026-08-13 13:30:00+00:00,4387.15,4390.57,4384.65,4390.46,1296,8,0
2026-08-13 13:45:00+00:00,4390.53,4393.79,4388.27,4392.17,1346,8,0
2026-08-13 14:00:00+00:00,4392.0,4394.35,4388.54,4394.29,1541,8,0
2026-08-13 14:15:00+00:00,4394.26,4396.62,4388.17,4388.18,1744,8,0
2026-08-13 14:30:00+00:00,4388.08,4389.84,4383.81,4384.08,1656,8,0
2026-08-13 14:45:00+00:00,4384.05,4387.55,4382.93,4387.43,1666,8,0
2026-08-13 15:00:00+00:00,4387.45,4391.65,4385.78,4389.14,2080,8,0
2026-08-13 15:15:00+00:00,4389.12,4392.58,4384.48,4390.87,2088,8,0
2026-08-13 15:30:00+00:00,4390.81,4401.32,4381.78,4392.6,2832,11,0
2026-08-13 15:45:00+00:00,4392.45,4401.93,4391.74,4401.85,2483,10,0
2026-08-13 16:00:00+00:00,4401.9,4401.9,4391.11,4393.71,2875,10,0
2026-08-13 16:15:00+00:00,4393.91,4395.34,4384.02,4385.09,2739,8,0
2026-08-13 16:30:00+00:00,4385.23,4389.82,4375.26,4379.79,3300,9,0
2026-08-13 16:45:00+00:00,4379.83,4382.87,4370.82,4372.62,3292,8,0
2026-08-13 17:00:00+00:00,4372.94,4378.98,4366.76,4370.78,3277,8,0
2026-08-13 17:15:00+00:00,4370.82,4378.23,4367.56,4367.7,3206,8,0
2026-08-13 17:30:00+00:00,4367.69,4381.79,4357.67,4381.14,2957,8,0
2026-08-13 17:45:00+00:00,4381.21,4386.96,4381.21,4383.67,2807,8,0
2026-08-13 18:00:00+00:00,4383.66,4385.63,4368.29,4369.66,2857,11,0
2026-08-13 18:15:00+00:00,4369.6,4373.96,4363.73,4365.09,2895,8,0
2026-08-13 18:30:00+00:00,4365.22,4371.57,4357.61,4368.32,2761,8,0
2026-08-13 18:45:00+00:00,4368.35,4370.82,4363.45,4365.13,2389,9,0
2026-08-13 19:00:00+00:00,4365.16,4367.4,4354.04,4355.16,2493,9,0
2026-08-13 19:15:00+00:00,4355.26,4362.88,4351.41,4362.84,2722,8,0
2026-08-13 19:30:00+00:00,4362.61,4367.05,4362.61,4365.72,2153,8,0
2026-08-13 19:45:00+00:00,4365.69,4368.4,4364.15,4367.13,1925,9,0
2026-08-13 20:00:00+00:00,4367.1,4373.38,4365.2,4371.41,2150,8,0
2026-08-13 20:15:00+00:00,4371.44,4371.85,4362.49,4363.1,2310,8,0
2026-08-13 20:30:00+00:00,4363.08,4364.41,4355.66,4357.22,2162,8,0
2026-08-13 20:45:00+00:00,4357.26,4360.04,4355.79,4356.0,2006,8,0
2026-08-13 21:00:00+00:00,4356.02,4362.73,4355.92,4362.01,2236,10,0
2026-08-13 21:15:00+00:00,4362.02,4363.6,4354.75,4357.6,2140,8,0
2026-08-13 21:30:00+00:00,4357.62,4360.36,4356.43,4357.95,1974,8,0
2026-08-13 21:45:00+00:00,4357.97,4358.24,4354.72,4357.04,1735,8,0
2026-08-13 22:00:00+00:00,4357.03,4358.93,4346.24,4346.85,1863,8,0
2026-08-13 22:15:00+00:00,4346.82,4351.85,4343.92,4351.76,2340,9,0
2026-08-13 22:30:00+00:00,4351.72,4354.13,4349.77,4351.41,1929,8,0
2026-08-13 22:45:00+00:00,4351.4,4351.48,4347.73,4350.27,2074,9,0
2026-08-13 23:00:00+00:00,4350.06,4350.56,4346.98,4350.35,1257,8,0
2026-08-13 23:15:00+00:00,4350.36,4352.23,4349.42,4351.68,911,8,0
2026-08-13 23:30:00+00:00,4351.67,4351.76,4348.05,4349.55,888,10,0
2026-08-13 23:45:00+00:00,4349.45,4351.2,4348.67,4350.21,783,17,0
2026-08-14 01:00:00+00:00,4353.88,4356.94,4351.94,4354.14,1103,20,0
2026-08-14 01:15:00+00:00,4354.22,4357.82,4352.87,4357.1,1067,21,0
2026-08-14 01:30:00+00:00,4357.27,4362.72,4355.75,4360.45,1415,20,0
2026-08-14 01:45:00+00:00,4360.47,4361.16,4353.36,4354.81,1430,21,0
2026-08-14 02:00:00+00:00,4354.85,4360.53,4349.25,4360.53,1482,14,0
2026-08-14 02:15:00+00:00,4360.42,4363.05,4357.08,4363.05,1412,12,0
2026-08-14 02:30:00+00:00,4363.08,4363.54,4358.67,4360.24,1252,11,0
2026-08-14 02:45:00+00:00,4360.26,4364.06,4356.62,4356.79,1451,11,0
2026-08-14 03:00:00+00:00,4356.94,4362.04,4350.53,4352.21,2015,17,0
2026-08-14 03:15:00+00:00,4352.16,4352.24,4338.65,4338.65,2050,13,0
2026-08-14 03:30:00+00:00,4338.68,4345.77,4333.31,4340.15,2216,14,0
2026-08-14 03:45:00+00:00,4339.76,4342.79,4329.41,4341.01,2418,14,0
2026-08-14 04:00:00+00:00,4340.95,4341.45,4322.18,4323.91,3012,13,0
2026-08-14 04:15:00+00:00,4324.2,4325.97,4314.82,4319.6,2722,11,0
2026-08-14 04:30:00+00:00,4319.66,4321.5,4313.24,4319.48,2446,11,0
2026-08-14 04:45:00+00:00,4319.54,4323.27,4312.44,4318.11,2602,16,0
2026-08-14 05:00:00+00:00,4318.14,4322.78,4310.65,4312.41,2329,11,0
2026-08-14 05:15:00+00:00,4312.45,4318.25,4312.45,4312.97,1916,11,0
2026-08-14 05:30:00+00:00,4313.07,4322.62,4311.8,4321.15,2444,12,0
2026-08-14 05:45:00+00:00,4321.14,4321.97,4312.77,4315.68,2129,15,0
2026-08-14 06:00:00+00:00,4315.67,4323.79,4313.75,4320.09,1966,11,0
2026-08-14 06:15:00+00:00,4320.06,4326.1,4319.98,4325.86,1601,11,0
2026-08-14 06:30:00+00:00,4325.79,4328.15,4325.23,4325.69,1163,16,0
2026-08-14 06:45:00+00:00,4325.74,4326.78,4323.5,4323.58,882,16,0
2026-08-14 07:00:00+00:00,4323.64,4327.26,4322.76,4326.17,1111,16,0
2026-08-14 07:15:00+00:00,4326.12,4327.97,4325.12,4325.14,1067,11,0
2026-08-14 07:30:00+00:00,4325.13,4326.48,4323.38,4325.29,1275,11,0
2026-08-14 07:45:00+00:00,4325.26,4326.91,4323.87,4326.91,991,11,0
2026-08-14 08:00:00+00:00,4327.0,4327.0,4319.59,4320.23,1520,16,0
2026-08-14 08:15:00+00:00,4320.24,4320.35,4317.21,4318.53,1379,11,0
2026-08-14 08:30:00+00:00,4318.44,4324.9,4311.06,4317.72,2367,12,0
2026-08-14 08:45:00+00:00,4317.75,4333.59,4317.55,4333.59,2202,15,0
2026-08-14 09:00:00+00:00,4333.58,4336.65,4329.82,4332.74,2289,8,0
2026-08-14 09:15:00+00:00,4332.66,4333.68,4328.48,4329.41,1932,9,0
2026-08-14 09:30:00+00:00,4329.39,4333.07,4327.98,4333.07,1723,8,0
2026-08-14 09:45:00+00:00,4333.08,4335.91,4332.74,4335.83,1788,8,0
2026-08-14 10:00:00+00:00,4335.75,4337.04,4331.22,4331.26,1674,8,0
2026-08-14 10:15:00+00:00,4331.25,4336.48,4329.71,4331.99,1613,8,0
2026-08-14 10:30:00+00:00,4332.01,4340.17,4331.79,4339.72,1564,8,0
2026-08-14 10:45:00+00:00,4339.73,4345.24,4339.52,4343.73,1753,8,0
2026-08-14 11:00:00+00:00,4343.72,4348.02,4341.77,4347.48,2073,8,0
2026-08-14 11:15:00+00:00,4347.49,4349.08,4343.64,4345.78,1820,8,0
2026-08-14 11:30:00+00:00,4345.77,4349.36,4343.6,4343.72,1593,8,0
2026-08-14 11:45:00+00:00,4343.74,4349.7,4342.88,4348.72,1276,8,0
2026-08-14 12:00:00+00:00,4348.5,4351.03,4346.12,4350.81,1451,8,0
2026-08-14 12:15:00+00:00,4350.83,4354.22,4348.8,4351.94,1574,8,0
2026-08-14 12:30:00+00:00,4351.95,4354.55,4350.4,4353.42,1605,8,0
2026-08-14 12:45:00+00:00,4353.44,4356.91,4352.93,4356.62,1478,8,0
2026-08-14 13:00:00+00:00,4356.63,4358.69,4354.09,4354.21,1558,9,0
2026-08-14 13:15:00+00:00,4354.29,4355.34,4350.33,4351.37,1381,8,0
2026-08-14 13:30:00+00:00,4351.47,4351.98,4348.32,4351.97,1247,8,0
2026-08-14 13:45:00+00:00,4351.94,4353.55,4348.55,4349.4,1284,8,0
2026-08-14 14:00:00+00:00,4349.74,4351.95,4348.58,4350.69,1396,8,0
2026-08-14 14:15:00+00:00,4350.67,4357.12,4350.67,4356.81,1490,8,0
2026-08-14 14:30:00+00:00,4356.79,4363.43,4356.56,4362.46,1782,8,0
2026-08-14 14:45:00+00:00,4362.47,4369.46,4361.07,4369.27,1914,8,0
2026-08-14 15:00:00+00:00,4369.24,4376.69,4366.13,4371.76,2288,8,0
2026-08-14 15:15:00+00:00,4371.77,4380.78,4369.56,4379.96,2311,8,0
2026-08-14 15:30:00+00:00,4380.04,4386.86,4372.53,4372.95,2620,8,0
2026-08-14 15:45:00+00:00,4372.96,4377.83,4371.14,4373.91,2322,9,0
2026-08-14 16:00:00+00:00,4373.96,4381.08,4370.74,4375.36,2719,8,0
2026-08-14 16:15:00+00:00,4375.41,4386.36,4375.41,4384.34,2476,8,0
2026-08-14 16:30:00+00:00,4384.45,4396.92,4383.67,4392.84,3186,9,0
2026-08-14 16:45:00+00:00,4393.18,4394.02,4382.92,4384.22,2861,8,0
2026-08-14 17:00:00+00:00,4384.55,4393.15,4384.15,4390.56,2739,8,0
2026-08-14 17:15:00+00:00,4390.59,4394.59,4385.36,4390.79,2725,8,0
2026-08-14 17:30:00+00:00,4390.8,4391.59,4381.58,4384.35,2515,8,0
2026-08-14 17:45:00+00:00,4384.34,4384.47,4378.89,4380.9,2460,8,0
2026-08-14 18:00:00+00:00,4380.93,4393.27,4380.62,4391.31,2768,8,0
2026-08-14 18:15:00+00:00,4391.37,4392.72,4378.31,4384.04,2703,10,0
2026-08-14 18:30:00+00:00,4384.16,4389.24,4383.25,4388.71,2421,8,0
2026-08-14 18:45:00+00:00,4388.77,4393.91,4388.62,4391.57,2206,8,0
2026-08-14 19:00:00+00:00,4391.67,4396.61,4388.45,4389.8,2116,8,0
2026-08-14 19:15:00+00:00,4389.78,4393.06,4387.8,4387.96,1861,8,0
2026-08-14 19:30:00+00:00,4387.97,4389.86,4380.7,4385.84,2160,8,0
2026-08-14 19:45:00+00:00,4385.92,4387.49,4384.89,4385.65,1556,8,0
2026-08-14 20:00:00+00:00,4385.66,4386.45,4381.16,4383.08,1743,8,0
2026-08-14 20:15:00+00:00,4383.1,4384.75,4379.02,4379.24,1785,10,0
2026-08-14 20:30:00+00:00,4379.19,4382.27,4377.33,4377.86,1810,10,0
2026-08-14 20:45:00+00:00,4377.82,4379.84,4375.94,4379.2,1464,10,0
2026-08-14 21:00:00+00:00,4379.26,4382.46,4377.26,4377.98,1809,10,0
2026-08-14 21:15:00+00:00,4378.0,4381.14,4377.84,4380.13,1370,10,0
2026-08-14 21:30:00+00:00,4380.12,4382.74,4376.28,4376.46,1390,10,0
2026-08-14 21:45:00+00:00,4376.54,4376.89,4370.96,4374.24,1355,11,0
2026-08-14 22:00:00+00:00,4374.26,4377.19,4373.08,4375.99,1262,11,0
2026-08-14 22:15:00+00:00,4375.79,4377.9,4374.69,4377.33,1301,12,0
2026-08-14 22:30:00+00:00,4377.31,4378.19,4375.67,4375.67,1384,11,0
2026-08-14 22:45:00+00:00,4375.62,4379.93,4373.53,4376.28,2101,10,0
2026-08-14 23:00:00+00:00,4376.14,4376.14,4371.48,4372.76,1127,10,0
2026-08-14 23:15:00+00:00,4372.77,4374.88,4372.64,4374.7,620,10,0
2026-08-14 23:30:00+00:00,4374.67,4376.85,4373.65,4375.64,621,10,0
2026-08-14 23:45:00+00:00,4375.63,4376.25,4374.88,4376.1,477,19,0
2026-08-17 01:00:00+00:00,4384.86,4384.86,4372.33,4375.67,1494,13,0
2026-08-17 01:15:00+00:00,4375.68,4375.9,4372.73,4374.47,1028,23,0
2026-08-17 01:30:00+00:00,4374.66,4378.98,4374.66,4377.66,877,23,0
2026-08-17 01:45:00+00:00,4377.7,4386.69,4377.64,4385.91,1184,23,0
2026-08-17 02:00:00+00:00,4385.88,4386.18,4379.55,4379.69,1181,17,0
2026-08-17 02:15:00+00:00,4379.72,4381.17,4372.65,4374.73,1197,17,0
2026-08-17 02:30:00+00:00,4374.9,4375.14,4367.19,4368.34,1396,14,0
2026-08-17 02:45:00+00:00,4368.33,4373.79,4368.29,4370.33,1426,14,0
2026-08-17 03:00:00+00:00,4370.71,4379.47,4368.13,4379.1,2140,14,0
2026-08-17 03:15:00+00:00,4378.93,4390.93,4378.55,4389.9,1895,11,0
2026-08-17 03:30:00+00:00,4389.94,4397.41,4387.59,4395.82,1813,11,0
2026-08-17 03:45:00+00:00,4395.73,4402.11,4394.14,4400.59,1964,11,0
2026-08-17 04:00:00+00:00,4400.82,4411.71,4399.14,4409.41,2884,16,0
2026-08-17 04:15:00+00:00,4409.36,4416.46,4406.29,4407.12,2651,16,0
2026-08-17 04:30:00+00:00,4407.14,4408.06,4397.61,4403.44,2450,11,0
2026-08-17 04:45:00+00:00,4403.45,4403.92,4392.12,4395.61,2310,11,0
2026-08-17 05:00:00+00:00,4395.76,4398.28,4392.66,4394.35,2050,11,0
2026-08-17 05:15:00+00:00,4394.34,4397.48,4389.74,4395.46,1641,11,0
2026-08-17 05:30:00+00:00,4395.48,4398.11,4389.88,4393.23,2236,11,0
2026-08-17 05:45:00+00:00,4393.07,4393.46,4388.53,4393.23,1896,11,0
2026-08-17 06:00:00+00:00,4393.27,4394.95,4388.72,4390.26,1836,11,0
2026-08-17 06:15:00+00:00,4390.37,4393.56,4388.09,4393.0,1704,11,0
2026-08-17 06:30:00+00:00,4393.01,4397.22,4391.18,4395.2,1500,11,0
2026-08-17 06:45:00+00:00,4395.2,4397.69,4393.08,4397.13,1206,11,0
2026-08-17 07:00:00+00:00,4397.19,4399.56,4396.52,4398.43,1431,11,0
2026-08-17 07:15:00+00:00,4398.44,4398.86,4390.26,4391.02,1262,11,0
2026-08-17 07:30:00+00:00,4390.99,4396.63,4389.01,4395.78,1358,11,0
2026-08-17 07:45:00+00:00,4395.73,4397.85,4389.92,4390.76,1232,11,0
2026-08-17 08:00:00+00:00,4390.77,4393.27,4387.24,4387.77,1380,11,0
2026-08-17 08:15:00+00:00,4387.81,4399.42,4387.0,4399.42,1511,11,0
2026-08-17 08:30:00+00:00,4399.44,4401.28,4392.3,4395.68,2228,16,0
2026-08-17 08:45:00+00:00,4395.72,4397.53,4392.37,4394.79,1897,11,0
2026-08-17 09:00:00+00:00,4394.77,4398.13,4392.79,4396.86,2032,8,0
2026-08-17 09:15:00+00:00,4396.79,4400.05,4392.75,4398.64,1935,8,0
2026-08-17 09:30:00+00:00,4398.58,4398.73,4393.71,4396.13,1896,8,0
2026-08-17 09:45:00+00:00,4396.14,4404.31,4396.14,4402.91,2138,8,0
2026-08-17 10:00:00+00:00,4402.69,4403.78,4396.16,4396.53,1938,8,0
2026-08-17 10:15:00+00:00,4396.51,4405.14,4396.21,4404.83,1884,8,0
2026-08-17 10:30:00+00:00,4404.89,4410.82,4404.75,4409.07,2045,8,0
2026-08-17 10:45:00+00:00,4409.13,4409.64,4403.57,4405.3,1616,8,0
2026-08-17 11:00:00+00:00,4405.31,4405.31,4397.68,4402.77,1945,8,0
2026-08-17 11:15:00+00:00,4402.78,4403.81,4400.49,4401.83,1490,8,0
2026-08-17 11:30:00+00:00,4401.88,4402.19,4396.02,4396.32,1529,8,0
2026-08-17 11:45:00+00:00,4396.31,4396.94,4392.57,4395.08,1458,8,0
2026-08-17 12:00:00+00:00,4395.06,4400.64,4393.37,4399.15,1474,8,0
2026-08-17 12:15:00+00:00,4399.19,4399.98,4395.67,4396.86,1483,8,0
2026-08-17 12:30:00+00:00,4396.9,4397.5,4393.63,4394.17,1561,8,0
2026-08-17 12:45:00+00:00,4394.2,4395.83,4392.55,4395.55,1457,8,0
2026-08-17 13:00:00+00:00,4395.58,4396.42,4393.22,4396.0,1255,8,0
2026-08-17 13:15:00+00:00,4396.0,4405.61,4391.97,4405.61,1456,8,0
2026-08-17 13:30:00+00:00,4405.45,4405.76,4395.44,4398.45,2033,11,0
2026-08-17 13:45:00+00:00,4398.42,4399.56,4396.3,4398.97,1333,11,0
2026-08-17 14:00:00+00:00,4399.02,4403.93,4398.0,4399.73,1613,11,0
2026-08-17 14:15:00+00:00,4399.75,4404.71,4397.17,4403.56,1551,8,0
2026-08-17 14:30:00+00:00,4403.61,4404.98,4399.22,4399.6,1560,8,0
2026-08-17 14:45:00+00:00,4399.61,4400.68,4395.47,4396.91,1420,8,0
2026-08-17 15:00:00+00:00,4396.87,4397.59,4391.7,4393.97,1864,8,0
2026-08-17 15:15:00+00:00,4393.94,4398.76,4382.38,4386.05,2176,8,0
2026-08-17 15:30:00+00:00,4385.89,4390.3,4378.45,4378.45,2448,11,0
2026-08-17 15:45:00+00:00,4378.43,4386.44,4377.37,4384.94,2224,9,0
2026-08-17 16:00:00+00:00,4385.21,4389.52,4381.86,4386.41,2659,8,0
2026-08-17 16:15:00+00:00,4386.42,4389.19,4382.36,4386.71,2241,8,0
2026-08-17 16:30:00+00:00,4386.64,4392.3,4385.14,4386.27,2975,9,0
2026-08-17 16:45:00+00:00,4386.05,4416.37,4384.85,4409.03,3182,9,0
2026-08-17 17:00:00+00:00,4408.81,4413.08,4404.1,4412.63,2906,8,0
2026-08-17 17:15:00+00:00,4412.56,4427.64,4412.12,4418.29,3154,8,0
2026-08-17 17:30:00+00:00,4418.27,4424.75,4416.58,4417.36,2780,8,0
2026-08-17 17:45:00+00:00,4417.51,4421.04,4414.1,4417.19,2727,9,0
2026-08-17 18:00:00+00:00,4417.29,4422.34,4415.22,4421.12,2552,8,0
2026-08-17 18:15:00+00:00,4421.3,4426.21,4419.54,4425.68,2605,8,0
2026-08-17 18:30:00+00:00,4425.75,4426.54,4418.94,4419.24,2418,8,0
2026-08-17 18:45:00+00:00,4419.23,4427.83,4417.39,4427.54,2194,8,0
2026-08-17 19:00:00+00:00,4427.55,4428.87,4424.16,4426.01,2149,8,0
2026-08-17 19:15:00+00:00,4426.08,4427.61,4423.22,4425.1,1901,8,0
2026-08-17 19:30:00+00:00,4425.27,4427.28,4423.05,4424.94,1671,8,0
2026-08-17 19:45:00+00:00,4424.89,4425.99,4422.23,4424.43,1619,8,0
2026-08-17 20:00:00+00:00,4424.44,4426.32,4421.49,4423.11,2019,8,0
2026-08-17 20:15:00+00:00,4423.24,4423.41,4413.87,4416.91,2391,8,0
2026-08-17 20:30:00+00:00,4416.79,4418.43,4410.81,4417.45,2377,8,0
2026-08-17 20:45:00+00:00,4417.44,4420.61,4413.28,4413.7,1932,8,0
2026-08-17 21:00:00+00:00,4413.71,4414.52,4410.23,4413.76,2144,8,0
2026-08-17 21:15:00+00:00,4413.78,4416.13,4404.7,4406.09,2170,8,0
2026-08-17 21:30:00+00:00,4406.07,4406.72,4398.37,4401.44,2069,9,0
2026-08-17 21:45:00+00:00,4401.43,4407.25,4400.2,4406.59,1550,9,0
2026-08-17 22:00:00+00:00,4406.53,4408.29,4400.04,4408.14,1736,8,0
2026-08-17 22:15:00+00:00,4408.22,4417.49,4408.22,4414.53,1905,8,0
2026-08-17 22:30:00+00:00,4414.55,4420.45,4414.22,4419.39,1644,8,0
2026-08-17 22:45:00+00:00,4419.4,4421.02,4416.58,4419.86,1966,8,0
2026-08-17 23:00:00+00:00,4419.84,4421.33,4416.68,4417.77,878,8,0
2026-08-17 23:15:00+00:00,4417.78,4418.12,4414.91,4415.16,561,8,0
2026-08-17 23:30:00+00:00,4415.16,4415.94,4414.66,4415.45,645,10,0
2026-08-17 23:45:00+00:00,4415.47,4417.27,4415.13,4415.87,717,17,0
2026-08-18 01:00:00+00:00,4416.56,4419.17,4415.0,4416.72,798,13,0
2026-08-18 01:15:00+00:00,4416.69,4417.27,4412.01,4412.36,848,19,0
2026-08-18 01:30:00+00:00,4412.47,4415.66,4411.66,4414.69,884,13,0
2026-08-18 01:45:00+00:00,4414.59,4416.25,4410.54,4411.86,728,13,0
2026-08-18 02:00:00+00:00,4411.81,4414.9,4409.72,4414.73,877,13,0
2026-08-18 02:15:00+00:00,4414.77,4421.84,4414.77,4420.31,1024,13,0
2026-08-18 02:30:00+00:00,4420.31,4422.8,4420.0,4422.65,1114,13,0
2026-08-18 02:45:00+00:00,4422.62,4426.09,4421.6,4425.94,1237,11,0
2026-08-18 03:00:00+00:00,4429.34,4429.35,4419.05,4421.82,2055,17,0
2026-08-18 03:15:00+00:00,4421.77,4431.55,4420.94,4431.32,2191,16,0
2026-08-18 03:30:00+00:00,4431.4,4433.53,4428.36,4429.56,1739,12,0
2026-08-18 03:45:00+00:00,4429.57,4435.05,4428.55,4434.71,1672,16,0
2026-08-18 04:00:00+00:00,4434.63,4436.09,4428.65,4429.34,2781,16,0
2026-08-18 04:15:00+00:00,4429.3,4430.81,4420.29,4425.03,2477,15,0
2026-08-18 04:30:00+00:00,4424.99,4426.18,4412.28,4412.28,2192,15,0
2026-08-18 04:45:00+00:00,4412.1,4412.23,4404.25,4408.07,2816,14,0
2026-08-18 05:00:00+00:00,4408.13,4408.17,4398.56,4401.03,2465,12,0
2026-08-18 05:15:00+00:00,4401.04,4405.53,4400.41,4402.38,1829,11,0
2026-08-18 05:30:00+00:00,4402.42,4402.69,4394.26,4394.97,2366,11,0
2026-08-18 05:45:00+00:00,4395.03,4400.46,4394.35,4399.95,2065,11,0
2026-08-18 06:00:00+00:00,4399.93,4404.1,4398.89,4401.57,2164,11,0
2026-08-18 06:15:00+00:00,4401.6,4402.21,4394.38,4397.18,1969,11,0
2026-08-18 06:30:00+00:00,4397.19,4397.2,4394.57,4394.83,1601,12,0
2026-08-18 06:45:00+00:00,4394.82,4395.07,4390.62,4391.89,1525,11,0
2026-08-18 07:00:00+00:00,4391.91,4392.76,4390.0,4392.3,1517,11,0
2026-08-18 07:15:00+00:00,4392.36,4393.65,4390.73,4392.47,1360,11,0
2026-08-18 07:30:00+00:00,4392.46,4394.32,4389.08,4393.47,1567,11,0
2026-08-18 07:45:00+00:00,4393.51,4395.45,4392.19,4393.6,1268,12,0
2026-08-18 08:00:00+00:00,4393.52,4394.15,4390.92,4391.33,1480,11,0
2026-08-18 08:15:00+00:00,4391.3,4396.07,4391.18,4391.42,1319,11,0
2026-08-18 08:30:00+00:00,4391.41,4393.98,4386.05,4393.67,2408,17,0
2026-08-18 08:45:00+00:00,4393.71,4397.62,4393.02,4394.39,1942,15,0
2026-08-18 09:00:00+00:00,4394.37,4395.42,4387.5,4395.37,2288,8,0
2026-08-18 09:15:00+00:00,4395.39,4399.81,4393.68,4399.55,2057,8,0
2026-08-18 09:30:00+00:00,4399.49,4400.13,4395.24,4397.23,1639,8,0
2026-08-18 09:45:00+00:00,4397.24,4399.34,4397.24,4398.83,1524,8,0
2026-08-18 10:00:00+00:00,4398.91,4400.85,4396.85,4397.64,1750,9,0
2026-08-18 10:15:00+00:00,4397.63,4403.37,4397.5,4403.14,1567,8,0
2026-08-18 10:30:00+00:00,4403.13,4403.67,4396.46,4401.55,1798,8,0
2026-08-18 10:45:00+00:00,4401.58,4402.77,4395.5,4395.76,1549,8,0
2026-08-18 11:00:00+00:00,4395.71,4396.21,4387.97,4392.75,2107,10,0
2026-08-18 11:15:00+00:00,4392.71,4393.41,4386.9,4389.46,1951,8,0
2026-08-18 11:30:00+00:00,4389.41,4398.61,4389.16,4396.78,1926,8,0
2026-08-18 11:45:00+00:00,4396.74,4397.0,4391.67,4393.4,1593,8,0
2026-08-18 12:00:00+00:00,4393.18,4393.87,4391.13,4392.78,1756,8,0
2026-08-18 12:15:00+00:00,4392.77,4392.79,4388.44,4389.17,1620,8,0
2026-08-18 12:30:00+00:00,4389.06,4394.91,4387.29,4388.5,1832,9,0
2026-08-18 12:45:00+00:00,4388.49,4394.97,4387.01,4393.38,1579,8,0
2026-08-18 13:00:00+00:00,4393.34,4395.74,4392.33,4394.44,1480,8,0
2026-08-18 13:15:00+00:00,4394.45,4396.16,4389.81,4392.07,1342,8,0
2026-08-18 13:30:00+00:00,4392.11,4398.63,4391.75,4398.59,1361,8,0
2026-08-18 13:45:00+00:00,4398.62,4399.59,4396.46,4397.69,1225,8,0
2026-08-18 14:00:00+00:00,4397.71,4398.74,4392.08,4393.61,1452,8,0
2026-08-18 14:15:00+00:00,4393.6,4394.75,4389.8,4390.09,1487,8,0
2026-08-18 14:30:00+00:00,4390.1,4392.52,4388.68,4391.0,1642,8,0
2026-08-18 14:45:00+00:00,4390.99,4396.83,4389.84,4395.99,1508,8,0
2026-08-18 15:00:00+00:00,4396.0,4397.07,4389.95,4393.35,2036,9,0
2026-08-18 15:15:00+00:00,4393.24,4400.53,4391.55,4395.23,2040,8,0
2026-08-18 15:30:00+00:00,4395.28,4398.2,4391.12,4392.2,1974,8,0
2026-08-18 15:45:00+00:00,4392.18,4397.02,4390.77,4394.26,1851,8,0
2026-08-18 16:00:00+00:00,4393.98,4397.44,4388.47,4395.93,2498,9,0
2026-08-18 16:15:00+00:00,4395.86,4396.15,4388.18,4388.54,2493,8,0
2026-08-18 16:30:00+00:00,4388.73,4406.65,4376.27,4401.09,3431,11,0
2026-08-18 16:45:00+00:00,4401.11,4402.12,4390.25,4395.39,3221,8,0
2026-08-18 17:00:00+00:00,4395.61,4406.49,4391.93,4393.57,3172,8,0
2026-08-18 17:15:00+00:00,4393.53,4405.31,4392.71,4394.46,3039,8,0
2026-08-18 17:30:00+00:00,4394.18,4396.24,4377.87,4380.08,3100,8,0
2026-08-18 17:45:00+00:00,4379.66,4388.95,4363.73,4366.43,3220,8,0
2026-08-18 18:00:00+00:00,4366.44,4376.75,4358.1,4360.0,3282,8,0
2026-08-18 18:15:00+00:00,4360.07,4365.37,4351.71,4354.23,3195,8,0
2026-08-18 18:30:00+00:00,4354.3,4361.93,4353.87,4357.73,3018,8,0
2026-08-18 18:45:00+00:00,4357.87,4365.83,4357.87,4364.14,2618,8,0
2026-08-18 19:00:00+00:00,4364.05,4370.85,4364.05,4367.01,2344,9,0
2026-08-18 19:15:00+00:00,4367.0,4368.88,4363.56,4364.26,2356,9,0
2026-08-18 19:30:00+00:00,4364.16,4367.83,4363.08,4366.59,2293,8,0
2026-08-18 19:45:00+00:00,4366.61,4368.05,4362.34,4363.26,2205,8,0
2026-08-18 20:00:00+00:00,4363.21,4366.41,4362.87,4366.23,2195,8,0
2026-08-18 20:15:00+00:00,4366.24,4367.54,4362.45,4364.73,2184,8,0
2026-08-18 20:30:00+00:00,4364.7,4365.4,4357.96,4358.0,2155,8,0
2026-08-18 20:45:00+00:00,4357.94,4359.78,4356.3,4357.73,1939,8,0
2026-08-18 21:00:00+00:00,4357.93,4357.93,4352.16,4357.05,2048,8,0
2026-08-18 21:15:00+00:00,4357.07,4360.21,4354.94,4359.53,1901,8,0
2026-08-18 21:30:00+00:00,4359.51,4359.87,4352.74,4353.54,1753,8,0
2026-08-18 21:45:00+00:00,4353.58,4355.23,4352.11,4353.55,1554,8,0
2026-08-18 22:00:00+00:00,4353.6,4357.65,4353.38,4356.33,1555,8,0
2026-08-18 22:15:00+00:00,4356.31,4357.98,4351.8,4354.07,1597,8,0
2026-08-18 22:30:00+00:00,4354.1,4357.66,4349.97,4350.01,1812,8,0
2026-08-18 22:45:00+00:00,4349.74,4353.16,4338.54,4344.89,2697,11,0
2026-08-18 23:00:00+00:00,4344.83,4345.77,4339.88,4341.29,1387,8,0
2026-08-18 23:15:00+00:00,4341.34,4341.62,4332.84,4337.15,1139,8,0
2026-08-18 23:30:00+00:00,4337.16,4338.85,4331.76,4332.85,1013,8,0
2026-08-18 23:45:00+00:00,4332.8,4336.18,4329.93,4335.19,1387,19,0
2026-08-19 01:00:00+00:00,4335.27,4343.69,4335.01,4341.28,1055,23,0
2026-08-19 01:15:00+00:00,4341.3,4342.47,4333.88,4336.27,1498,21,0
2026-08-19 01:30:00+00:00,4336.33,4336.61,4332.93,4333.89,1124,14,0
2026-08-19 01:45:00+00:00,4333.9,4335.66,4333.16,4333.83,1035,17,0
2026-08-19 02:00:00+00:00,4333.95,4338.45,4332.73,4334.14,1322,15,0
2026-08-19 02:15:00+00:00,4333.85,4337.38,4330.01,4330.6,1438,11,0
2026-08-19 02:30:00+00:00,4330.47,4332.69,4327.22,4329.89,1585,13,0
2026-08-19 02:45:00+00:00,4329.88,4334.14,4329.63,4333.09,1470,13,0
2026-08-19 03:00:00+00:00,4332.47,4344.97,4331.65,4343.05,2431,18,0
2026-08-19 03:15:00+00:00,4343.0,4346.38,4339.24,4343.03,2238,13,0
2026-08-19 03:30:00+00:00,4342.96,4347.22,4339.71,4343.67,2108,13,0
2026-08-19 03:45:00+00:00,4343.73,4344.74,4337.18,4338.12,2391,13,0
2026-08-19 04:00:00+00:00,4338.18,4343.91,4324.59,4343.71,3015,19,0
2026-08-19 04:15:00+00:00,4343.78,4346.22,4333.1,4342.38,2851,17,0
2026-08-19 04:30:00+00:00,4342.2,4357.6,4342.2,4355.52,2648,17,0
2026-08-19 04:45:00+00:00,4355.57,4356.68,4350.6,4356.47,2296,18,0
2026-08-19 05:00:00+00:00,4356.48,4357.24,4351.72,4353.62,2005,17,0
2026-08-19 05:15:00+00:00,4353.7,4361.99,4352.55,4359.7,2004,13,0
2026-08-19 05:30:00+00:00,4359.83,4360.24,4354.11,4355.11,2319,13,0
2026-08-19 05:45:00+00:00,4355.19,4357.15,4351.56,4354.85,2158,13,0
2026-08-19 06:00:00+00:00,4354.87,4355.98,4351.95,4354.47,1959,13,0
2026-08-19 06:15:00+00:00,4354.51,4357.81,4351.87,4357.08,1637,13,0
2026-08-19 06:30:00+00:00,4357.22,4360.36,4355.94,4358.5,1189,14,0
2026-08-19 06:45:00+00:00,4358.52,4358.82,4354.74,4354.94,1090,17,0
2026-08-19 07:00:00+00:00,4355.16,4356.14,4353.02,4354.65,949,17,0
2026-08-19 07:15:00+00:00,4354.66,4354.95,4350.13,4351.16,1430,15,0
2026-08-19 07:30:00+00:00,4351.18,4352.06,4344.99,4346.63,1450,13,0
2026-08-19 07:45:00+00:00,4346.52,4348.51,4343.92,4348.47,1267,13,0
2026-08-19 08:00:00+00:00,4348.37,4350.64,4338.83,4338.88,1820,11,0
2026-08-19 08:15:00+00:00,4338.89,4345.26,4336.69,4345.23,1584,11,0
2026-08-19 08:30:00+00:00,4345.21,4345.38,4336.74,4342.22,2533,16,0
2026-08-19 08:45:00+00:00,4342.23,4342.25,4335.14,4335.65,2227,11,0
2026-08-19 09:00:00+00:00,4335.33,4341.79,4335.12,4337.46,2413,8,0
2026-08-19 09:15:00+00:00,4337.45,4348.26,4336.9,4343.24,2342,8,0
2026-08-19 09:30:00+00:00,4343.22,4345.63,4337.13,4341.83,2258,8,0
2026-08-19 09:45:00+00:00,4341.84,4349.42,4340.83,4348.99,2328,8,0
2026-08-19 10:00:00+00:00,4349.18,4353.5,4347.46,4350.4,1950,8,0
2026-08-19 10:15:00+00:00,4350.5,4357.01,4347.53,4356.65,1961,8,0
2026-08-19 10:30:00+00:00,4356.67,4363.14,4352.81,4354.48,1882,8,0
2026-08-19 10:45:00+00:00,4354.44,4357.6,4354.25,4354.85,1653,8,0
2026-08-19 11:00:00+00:00,4354.79,4362.77,4351.15,4361.61,2236,8,0
2026-08-19 11:15:00+00:00,4361.64,4362.48,4357.36,4360.58,1929,9,0
2026-08-19 11:30:00+00:00,4360.98,4363.08,4356.56,4362.63,1850,8,0
2026-08-19 11:45:00+00:00,4362.64,4363.18,4354.88,4355.74,1804,8,0
2026-08-19 12:00:00+00:00,4355.73,4359.84,4355.07,4356.3,1917,8,0
2026-08-19 12:15:00+00:00,4356.31,4357.46,4353.49,4356.6,1831,8,0
2026-08-19 12:30:00+00:00,4356.63,4361.03,4355.41,4358.86,1716,8,0
2026-08-19 12:45:00+00:00,4358.85,4361.99,4358.1,4361.95,1652,8,0
2026-08-19 13:00:00+00:00,4361.91,4364.26,4359.66,4363.74,1731,8,0
2026-08-19 13:15:00+00:00,4363.81,4369.13,4363.6,4368.76,1783,8,0
2026-08-19 13:30:00+00:00,4368.76,4369.48,4366.07,4368.06,1407,8,0
2026-08-19 13:45:00+00:00,4368.05,4369.52,4366.28,4367.26,1181,8,0
2026-08-19 14:00:00+00:00,4367.27,4374.06,4367.27,4373.37,1892,10,0
2026-08-19 14:15:00+00:00,4373.33,4374.06,4368.91,4370.48,1508,8,0
2026-08-19 14:30:00+00:00,4370.38,4371.15,4363.24,4363.61,1794,8,0
2026-08-19 14:45:00+00:00,4363.57,4367.58,4363.48,4364.75,1629,8,0
2026-08-19 15:00:00+00:00,4364.67,4370.67,4362.14,4368.39,1974,8,0
2026-08-19 15:15:00+00:00,4368.37,4372.99,4366.02,4368.67,2212,8,0
2026-08-19 15:30:00+00:00,4368.79,4420.79,4367.95,4417.17,3298,8,0
2026-08-19 15:45:00+00:00,4417.7,4442.21,4411.0,4438.82,3422,11,0
2026-08-19 16:00:00+00:00,4438.85,4460.82,4424.59,4456.3,3430,8,0
2026-08-19 16:15:00+00:00,4456.26,4464.28,4455.05,4458.45,3282,8,0
2026-08-19 16:30:00+00:00,4458.18,4466.24,4442.36,4461.06,3568,9,0
2026-08-19 16:45:00+00:00,4460.65,4463.26,4445.18,4459.79,3493,8,0
2026-08-19 17:00:00+00:00,4459.56,4475.59,4455.34,4473.78,3434,9,0
2026-08-19 17:15:00+00:00,4473.8,4487.81,4470.29,4485.98,3348,8,0
2026-08-19 17:30:00+00:00,4486.03,4498.73,4484.05,4489.69,3294,8,0
2026-08-19 17:45:00+00:00,4489.56,4489.6,4478.15,4488.23,3162,8,0
2026-08-19 18:00:00+00:00,4488.21,4488.4,4479.86,4485.4,3034,8,0
2026-08-19 18:15:00+00:00,4485.57,4487.93,4478.21,4483.73,3019,8,0
2026-08-19 18:30:00+00:00,4483.57,4492.49,4480.32,4490.31,2997,8,0
2026-08-19 18:45:00+00:00,4490.28,4494.09,4488.71,4493.83,2762,8,0
2026-08-19 19:00:00+00:00,4493.84,4499.03,4491.37,4497.64,2726,8,0
2026-08-19 19:15:00+00:00,4497.7,4499.32,4489.93,4490.37,2614,8,0
2026-08-19 19:30:00+00:00,4490.41,4496.3,4489.91,4495.25,2498,8,0
2026-08-19 19:45:00+00:00,4495.13,4497.88,4493.49,4493.75,2493,8,0
2026-08-19 20:00:00+00:00,4493.3,4499.04,4489.0,4492.77,2775,8,0
2026-08-19 20:15:00+00:00,4492.54,4492.75,4486.21,4488.03,2578,8,0
2026-08-19 20:30:00+00:00,4488.02,4491.64,4484.43,4488.81,2353,8,0
2026-08-19 20:45:00+00:00,4488.76,4489.54,4484.43,4486.82,1966,8,0
2026-08-19 21:00:00+00:00,4486.92,4496.52,4485.64,4487.99,2825,9,0
2026-08-19 21:15:00+00:00,4488.01,4488.01,4472.96,4475.28,2722,9,0
2026-08-19 21:30:00+00:00,4475.39,4492.17,4472.16,4490.99,2680,8,0
2026-08-19 21:45:00+00:00,4490.97,4496.99,4490.04,4495.08,2249,8,0
2026-08-19 22:00:00+00:00,4495.16,4505.77,4494.47,4503.3,2595,8,0
2026-08-19 22:15:00+00:00,4503.32,4507.69,4502.66,4507.31,2369,8,0
2026-08-19 22:30:00+00:00,4507.47,4510.68,4502.9,4507.08,2552,8,0
2026-08-19 22:45:00+00:00,4507.04,4512.25,4505.3,4511.49,2656,8,0
2026-08-19 23:00:00+00:00,4511.42,4511.99,4505.3,4506.86,1422,8,0
2026-08-19 23:15:00+00:00,4506.87,4521.91,4506.49,4518.8,1460,9,0
2026-08-19 23:30:00+00:00,4518.79,4523.61,4518.1,4519.45,1358,8,0
2026-08-19 23:45:00+00:00,4519.5,4524.27,4519.5,4522.16,1419,17,0
2026-08-20 01:00:00+00:00,4523.82,4527.17,4518.66,4519.96,1791,12,0
2026-08-20 01:15:00+00:00,4519.8,4521.47,4519.1,4520.88,1055,16,0
2026-08-20 01:30:00+00:00,4520.9,4522.0,4517.72,4518.57,1234,15,0
2026-08-20 01:45:00+00:00,4518.56,4521.77,4516.4,4518.81,1035,15,0
2026-08-20 02:00:00+00:00,4518.84,4523.64,4517.39,4519.44,1577,14,0
2026-08-20 02:15:00+00:00,4519.26,4520.24,4515.43,4517.69,1198,11,0
2026-08-20 02:30:00+00:00,4517.68,4518.23,4513.76,4514.38,1201,11,0
2026-08-20 02:45:00+00:00,4514.47,4517.43,4511.33,4511.74,1361,11,0
2026-08-20 03:00:00+00:00,4511.23,4518.57,4510.32,4516.18,2541,16,0
2026-08-20 03:15:00+00:00,4516.19,4521.24,4508.6,4510.34,2398,13,0
2026-08-20 03:30:00+00:00,4510.31,4513.16,4503.96,4506.3,2053,11,0
2026-08-20 03:45:00+00:00,4506.27,4510.44,4504.03,4504.65,2227,11,0
2026-08-20 04:00:00+00:00,4504.79,4510.19,4491.79,4493.25,3109,17,0
2026-08-20 04:15:00+00:00,4493.27,4503.23,4493.27,4500.77,2810,15,0
2026-08-20 04:30:00+00:00,4500.73,4501.2,4493.46,4493.86,2939,11,0
2026-08-20 04:45:00+00:00,4493.9,4495.53,4484.47,4489.72,2593,11,0
2026-08-20 05:00:00+00:00,4489.46,4499.67,4488.66,4497.8,2741,11,0
2026-08-20 05:15:00+00:00,4497.8,4497.82,4489.53,4492.85,1920,11,0
2026-08-20 05:30:00+00:00,4492.82,4494.41,4490.17,4490.61,2330,12,0
2026-08-20 05:45:00+00:00,4490.57,4494.66,4488.96,4490.66,2162,11,0
2026-08-20 06:00:00+00:00,4490.79,4497.03,4488.15,4492.75,2287,11,0
2026-08-20 06:15:00+00:00,4492.71,4496.58,4490.52,4493.6,2046,11,0
2026-08-20 06:30:00+00:00,4493.54,4498.74,4492.36,4497.96,1644,11,0
2026-08-20 06:45:00+00:00,4497.96,4500.9,4496.93,4498.78,1558,13,0
2026-08-20 07:00:00+00:00,4498.82,4499.22,4494.88,4496.49,1489,11,0
2026-08-20 07:15:00+00:00,4496.46,4497.21,4489.97,4490.25,1496,11,0
2026-08-20 07:30:00+00:00,4490.31,4490.9,4486.38,4487.2,1620,11,0
2026-08-20 07:45:00+00:00,4487.19,4491.52,4487.03,4488.55,1358,11,0
2026-08-20 08:00:00+00:00,4488.56,4494.03,4484.24,4485.58,1559,11,0
2026-08-20 08:15:00+00:00,4485.61,4487.02,4482.98,4483.21,1622,11,0
2026-08-20 08:30:00+00:00,4483.11,4486.06,4478.06,4480.68,2318,17,0
2026-08-20 08:45:00+00:00,4480.69,4483.22,4477.96,4481.23,2016,13,0
2026-08-20 09:00:00+00:00,4481.3,4493.42,4480.07,4492.94,2158,10,0
2026-08-20 09:15:00+00:00,4492.9,4495.96,4491.94,4494.16,2011,8,0
2026-08-20 09:30:00+00:00,4494.14,4495.31,4491.83,4492.48,1754,9,0
2026-08-20 09:45:00+00:00,4492.45,4495.25,4491.26,4493.83,1860,9,0
2026-08-20 10:00:00+00:00,4493.86,4493.86,4487.35,4487.94,1968,9,0
2026-08-20 10:15:00+00:00,4487.93,4490.48,4483.69,4484.03,1911,8,0
2026-08-20 10:30:00+00:00,4484.08,4493.4,4483.53,4491.16,2218,8,0
2026-08-20 10:45:00+00:00,4491.15,4493.8,4488.44,4490.93,1840,8,0
2026-08-20 11:00:00+00:00,4490.95,4495.31,4490.64,4494.47,2216,8,0
2026-08-20 11:15:00+00:00,4494.38,4498.71,4490.08,4491.46,2125,8,0
2026-08-20 11:30:00+00:00,4491.45,4495.34,4487.26,4490.62,2153,8,0
2026-08-20 11:45:00+00:00,4490.6,4492.08,4487.69,4489.4,1831,8,0
2026-08-20 12:00:00+00:00,4489.41,4494.04,4488.53,4492.38,1906,8,0
2026-08-20 12:15:00+00:00,4492.34,4493.88,4488.3,4490.16,1736,8,0
2026-08-20 12:30:00+00:00,4490.03,4490.58,4484.51,4489.26,1932,8,0
2026-08-20 12:45:00+00:00,4489.22,4489.22,4481.84,4482.75,1876,8,0
2026-08-20 13:00:00+00:00,4482.64,4491.39,4480.73,4490.46,1742,8,0
2026-08-20 13:15:00+00:00,4490.51,4494.09,4486.48,4493.95,1848,8,0
2026-08-20 13:30:00+00:00,4493.83,4494.7,4490.09,4491.18,1647,8,0
2026-08-20 13:45:00+00:00,4491.17,4491.26,4487.55,4490.14,1600,8,0
2026-08-20 14:00:00+00:00,4490.15,4491.28,4482.82,4484.97,2050,11,0
2026-08-20 14:15:00+00:00,4484.99,4489.79,4481.19,4484.19,1972,8,0
2026-08-20 14:30:00+00:00,4484.2,4486.86,4474.39,4474.76,2239,8,0
2026-08-20 14:45:00+00:00,4474.75,4475.74,4465.45,4466.98,2712,8,0
2026-08-20 15:00:00+00:00,4466.97,4467.29,4450.68,4462.6,3159,8,0
2026-08-20 15:15:00+00:00,4462.57,4467.86,4456.87,4459.21,2798,8,0
2026-08-20 15:30:00+00:00,4459.31,4466.82,4451.0,4466.51,2940,8,0
2026-08-20 15:45:00+00:00,4466.48,4477.14,4463.9,4474.82,2553,8,0
2026-08-20 16:00:00+00:00,4475.01,4484.36,4471.99,4472.99,3036,9,0
2026-08-20 16:15:00+00:00,4472.94,4476.02,4469.38,4471.0,2807,8,0
2026-08-20 16:30:00+00:00,4470.99,4487.2,4468.57,4485.96,3399,11,0
2026-08-20 16:45:00+00:00,4486.05,4488.59,4478.68,4480.81,3254,8,0
2026-08-20 17:00:00+00:00,4480.92,4489.91,4480.15,4484.32,3298,8,0
2026-08-20 17:15:00+00:00,4484.34,4493.85,4481.84,4491.85,3265,8,0
2026-08-20 17:30:00+00:00,4491.64,4501.26,4491.64,4499.38,3075,8,0
2026-08-20 17:45:00+00:00,4499.3,4516.03,4498.77,4515.72,3024,8,0
2026-08-20 18:00:00+00:00,4515.71,4537.6,4514.88,4534.91,3524,8,0
2026-08-20 18:15:00+00:00,4535.11,4540.84,4523.73,4532.49,3406,11,0
2026-08-20 18:30:00+00:00,4532.43,4533.59,4510.17,4511.43,3230,9,0
2026-08-20 18:45:00+00:00,4511.51,4524.17,4510.94,4521.6,3065,8,0
2026-08-20 19:00:00+00:00,4521.63,4524.78,4510.49,4511.16,2848,8,0
2026-08-20 19:15:00+00:00,4510.97,4513.64,4506.16,4509.27,2751,8,0
2026-08-20 19:30:00+00:00,4509.36,4512.7,4502.99,4509.25,2734,8,0
2026-08-20 19:45:00+00:00,4509.24,4513.6,4507.43,4510.01,2476,8,0
2026-08-20 20:00:00+00:00,4510.15,4513.53,4507.75,4509.42,2232,8,0
2026-08-20 20:15:00+00:00,4509.43,4516.59,4507.9,4512.9,2539,8,0
2026-08-20 20:30:00+00:00,4512.88,4518.76,4510.89,4518.29,2223,8,0
2026-08-20 20:45:00+00:00,4518.26,4520.46,4517.14,4519.9,2031,8,0
2026-08-20 21:00:00+00:00,4519.91,4522.41,4509.54,4510.95,2514,13,0
2026-08-20 21:15:00+00:00,4510.94,4520.23,4508.37,4519.03,2305,8,0
2026-08-20 21:30:00+00:00,4519.02,4523.47,4518.56,4520.3,2077,8,0
2026-08-20 21:45:00+00:00,4520.27,4525.31,4517.99,4522.08,2027,8,0
2026-08-20 22:00:00+00:00,4522.12,4528.13,4518.26,4527.6,2098,8,0
2026-08-20 22:15:00+00:00,4527.65,4529.41,4522.73,4522.88,1977,8,0
2026-08-20 22:30:00+00:00,4522.83,4529.56,4522.02,4526.3,2113,8,0
2026-08-20 22:45:00+00:00,4526.29,4532.19,4524.96,4528.79,2494,8,0
2026-08-20 23:00:00+00:00,4528.71,4529.07,4522.44,4522.53,1436,8,0
2026-08-20 23:15:00+00:00,4522.52,4522.75,4520.48,4520.8,1024,8,0
2026-08-20 23:30:00+00:00,4520.95,4520.95,4516.8,4518.07,1068,8,0
2026-08-20 23:45:00+00:00,4518.15,4521.17,4517.94,4518.75,952,17,0
2026-08-21 01:00:00+00:00,4522.08,4522.08,4516.84,4518.32,988,16,0
2026-08-21 01:15:00+00:00,4518.58,4520.86,4518.04,4519.7,919,17,0
2026-08-21 01:30:00+00:00,4519.71,4523.6,4518.52,4522.73,1005,14,0
2026-08-21 01:45:00+00:00,4522.74,4524.36,4519.62,4524.16,1040,12,0
2026-08-21 02:00:00+00:00,4524.04,4532.77,4523.51,4531.77,1387,13,0
2026-08-21 02:15:00+00:00,4531.78,4532.29,4522.77,4527.02,1264,11,0
2026-08-21 02:30:00+00:00,4527.09,4528.58,4520.99,4524.59,1373,12,0
2026-08-21 02:45:00+00:00,4524.58,4527.98,4523.28,4526.27,1353,14,0
2026-08-21 03:00:00+00:00,4526.75,4527.43,4517.58,4518.73,2216,17,0
2026-08-21 03:15:00+00:00,4518.72,4520.7,4513.98,4514.91,2131,15,0
2026-08-21 03:30:00+00:00,4514.89,4517.2,4510.95,4513.73,2067,11,0
2026-08-21 03:45:00+00:00,4513.75,4513.98,4509.85,4510.53,1999,11,0
2026-08-21 04:00:00+00:00,4510.52,4521.11,4508.82,4520.83,3040,17,0
2026-08-21 04:15:00+00:00,4520.67,4530.57,4520.4,4529.47,2651,14,0
2026-08-21 04:30:00+00:00,4529.48,4543.58,4523.79,4526.44,2793,13,0
2026-08-21 04:45:00+00:00,4526.42,4533.18,4525.5,4530.63,2306,12,0
2026-08-21 05:00:00+00:00,4530.78,4531.14,4518.41,4521.34,2385,14,0
2026-08-21 05:15:00+00:00,4521.09,4529.42,4520.26,4527.27,1740,11,0
2026-08-21 05:30:00+00:00,4527.26,4538.26,4525.32,4538.09,2318,14,0
2026-08-21 05:45:00+00:00,4538.18,4542.92,4532.45,4533.75,2192,11,0
2026-08-21 06:00:00+00:00,4533.77,4538.11,4532.09,4532.54,2048,11,0
2026-08-21 06:15:00+00:00,4532.52,4534.7,4529.66,4529.66,1863,13,0
2026-08-21 06:30:00+00:00,4529.67,4535.79,4526.8,4529.13,1670,11,0
2026-08-21 06:45:00+00:00,4529.16,4535.74,4528.25,4535.42,1288,11,0
2026-08-21 07:00:00+00:00,4535.74,4541.4,4535.4,4540.27,1608,13,0
2026-08-21 07:15:00+00:00,4540.25,4547.25,4537.51,4546.8,1733,11,0
2026-08-21 07:30:00+00:00,4546.84,4547.91,4540.79,4541.75,1453,11,0
2026-08-21 07:45:00+00:00,4541.73,4542.42,4540.21,4540.61,1169,12,0
2026-08-21 08:00:00+00:00,4540.6,4540.72,4534.75,4537.23,1543,13,0
2026-08-21 08:15:00+00:00,4537.23,4538.68,4530.58,4530.58,1587,13,0
2026-08-21 08:30:00+00:00,4530.5,4543.45,4529.39,4543.36,2308,15,0
2026-08-21 08:45:00+00:00,4543.22,4556.28,4541.69,4553.67,2336,13,0
2026-08-21 09:00:00+00:00,4553.61,4555.22,4545.56,4549.03,2455,8,0
2026-08-21 09:15:00+00:00,4549.01,4558.01,4549.01,4555.57,2292,8,0
2026-08-21 09:30:00+00:00,4555.51,4565.82,4554.65,4562.58,2461,8,0
2026-08-21 09:45:00+00:00,4562.57,4567.59,4560.97,4560.97,2242,8,0
2026-08-21 10:00:00+00:00,4560.95,4566.12,4558.49,4561.52,2045,8,0
2026-08-21 10:15:00+00:00,4561.55,4567.99,4559.78,4561.7,1860,8,0
2026-08-21 10:30:00+00:00,4561.75,4566.26,4560.11,4564.38,2007,8,0
2026-08-21 10:45:00+00:00,4564.39,4568.01,4560.9,4564.25,1881,8,0
2026-08-21 11:00:00+00:00,4564.24,4567.98,4559.23,4565.64,1776,8,0
2026-08-21 11:15:00+00:00,4565.41,4581.84,4563.95,4579.37,2348,8,0
2026-08-21 11:30:00+00:00,4579.39,4584.18,4576.49,4582.44,2260,8,0
2026-08-21 11:45:00+00:00,4582.61,4584.97,4580.44,4583.99,1862,8,0
2026-08-21 12:00:00+00:00,4584.0,4600.43,4582.27,4599.24,2278,11,0
2026-08-21 12:15:00+00:00,4599.29,4601.93,4581.31,4582.5,2477,9,0
2026-08-21 12:30:00+00:00,4582.24,4586.83,4580.83,4583.08,1938,8,0
2026-08-21 12:45:00+00:00,4583.11,4585.49,4580.44,4582.55,1630,8,0
2026-08-21 13:00:00+00:00,4582.58,4588.92,4577.98,4578.77,2085,8,0
2026-08-21 13:15:00+00:00,4578.8,4589.34,4578.55,4588.06,1958,8,0
2026-08-21 13:30:00+00:00,4588.05,4594.15,4585.19,4593.22,1707,8,0
2026-08-21 13:45:00+00:00,4593.21,4593.66,4587.92,4588.54,1898,8,0
2026-08-21 14:00:00+00:00,4588.43,4595.4,4587.2,4590.61,2022,8,0
2026-08-21 14:15:00+00:00,4590.63,4600.57,4590.63,4597.93,2355,8,0
2026-08-21 14:30:00+00:00,4597.92,4604.02,4592.87,4596.67,2534,8,0
2026-08-21 14:45:00+00:00,4596.62,4600.02,4595.26,4596.58,2132,8,0
2026-08-21 15:00:00+00:00,4596.6,4601.12,4589.2,4592.62,2598,8,0
2026-08-21 15:15:00+00:00,4592.88,4595.86,4582.04,4585.16,2393,8,0
2026-08-21 15:30:00+00:00,4584.77,4584.78,4563.57,4573.77,2733,8,0
2026-08-21 15:45:00+00:00,4573.53,4580.95,4573.21,4578.03,2420,8,0
2026-08-21 16:00:00+00:00,4577.81,4587.08,4575.86,4584.8,2967,8,0
2026-08-21 16:15:00+00:00,4584.88,4587.78,4579.31,4584.0,2697,8,0
2026-08-21 16:30:00+00:00,4584.16,4590.97,4573.5,4587.49,3383,12,0
2026-08-21 16:45:00+00:00,4585.74,4592.28,4576.86,4581.11,3171,8,0
2026-08-21 17:00:00+00:00,4581.06,4590.75,4579.89,4589.59,3073,8,0
2026-08-21 17:15:00+00:00,4589.76,4603.74,4586.54,4603.63,3068,8,0
2026-08-21 17:30:00+00:00,4603.65,4604.18,4579.83,4582.47,3340,12,0
2026-08-21 17:45:00+00:00,4582.48,4595.18,4580.67,4591.61,3096,8,0
2026-08-21 18:00:00+00:00,4591.66,4598.22,4587.34,4595.28,2925,8,0
2026-08-21 18:15:00+00:00,4595.44,4607.49,4595.21,4602.93,2800,8,0
2026-08-21 18:30:00+00:00,4602.92,4609.8,4599.63,4608.82,2906,8,0
2026-08-21 18:45:00+00:00,4608.85,4615.33,4606.42,4615.33,2867,9,0
2026-08-21 19:00:00+00:00,4615.32,4618.42,4609.99,4615.34,2805,8,0
2026-08-21 19:15:00+00:00,4615.31,4621.04,4610.61,4614.25,2669,8,0
2026-08-21 19:30:00+00:00,4614.28,4621.26,4612.5,4620.68,2531,8,0
2026-08-21 19:45:00+00:00,4620.69,4629.14,4620.29,4628.96,2467,8,0
2026-08-21 20:00:00+00:00,4628.93,4632.22,4621.75,4623.24,2735,9,0
2026-08-21 20:15:00+00:00,4623.25,4625.14,4614.62,4622.8,2841,8,0
2026-08-21 20:30:00+00:00,4622.81,4625.11,4619.39,4619.64,2262,8,0
2026-08-21 20:45:00+00:00,4619.7,4622.49,4616.97,4620.01,2121,8,0
2026-08-21 21:00:00+00:00,4620.13,4627.49,4619.82,4623.73,1976,8,0
2026-08-21 21:15:00+00:00,4623.75,4626.82,4623.67,4624.34,1607,9,0
2026-08-21 21:30:00+00:00,4624.15,4624.33,4618.78,4620.42,1899,8,0
2026-08-21 21:45:00+00:00,4620.36,4625.11,4620.36,4623.63,1660,8,0
2026-08-21 22:00:00+00:00,4623.73,4624.84,4617.85,4622.03,1927,8,0
2026-08-21 22:15:00+00:00,4622.04,4622.62,4617.05,4617.27,1760,8,0
2026-08-21 22:30:00+00:00,4617.28,4619.12,4615.06,4617.37,1951,8,0
2026-08-21 22:45:00+00:00,4617.42,4622.99,4614.83,4616.1,2293,8,0
2026-08-21 23:00:00+00:00,4616.26,4617.53,4614.34,4616.86,1174,8,0
2026-08-21 23:15:00+00:00,4616.9,4617.67,4609.52,4610.11,1346,8,0
2026-08-21 23:30:00+00:00,4610.12,4611.27,4606.82,4607.31,1129,10,0
2026-08-21 23:45:00+00:00,4607.37,4608.82,4601.98,4602.57,1089,21,0
2026-08-24 01:00:00+00:00,4614.19,4624.5,4607.45,4617.38,1993,17,0
2026-08-24 01:15:00+00:00,4617.41,4620.86,4612.91,4614.16,1527,21,0
2026-08-24 01:30:00+00:00,4613.8,4616.98,4607.08,4610.92,1462,21,0
2026-08-24 01:45:00+00:00,4610.93,4611.02,4606.09,4606.15,1319,21,0
2026-08-24 02:00:00+00:00,4606.19,4609.39,4604.76,4607.53,1221,21,0
2026-08-24 02:15:00+00:00,4607.52,4615.93,4606.82,4615.14,1215,21,0
2026-08-24 02:30:00+00:00,4615.12,4619.24,4607.65,4608.36,1473,21,0
2026-08-24 02:45:00+00:00,4608.41,4624.58,4608.21,4624.31,2035,16,0
2026-08-24 03:00:00+00:00,4625.34,4640.8,4620.25,4637.34,2875,21,0
2026-08-24 03:15:00+00:00,4637.37,4640.44,4594.76,4604.69,2990,17,0
2026-08-24 03:30:00+00:00,4604.68,4608.55,4601.03,4607.06,2711,11,0
2026-08-24 03:45:00+00:00,4607.07,4623.16,4603.92,4621.84,2465,15,0
2026-08-24 04:00:00+00:00,4621.85,4635.16,4618.91,4622.12,3205,14,0
2026-08-24 04:15:00+00:00,4622.13,4625.67,4611.18,4614.67,3157,15,0
2026-08-24 04:30:00+00:00,4614.62,4621.04,4608.08,4618.19,3024,11,0
2026-08-24 04:45:00+00:00,4618.17,4637.61,4615.11,4632.22,2857,13,0
2026-08-24 05:00:00+00:00,4632.26,4652.29,4627.94,4650.45,3046,13,0
2026-08-24 05:15:00+00:00,4650.48,4655.43,4649.37,4655.24,2392,11,0
2026-08-24 05:30:00+00:00,4655.25,4656.57,4637.55,4637.59,2910,11,0
2026-08-24 05:45:00+00:00,4637.61,4644.83,4627.58,4643.67,2884,11,0
2026-08-24 06:00:00+00:00,4643.72,4644.17,4633.44,4637.25,2532,11,0
2026-08-24 06:15:00+00:00,4637.24,4648.15,4635.5,4643.82,2522,16,0
2026-08-24 06:30:00+00:00,4643.83,4650.11,4642.79,4643.03,2081,11,0
2026-08-24 06:45:00+00:00,4642.76,4644.78,4640.1,4641.62,1741,12,0
2026-08-24 07:00:00+00:00,4641.61,4642.54,4632.61,4638.4,2115,11,0
2026-08-24 07:15:00+00:00,4638.45,4641.94,4634.59,4640.41,1999,11,0
2026-08-24 07:30:00+00:00,4640.42,4640.75,4633.11,4638.21,1915,11,0
2026-08-24 07:45:00+00:00,4638.2,4640.39,4635.93,4638.91,1708,11,0
2026-08-24 08:00:00+00:00,4638.92,4643.55,4638.66,4643.55,1972,11,0
2026-08-24 08:15:00+00:00,4643.49,4646.55,4636.11,4636.11,2009,11,0
2026-08-24 08:30:00+00:00,4636.09,4639.64,4629.88,4633.68,2874,17,0
2026-08-24 08:45:00+00:00,4633.64,4643.26,4630.33,4640.8,2575,14,0
2026-08-24 09:00:00+00:00,4640.83,4652.45,4639.37,4652.32,2781,8,0
2026-08-24 09:15:00+00:00,4652.34,4659.86,4640.89,4642.56,2823,9,0
2026-08-24 09:30:00+00:00,4642.51,4653.74,4641.99,4642.84,2642,8,0
2026-08-24 09:45:00+00:00,4642.97,4653.99,4642.94,4650.2,2476,8,0
2026-08-24 10:00:00+00:00,4650.11,4654.56,4644.37,4648.11,2447,8,0
2026-08-24 10:15:00+00:00,4648.15,4650.14,4642.38,4642.79,2404,8,0
2026-08-24 10:30:00+00:00,4642.76,4647.96,4634.93,4634.93,2322,8,0
2026-08-24 10:45:00+00:00,4634.87,4643.87,4630.18,4641.66,2488,8,0
2026-08-24 11:00:00+00:00,4641.64,4646.06,4635.94,4637.57,2681,9,0
2026-08-24 11:15:00+00:00,4637.58,4639.68,4629.49,4629.49,2308,8,0
2026-08-24 11:30:00+00:00,4629.39,4646.15,4628.84,4645.4,2136,8,0
2026-08-24 11:45:00+00:00,4645.38,4646.07,4636.04,4638.05,2075,10,0
2026-08-24 12:00:00+00:00,4638.04,4644.77,4637.23,4641.95,1994,8,0
2026-08-24 12:15:00+00:00,4641.92,4642.02,4634.95,4635.87,1901,8,0
2026-08-24 12:30:00+00:00,4635.88,4640.65,4633.02,4639.33,1986,8,0
2026-08-24 12:45:00+00:00,4639.24,4646.04,4638.95,4645.97,1727,8,0
2026-08-24 13:00:00+00:00,4645.95,4650.06,4645.5,4648.11,1933,9,0
2026-08-24 13:15:00+00:00,4648.14,4648.59,4642.43,4643.11,1904,8,0
2026-08-24 13:30:00+00:00,4643.24,4648.69,4642.77,4644.34,1799,8,0
2026-08-24 13:45:00+00:00,4644.34,4647.11,4641.82,4643.46,1839,8,0
2026-08-24 14:00:00+00:00,4643.36,4646.8,4639.11,4642.35,2118,8,0
2026-08-24 14:15:00+00:00,4642.3,4647.49,4640.55,4646.36,1802,8,0
2026-08-24 14:30:00+00:00,4646.48,4669.96,4643.51,4658.67,3010,13,0
2026-08-24 14:45:00+00:00,4658.98,4661.43,4648.3,4657.84,2592,10,0
2026-08-24 15:00:00+00:00,4657.91,4660.17,4650.06,4657.39,2489,11,0
2026-08-24 15:15:00+00:00,4657.38,4662.73,4651.79,4661.87,2565,8,0
2026-08-24 15:30:00+00:00,4661.85,4668.86,4645.74,4657.48,2749,8,0
2026-08-24 15:45:00+00:00,4657.49,4667.38,4654.55,4662.87,2452,8,0
2026-08-24 16:00:00+00:00,4662.9,4677.86,4661.61,4677.26,3067,12,0
2026-08-24 16:15:00+00:00,4677.14,4677.94,4667.06,4672.35,2882,9,0
2026-08-24 16:30:00+00:00,4672.38,4680.9,4658.5,4658.93,3496,14,0
2026-08-24 16:45:00+00:00,4658.89,4678.2,4656.4,4664.7,3400,11,0
2026-08-24 17:00:00+00:00,4664.75,4672.11,4659.98,4666.65,3322,8,0
2026-08-24 17:15:00+00:00,4666.53,4674.31,4656.27,4671.05,3160,8,0
2026-08-24 17:30:00+00:00,4671.07,4679.57,4670.08,4672.71,2932,8,0
2026-08-24 17:45:00+00:00,4672.73,4676.43,4657.66,4670.61,2931,8,0
2026-08-24 18:00:00+00:00,4670.65,4677.3,4665.95,4672.13,2878,8,0
2026-08-24 18:15:00+00:00,4672.21,4679.34,4668.28,4676.46,2650,8,0
2026-08-24 18:30:00+00:00,4676.43,4677.68,4660.1,4660.98,2987,11,0
2026-08-24 18:45:00+00:00,4660.95,4663.47,4640.0,4649.08,3076,11,0
2026-08-24 19:00:00+00:00,4649.07,4662.48,4646.62,4658.23,2754,8,0
2026-08-24 19:15:00+00:00,4658.31,4661.25,4656.12,4658.93,2359,8,0
2026-08-24 19:30:00+00:00,4658.89,4662.24,4658.47,4659.7,2126,13,0
2026-08-24 19:45:00+00:00,4659.65,4660.06,4642.18,4644.85,2526,13,0
2026-08-24 20:00:00+00:00,4644.83,4655.17,4641.71,4651.75,2850,11,0
2026-08-24 20:15:00+00:00,4651.8,4653.97,4630.68,4638.33,3044,9,0
2026-08-24 20:30:00+00:00,4638.5,4642.98,4635.66,4638.82,2601,8,0
2026-08-24 20:45:00+00:00,4638.72,4639.08,4632.9,4636.73,2365,11,0
2026-08-24 21:00:00+00:00,4636.66,4641.16,4625.51,4632.09,2544,8,0
2026-08-24 21:15:00+00:00,4632.05,4642.2,4626.82,4640.38,2556,8,0
2026-08-24 21:30:00+00:00,4640.4,4641.84,4625.42,4634.53,2428,8,0
2026-08-24 21:45:00+00:00,4634.44,4637.65,4631.63,4636.62,2056,8,0
2026-08-24 22:00:00+00:00,4636.58,4641.45,4635.85,4636.71,2016,8,0
2026-08-24 22:15:00+00:00,4636.69,4645.31,4636.34,4641.5,1991,8,0
2026-08-24 22:30:00+00:00,4641.43,4651.49,4640.22,4650.76,2277,8,0
2026-08-24 22:45:00+00:00,4650.77,4656.63,4650.61,4652.33,2526,8,0
2026-08-24 23:00:00+00:00,4652.51,4656.01,4651.07,4651.36,1295,8,0
2026-08-24 23:15:00+00:00,4651.27,4654.44,4649.0,4649.37,879,8,0
2026-08-24 23:30:00+00:00,4649.33,4650.01,4647.29,4647.79,691,8,0
2026-08-24 23:45:00+00:00,4647.8,4652.61,4647.2,4651.61,1054,17,0
2026-08-25 01:00:00+00:00,4654.46,4660.67,4651.98,4658.67,1297,19,0
2026-08-25 01:15:00+00:00,4658.7,4659.54,4656.84,4657.73,761,19,0
2026-08-25 01:30:00+00:00,4657.79,4661.58,4657.29,4661.57,733,19,0
2026-08-25 01:45:00+00:00,4661.5,4668.44,4660.9,4667.73,805,18,0
2026-08-25 02:00:00+00:00,4667.71,4672.28,4666.87,4672.21,984,16,0
2026-08-25 02:15:00+00:00,4672.22,4676.78,4669.24,4669.31,1222,14,0
2026-08-25 02:30:00+00:00,4669.32,4676.96,4667.73,4676.51,1350,15,0
2026-08-25 02:45:00+00:00,4676.5,4682.5,4675.02,4679.86,1855,17,0
2026-08-25 03:00:00+00:00,4679.43,4691.29,4675.46,4690.55,2772,17,0
2026-08-25 03:15:00+00:00,4690.5,4691.26,4677.08,4682.66,2520,11,0
2026-08-25 03:30:00+00:00,4682.73,4697.06,4682.31,4693.92,2585,11,0
2026-08-25 03:45:00+00:00,4694.06,4695.13,4684.39,4684.45,2484,11,0
2026-08-25 04:00:00+00:00,4684.65,4685.12,4671.01,4678.32,2993,16,0
2026-08-25 04:15:00+00:00,4678.17,4680.11,4664.32,4669.66,2826,14,0
2026-08-25 04:30:00+00:00,4669.52,4674.63,4666.76,4670.64,2787,11,0
2026-08-25 04:45:00+00:00,4670.65,4675.7,4656.64,4657.66,2807,11,0
2026-08-25 05:00:00+00:00,4658.02,4661.44,4638.44,4642.19,3167,11,0
2026-08-25 05:15:00+00:00,4641.94,4656.8,4641.13,4656.43,2427,11,0
2026-08-25 05:30:00+00:00,4656.32,4656.33,4631.08,4631.44,2894,15,0
2026-08-25 05:45:00+00:00,4630.99,4637.45,4618.09,4629.26,3038,17,0
2026-08-25 06:00:00+00:00,4629.57,4637.59,4622.32,4633.35,2808,14,0
2026-08-25 06:15:00+00:00,4633.36,4638.01,4631.68,4637.42,2466,17,0
2026-08-25 06:30:00+00:00,4637.41,4640.89,4633.7,4634.22,1865,17,0
2026-08-25 06:45:00+00:00,4634.09,4635.4,4631.31,4633.31,1798,15,0
2026-08-25 07:00:00+00:00,4633.32,4637.36,4630.52,4636.76,1796,12,0
2026-08-25 07:15:00+00:00,4636.73,4636.75,4628.56,4630.43,1719,14,0
2026-08-25 07:30:00+00:00,4630.45,4632.32,4623.47,4625.53,2030,13,0
2026-08-25 07:45:00+00:00,4625.5,4628.45,4623.77,4625.38,1984,13,0
2026-08-25 08:00:00+00:00,4625.47,4638.8,4623.73,4637.66,2149,13,0
2026-08-25 08:15:00+00:00,4637.57,4647.55,4637.57,4646.02,1930,11,0
2026-08-25 08:30:00+00:00,4646.18,4646.68,4637.66,4638.65,2544,15,0
2026-08-25 08:45:00+00:00,4638.56,4645.58,4635.57,4642.57,2403,11,0
2026-08-25 09:00:00+00:00,4642.68,4650.07,4641.02,4649.24,2373,8,0
2026-08-25 09:15:00+00:00,4649.31,4653.0,4645.16,4649.73,2178,8,0
2026-08-25 09:30:00+00:00,4649.75,4653.07,4647.54,4647.71,2234,8,0
2026-08-25 09:45:00+00:00,4647.42,4648.9,4636.82,4637.92,2131,8,0
2026-08-25 10:00:00+00:00,4637.99,4641.64,4636.18,4639.41,2213,8,0
2026-08-25 10:15:00+00:00,4639.43,4643.39,4634.12,4634.17,1981,8,0
2026-08-25 10:30:00+00:00,4634.18,4639.75,4633.58,4638.99,1908,8,0
2026-08-25 10:45:00+00:00,4639.09,4640.24,4629.5,4629.72,1908,8,0
2026-08-25 11:00:00+00:00,4629.75,4630.84,4619.89,4626.2,2428,8,0
2026-08-25 11:15:00+00:00,4626.25,4644.93,4625.65,4632.56,2477,8,0
2026-08-25 11:30:00+00:00,4632.54,4634.9,4625.42,4631.77,2380,10,0
2026-08-25 11:45:00+00:00,4631.68,4633.29,4624.74,4629.84,2016,10,0
2026-08-25 12:00:00+00:00,4629.81,4632.9,4624.39,4630.09,2271,10,0
2026-08-25 12:15:00+00:00,4630.07,4633.09,4625.36,4625.93,2036,8,0
2026-08-25 12:30:00+00:00,4626.09,4638.8,4623.77,4636.85,2505,11,0
2026-08-25 12:45:00+00:00,4636.83,4642.1,4635.54,4636.11,2229,10,0
2026-08-25 13:00:00+00:00,4636.06,4638.51,4632.83,4635.55,1968,9,0
2026-08-25 13:15:00+00:00,4635.47,4638.98,4633.16,4633.72,1696,10,0
2026-08-25 13:30:00+00:00,4633.79,4641.01,4632.94,4637.82,1735,9,0
2026-08-25 13:45:00+00:00,4637.73,4642.38,4637.06,4639.48,1697,8,0
2026-08-25 14:00:00+00:00,4639.42,4643.33,4636.7,4642.84,1948,8,0
2026-08-25 14:15:00+00:00,4642.88,4645.13,4639.14,4641.49,1840,10,0
2026-08-25 14:30:00+00:00,4641.63,4645.24,4640.46,4640.67,1924,8,0
2026-08-25 14:45:00+00:00,4640.73,4647.41,4640.69,4642.54,2054,8,0
2026-08-25 15:00:00+00:00,4642.49,4642.71,4635.08,4639.31,2243,8,0
2026-08-25 15:15:00+00:00,4639.33,4639.39,4632.0,4637.51,2151,8,0
2026-08-25 15:30:00+00:00,4637.4,4640.52,4630.23,4638.46,2269,8,0
2026-08-25 15:45:00+00:00,4638.45,4644.3,4637.41,4640.88,2062,8,0
2026-08-25 16:00:00+00:00,4640.84,4641.17,4622.18,4622.41,3052,8,0
2026-08-25 16:15:00+00:00,4622.39,4628.04,4608.83,4610.35,3032,9,0
2026-08-25 16:30:00+00:00,4610.34,4623.54,4609.68,4612.88,3347,8,0
2026-08-25 16:45:00+00:00,4612.84,4617.09,4605.32,4615.98,3197,8,0
2026-08-25 17:00:00+00:00,4616.07,4625.86,4613.29,4622.16,3155,8,0
2026-08-25 17:15:00+00:00,4622.4,4628.39,4618.7,4623.92,3018,8,0
2026-08-25 17:30:00+00:00,4623.94,4638.68,4614.01,4637.33,3011,8,0
2026-08-25 17:45:00+00:00,4637.26,4640.02,4632.71,4635.58,2759,11,0
2026-08-25 18:00:00+00:00,4635.63,4637.24,4631.25,4633.17,2740,14,0
2026-08-25 18:15:00+00:00,4633.35,4644.7,4630.28,4639.72,2669,8,0
2026-08-25 18:30:00+00:00,4639.84,4659.43,4639.83,4656.22,3036,9,0
2026-08-25 18:45:00+00:00,4656.2,4657.24,4648.95,4652.65,2664,8,0
2026-08-25 19:00:00+00:00,4652.65,4653.31,4642.8,4644.77,2516,8,0
2026-08-25 19:15:00+00:00,4644.76,4647.24,4637.97,4640.72,2328,8,0
2026-08-25 19:30:00+00:00,4640.73,4645.76,4637.44,4644.55,2270,8,0
2026-08-25 19:45:00+00:00,4644.38,4646.69,4640.44,4643.32,2118,8,0
2026-08-25 20:00:00+00:00,4643.47,4643.73,4634.25,4637.82,2265,8,0
2026-08-25 20:15:00+00:00,4637.89,4645.09,4634.46,4637.22,2218,8,0
2026-08-25 20:30:00+00:00,4637.11,4644.61,4636.31,4642.94,2034,8,0
2026-08-25 20:45:00+00:00,4642.92,4648.41,4642.73,4648.41,1767,8,0
2026-08-25 21:00:00+00:00,4648.42,4650.38,4644.27,4647.12,1835,8,0
2026-08-25 21:15:00+00:00,4647.13,4650.47,4646.31,4649.95,1629,8,0
2026-08-25 21:30:00+00:00,4649.97,4650.39,4645.98,4649.23,1673,8,0
2026-08-25 21:45:00+00:00,4649.24,4655.0,4649.21,4654.52,1063,8,0
2026-08-25 22:00:00+00:00,4654.5,4663.05,4653.44,4662.31,2041,9,0
2026-08-25 22:15:00+00:00,4662.2,4668.05,4659.24,4660.19,2094,8,0
2026-08-25 22:30:00+00:00,4660.49,4663.74,4657.15,4661.36,1935,12,0
2026-08-25 22:45:00+00:00,4661.29,4666.76,4659.67,4666.18,2357,12,0
2026-08-25 23:00:00+00:00,4666.21,4668.26,4662.1,4665.28,1763,12,0
2026-08-25 23:15:00+00:00,4665.15,4666.94,4661.11,4661.68,1445,12,0
2026-08-25 23:30:00+00:00,4661.64,4663.38,4659.38,4660.77,1272,12,0
2026-08-25 23:45:00+00:00,4660.78,4661.39,4656.14,4657.92,1385,23,0
2026-08-26 01:00:00+00:00,4657.0,4664.07,4655.3,4663.93,1127,18,0
2026-08-26 01:15:00+00:00,4663.92,4666.07,4663.81,4666.03,737,19,0
2026-08-26 01:30:00+00:00,4666.02,4670.07,4666.02,4669.35,995,17,0
2026-08-26 01:45:00+00:00,4669.32,4672.95,4669.07,4671.88,933,16,0
2026-08-26 02:00:00+00:00,4671.86,4672.75,4666.49,4667.33,1165,11,0
2026-08-26 02:15:00+00:00,4667.34,4667.4,4659.48,4660.27,1145,11,0
2026-08-26 02:30:00+00:00,4660.27,4660.62,4654.91,4655.41,1197,11,0
2026-08-26 02:45:00+00:00,4655.39,4657.97,4652.51,4654.34,1642,14,0
2026-08-26 03:00:00+00:00,4655.32,4656.88,4651.09,4651.3,2207,17,0
2026-08-26 03:15:00+00:00,4651.28,4654.97,4643.08,4646.65,1950,15,0
2026-08-26 03:30:00+00:00,4646.66,4650.05,4636.39,4637.0,2124,13,0
2026-08-26 03:45:00+00:00,4637.03,4639.7,4635.25,4638.23,2115,11,0
2026-08-26 04:00:00+00:00,4638.26,4648.56,4631.87,4644.88,2774,16,0
2026-08-26 04:15:00+00:00,4644.9,4651.13,4644.2,4644.34,2475,16,0
2026-08-26 04:30:00+00:00,4644.33,4647.88,4639.88,4645.51,2690,15,0
2026-08-26 04:45:00+00:00,4645.52,4661.67,4643.88,4657.83,2607,11,0
2026-08-26 05:00:00+00:00,4657.84,4662.53,4655.76,4660.95,2443,11,0
2026-08-26 05:15:00+00:00,4660.97,4662.5,4657.0,4659.79,1723,11,0
2026-08-26 05:30:00+00:00,4659.77,4671.49,4658.38,4668.06,2460,14,0
2026-08-26 05:45:00+00:00,4668.14,4669.88,4658.84,4659.2,2117,11,0
2026-08-26 06:00:00+00:00,4659.27,4659.48,4647.12,4647.9,2194,11,0
2026-08-26 06:15:00+00:00,4647.87,4650.36,4645.55,4649.88,2063,11,0
2026-08-26 06:30:00+00:00,4649.77,4650.89,4644.93,4644.93,1613,11,0
2026-08-26 06:45:00+00:00,4645.01,4645.09,4642.22,4642.29,1399,11,0
2026-08-26 07:00:00+00:00,4642.28,4643.92,4641.48,4642.14,1207,14,0
2026-08-26 07:15:00+00:00,4642.12,4642.89,4640.78,4641.81,1191,11,0
2026-08-26 07:30:00+00:00,4641.85,4642.86,4639.41,4640.48,1190,11,0
2026-08-26 07:45:00+00:00,4640.45,4641.42,4638.45,4640.2,1371,11,0
2026-08-26 08:00:00+00:00,4640.23,4645.85,4639.73,4643.35,1522,15,0
2026-08-26 08:15:00+00:00,4643.38,4645.37,4641.41,4643.37,1515,11,0
2026-08-26 08:30:00+00:00,4643.38,4649.53,4637.99,4638.14,2459,17,0
2026-08-26 08:45:00+00:00,4638.05,4640.52,4635.5,4639.56,2217,15,0
2026-08-26 09:00:00+00:00,4639.62,4641.49,4636.12,4637.53,2213,8,0
2026-08-26 09:15:00+00:00,4637.51,4637.82,4624.79,4626.79,2398,8,0
2026-08-26 09:30:00+00:00,4626.81,4634.09,4625.75,4633.32,2205,8,0
2026-08-26 09:45:00+00:00,4633.27,4636.81,4630.53,4634.24,1988,8,0
2026-08-26 10:00:00+00:00,4634.28,4639.26,4633.17,4636.47,2042,8,0
2026-08-26 10:15:00+00:00,4636.48,4637.56,4630.86,4631.37,1820,8,0
2026-08-26 10:30:00+00:00,4631.41,4636.41,4628.94,4631.65,1776,8,0
2026-08-26 10:45:00+00:00,4631.69,4634.82,4626.56,4629.1,1810,8,0
2026-08-26 11:00:00+00:00,4628.99,4630.26,4625.74,4625.75,2037,8,0
2026-08-26 11:15:00+00:00,4625.73,4629.51,4622.27,4629.51,1953,8,0
2026-08-26 11:30:00+00:00,4629.65,4630.67,4625.07,4629.43,1783,8,0
2026-08-26 11:45:00+00:00,4629.45,4629.68,4626.08,4628.26,1523,8,0
2026-08-26 12:00:00+00:00,4628.28,4630.93,4624.05,4624.99,1794,9,0
2026-08-26 12:15:00+00:00,4625.02,4625.21,4616.29,4616.84,1907,8,0
2026-08-26 12:30:00+00:00,4617.06,4622.32,4616.8,4622.08,1649,8,0
2026-08-26 12:45:00+00:00,4622.07,4625.63,4621.87,4623.36,1576,9,0
2026-08-26 13:00:00+00:00,4623.31,4623.93,4617.75,4619.01,1460,8,0
2026-08-26 13:15:00+00:00,4619.0,4620.41,4613.31,4614.85,1592,9,0
2026-08-26 13:30:00+00:00,4614.98,4624.12,4614.65,4622.32,1523,8,0
2026-08-26 13:45:00+00:00,4622.38,4623.97,4618.93,4620.2,1304,8,0
2026-08-26 14:00:00+00:00,4620.22,4621.85,4616.62,4618.52,1601,8,0
2026-08-26 14:15:00+00:00,4618.51,4622.98,4616.58,4620.64,1737,8,0
2026-08-26 14:30:00+00:00,4620.63,4622.85,4617.29,4619.09,1704,8,0
2026-08-26 14:45:00+00:00,4619.12,4625.29,4616.97,4624.8,1777,8,0
2026-08-26 15:00:00+00:00,4624.77,4629.76,4623.88,4625.76,2115,8,0
2026-08-26 15:15:00+00:00,4625.75,4630.5,4624.62,4630.47,2061,8,0
2026-08-26 15:30:00+00:00,4630.26,4633.03,4612.22,4622.63,3047,8,0
2026-08-26 15:45:00+00:00,4622.57,4626.35,4611.43,4614.6,2827,11,0
2026-08-26 16:00:00+00:00,4614.59,4621.45,4608.45,4611.02,3144,10,0
2026-08-26 16:15:00+00:00,4611.13,4614.24,4597.98,4610.85,2977,8,0
2026-08-26 16:30:00+00:00,4611.04,4622.66,4610.07,4619.38,3269,11,0
2026-08-26 16:45:00+00:00,4619.34,4631.19,4618.04,4630.86,3123,8,0
2026-08-26 17:00:00+00:00,4630.84,4632.85,4619.53,4620.26,3072,8,0
2026-08-26 17:15:00+00:00,4620.38,4626.07,4615.58,4615.95,2894,9,0
2026-08-26 17:30:00+00:00,4615.96,4622.87,4612.27,4622.04,2752,8,0
2026-08-26 17:45:00+00:00,4622.12,4622.8,4602.88,4602.88,2882,8,0
2026-08-26 18:00:00+00:00,4602.92,4605.39,4588.17,4588.87,3101,10,0
2026-08-26 18:15:00+00:00,4588.99,4598.15,4583.19,4594.83,2945,8,0
2026-08-26 18:30:00+00:00,4594.77,4604.75,4594.62,4604.71,2567,8,0
2026-08-26 18:45:00+00:00,4604.75,4609.3,4595.82,4595.82,2727,11,0
2026-08-26 19:00:00+00:00,4595.81,4601.18,4590.62,4599.74,2582,8,0
2026-08-26 19:15:00+00:00,4599.7,4600.33,4594.13,4595.36,2322,8,0
2026-08-26 19:30:00+00:00,4595.56,4596.91,4584.88,4588.2,2223,8,0
2026-08-26 19:45:00+00:00,4588.23,4596.79,4587.8,4590.89,2326,8,0
2026-08-26 20:00:00+00:00,4590.87,4595.37,4589.94,4594.76,2194,8,0
2026-08-26 20:15:00+00:00,4594.78,4598.85,4593.55,4597.61,2236,9,0
2026-08-26 20:30:00+00:00,4597.78,4602.25,4595.82,4597.15,1964,8,0
2026-08-26 20:45:00+00:00,4597.22,4599.23,4594.29,4597.82,1763,8,0
2026-08-26 21:00:00+00:00,4597.79,4604.6,4596.74,4600.21,1911,8,0
2026-08-26 21:15:00+00:00,4600.2,4600.54,4592.8,4594.77,1997,8,0
2026-08-26 21:30:00+00:00,4594.68,4597.42,4592.48,4596.77,1724,8,0
2026-08-26 21:45:00+00:00,4596.78,4597.74,4593.38,4593.73,1591,8,0
2026-08-26 22:00:00+00:00,4593.79,4595.64,4591.01,4594.41,1842,8,0
2026-08-26 22:15:00+00:00,4594.43,4599.01,4590.72,4598.44,1767,8,0
2026-08-26 22:30:00+00:00,4598.43,4601.61,4594.29,4595.65,1701,8,0
2026-08-26 22:45:00+00:00,4595.66,4596.46,4592.42,4594.24,1955,8,0
2026-08-26 23:00:00+00:00,4594.25,4596.69,4591.7,4591.72,1438,8,0
2026-08-26 23:15:00+00:00,4591.7,4592.01,4584.07,4591.39,1832,8,0
2026-08-26 23:30:00+00:00,4591.27,4593.5,4590.37,4591.98,1248,8,0
2026-08-26 23:45:00+00:00,4591.74,4594.58,4591.49,4592.72,1158,17,0
2026-08-27 01:00:00+00:00,4596.76,4606.87,4595.27,4602.61,1322,10,0
2026-08-27 01:15:00+00:00,4602.57,4613.3,4602.5,4610.47,1426,14,0
2026-08-27 01:30:00+00:00,4611.25,4611.59,4608.85,4610.83,1236,13,0
2026-08-27 01:45:00+00:00,4610.84,4611.8,4606.93,4609.31,1006,11,0
2026-08-27 02:00:00+00:00,4609.33,4615.67,4606.92,4615.57,1245,11,0
2026-08-27 02:15:00+00:00,4615.56,4622.38,4614.45,4620.19,1227,11,0
2026-08-27 02:30:00+00:00,4620.18,4624.83,4618.32,4622.75,1247,11,0
2026-08-27 02:45:00+00:00,4622.74,4624.88,4620.86,4623.67,1426,11,0
2026-08-27 03:00:00+00:00,4623.76,4627.1,4616.22,4617.98,1882,11,0
2026-08-27 03:15:00+00:00,4617.99,4621.53,4613.39,4619.15,1782,11,0
2026-08-27 03:30:00+00:00,4619.14,4619.14,4605.67,4606.34,1752,14,0
2026-08-27 03:45:00+00:00,4606.46,4611.11,4600.76,4605.32,2020,13,0
2026-08-27 04:00:00+00:00,4605.26,4625.06,4602.57,4624.93,2672,17,0
2026-08-27 04:15:00+00:00,4624.92,4625.3,4617.17,4618.91,2282,16,0
2026-08-27 04:30:00+00:00,4618.9,4631.66,4618.13,4624.11,2588,17,0
2026-08-27 04:45:00+00:00,4624.17,4640.99,4623.95,4640.27,2422,11,0
2026-08-27 05:00:00+00:00,4640.29,4643.27,4638.36,4640.85,2182,11,0
2026-08-27 05:15:00+00:00,4640.79,4640.86,4632.95,4633.43,1669,14,0
2026-08-27 05:30:00+00:00,4633.37,4634.04,4623.83,4627.53,2416,14,0
2026-08-27 05:45:00+00:00,4627.48,4631.57,4624.57,4629.88,1924,11,0
2026-08-27 06:00:00+00:00,4629.83,4635.35,4628.59,4634.45,1964,11,0
2026-08-27 06:15:00+00:00,4634.5,4638.84,4633.22,4635.31,1810,11,0
2026-08-27 06:30:00+00:00,4635.35,4635.59,4628.81,4629.29,1481,12,0
2026-08-27 06:45:00+00:00,4629.31,4629.61,4624.4,4625.45,1378,14,0
2026-08-27 07:00:00+00:00,4625.52,4627.26,4624.42,4625.37,1407,11,0
2026-08-27 07:15:00+00:00,4625.39,4626.98,4620.55,4620.77,1403,11,0
2026-08-27 07:30:00+00:00,4620.76,4620.84,4617.26,4619.28,1542,11,0
2026-08-27 07:45:00+00:00,4619.17,4620.63,4617.7,4618.76,1549,11,0
2026-08-27 08:00:00+00:00,4618.77,4621.36,4616.2,4620.01,1584,11,0
2026-08-27 08:15:00+00:00,4619.98,4621.52,4617.11,4617.23,1462,11,0
2026-08-27 08:30:00+00:00,4617.22,4619.78,4604.85,4605.3,2590,17,0
2026-08-27 08:45:00+00:00,4605.32,4609.6,4600.94,4607.03,2396,15,0
2026-08-27 09:00:00+00:00,4606.99,4607.52,4599.66,4605.96,2330,8,0
2026-08-27 09:15:00+00:00,4605.97,4610.44,4604.0,4610.4,2133,8,0
2026-08-27 09:30:00+00:00,4610.34,4611.78,4604.82,4607.69,2033,8,0
2026-08-27 09:45:00+00:00,4607.68,4609.7,4598.05,4600.33,2256,8,0
2026-08-27 10:00:00+00:00,4600.35,4605.86,4598.6,4603.88,2232,8,0
2026-08-27 10:15:00+00:00,4603.89,4603.89,4593.57,4599.41,2003,8,0
2026-08-27 10:30:00+00:00,4599.38,4601.36,4595.03,4597.79,1934,8,0
2026-08-27 10:45:00+00:00,4597.84,4602.51,4595.74,4600.12,1872,8,0
2026-08-27 11:00:00+00:00,4600.16,4606.81,4599.99,4603.26,2066,8,0
2026-08-27 11:15:00+00:00,4603.25,4606.16,4600.16,4601.15,1818,8,0
2026-08-27 11:30:00+00:00,4601.12,4601.83,4594.65,4596.13,1934,8,0
2026-08-27 11:45:00+00:00,4595.96,4602.26,4595.59,4598.97,1718,8,0
2026-08-27 12:00:00+00:00,4599.04,4600.64,4593.72,4596.06,2078,8,0
2026-08-27 12:15:00+00:00,4596.06,4599.31,4593.7,4597.52,1961,8,0
2026-08-27 12:30:00+00:00,4597.71,4599.17,4579.66,4582.28,2211,9,0
2026-08-27 12:45:00+00:00,4582.33,4585.88,4579.13,4580.28,1902,10,0
2026-08-27 13:00:00+00:00,4580.29,4581.97,4569.08,4581.67,2156,8,0
2026-08-27 13:15:00+00:00,4581.6,4583.38,4577.54,4580.43,1730,8,0
2026-08-27 13:30:00+00:00,4580.42,4585.91,4576.3,4585.76,1822,9,0
2026-08-27 13:45:00+00:00,4585.67,4590.53,4585.67,4590.15,1810,8,0
2026-08-27 14:00:00+00:00,4590.19,4592.56,4587.34,4592.56,1892,8,0
2026-08-27 14:15:00+00:00,4592.53,4596.82,4591.18,4594.46,1753,8,0
2026-08-27 14:30:00+00:00,4594.47,4599.78,4593.92,4598.04,2081,8,0
2026-08-27 14:45:00+00:00,4597.66,4600.37,4594.55,4598.44,2018,8,0
2026-08-27 15:00:00+00:00,4598.42,4601.14,4592.56,4592.71,2146,8,0
2026-08-27 15:15:00+00:00,4592.73,4600.61,4591.77,4595.6,2148,8,0
2026-08-27 15:30:00+00:00,4595.71,4596.71,4587.17,4587.53,2158,8,0
2026-08-27 15:45:00+00:00,4587.6,4588.06,4580.51,4586.01,2231,8,0
2026-08-27 16:00:00+00:00,4585.87,4590.81,4580.47,4585.26,2987,11,0
2026-08-27 16:15:00+00:00,4585.3,4593.34,4583.04,4589.4,2783,9,0
2026-08-27 16:30:00+00:00,4590.28,4592.98,4572.38,4578.65,3313,11,0
2026-08-27 16:45:00+00:00,4578.73,4582.9,4566.3,4572.61,3274,8,0
2026-08-27 17:00:00+00:00,4572.51,4579.23,4568.61,4573.78,3147,8,0
2026-08-27 17:15:00+00:00,4573.79,4584.16,4573.78,4581.32,2914,8,0
2026-08-27 17:30:00+00:00,4581.26,4597.34,4581.26,4594.97,2909,8,0
2026-08-27 17:45:00+00:00,4595.19,4598.23,4588.19,4591.35,2931,8,0
2026-08-27 18:00:00+00:00,4591.32,4595.33,4591.03,4592.27,2660,8,0
2026-08-27 18:15:00+00:00,4592.57,4598.0,4588.84,4593.06,2656,8,0
2026-08-27 18:30:00+00:00,4593.03,4605.68,4592.19,4601.22,2632,8,0
2026-08-27 18:45:00+00:00,4601.23,4611.28,4600.26,4610.41,2752,8,0
2026-08-27 19:00:00+00:00,4610.44,4613.0,4605.29,4605.42,2546,8,0
2026-08-27 19:15:00+00:00,4605.38,4608.69,4603.24,4607.62,2292,10,0
2026-08-27 19:30:00+00:00,4607.66,4612.9,4606.02,4611.27,2241,10,0
2026-08-27 19:45:00+00:00,4611.28,4616.88,4610.24,4614.93,2328,10,0
2026-08-27 20:00:00+00:00,4614.92,4616.47,4609.36,4610.95,2347,10,0
2026-08-27 20:15:00+00:00,4610.97,4612.01,4608.85,4610.25,2202,10,0
2026-08-27 20:30:00+00:00,4610.28,4615.06,4608.61,4611.91,2171,10,0
2026-08-27 20:45:00+00:00,4611.46,4612.19,4605.9,4607.19,2462,10,0
2026-08-27 21:00:00+00:00,4607.37,4608.08,4602.21,4605.55,2538,8,0
2026-08-27 21:15:00+00:00,4605.6,4607.98,4601.72,4601.74,2351,8,0
2026-08-27 21:30:00+00:00,4601.67,4605.08,4601.03,4604.42,1991,8,0
2026-08-27 21:45:00+00:00,4604.43,4611.16,4604.3,4610.38,1928,8,0
2026-08-27 22:00:00+00:00,4610.39,4618.02,4610.39,4615.65,2146,8,0
2026-08-27 22:15:00+00:00,4615.64,4616.13,4604.31,4605.84,1999,8,0
2026-08-27 22:30:00+00:00,4605.83,4610.14,4604.82,4609.82,1991,8,0
2026-08-27 22:45:00+00:00,4609.83,4612.64,4605.41,4609.28,2206,8,0
2026-08-27 23:00:00+00:00,4609.25,4609.6,4603.74,4604.89,1316,8,0
2026-08-27 23:15:00+00:00,4604.84,4605.44,4602.76,4603.68,808,8,0
2026-08-27 23:30:00+00:00,4603.7,4604.45,4602.05,4603.84,674,9,0
2026-08-27 23:45:00+00:00,4603.82,4604.75,4600.03,4600.92,1169,19,0
2026-08-28 01:00:00+00:00,4603.89,4607.5,4601.25,4604.86,1082,8,0
2026-08-28 01:15:00+00:00,4604.79,4608.36,4604.44,4607.79,920,16,0
2026-08-28 01:30:00+00:00,4607.72,4610.09,4606.85,4607.82,850,16,0
2026-08-28 01:45:00+00:00,4607.81,4610.82,4606.72,4610.74,689,12,0
2026-08-28 02:00:00+00:00,4610.73,4611.44,4602.92,4602.94,916,14,0
2026-08-28 02:15:00+00:00,4602.96,4603.54,4600.11,4601.01,879,12,0
2026-08-28 02:30:00+00:00,4601.02,4602.3,4598.62,4599.81,929,11,0
2026-08-28 02:45:00+00:00,4599.76,4599.77,4594.39,4594.63,1286,11,0
2026-08-28 03:00:00+00:00,4594.35,4602.46,4593.27,4600.63,1906,15,0
2026-08-28 03:15:00+00:00,4600.62,4600.77,4590.58,4593.95,1857,11,0
2026-08-28 03:30:00+00:00,4593.99,4594.26,4588.12,4591.07,1745,11,0
2026-08-28 03:45:00+00:00,4591.09,4591.09,4585.7,4588.76,1729,11,0
2026-08-28 04:00:00+00:00,4588.79,4602.2,4586.47,4592.65,2690,15,0
2026-08-28 04:15:00+00:00,4593.92,4598.06,4583.93,4585.62,2603,13,0
2026-08-28 04:30:00+00:00,4585.63,4589.08,4578.4,4582.23,2702,11,0
2026-08-28 04:45:00+00:00,4582.12,4583.19,4575.45,4575.91,2420,11,0
2026-08-28 05:00:00+00:00,4575.9,4582.7,4575.19,4581.25,2167,15,0
2026-08-28 05:15:00+00:00,4581.26,4584.87,4578.7,4583.38,1466,14,0
2026-08-28 05:30:00+00:00,4583.39,4589.66,4583.23,4585.08,2122,14,0
2026-08-28 05:45:00+00:00,4585.06,4587.28,4582.38,4586.31,1896,11,0
2026-08-28 06:00:00+00:00,4586.35,4588.34,4582.87,4584.16,1952,11,0
2026-08-28 06:15:00+00:00,4584.17,4589.99,4584.17,4587.98,1846,13,0
2026-08-28 06:30:00+00:00,4587.97,4588.32,4581.03,4581.91,1377,11,0
2026-08-28 06:45:00+00:00,4581.9,4582.07,4578.65,4579.93,1223,13,0
2026-08-28 07:00:00+00:00,4579.92,4580.43,4577.99,4579.39,1201,15,0
2026-08-28 07:15:00+00:00,4579.38,4585.31,4578.78,4584.76,1240,11,0
2026-08-28 07:30:00+00:00,4584.75,4584.75,4578.14,4579.93,1165,11,0
2026-08-28 07:45:00+00:00,4579.94,4585.22,4578.31,4584.32,1000,11,0
2026-08-28 08:00:00+00:00,4584.37,4585.3,4578.36,4579.94,1385,11,0
2026-08-28 08:15:00+00:00,4579.93,4586.24,4579.08,4584.15,1220,11,0
2026-08-28 08:30:00+00:00,4584.07,4584.07,4571.68,4572.74,2361,17,0
2026-08-28 08:45:00+00:00,4572.76,4577.37,4571.74,4573.29,1921,16,0
2026-08-28 09:00:00+00:00,4573.3,4583.52,4572.43,4581.89,2285,12,0
2026-08-28 09:15:00+00:00,4581.87,4585.56,4580.75,4584.97,1969,13,0
2026-08-28 09:30:00+00:00,4584.99,4588.49,4582.91,4588.32,2070,13,0
2026-08-28 09:45:00+00:00,4588.3,4613.25,4588.24,4612.67,2855,14,0
2026-08-28 10:00:00+00:00,4612.74,4613.4,4596.73,4600.77,2520,12,0
2026-08-28 10:15:00+00:00,4600.51,4610.14,4599.58,4607.59,2141,9,0
2026-08-28 10:30:00+00:00,4607.58,4614.38,4607.22,4609.3,1950,8,0
2026-08-28 10:45:00+00:00,4609.31,4613.45,4607.56,4611.9,1679,12,0
2026-08-28 11:00:00+00:00,4611.84,4614.63,4610.0,4611.76,1926,12,0
2026-08-28 11:15:00+00:00,4611.77,4612.39,4608.16,4609.07,1759,11,0
2026-08-28 11:30:00+00:00,4609.06,4611.49,4603.4,4603.69,1817,9,0
2026-08-28 11:45:00+00:00,4603.67,4606.2,4601.18,4602.91,1670,8,0
2026-08-28 12:00:00+00:00,4602.9,4604.31,4600.79,4601.7,1791,8,0
2026-08-28 12:15:00+00:00,4601.65,4604.05,4600.51,4601.82,1712,8,0
2026-08-28 12:30:00+00:00,4601.83,4605.05,4601.02,4604.08,1637,8,0
2026-08-28 12:45:00+00:00,4604.03,4607.41,4603.14,4605.15,1545,8,0
2026-08-28 13:00:00+00:00,4605.2,4608.95,4603.49,4608.61,1652,8,0
2026-08-28 13:15:00+00:00,4608.65,4609.89,4602.12,4605.07,1599,8,0
2026-08-28 13:30:00+00:00,4605.12,4607.76,4601.98,4602.84,1617,8,0
2026-08-28 13:45:00+00:00,4602.81,4603.22,4597.6,4600.09,1638,10,0
2026-08-28 14:00:00+00:00,4600.11,4601.33,4595.02,4598.78,1939,8,0
2026-08-28 14:15:00+00:00,4598.8,4601.19,4597.66,4598.98,1703,8,0
2026-08-28 14:30:00+00:00,4598.99,4600.84,4591.36,4594.6,1912,10,0
2026-08-28 14:45:00+00:00,4594.71,4596.04,4591.56,4593.33,1801,8,0
2026-08-28 15:00:00+00:00,4593.34,4597.01,4590.93,4594.46,2125,8,0
2026-08-28 15:15:00+00:00,4594.38,4603.8,4592.54,4601.44,2075,8,0
2026-08-28 15:30:00+00:00,4601.39,4602.19,4589.06,4591.89,2534,8,0
2026-08-28 15:45:00+00:00,4591.88,4602.59,4590.3,4601.82,2342,8,0
2026-08-28 16:00:00+00:00,4601.73,4605.39,4596.21,4599.06,2926,8,0
2026-08-28 16:15:00+00:00,4598.96,4604.25,4594.06,4603.45,2779,8,0
2026-08-28 16:30:00+00:00,4603.47,4607.58,4598.63,4604.61,3078,8,0
2026-08-28 16:45:00+00:00,4604.62,4627.38,4604.62,4606.3,3087,8,0
2026-08-28 17:00:00+00:00,4605.43,4631.88,4543.92,4546.34,3211,13,0
2026-08-28 17:15:00+00:00,4546.33,4568.45,4530.09,4552.1,3523,12,0
2026-08-28 17:30:00+00:00,4552.07,4577.72,4551.94,4561.74,3552,13,0
2026-08-28 17:45:00+00:00,4562.0,4580.42,4550.56,4576.65,3487,13,0
2026-08-28 18:00:00+00:00,4576.61,4582.7,4556.97,4559.52,3495,14,0
2026-08-28 18:15:00+00:00,4559.3,4569.36,4551.57,4566.75,3403,8,0
2026-08-28 18:30:00+00:00,4566.73,4567.54,4533.61,4538.06,3396,8,0
2026-08-28 18:45:00+00:00,4538.5,4545.44,4524.52,4524.75,3479,8,0
2026-08-28 19:00:00+00:00,4524.85,4529.19,4497.49,4498.09,3498,8,0
2026-08-28 19:15:00+00:00,4498.06,4503.57,4464.5,4480.31,3509,8,0
2026-08-28 19:30:00+00:00,4480.25,4487.35,4466.34,4468.76,3477,8,0
2026-08-28 19:45:00+00:00,4468.98,4485.01,4468.98,4479.48,3334,8,0
2026-08-28 20:00:00+00:00,4479.47,4482.83,4471.2,4480.72,3220,8,0
2026-08-28 20:15:00+00:00,4480.69,4486.53,4475.09,4478.16,3116,8,0
2026-08-28 20:30:00+00:00,4478.01,4481.68,4460.34,4467.64,3008,8,0
2026-08-28 20:45:00+00:00,4467.57,4475.68,4466.55,4469.35,2736,8,0
2026-08-28 21:00:00+00:00,4469.34,4471.67,4459.72,4461.25,2976,8,0
2026-08-28 21:15:00+00:00,4461.17,4463.35,4452.64,4456.26,3087,8,0
2026-08-28 21:30:00+00:00,4456.23,4458.67,4445.51,4451.2,2861,8,0
2026-08-28 21:45:00+00:00,4451.23,4458.29,4448.5,4456.98,2775,8,0
2026-08-28 22:00:00+00:00,4456.9,4462.69,4453.08,4457.04,2846,8,0
2026-08-28 22:15:00+00:00,4457.03,4463.59,4455.22,4462.26,2396,8,0
2026-08-28 22:30:00+00:00,4462.12,4467.02,4461.01,4465.08,2294,8,0
2026-08-28 22:45:00+00:00,4465.06,4465.11,4453.05,4458.17,2698,8,0
2026-08-28 23:00:00+00:00,4458.26,4462.76,4455.38,4457.76,1832,8,0
2026-08-28 23:15:00+00:00,4457.77,4460.56,4453.78,4458.1,1193,8,0
2026-08-28 23:30:00+00:00,4458.16,4458.33,4453.87,4457.15,1116,8,0
2026-08-28 23:45:00+00:00,4457.1,4460.04,4453.07,4454.85,1177,18,0
2026-08-31 01:00:00+00:00,4434.38,4459.62,4426.41,4459.11,2154,13,0
2026-08-31 01:15:00+00:00,4459.09,4466.02,4456.16,4459.59,1688,17,0
2026-08-31 01:30:00+00:00,4459.56,4462.45,4453.05,4457.88,1390,17,0
2026-08-31 01:45:00+00:00,4457.84,4462.46,4457.02,4461.47,941,17,0
2026-08-31 02:00:00+00:00,4461.45,4466.75,4459.85,4460.68,1354,17,0
2026-08-31 02:15:00+00:00,4460.67,4465.24,4455.29,4457.58,1445,17,0
2026-08-31 02:30:00+00:00,4457.6,4457.9,4446.69,4447.57,1700,15,0
2026-08-31 02:45:00+00:00,4447.6,4460.33,4436.1,4458.43,2427,16,0
2026-08-31 03:00:00+00:00,4460.01,4463.43,4453.42,4461.99,2590,12,0
2026-08-31 03:15:00+00:00,4461.98,4465.17,4452.28,4456.88,2104,11,0
2026-08-31 03:30:00+00:00,4456.87,4472.04,4456.78,4465.28,2124,13,0
2026-08-31 03:45:00+00:00,4465.3,4468.93,4455.74,4456.28,2116,11,0
2026-08-31 04:00:00+00:00,4456.37,4463.31,4436.06,4444.09,3288,17,0
2026-08-31 04:15:00+00:00,4443.8,4454.25,4442.22,4443.99,2961,14,0
2026-08-31 04:30:00+00:00,4443.96,4453.84,4436.59,4450.85,3027,12,0
2026-08-31 04:45:00+00:00,4450.87,4452.61,4436.29,4440.34,2807,11,0
2026-08-31 05:00:00+00:00,4440.38,4441.38,4418.62,4424.43,2920,13,0
2026-08-31 05:15:00+00:00,4424.34,4428.02,4419.16,4423.08,2414,11,0
2026-08-31 05:30:00+00:00,4423.05,4426.43,4402.09,4402.95,2937,15,0
2026-08-31 05:45:00+00:00,4402.99,4422.98,4396.54,4422.98,2683,11,0
2026-08-31 06:00:00+00:00,4422.96,4428.27,4421.84,4428.27,2258,13,0
2026-08-31 06:15:00+00:00,4428.28,4434.0,4426.38,4427.79,2221,17,0
2026-08-31 06:30:00+00:00,4427.77,4427.77,4419.95,4422.91,1764,13,0
2026-08-31 06:45:00+00:00,4422.96,4426.92,4421.56,4422.56,1446,14,0
2026-08-31 07:00:00+00:00,4422.67,4422.79,4416.94,4421.27,1513,14,0
2026-08-31 07:15:00+00:00,4421.15,4421.57,4415.91,4415.98,1546,13,0
2026-08-31 07:30:00+00:00,4415.89,4421.97,4412.97,4420.19,1587,11,0
2026-08-31 07:45:00+00:00,4420.23,4424.95,4418.83,4424.56,1499,11,0
2026-08-31 08:00:00+00:00,4424.57,4427.06,4419.22,4422.8,1749,15,0
2026-08-31 08:15:00+00:00,4422.74,4440.74,4422.17,4440.36,1950,11,0
2026-08-31 08:30:00+00:00,4440.97,4442.01,4430.71,4437.64,2562,16,0
2026-08-31 08:45:00+00:00,4437.65,4443.76,4434.25,4442.94,2312,11,0
2026-08-31 09:00:00+00:00,4443.04,4443.09,4429.42,4432.15,2385,8,0
2026-08-31 09:15:00+00:00,4432.19,4439.11,4431.45,4435.94,2244,8,0
2026-08-31 09:30:00+00:00,4436.0,4441.17,4431.32,4439.35,2111,8,0
2026-08-31 09:45:00+00:00,4439.38,4442.62,4436.66,4439.52,2121,9,0
2026-08-31 10:00:00+00:00,4439.35,4441.8,4435.64,4436.13,1966,8,0
2026-08-31 10:15:00+00:00,4436.09,4448.18,4435.18,4443.91,2000,8,0
2026-08-31 10:30:00+00:00,4444.02,4447.17,4441.28,4446.62,1876,8,0
2026-08-31 10:45:00+00:00,4446.6,4447.82,4440.91,4443.26,1674,8,0
2026-08-31 11:00:00+00:00,4443.52,4449.51,4437.05,4438.82,2009,8,0
2026-08-31 11:15:00+00:00,4438.84,4441.3,4436.19,4440.49,1866,8,0
2026-08-31 11:30:00+00:00,4440.45,4440.45,4434.5,4435.46,1735,8,0
2026-08-31 11:45:00+00:00,4435.47,4436.96,4433.88,4435.62,1519,8,0
2026-08-31 12:00:00+00:00,4435.83,4442.97,4435.61,4442.94,1685,8,0
2026-08-31 12:15:00+00:00,4442.98,4444.22,4438.15,4439.2,1492,8,0
2026-08-31 12:30:00+00:00,4439.19,4444.67,4439.08,4443.08,1421,8,0
2026-08-31 12:45:00+00:00,4443.12,4445.5,4441.01,4445.22,1439,8,0
2026-08-31 13:00:00+00:00,4445.27,4453.62,4444.87,4451.59,1941,10,0
2026-08-31 13:15:00+00:00,4451.64,4452.08,4446.47,4448.48,1672,8,0
2026-08-31 13:30:00+00:00,4448.49,4451.72,4447.67,4451.02,1653,8,0
2026-08-31 13:45:00+00:00,4450.97,4455.61,4449.46,4453.85,1610,8,0
2026-08-31 14:00:00+00:00,4453.86,4457.62,4453.2,4453.81,1724,8,0
2026-08-31 14:15:00+00:00,4453.78,4464.08,4452.78,4463.4,1732,8,0
2026-08-31 14:30:00+00:00,4463.34,4463.96,4453.63,4454.88,1981,9,0
2026-08-31 14:45:00+00:00,4454.84,4456.33,4452.58,4455.49,1791,8,0
2026-08-31 15:00:00+00:00,4455.47,4460.94,4451.49,4457.21,2157,8,0
2026-08-31 15:15:00+00:00,4457.22,4458.75,4447.35,4447.7,2363,12,0
2026-08-31 15:30:00+00:00,4447.74,4449.96,4439.11,4440.63,2495,8,0
2026-08-31 15:45:00+00:00,4440.55,4441.47,4435.55,4435.8,2273,8,0
2026-08-31 16:00:00+00:00,4435.78,4446.65,4433.89,4445.9,2773,8,0
2026-08-31 16:15:00+00:00,4446.08,4448.27,4439.35,4445.59,2481,8,0
2026-08-31 16:30:00+00:00,4445.74,4447.22,4432.03,4433.68,3236,12,0
2026-08-31 16:45:00+00:00,4433.66,4433.67,4415.73,4417.42,3150,9,0
2026-08-31 17:00:00+00:00,4418.18,4427.33,4416.29,4427.02,3207,8,0
2026-08-31 17:15:00+00:00,4426.99,4430.69,4416.49,4420.26,3050,8,0
2026-08-31 17:30:00+00:00,4420.25,4436.2,4419.31,4432.96,3005,8,0
2026-08-31 17:45:00+00:00,4433.0,4436.17,4426.07,4431.66,3036,8,0
2026-08-31 18:00:00+00:00,4431.58,4437.63,4428.21,4435.34,3005,8,0
2026-08-31 18:15:00+00:00,4435.33,4437.88,4428.95,4432.95,2777,8,0
2026-08-31 18:30:00+00:00,4432.98,4434.17,4426.39,4427.45,2837,8,0
2026-08-31 18:45:00+00:00,4427.46,4433.55,4424.66,4426.18,2677,8,0
2026-08-31 19:00:00+00:00,4426.21,4437.08,4423.76,4434.78,2642,8,0
2026-08-31 19:15:00+00:00,4434.76,4438.66,4433.32,4438.43,2074,8,0
2026-08-31 19:30:00+00:00,4438.4,4440.22,4431.34,4435.77,2404,8,0
2026-08-31 19:45:00+00:00,4435.74,4437.48,4432.26,4433.26,2069,8,0
2026-08-31 20:00:00+00:00,4433.21,4435.2,4430.81,4433.81,2169,8,0
2026-08-31 20:15:00+00:00,4433.57,4436.98,4428.93,4430.71,2238,8,0
2026-08-31 20:30:00+00:00,4430.57,4436.79,4430.13,4436.3,2156,8,0
2026-08-31 20:45:00+00:00,4436.28,4439.82,4435.59,4436.74,1918,8,0
2026-08-31 21:00:00+00:00,4436.73,4436.97,4430.57,4433.71,2015,8,0
2026-08-31 21:15:00+00:00,4433.67,4434.47,4429.86,4430.1,1785,8,0
2026-08-31 21:30:00+00:00,4430.09,4430.53,4426.52,4429.32,2089,8,0
2026-08-31 21:45:00+00:00,4429.38,4434.78,4429.37,4430.82,1800,8,0
2026-08-31 22:00:00+00:00,4430.87,4435.18,4428.86,4433.77,1780,8,0
2026-08-31 22:15:00+00:00,4433.7,4442.43,4432.92,4440.45,1693,8,0
2026-08-31 22:30:00+00:00,4440.5,4445.28,4439.03,4442.95,2076,8,0
2026-08-31 22:45:00+00:00,4442.96,4453.62,4441.54,4453.18,2522,8,0
2026-08-31 23:00:00+00:00,4453.34,4455.81,4449.89,4450.13,1631,8,0
2026-08-31 23:15:00+00:00,4450.12,4450.43,4446.92,4447.27,917,10,0
2026-08-31 23:30:00+00:00,4447.2,4449.29,4446.81,4448.16,742,8,0
2026-08-31 23:45:00+00:00,4448.17,4449.17,4446.56,4447.6,821,17,0
2026-09-01 01:00:00+00:00,4448.36,4455.75,4447.32,4451.78,1214,12,0
2026-09-01 01:15:00+00:00,4451.85,4452.2,4447.8,4449.93,819,17,0
2026-09-01 01:30:00+00:00,4449.89,4451.25,4447.35,4447.95,697,15,0
2026-09-01 01:45:00+00:00,4447.94,4448.29,4445.67,4447.0,719,14,0
2026-09-01 02:00:00+00:00,4447.02,4447.24,4443.93,4444.17,862,11,0
2026-09-01 02:15:00+00:00,4444.18,4444.37,4441.87,4443.33,714,11,0
2026-09-01 02:30:00+00:00,4443.36,4447.91,4443.22,4445.77,903,11,0
2026-09-01 02:45:00+00:00,4445.68,4452.45,4445.68,4452.43,1398,15,0
2026-09-01 03:00:00+00:00,4453.27,4458.05,4446.69,4455.22,2421,17,0
2026-09-01 03:15:00+00:00,4455.26,4461.45,4452.71,4460.17,2008,14,0
2026-09-01 03:30:00+00:00,4460.24,4460.98,4452.03,4453.31,1731,15,0
2026-09-01 03:45:00+00:00,4453.27,4461.44,4451.2,4453.68,2072,11,0
2026-09-01 04:00:00+00:00,4453.69,4456.84,4445.49,4446.49,2891,17,0
2026-09-01 04:15:00+00:00,4446.36,4447.73,4437.94,4439.79,2438,14,0
2026-09-01 04:30:00+00:00,4439.8,4445.68,4436.44,4445.64,2453,11,0
2026-09-01 04:45:00+00:00,4445.76,4446.61,4439.43,4444.36,2344,11,0
2026-09-01 05:00:00+00:00,4444.35,4449.12,4441.91,4445.19,2363,11,0
2026-09-01 05:15:00+00:00,4444.97,4448.23,4440.4,4440.5,1595,11,0
2026-09-01 05:30:00+00:00,4440.58,4441.01,4431.67,4431.89,2487,12,0
2026-09-01 05:45:00+00:00,4431.67,4443.16,4427.85,4443.16,2192,11,0
2026-09-01 06:00:00+00:00,4443.12,4444.04,4438.53,4439.98,1985,11,0
2026-09-01 06:15:00+00:00,4439.94,4440.38,4431.83,4434.0,1960,11,0
2026-09-01 06:30:00+00:00,4434.04,4438.81,4433.42,4438.55,1535,11,0
2026-09-01 06:45:00+00:00,4438.51,4443.25,4436.77,4436.77,1299,11,0
2026-09-01 07:00:00+00:00,4436.7,4437.67,4430.19,4431.13,1499,11,0
2026-09-01 07:15:00+00:00,4431.12,4433.67,4429.62,4429.69,1366,11,0
2026-09-01 07:30:00+00:00,4429.67,4430.51,4426.75,4427.78,1407,11,0
2026-09-01 07:45:00+00:00,4427.81,4429.61,4425.52,4426.62,1534,11,0
2026-09-01 08:00:00+00:00,4426.59,4432.64,4426.22,4429.37,1485,11,0
2026-09-01 08:15:00+00:00,4429.36,4430.61,4425.46,4426.7,1623,11,0
2026-09-01 08:30:00+00:00,4426.83,4443.57,4424.16,4442.82,2647,17,0
2026-09-01 08:45:00+00:00,4442.74,4446.02,4440.09,4440.13,2246,12,0
2026-09-01 09:00:00+00:00,4440.14,4440.58,4431.87,4432.93,2260,9,0
2026-09-01 09:15:00+00:00,4432.94,4435.03,4427.71,4429.0,1969,8,0
2026-09-01 09:30:00+00:00,4429.02,4435.22,4428.5,4434.86,1844,8,0
2026-09-01 09:45:00+00:00,4434.87,4435.29,4428.25,4429.67,1748,8,0
2026-09-01 10:00:00+00:00,4429.66,4434.93,4429.47,4433.07,2346,8,0
2026-09-01 10:15:00+00:00,4433.08,4433.57,4425.83,4426.22,2187,11,0
2026-09-01 10:30:00+00:00,4426.06,4428.22,4411.99,4418.22,2497,9,0
2026-09-01 10:45:00+00:00,4418.21,4423.26,4416.98,4420.18,2273,8,0
2026-09-01 11:00:00+00:00,4420.19,4420.19,4389.61,4405.49,3000,11,0
2026-09-01 11:15:00+00:00,4405.5,4405.77,4381.85,4383.28,2877,11,0
2026-09-01 11:30:00+00:00,4383.16,4383.8,4370.07,4375.57,3050,8,0
2026-09-01 11:45:00+00:00,4375.64,4378.52,4369.47,4370.79,2749,8,0
2026-09-01 12:00:00+00:00,4370.88,4376.15,4366.5,4376.07,2785,8,0
2026-09-01 12:15:00+00:00,4376.04,4378.08,4370.7,4373.02,2442,8,0
2026-09-01 12:30:00+00:00,4372.78,4373.04,4365.63,4371.7,2479,8,0
2026-09-01 12:45:00+00:00,4371.68,4373.62,4364.71,4364.88,2287,8,0
2026-09-01 13:00:00+00:00,4364.75,4381.85,4364.25,4378.28,2284,8,0
2026-09-01 13:15:00+00:00,4378.31,4385.57,4378.31,4384.98,2155,8,0
2026-09-01 13:30:00+00:00,4384.99,4385.99,4381.74,4381.81,1964,9,0
2026-09-01 13:45:00+00:00,4381.64,4381.7,4375.21,4378.18,2216,9,0
2026-09-01 14:00:00+00:00,4378.2,4383.08,4375.95,4377.16,2335,8,0
2026-09-01 14:15:00+00:00,4377.27,4381.96,4374.93,4380.64,2177,8,0
2026-09-01 14:30:00+00:00,4380.58,4384.79,4378.34,4384.12,2047,8,0
2026-09-01 14:45:00+00:00,4384.11,4387.18,4372.05,4374.78,2293,8,0
2026-09-01 15:00:00+00:00,4374.77,4374.77,4366.92,4371.14,2583,8,0
2026-09-01 15:15:00+00:00,4371.0,4376.05,4366.07,4368.73,2698,8,0
2026-09-01 15:30:00+00:00,4368.54,4368.78,4352.06,4364.86,2884,8,0
2026-09-01 15:45:00+00:00,4364.84,4369.32,4356.22,4356.41,2685,8,0
2026-09-01 16:00:00+00:00,4356.29,4357.5,4326.25,4329.61,3347,11,0
2026-09-01 16:15:00+00:00,4329.57,4343.8,4326.35,4342.17,3020,8,0
2026-09-01 16:30:00+00:00,4342.37,4362.29,4340.52,4362.01,3388,8,0
2026-09-01 16:45:00+00:00,4361.87,4367.13,4354.28,4365.7,3267,8,0
2026-09-01 17:00:00+00:00,4364.91,4370.55,4353.47,4369.37,3281,8,0
2026-09-01 17:15:00+00:00,4369.4,4374.84,4365.2,4365.31,3120,10,0
2026-09-01 17:30:00+00:00,4365.01,4372.46,4364.28,4366.98,3018,12,0
2026-09-01 17:45:00+00:00,4366.99,4370.24,4357.68,4361.11,2974,8,0
2026-09-01 18:00:00+00:00,4361.41,4363.73,4356.02,4357.2,2929,8,0
2026-09-01 18:15:00+00:00,4357.28,4365.88,4356.36,4365.78,2723,8,0
2026-09-01 18:30:00+00:00,4365.81,4370.82,4361.68,4370.81,2641,8,0
2026-09-01 18:45:00+00:00,4370.77,4373.85,4368.68,4372.96,2421,8,0
2026-09-01 19:00:00+00:00,4372.95,4374.75,4361.93,4362.04,2572,8,0
2026-09-01 19:15:00+00:00,4361.96,4364.99,4352.57,4352.91,3082,9,0
2026-09-01 19:30:00+00:00,4352.9,4358.04,4347.42,4355.22,2979,8,0
2026-09-01 19:45:00+00:00,4355.16,4359.06,4351.21,4351.33,2557,8,0
2026-09-01 20:00:00+00:00,4351.32,4351.97,4344.69,4346.71,2557,8,0
2026-09-01 20:15:00+00:00,4346.74,4350.1,4343.14,4349.98,2662,8,0
2026-09-01 20:30:00+00:00,4349.98,4351.94,4343.16,4344.99,2572,8,0
2026-09-01 20:45:00+00:00,4344.78,4345.29,4341.8,4343.68,2074,9,0
2026-09-01 21:00:00+00:00,4343.72,4345.28,4334.53,4336.44,2343,8,0
2026-09-01 21:15:00+00:00,4336.43,4341.72,4335.67,4337.53,2258,8,0
2026-09-01 21:30:00+00:00,4337.54,4337.6,4328.15,4329.64,2364,8,0
2026-09-01 21:45:00+00:00,4329.66,4334.31,4328.36,4331.86,2409,8,0
2026-09-01 22:00:00+00:00,4331.77,4336.81,4329.14,4336.8,2463,8,0
2026-09-01 22:15:00+00:00,4336.81,4337.11,4332.76,4333.95,2056,8,0
2026-09-01 22:30:00+00:00,4333.94,4334.12,4323.03,4326.68,2300,8,0
2026-09-01 22:45:00+00:00,4326.66,4330.4,4323.58,4326.94,2483,8,0
2026-09-01 23:00:00+00:00,4326.72,4330.78,4323.7,4325.66,1570,8,0
2026-09-01 23:15:00+00:00,4325.68,4329.02,4324.96,4326.05,1093,8,0
2026-09-01 23:30:00+00:00,4326.04,4330.51,4325.28,4327.65,1042,8,0
2026-09-01 23:45:00+00:00,4327.63,4329.82,4326.88,4328.34,934,19,0
2026-09-02 01:00:00+00:00,4330.96,4334.38,4328.46,4329.25,1002,10,0
2026-09-02 01:15:00+00:00,4329.29,4329.41,4327.24,4327.8,916,21,0
2026-09-02 01:30:00+00:00,4327.85,4329.54,4326.3,4328.2,765,21,0
2026-09-02 01:45:00+00:00,4328.15,4331.07,4327.46,4329.43,786,11,0
2026-09-02 02:00:00+00:00,4329.4,4332.39,4327.19,4330.6,919,11,0
2026-09-02 02:15:00+00:00,4330.59,4331.6,4326.18,4330.88,911,11,0
2026-09-02 02:30:00+00:00,4330.89,4335.69,4330.82,4333.94,1064,11,0
2026-09-02 02:45:00+00:00,4333.69,4333.79,4323.05,4324.34,1418,11,0
2026-09-02 03:00:00+00:00,4324.55,4330.43,4316.77,4328.01,2615,17,0
2026-09-02 03:15:00+00:00,4328.19,4334.51,4322.82,4325.95,2466,15,0
2026-09-02 03:30:00+00:00,4325.85,4331.63,4320.34,4330.09,2296,14,0
2026-09-02 03:45:00+00:00,4330.12,4331.23,4314.69,4316.0,2298,15,0
2026-09-02 04:00:00+00:00,4315.73,4322.63,4304.99,4317.6,3208,17,0
2026-09-02 04:15:00+00:00,4317.55,4326.61,4315.38,4317.28,2799,16,0
2026-09-02 04:30:00+00:00,4317.34,4318.48,4305.18,4309.11,2826,16,0
2026-09-02 04:45:00+00:00,4309.17,4309.87,4288.66,4290.98,2812,15,0
2026-09-02 05:00:00+00:00,4290.97,4301.85,4287.39,4296.21,2648,11,0
2026-09-02 05:15:00+00:00,4296.33,4306.32,4296.19,4304.27,2048,11,0
2026-09-02 05:30:00+00:00,4304.91,4314.72,4299.58,4309.25,2496,11,0
2026-09-02 05:45:00+00:00,4309.24,4311.17,4300.27,4302.82,2159,11,0
2026-09-02 06:00:00+00:00,4302.83,4304.17,4296.92,4300.78,2186,11,0
2026-09-02 06:15:00+00:00,4300.75,4302.43,4289.49,4293.76,2314,11,0
2026-09-02 06:30:00+00:00,4293.71,4293.77,4282.59,4288.74,2095,11,0
2026-09-02 06:45:00+00:00,4288.61,4303.71,4288.59,4303.26,1788,11,0
2026-09-02 07:00:00+00:00,4303.26,4306.7,4302.16,4304.51,1503,14,0
2026-09-02 07:15:00+00:00,4304.35,4305.49,4301.39,4302.75,1482,14,0
2026-09-02 07:30:00+00:00,4302.78,4307.67,4302.57,4304.71,1326,11,0
2026-09-02 07:45:00+00:00,4304.73,4307.63,4303.89,4307.23,1274,11,0
2026-09-02 08:00:00+00:00,4307.24,4310.0,4303.71,4310.0,1655,11,0
2026-09-02 08:15:00+00:00,4310.01,4313.93,4306.81,4313.55,1939,16,0
2026-09-02 08:30:00+00:00,4312.9,4324.78,4312.9,4323.1,2569,17,0
2026-09-02 08:45:00+00:00,4323.14,4326.38,4319.3,4319.88,2163,16,0
2026-09-02 09:00:00+00:00,4319.91,4329.27,4317.57,4326.5,2567,8,0
2026-09-02 09:15:00+00:00,4326.57,4328.58,4320.84,4322.72,2454,8,0
2026-09-02 09:30:00+00:00,4322.77,4326.47,4316.9,4324.56,2527,8,0
2026-09-02 09:45:00+00:00,4324.32,4325.02,4314.71,4321.67,2449,8,0
2026-09-02 10:00:00+00:00,4321.7,4331.07,4319.21,4326.81,2581,8,0
2026-09-02 10:15:00+00:00,4326.78,4329.26,4324.99,4326.88,2425,8,0
2026-09-02 10:30:00+00:00,4326.86,4331.35,4321.94,4322.9,2228,8,0
2026-09-02 10:45:00+00:00,4322.69,4325.09,4320.59,4323.25,2175,8,0
2026-09-02 11:00:00+00:00,4323.24,4331.61,4322.17,4325.77,2409,8,0
2026-09-02 11:15:00+00:00,4325.71,4327.75,4322.7,4323.24,2177,8,0
2026-09-02 11:30:00+00:00,4323.12,4326.74,4319.51,4322.02,2223,8,0
2026-09-02 11:45:00+00:00,4322.23,4322.58,4312.64,4312.85,2284,8,0
2026-09-02 12:00:00+00:00,4312.74,4322.31,4312.37,4313.94,2354,8,0
2026-09-02 12:15:00+00:00,4313.93,4315.2,4305.03,4309.11,2229,8,0
2026-09-02 12:30:00+00:00,4309.1,4311.86,4307.35,4310.05,2153,8,0
2026-09-02 12:45:00+00:00,4310.07,4311.44,4307.98,4308.56,1991,8,0
2026-09-02 13:00:00+00:00,4308.55,4309.65,4301.86,4306.79,2065,8,0
2026-09-02 13:15:00+00:00,4306.83,4312.24,4306.07,4309.91,1854,8,0
2026-09-02 13:30:00+00:00,4309.96,4310.7,4307.22,4309.43,1832,8,0
2026-09-02 13:45:00+00:00,4309.44,4310.43,4305.25,4309.33,1845,8,0
2026-09-02 14:00:00+00:00,4309.3,4324.49,4307.62,4323.1,2367,10,0
2026-09-02 14:15:00+00:00,4322.86,4323.18,4315.69,4321.85,2429,8,0
2026-09-02 14:30:00+00:00,4321.83,4332.85,4321.76,4324.84,2344,9,0
2026-09-02 14:45:00+00:00,4324.7,4332.91,4323.47,4332.34,2229,8,0
2026-09-02 15:00:00+00:00,4332.38,4336.36,4329.13,4333.2,2619,9,0
2026-09-02 15:15:00+00:00,4333.15,4344.36,4329.99,4336.57,2766,8,0
2026-09-02 15:30:00+00:00,4336.55,4337.66,4327.5,4334.31,2424,8,0
2026-09-02 15:45:00+00:00,4334.28,4339.22,4330.61,4331.69,2436,12,0
2026-09-02 16:00:00+00:00,4331.42,4344.47,4330.87,4339.64,2916,8,0
2026-09-02 16:15:00+00:00,4339.55,4358.21,4336.68,4358.21,2846,8,0
2026-09-02 16:30:00+00:00,4358.41,4379.45,4357.06,4378.2,3364,13,0
2026-09-02 16:45:00+00:00,4378.16,4385.63,4367.91,4385.58,3253,8,0
2026-09-02 17:00:00+00:00,4385.51,4398.09,4378.92,4387.95,3388,8,0
2026-09-02 17:15:00+00:00,4387.97,4397.28,4385.02,4387.8,3218,8,0
2026-09-02 17:30:00+00:00,4387.64,4388.17,4381.36,4385.64,3121,9,0
2026-09-02 17:45:00+00:00,4385.51,4386.88,4374.36,4377.03,2925,8,0
2026-09-02 18:00:00+00:00,4376.97,4380.82,4372.8,4372.87,3032,10,0
2026-09-02 18:15:00+00:00,4373.02,4373.29,4365.94,4372.95,2902,8,0
2026-09-02 18:30:00+00:00,4372.85,4375.47,4366.34,4366.56,2711,8,0
2026-09-02 18:45:00+00:00,4366.42,4373.92,4364.91,4372.96,2531,8,0
2026-09-02 19:00:00+00:00,4373.05,4374.78,4368.91,4372.39,2382,8,0
2026-09-02 19:15:00+00:00,4372.4,4372.41,4367.66,4368.68,2170,8,0
2026-09-02 19:30:00+00:00,4368.69,4370.46,4364.29,4364.72,2275,8,0
2026-09-02 19:45:00+00:00,4364.59,4370.64,4364.31,4369.04,2076,8,0
2026-09-02 20:00:00+00:00,4369.03,4371.81,4367.6,4369.18,2055,8,0
2026-09-02 20:15:00+00:00,4369.17,4370.62,4364.77,4370.56,2016,8,0
2026-09-02 20:30:00+00:00,4370.53,4377.66,4366.55,4376.52,2019,8,0
2026-09-02 20:45:00+00:00,4376.48,4380.68,4375.41,4376.94,2148,8,0
2026-09-02 21:00:00+00:00,4376.95,4377.56,4370.23,4370.25,2006,8,0
2026-09-02 21:15:00+00:00,4370.19,4379.77,4369.29,4373.1,2268,8,0
2026-09-02 21:30:00+00:00,4373.09,4378.12,4372.51,4373.02,1862,9,0
2026-09-02 21:45:00+00:00,4373.04,4375.84,4372.57,4374.1,1744,8,0
2026-09-02 22:00:00+00:00,4374.11,4380.24,4371.77,4379.18,1911,8,0
2026-09-02 22:15:00+00:00,4379.2,4383.08,4378.23,4381.14,1898,8,0
2026-09-02 22:30:00+00:00,4381.11,4388.65,4381.11,4388.01,2020,8,0
2026-09-02 22:45:00+00:00,4388.0,4391.2,4384.97,4391.01,2227,8,0
2026-09-02 23:00:00+00:00,4391.09,4391.47,4385.93,4385.98,1456,8,0
2026-09-02 23:15:00+00:00,4386.04,4387.78,4384.13,4386.37,1215,8,0
2026-09-02 23:30:00+00:00,4386.3,4389.8,4385.79,4387.92,925,8,0
2026-09-02 23:45:00+00:00,4387.9,4390.69,4387.38,4387.38,861,17,0
2026-09-03 01:00:00+00:00,4386.47,4393.29,4386.42,4390.05,804,17,0
2026-09-03 01:15:00+00:00,4390.02,4390.87,4387.97,4389.81,929,17,0
2026-09-03 01:30:00+00:00,4389.79,4389.82,4384.94,4385.0,835,16,0
2026-09-03 01:45:00+00:00,4385.11,4385.3,4383.57,4384.66,698,11,0
2026-09-03 02:00:00+00:00,4384.7,4386.74,4383.91,4383.96,867,14,0
2026-09-03 02:15:00+00:00,4384.04,4384.15,4381.97,4382.27,679,11,0
2026-09-03 02:30:00+00:00,4382.15,4385.35,4381.19,4385.24,866,15,0
2026-09-03 02:45:00+00:00,4385.22,4388.77,4384.56,4385.64,1297,16,0
2026-09-03 03:00:00+00:00,4385.48,4392.48,4384.82,4390.24,1869,17,0
2026-09-03 03:15:00+00:00,4390.2,4390.36,4385.3,4387.21,1660,12,0
2026-09-03 03:30:00+00:00,4387.17,4389.64,4382.55,4387.69,1511,11,0
2026-09-03 03:45:00+00:00,4387.59,4397.68,4385.75,4395.61,1845,11,0
2026-09-03 04:00:00+00:00,4395.47,4409.29,4387.4,4401.03,2916,17,0
2026-09-03 04:15:00+00:00,4401.39,4403.68,4394.05,4401.78,2560,16,0
2026-09-03 04:30:00+00:00,4401.69,4409.39,4400.41,4400.8,2509,11,0
2026-09-03 04:45:00+00:00,4400.75,4412.35,4400.23,4410.26,2292,14,0
2026-09-03 05:00:00+00:00,4410.27,4415.24,4409.13,4411.1,2618,11,0
2026-09-03 05:15:00+00:00,4411.16,4413.25,4406.8,4411.58,1945,11,0
2026-09-03 05:30:00+00:00,4411.53,4418.07,4409.48,4413.48,2365,11,0
2026-09-03 05:45:00+00:00,4413.63,4420.5,4411.56,4420.39,2279,11,0
2026-09-03 06:00:00+00:00,4420.36,4430.09,4419.49,4428.84,2069,14,0
2026-09-03 06:15:00+00:00,4428.83,4431.25,4424.66,4429.41,2134,11,0
2026-09-03 06:30:00+00:00,4429.37,4432.2,4426.66,4426.66,1587,11,0
2026-09-03 06:45:00+00:00,4426.64,4432.58,4425.4,4431.65,1455,11,0
2026-09-03 07:00:00+00:00,4431.52,4435.86,4425.73,4431.12,1772,11,0
2026-09-03 07:15:00+00:00,4431.19,4436.89,4430.08,4436.53,1161,11,0
2026-09-03 07:30:00+00:00,4436.64,4438.37,4435.58,4438.05,1257,11,0
2026-09-03 07:45:00+00:00,4438.06,4438.35,4434.09,4437.41,1130,14,0
2026-09-03 08:00:00+00:00,4437.34,4440.19,4429.0,4429.67,1650,17,0
2026-09-03 08:15:00+00:00,4429.73,4430.84,4422.78,4424.96,2283,17,0
2026-09-03 08:30:00+00:00,4425.05,4432.56,4422.59,4432.26,2685,17,0
2026-09-03 08:45:00+00:00,4432.29,4439.2,4428.48,4431.01,2420,11,0
2026-09-03 09:00:00+00:00,4431.08,4436.24,4425.86,4426.96,2656,8,0
2026-09-03 09:15:00+00:00,4426.98,4430.66,4418.84,4421.77,2416,8,0
2026-09-03 09:30:00+00:00,4421.59,4426.05,4420.39,4425.58,2272,8,0
2026-09-03 09:45:00+00:00,4425.57,4428.73,4420.6,4420.61,2155,8,0
2026-09-03 10:00:00+00:00,4420.59,4431.6,4419.18,4422.08,2600,8,0
2026-09-03 10:15:00+00:00,4422.07,4430.19,4421.69,4426.45,2221,8,0
2026-09-03 10:30:00+00:00,4426.43,4430.66,4423.67,4426.73,2318,8,0
2026-09-03 10:45:00+00:00,4426.72,4431.01,4424.3,4428.83,2079,8,0
2026-09-03 11:00:00+00:00,4428.82,4443.56,4428.1,4431.35,2840,8,0
2026-09-03 11:15:00+00:00,4431.51,4439.56,4430.83,4438.31,2417,8,0
2026-09-03 11:30:00+00:00,4438.36,4439.7,4431.48,4434.19,2107,8,0
2026-09-03 11:45:00+00:00,4434.17,4439.99,4434.07,4435.0,2067,8,0
2026-09-03 12:00:00+00:00,4434.97,4441.99,4434.19,4438.26,2132,8,0
2026-09-03 12:15:00+00:00,4438.25,4438.31,4432.22,4435.28,2060,8,0
2026-09-03 12:30:00+00:00,4435.24,4437.69,4429.86,4430.04,2145,8,0
2026-09-03 12:45:00+00:00,4430.02,4430.6,4426.06,4427.76,1851,8,0
2026-09-03 13:00:00+00:00,4427.77,4430.23,4423.41,4424.76,2206,8,0
2026-09-03 13:15:00+00:00,4424.78,4425.96,4419.65,4422.64,2014,8,0
2026-09-03 13:30:00+00:00,4422.37,4426.4,4420.1,4425.86,2056,8,0
2026-09-03 13:45:00+00:00,4425.74,4428.28,4424.25,4427.28,1735,8,0
2026-09-03 14:00:00+00:00,4427.33,4432.75,4424.9,4432.75,2180,11,0
2026-09-03 14:15:00+00:00,4432.72,4437.67,4430.43,4434.45,2187,8,0
2026-09-03 14:30:00+00:00,4434.43,4439.33,4427.29,4438.82,1980,8,0
2026-09-03 14:45:00+00:00,4438.83,4444.92,4436.75,4444.23,2056,9,0
2026-09-03 15:00:00+00:00,4444.22,4450.2,4441.27,4443.99,2418,9,0
2026-09-03 15:15:00+00:00,4443.97,4449.13,4437.92,4446.62,2434,8,0
2026-09-03 15:30:00+00:00,4446.49,4478.79,4446.48,4467.81,3375,8,0
2026-09-03 15:45:00+00:00,4468.0,4495.28,4465.67,4493.76,3190,10,0
2026-09-03 16:00:00+00:00,4493.49,4495.99,4484.86,4485.66,3255,8,0
2026-09-03 16:15:00+00:00,4485.79,4487.9,4477.04,4480.0,2998,9,0
2026-09-03 16:30:00+00:00,4479.99,4482.37,4468.19,4470.15,3326,8,0
2026-09-03 16:45:00+00:00,4470.1,4471.4,4457.0,4471.22,3208,8,0
2026-09-03 17:00:00+00:00,4470.93,4473.0,4459.77,4469.22,3311,8,0
2026-09-03 17:15:00+00:00,4469.29,4480.67,4469.29,4477.71,3209,8,0
2026-09-03 17:30:00+00:00,4477.42,4479.71,4466.23,4472.96,3086,9,0
2026-09-03 17:45:00+00:00,4472.95,4485.32,4470.81,4485.32,2999,8,0
2026-09-03 18:00:00+00:00,4485.38,4504.1,4484.3,4503.61,3251,8,0
2026-09-03 18:15:00+00:00,4503.6,4510.9,4501.81,4506.69,3048,8,0
2026-09-03 18:30:00+00:00,4506.42,4509.42,4494.65,4494.73,2860,8,0
2026-09-03 18:45:00+00:00,4494.75,4495.32,4485.63,4492.74,2738,8,0
2026-09-03 19:00:00+00:00,4492.7,4495.28,4487.59,4493.86,2576,8,0
2026-09-03 19:15:00+00:00,4493.95,4494.75,4490.61,4493.2,2340,8,0
2026-09-03 19:30:00+00:00,4493.23,4495.56,4486.75,4487.98,2391,8,0
2026-09-03 19:45:00+00:00,4487.94,4491.09,4485.59,4486.22,2150,8,0
2026-09-03 20:00:00+00:00,4486.31,4488.81,4483.3,4487.88,2195,8,0
2026-09-03 20:15:00+00:00,4487.94,4493.24,4485.22,4492.39,2190,8,0
2026-09-03 20:30:00+00:00,4492.36,4493.55,4490.37,4491.96,1927,8,0
2026-09-03 20:45:00+00:00,4491.97,4494.7,4486.59,4486.68,1764,8,0
2026-09-03 21:00:00+00:00,4486.64,4489.79,4484.04,4484.05,2156,8,0
2026-09-03 21:15:00+00:00,4484.01,4488.18,4479.89,4479.89,2100,8,0
2026-09-03 21:30:00+00:00,4479.82,4482.57,4475.79,4481.59,2010,8,0
2026-09-03 21:45:00+00:00,4481.58,4482.75,4474.11,4475.23,2044,8,0
2026-09-03 22:00:00+00:00,4475.24,4476.97,4472.82,4474.6,2085,8,0
2026-09-03 22:15:00+00:00,4474.52,4476.7,4472.44,4475.84,1968,10,0
2026-09-03 22:30:00+00:00,4475.86,4478.86,4474.12,4477.64,1921,10,0
2026-09-03 22:45:00+00:00,4477.64,4480.84,4473.31,4474.51,2172,10,0
2026-09-03 23:00:00+00:00,4475.27,4475.61,4471.66,4471.98,1322,10,0
2026-09-03 23:15:00+00:00,4471.93,4472.33,4470.45,4471.52,1023,10,0
2026-09-03 23:30:00+00:00,4471.55,4472.81,4471.05,4472.43,905,10,0
2026-09-03 23:45:00+00:00,4472.38,4474.39,4471.72,4474.39,842,21,0
2026-09-04 01:00:00+00:00,4473.06,4478.41,4473.0,4478.19,1061,17,0
2026-09-04 01:15:00+00:00,4478.18,4478.73,4474.2,4474.94,842,17,0
2026-09-04 01:30:00+00:00,4474.9,4476.54,4472.78,4473.86,964,17,0
2026-09-04 01:45:00+00:00,4473.87,4475.86,4471.43,4474.55,1020,11,0
2026-09-04 02:00:00+00:00,4474.52,4477.26,4472.17,4473.83,823,11,0
2026-09-04 02:15:00+00:00,4473.84,4474.7,4471.29,4473.44,859,11,0
2026-09-04 02:30:00+00:00,4473.46,4477.92,4473.2,4476.98,927,11,0
2026-09-04 02:45:00+00:00,4476.94,4479.89,4474.59,4479.73,1119,13,0
2026-09-04 03:00:00+00:00,4479.68,4482.86,4477.86,4480.44,1713,14,0
2026-09-04 03:15:00+00:00,4480.47,4480.61,4473.84,4474.17,1526,11,0
2026-09-04 03:30:00+00:00,4474.15,4481.72,4472.32,4481.72,1505,11,0
2026-09-04 03:45:00+00:00,4481.8,4486.46,4480.77,4485.99,1632,11,0
2026-09-04 04:00:00+00:00,4485.76,4486.44,4473.85,4474.02,2554,16,0
2026-09-04 04:15:00+00:00,4474.27,4478.33,4467.62,4470.55,2356,13,0
2026-09-04 04:30:00+00:00,4470.57,4476.46,4467.78,4473.57,2319,11,0
2026-09-04 04:45:00+00:00,4473.56,4480.12,4466.68,4478.52,2097,11,0
2026-09-04 05:00:00+00:00,4478.47,4482.22,4476.86,4479.42,1899,11,0
2026-09-04 05:15:00+00:00,4479.44,4480.24,4471.67,4473.93,1407,13,0
2026-09-04 05:30:00+00:00,4473.25,4477.29,4470.38,4470.93,2092,16,0
2026-09-04 05:45:00+00:00,4470.92,4480.91,4470.24,4477.43,1778,11,0
2026-09-04 06:00:00+00:00,4477.46,4478.73,4470.26,4473.36,1702,11,0
2026-09-04 06:15:00+00:00,4473.4,4474.64,4471.45,4472.48,1486,11,0
2026-09-04 06:30:00+00:00,4472.45,4475.25,4469.2,4469.33,1244,11,0
2026-09-04 06:45:00+00:00,4469.36,4470.13,4467.04,4467.04,1108,11,0
2026-09-04 07:00:00+00:00,4467.03,4470.06,4465.52,4469.26,1388,12,0
2026-09-04 07:15:00+00:00,4469.29,4472.39,4468.41,4471.63,1041,11,0
2026-09-04 07:30:00+00:00,4471.66,4474.86,4471.66,4474.26,1149,11,0
2026-09-04 07:45:00+00:00,4474.24,4474.97,4472.74,4473.72,921,11,0
2026-09-04 08:00:00+00:00,4473.74,4474.58,4467.43,4469.19,1345,16,0
2026-09-04 08:15:00+00:00,4469.2,4475.25,4468.06,4468.8,1311,13,0
2026-09-04 08:30:00+00:00,4467.55,4477.61,4466.81,4471.13,2101,17,0
2026-09-04 08:45:00+00:00,4471.09,4472.84,4467.24,4472.07,1825,14,0
2026-09-04 09:00:00+00:00,4472.06,4473.38,4466.71,4468.94,2110,8,0
2026-09-04 09:15:00+00:00,4468.95,4471.86,4466.77,4468.91,1841,8,0
2026-09-04 09:30:00+00:00,4468.9,4469.78,4463.18,4464.25,2189,8,0
2026-09-04 09:45:00+00:00,4464.16,4464.46,4460.26,4462.98,2135,8,0
2026-09-04 10:00:00+00:00,4463.0,4471.2,4461.67,4467.88,2127,8,0
2026-09-04 10:15:00+00:00,4467.87,4472.83,4466.75,4472.83,1706,8,0
2026-09-04 10:30:00+00:00,4472.72,4486.3,4472.72,4485.86,1954,8,0
2026-09-04 10:45:00+00:00,4485.81,4490.69,4481.51,4483.5,2055,9,0
2026-09-04 11:00:00+00:00,4483.53,4486.55,4479.42,4482.13,2111,8,0
2026-09-04 11:15:00+00:00,4482.0,4484.12,4479.61,4480.85,1788,8,0
2026-09-04 11:30:00+00:00,4481.05,4482.48,4477.49,4477.61,1802,8,0
2026-09-04 11:45:00+00:00,4477.48,4479.73,4474.5,4477.85,1545,8,0
2026-09-04 12:00:00+00:00,4477.84,4479.19,4469.04,4470.03,1615,8,0
2026-09-04 12:15:00+00:00,4470.08,4470.69,4463.88,4466.69,1946,10,0
2026-09-04 12:30:00+00:00,4466.66,4470.2,4464.63,4467.27,1864,8,0
2026-09-04 12:45:00+00:00,4467.29,4469.66,4465.56,4465.6,1580,8,0
2026-09-04 13:00:00+00:00,4465.5,4473.21,4465.5,4472.76,1483,8,0
2026-09-04 13:15:00+00:00,4472.79,4473.4,4468.17,4471.18,1542,9,0
2026-09-04 13:30:00+00:00,4471.19,4475.17,4470.08,4473.57,1493,9,0
2026-09-04 13:45:00+00:00,4473.56,4476.42,4472.81,4472.88,1431,9,0
2026-09-04 14:00:00+00:00,4472.87,4473.33,4469.51,4470.29,1654,8,0
2026-09-04 14:15:00+00:00,4470.3,4470.79,4465.44,4465.69,1570,8,0
2026-09-04 14:30:00+00:00,4465.69,4470.33,4465.29,4468.24,1623,8,0
2026-09-04 14:45:00+00:00,4468.2,4470.63,4465.29,4466.94,1687,8,0
2026-09-04 15:00:00+00:00,4466.95,4470.38,4464.66,4464.82,2125,12,0
2026-09-04 15:15:00+00:00,4464.79,4476.19,4464.49,4473.02,2508,8,0
2026-09-04 15:30:00+00:00,4472.85,4473.41,4381.06,4394.02,3194,10,0
2026-09-04 15:45:00+00:00,4394.05,4409.91,4381.1,4394.01,3376,13,0
2026-09-04 16:00:00+00:00,4394.13,4394.77,4366.53,4394.33,3341,12,0
2026-09-04 16:15:00+00:00,4394.3,4414.58,4391.51,4412.9,3188,12,0
2026-09-04 16:30:00+00:00,4412.76,4424.16,4405.37,4423.97,3486,13,0
2026-09-04 16:45:00+00:00,4423.92,4434.72,4413.3,4413.56,3290,8,0
2026-09-04 17:00:00+00:00,4413.22,4435.05,4412.17,4434.05,3278,8,0
2026-09-04 17:15:00+00:00,4434.03,4437.35,4426.77,4429.14,3220,8,0
2026-09-04 17:30:00+00:00,4429.07,4442.32,4425.52,4428.66,3060,8,0
2026-09-04 17:45:00+00:00,4428.61,4432.04,4417.21,4427.53,3103,8,0
2026-09-04 18:00:00+00:00,4427.54,4443.62,4422.81,4443.44,2999,8,0
2026-09-04 18:15:00+00:00,4443.4,4448.98,4439.7,4439.99,2949,8,0
2026-09-04 18:30:00+00:00,4439.96,4446.5,4436.97,4442.93,2729,8,0
2026-09-04 18:45:00+00:00,4442.94,4445.9,4435.67,4436.51,2490,8,0
2026-09-04 19:00:00+00:00,4436.71,4440.37,4432.38,4438.78,2407,8,0
2026-09-04 19:15:00+00:00,4438.79,4443.48,4433.34,4434.25,2362,8,0
2026-09-04 19:30:00+00:00,4434.27,4439.76,4433.41,4438.07,2156,8,0
2026-09-04 19:45:00+00:00,4438.09,4440.43,4434.76,4436.56,2091,9,0
2026-09-04 20:00:00+00:00,4436.42,4436.58,4430.05,4434.16,2291,8,0
2026-09-04 20:15:00+00:00,4434.1,4440.39,4427.53,4428.58,2309,8,0
2026-09-04 20:30:00+00:00,4428.69,4429.81,4416.48,4417.12,2227,8,0
2026-09-04 20:45:00+00:00,4417.26,4421.38,4415.65,4416.58,2212,8,0
2026-09-04 21:00:00+00:00,4416.6,4419.79,4411.97,4419.52,2255,8,0
2026-09-04 21:15:00+00:00,4419.54,4426.69,4419.24,4424.78,1910,8,0
2026-09-04 21:30:00+00:00,4424.81,4425.53,4421.29,4422.93,1692,8,0
2026-09-04 21:45:00+00:00,4422.91,4425.89,4421.98,4423.95,1602,8,0
2026-09-04 22:00:00+00:00,4423.98,4430.04,4422.58,4428.72,1742,8,0
2026-09-04 22:15:00+00:00,4429.17,4435.82,4426.9,4435.63,1592,8,0
2026-09-04 22:30:00+00:00,4435.58,4438.37,4434.18,4436.79,1725,8,0
2026-09-04 22:45:00+00:00,4436.99,4437.24,4432.75,4434.89,1904,8,0
2026-09-04 23:00:00+00:00,4434.87,4435.13,4430.97,4431.71,1053,8,0
2026-09-04 23:15:00+00:00,4431.72,4431.84,4429.51,4430.2,766,8,0
2026-09-04 23:30:00+00:00,4430.17,4430.89,4429.09,4430.42,624,10,0
2026-09-04 23:45:00+00:00,4430.51,4431.63,4428.62,4429.8,606,17,0
2026-09-07 01:00:00+00:00,4420.4,4428.98,4417.55,4428.98,1405,19,0
2026-09-07 01:15:00+00:00,4428.91,4430.22,4426.93,4428.78,854,19,0
2026-09-07 01:30:00+00:00,4428.79,4431.24,4427.77,4430.85,707,19,0
2026-09-07 01:45:00+00:00,4430.84,4435.15,4429.23,4429.5,787,17,0
2026-09-07 02:00:00+00:00,4429.51,4431.32,4429.38,4429.97,799,16,0
2026-09-07 02:15:00+00:00,4429.96,4430.05,4425.28,4427.01,889,16,0
2026-09-07 02:30:00+00:00,4426.77,4430.41,4425.25,4429.05,1013,13,0
2026-09-07 02:45:00+00:00,4429.07,4433.76,4421.23,4423.39,1472,16,0
2026-09-07 03:00:00+00:00,4423.4,4427.62,4421.24,4425.01,1975,16,0
2026-09-07 03:15:00+00:00,4425.12,4428.55,4422.29,4422.29,1593,11,0
2026-09-07 03:30:00+00:00,4422.24,4425.19,4418.54,4424.15,1855,11,0
2026-09-07 03:45:00+00:00,4424.14,4429.58,4410.22,4412.6,1883,11,0
2026-09-07 04:00:00+00:00,4412.65,4415.94,4395.72,4399.79,3035,17,0
2026-09-07 04:15:00+00:00,4399.84,4403.61,4389.87,4403.38,2771,13,0
2026-09-07 04:30:00+00:00,4403.42,4412.86,4403.12,4409.83,2512,15,0
2026-09-07 04:45:00+00:00,4409.8,4416.8,4408.33,4409.54,2343,15,0
2026-09-07 05:00:00+00:00,4409.55,4411.02,4402.95,4403.72,2143,11,0
2026-09-07 05:15:00+00:00,4403.81,4409.45,4403.62,4407.75,1451,13,0
2026-09-07 05:30:00+00:00,4407.74,4418.54,4407.0,4415.04,2288,16,0
2026-09-07 05:45:00+00:00,4414.83,4418.98,4407.48,4408.92,2125,14,0
2026-09-07 06:00:00+00:00,4408.88,4410.44,4405.62,4407.74,2166,11,0
2026-09-07 06:15:00+00:00,4407.78,4410.15,4404.66,4408.7,1668,11,0
2026-09-07 06:30:00+00:00,4408.68,4408.83,4401.72,4401.88,1342,11,0
2026-09-07 06:45:00+00:00,4401.87,4404.94,4401.23,4404.23,1168,11,0
2026-09-07 07:00:00+00:00,4404.15,4407.17,4401.44,4406.59,1257,11,0
2026-09-07 07:15:00+00:00,4406.62,4406.73,4400.22,4402.27,1090,11,0
2026-09-07 07:30:00+00:00,4402.29,4402.58,4394.49,4396.78,1244,11,0
2026-09-07 07:45:00+00:00,4396.77,4398.94,4395.65,4398.04,1054,11,0
2026-09-07 08:00:00+00:00,4398.05,4404.13,4397.7,4402.61,1323,11,0
2026-09-07 08:15:00+00:00,4402.61,4411.63,4401.99,4411.09,1284,11,0
2026-09-07 08:30:00+00:00,4411.12,4413.1,4401.57,4403.93,2276,16,0
2026-09-07 08:45:00+00:00,4403.92,4406.49,4393.06,4394.01,2121,14,0
2026-09-07 09:00:00+00:00,4394.12,4394.67,4385.33,4392.03,2419,8,0
2026-09-07 09:15:00+00:00,4392.07,4398.07,4390.02,4394.44,1871,8,0
2026-09-07 09:30:00+00:00,4394.45,4399.84,4393.88,4396.33,1794,11,0
2026-09-07 09:45:00+00:00,4396.29,4399.23,4391.3,4392.79,1852,8,0
2026-09-07 10:00:00+00:00,4392.82,4401.67,4391.9,4401.27,2090,10,0
2026-09-07 10:15:00+00:00,4401.3,4401.97,4394.84,4395.34,1945,8,0
2026-09-07 10:30:00+00:00,4395.42,4399.09,4392.34,4395.95,1991,8,0
2026-09-07 10:45:00+00:00,4395.99,4406.64,4394.98,4406.38,2226,8,0
2026-09-07 11:00:00+00:00,4406.33,4417.66,4405.23,4417.08,2606,10,0
2026-09-07 11:15:00+00:00,4417.15,4423.51,4416.44,4419.77,2268,8,0
2026-09-07 11:30:00+00:00,4419.78,4423.81,4413.57,4414.66,2124,8,0
2026-09-07 11:45:00+00:00,4414.73,4415.22,4409.67,4411.01,1677,9,0
2026-09-07 12:00:00+00:00,4410.93,4413.68,4410.86,4411.11,1485,10,0
2026-09-07 12:15:00+00:00,4411.12,4411.88,4405.39,4405.44,1570,8,0
2026-09-07 12:30:00+00:00,4405.45,4410.1,4403.69,4409.62,1606,8,0
2026-09-07 12:45:00+00:00,4409.61,4410.25,4404.83,4405.73,1116,8,0
2026-09-07 13:00:00+00:00,4405.7,4406.25,4402.43,4403.21,1129,8,0
2026-09-07 13:15:00+00:00,4403.08,4404.68,4396.21,4396.31,1331,8,0
2026-09-07 13:30:00+00:00,4396.31,4399.36,4392.51,4397.77,1527,8,0
2026-09-07 13:45:00+00:00,4397.8,4397.96,4388.41,4391.7,1780,8,0
2026-09-07 14:00:00+00:00,4391.71,4394.25,4389.35,4393.74,1778,9,0
2026-09-07 14:15:00+00:00,4393.74,4394.97,4387.88,4389.52,1569,8,0
2026-09-07 14:30:00+00:00,4389.39,4389.84,4381.17,4386.7,1882,9,0
2026-09-07 14:45:00+00:00,4386.72,4392.1,4385.1,4385.29,1362,8,0
2026-09-07 15:00:00+00:00,4385.4,4393.01,4385.4,4390.81,1420,9,0
2026-09-07 15:15:00+00:00,4390.82,4395.34,4390.45,4395.34,1446,8,0
2026-09-07 15:30:00+00:00,4395.3,4397.6,4392.74,4397.05,1535,8,0
2026-09-07 15:45:00+00:00,4397.04,4398.04,4394.33,4396.8,1472,8,0
2026-09-07 16:00:00+00:00,4396.81,4404.54,4395.43,4403.97,2325,11,0
2026-09-07 16:15:00+00:00,4404.25,4405.01,4401.55,4403.82,1716,8,0
2026-09-07 16:30:00+00:00,4403.86,4407.46,4401.74,4403.43,1886,8,0
2026-09-07 16:45:00+00:00,4403.45,4407.78,4401.29,4402.61,1801,8,0
2026-09-07 17:00:00+00:00,4402.66,4408.93,4401.15,4407.13,1851,8,0
2026-09-07 17:15:00+00:00,4407.18,4409.08,4405.14,4407.11,1461,8,0
2026-09-07 17:30:00+00:00,4407.1,4412.2,4404.72,4411.15,1837,8,0
2026-09-07 17:45:00+00:00,4411.16,4419.56,4410.64,4416.15,2458,8,0
2026-09-07 18:00:00+00:00,4416.12,4416.65,4409.26,4413.9,2078,8,0
2026-09-07 18:15:00+00:00,4414.11,4415.15,4411.97,4413.15,1613,10,0
2026-09-07 18:30:00+00:00,4413.13,4414.46,4409.65,4411.94,1249,11,0
2026-09-07 18:45:00+00:00,4412.0,4415.23,4411.51,4414.4,1096,10,0
2026-09-07 19:00:00+00:00,4414.46,4416.74,4412.9,4414.8,973,10,0
2026-09-07 19:15:00+00:00,4414.77,4415.32,4412.69,4413.64,895,10,0
2026-09-07 19:30:00+00:00,4413.62,4414.14,4411.86,4414.11,808,10,0
2026-09-07 19:45:00+00:00,4414.13,4414.53,4412.99,4414.51,588,10,0
2026-09-07 20:00:00+00:00,4414.52,4415.1,4412.28,4412.38,421,10,0
2026-09-07 20:15:00+00:00,4412.52,4414.0,4412.15,4412.31,410,8,0
2026-09-07 20:30:00+00:00,4412.39,4412.62,4409.92,4410.97,436,8,0
2026-09-07 20:45:00+00:00,4410.9,4410.9,4407.15,4407.17,674,8,0
2026-09-07 21:00:00+00:00,4407.21,4409.11,4404.47,4404.91,815,8,0
2026-09-07 21:15:00+00:00,4404.91,4406.41,4403.12,4406.24,868,10,0
2026-09-08 01:00:00+00:00,4406.9,4414.63,4406.9,4412.49,1014,10,0
2026-09-08 01:15:00+00:00,4412.49,4413.28,4409.69,4409.76,679,17,0
2026-09-08 01:30:00+00:00,4409.5,4409.87,4407.91,4408.18,891,17,0
2026-09-08 01:45:00+00:00,4408.19,4408.47,4406.24,4407.58,657,17,0
2026-09-08 02:00:00+00:00,4407.29,4412.35,4407.26,4411.03,900,16,0
2026-09-08 02:15:00+00:00,4411.02,4412.68,4409.16,4410.82,1225,16,0
2026-09-08 02:30:00+00:00,4410.81,4427.95,4410.81,4427.5,1842,16,0
2026-09-08 02:45:00+00:00,4427.52,4428.09,4420.56,4423.4,1966,15,0
2026-09-08 03:00:00+00:00,4423.69,4424.88,4415.56,4417.63,2723,16,0
2026-09-08 03:15:00+00:00,4417.61,4430.55,4416.61,4421.93,2573,12,0
2026-09-08 03:30:00+00:00,4421.9,4426.64,4419.8,4421.99,2174,11,0
2026-09-08 03:45:00+00:00,4421.98,4427.94,4415.7,4426.88,2250,11,0
2026-09-08 04:00:00+00:00,4426.72,4431.79,4417.61,4428.88,2968,15,0
2026-09-08 04:15:00+00:00,4428.91,4436.52,4427.34,4434.69,2443,15,0
2026-09-08 04:30:00+00:00,4434.88,4437.37,4431.09,4433.87,2453,17,0
2026-09-08 04:45:00+00:00,4433.97,4441.07,4433.97,4437.44,2276,15,0
2026-09-08 05:00:00+00:00,4437.45,4439.05,4426.61,4428.18,2301,15,0
2026-09-08 05:15:00+00:00,4428.26,4429.67,4424.51,4424.95,1866,11,0
2026-09-08 05:30:00+00:00,4424.56,4426.9,4421.46,4426.7,2299,11,0
2026-09-08 05:45:00+00:00,4426.68,4427.98,4421.23,4424.29,2100,11,0
2026-09-08 06:00:00+00:00,4424.23,4431.73,4422.52,4429.71,1913,12,0
2026-09-08 06:15:00+00:00,4429.64,4440.02,4428.74,4432.01,2206,12,0
2026-09-08 06:30:00+00:00,4432.07,4435.02,4430.63,4432.62,1400,12,0
2026-09-08 06:45:00+00:00,4432.61,4438.81,4432.46,4437.84,1464,14,0
2026-09-08 07:00:00+00:00,4437.82,4442.94,4437.82,4439.28,1666,11,0
2026-09-08 07:15:00+00:00,4439.26,4440.7,4431.67,4432.57,1546,11,0
2026-09-08 07:30:00+00:00,4432.61,4436.55,4432.31,4436.5,1498,13,0
2026-09-08 07:45:00+00:00,4436.5,4439.87,4434.3,4436.11,1384,11,0
2026-09-08 08:00:00+00:00,4436.08,4437.72,4427.1,4427.1,1834,11,0
2026-09-08 08:15:00+00:00,4427.11,4431.62,4420.38,4420.38,1938,12,0
2026-09-08 08:30:00+00:00,4420.57,4427.24,4418.14,4426.1,2456,15,0
2026-09-08 08:45:00+00:00,4426.12,4429.01,4417.48,4418.91,2314,12,0
2026-09-08 09:00:00+00:00,4418.99,4420.1,4408.68,4411.54,2809,8,0
2026-09-08 09:15:00+00:00,4411.53,4411.54,4399.18,4400.16,2781,8,0
2026-09-08 09:30:00+00:00,4400.21,4409.06,4398.59,4407.62,2445,8,0
2026-09-08 09:45:00+00:00,4407.65,4409.57,4403.61,4404.19,2399,8,0
2026-09-08 10:00:00+00:00,4404.05,4409.77,4402.77,4403.41,2355,8,0
2026-09-08 10:15:00+00:00,4403.32,4404.51,4400.65,4401.94,2153,8,0
2026-09-08 10:30:00+00:00,4401.95,4405.73,4391.53,4395.87,2365,8,0
2026-09-08 10:45:00+00:00,4395.84,4397.63,4390.2,4392.39,2111,8,0
2026-09-08 11:00:00+00:00,4392.4,4396.14,4388.4,4390.98,2434,8,0
2026-09-08 11:15:00+00:00,4391.0,4396.89,4390.3,4395.05,2233,8,0
2026-09-08 11:30:00+00:00,4395.0,4398.92,4391.96,4392.73,2202,8,0
2026-09-08 11:45:00+00:00,4392.77,4398.21,4391.07,4394.2,2350,9,0
2026-09-08 12:00:00+00:00,4394.28,4397.93,4391.43,4397.6,2010,8,0
2026-09-08 12:15:00+00:00,4397.47,4399.33,4392.51,4393.2,1932,9,0
2026-09-08 12:30:00+00:00,4393.12,4403.33,4390.92,4401.29,2161,8,0
2026-09-08 12:45:00+00:00,4401.3,4405.45,4400.94,4402.76,1765,8,0
2026-09-08 13:00:00+00:00,4402.78,4402.81,4393.54,4395.69,1933,13,0
2026-09-08 13:15:00+00:00,4396.07,4406.42,4395.87,4399.25,1948,8,0
2026-09-08 13:30:00+00:00,4399.23,4399.36,4394.0,4397.14,1566,11,0
2026-09-08 13:45:00+00:00,4397.08,4400.44,4395.39,4395.39,1587,13,0
2026-09-08 14:00:00+00:00,4395.37,4398.69,4391.22,4395.11,2100,11,0
2026-09-08 14:15:00+00:00,4395.08,4402.98,4395.03,4402.0,1926,9,0
2026-09-08 14:30:00+00:00,4402.05,4407.86,4400.62,4403.61,1915,13,0
2026-09-08 14:45:00+00:00,4403.6,4406.62,4397.76,4406.46,2017,8,0
2026-09-08 15:00:00+00:00,4406.45,4406.71,4390.72,4391.8,2467,9,0
2026-09-08 15:15:00+00:00,4391.78,4401.91,4385.34,4401.91,2751,8,0
2026-09-08 15:30:00+00:00,4401.88,4408.14,4395.39,4396.76,2600,8,0
2026-09-08 15:45:00+00:00,4396.59,4411.74,4395.7,4411.53,2515,8,0
2026-09-08 16:00:00+00:00,4411.68,4412.73,4402.56,4408.53,2938,8,0
2026-09-08 16:15:00+00:00,4408.51,4410.8,4399.16,4400.41,2642,8,0
2026-09-08 16:30:00+00:00,4400.34,4405.69,4390.45,4396.61,3200,11,0
2026-09-08 16:45:00+00:00,4396.63,4407.45,4394.38,4396.42,3094,10,0
2026-09-08 17:00:00+00:00,4396.51,4402.8,4392.37,4395.27,3112,10,0
2026-09-08 17:15:00+00:00,4395.26,4404.37,4394.88,4396.54,2810,10,0
2026-09-08 17:30:00+00:00,4396.67,4400.68,4392.8,4397.35,2827,8,0
2026-09-08 17:45:00+00:00,4397.37,4399.03,4389.15,4398.66,2724,8,0
2026-09-08 18:00:00+00:00,4398.88,4408.22,4397.63,4404.76,2601,8,0
2026-09-08 18:15:00+00:00,4404.78,4409.3,4396.45,4399.01,2573,8,0
2026-09-08 18:30:00+00:00,4399.03,4404.17,4397.33,4399.98,2382,8,0
2026-09-08 18:45:00+00:00,4400.08,4400.47,4394.75,4394.78,2138,8,0
2026-09-08 19:00:00+00:00,4394.75,4395.14,4380.74,4386.44,2554,9,0
2026-09-08 19:15:00+00:00,4386.48,4394.48,4383.74,4394.07,2357,8,0
2026-09-08 19:30:00+00:00,4394.03,4396.69,4393.01,4394.21,1956,8,0
2026-09-08 19:45:00+00:00,4394.17,4398.31,4390.46,4393.74,2215,8,0
2026-09-08 20:00:00+00:00,4393.68,4403.69,4393.68,4395.61,2255,8,0
2026-09-08 20:15:00+00:00,4395.59,4397.41,4391.95,4393.91,1956,8,0
2026-09-08 20:30:00+00:00,4394.06,4395.08,4385.54,4385.54,1905,8,0
2026-09-08 20:45:00+00:00,4385.5,4390.3,4385.36,4389.97,1812,8,0
2026-09-08 21:00:00+00:00,4389.98,4390.31,4384.12,4387.61,2096,8,0
2026-09-08 21:15:00+00:00,4387.62,4387.74,4384.36,4385.62,1960,8,0
2026-09-08 21:30:00+00:00,4385.6,4385.73,4381.46,4385.6,1820,8,0
2026-09-08 21:45:00+00:00,4385.59,4386.61,4358.3,4375.66,2919,9,0
2026-09-08 22:00:00+00:00,4375.62,4377.04,4369.59,4370.46,2442,11,0
2026-09-08 22:15:00+00:00,4370.47,4373.06,4365.54,4367.98,2247,12,0
2026-09-08 22:30:00+00:00,4367.92,4368.9,4360.67,4367.95,2207,11,0
2026-09-08 22:45:00+00:00,4367.93,4368.12,4356.81,4359.44,2535,11,0
2026-09-08 23:00:00+00:00,4359.42,4364.34,4356.04,4360.19,1806,10,0
2026-09-08 23:15:00+00:00,4360.25,4361.4,4355.67,4356.75,1176,10,0
2026-09-08 23:30:00+00:00,4356.77,4358.7,4356.41,4357.83,968,10,0
2026-09-08 23:45:00+00:00,4357.85,4358.01,4345.93,4355.37,957,21,0
2026-09-09 01:00:00+00:00,4360.69,4360.69,4352.46,4356.11,1334,15,0
2026-09-09 01:15:00+00:00,4356.21,4357.61,4353.26,4354.45,862,17,0
2026-09-09 01:30:00+00:00,4354.46,4355.97,4350.54,4351.89,1061,17,0
2026-09-09 01:45:00+00:00,4351.91,4354.31,4350.96,4354.12,805,13,0
2026-09-09 02:00:00+00:00,4354.13,4354.92,4351.95,4352.44,926,13,0
2026-09-09 02:15:00+00:00,4352.48,4357.61,4351.95,4357.51,1065,11,0
2026-09-09 02:30:00+00:00,4357.53,4359.94,4356.85,4358.59,973,11,0
2026-09-09 02:45:00+00:00,4358.57,4358.57,4349.27,4349.93,1577,17,0
2026-09-09 03:00:00+00:00,4349.86,4352.96,4344.67,4349.69,2361,16,0
2026-09-09 03:15:00+00:00,4349.64,4350.11,4341.36,4346.56,2075,12,0
2026-09-09 03:30:00+00:00,4346.57,4354.51,4343.38,4354.51,2071,11,0
2026-09-09 03:45:00+00:00,4354.37,4365.2,4352.5,4364.27,2006,11,0
2026-09-09 04:00:00+00:00,4364.36,4368.15,4353.83,4367.77,2834,15,0
2026-09-09 04:15:00+00:00,4367.87,4372.65,4362.44,4371.26,2470,11,0
2026-09-09 04:30:00+00:00,4371.28,4378.04,4370.38,4376.4,2271,14,0
2026-09-09 04:45:00+00:00,4376.46,4378.13,4370.9,4373.67,2192,11,0
2026-09-09 05:00:00+00:00,4373.71,4375.58,4370.73,4373.44,2231,11,0
2026-09-09 05:15:00+00:00,4373.46,4376.92,4371.67,4372.98,1685,11,0
2026-09-09 05:30:00+00:00,4373.06,4374.44,4367.29,4374.33,2099,11,0
2026-09-09 05:45:00+00:00,4374.27,4384.39,4373.06,4382.14,2484,11,0
2026-09-09 06:00:00+00:00,4382.19,4382.69,4378.24,4379.05,2023,11,0
2026-09-09 06:15:00+00:00,4379.05,4379.3,4375.61,4378.0,1569,14,0
2026-09-09 06:30:00+00:00,4377.99,4379.99,4375.36,4378.73,1325,11,0
2026-09-09 06:45:00+00:00,4378.72,4379.13,4375.22,4375.25,1408,11,0
2026-09-09 07:00:00+00:00,4375.34,4376.18,4370.68,4373.52,1456,11,0
2026-09-09 07:15:00+00:00,4373.47,4380.62,4372.48,4380.04,1548,11,0
2026-09-09 07:30:00+00:00,4380.05,4380.07,4376.37,4378.05,1336,11,0
2026-09-09 07:45:00+00:00,4378.05,4382.51,4377.53,4381.59,1270,11,0
2026-09-09 08:00:00+00:00,4381.6,4387.88,4380.51,4387.74,1706,13,0
2026-09-09 08:15:00+00:00,4388.07,4388.68,4383.39,4385.23,1780,11,0
2026-09-09 08:30:00+00:00,4385.1,4395.47,4384.31,4395.47,2305,14,0
2026-09-09 08:45:00+00:00,4395.48,4400.87,4392.59,4398.87,2091,11,0
2026-09-09 09:00:00+00:00,4398.84,4405.27,4398.41,4401.44,2190,11,0
2026-09-09 09:15:00+00:00,4401.41,4403.14,4395.26,4398.2,2160,8,0
2026-09-09 09:30:00+00:00,4398.33,4406.01,4397.15,4400.42,2058,8,0
2026-09-09 09:45:00+00:00,4400.41,4401.61,4398.88,4400.66,1703,8,0
2026-09-09 10:00:00+00:00,4400.64,4407.73,4399.31,4406.57,1998,8,0
2026-09-09 10:15:00+00:00,4406.37,4408.67,4403.01,4407.75,2065,8,0
2026-09-09 10:30:00+00:00,4407.73,4410.49,4406.54,4410.33,1758,8,0
2026-09-09 10:45:00+00:00,4410.35,4412.71,4408.42,4409.27,1891,8,0
2026-09-09 11:00:00+00:00,4409.28,4412.0,4403.8,4403.88,2111,8,0
2026-09-09 11:15:00+00:00,4403.91,4404.84,4399.68,4399.74,1775,8,0
2026-09-09 11:30:00+00:00,4399.68,4403.56,4399.04,4399.98,1811,8,0
2026-09-09 11:45:00+00:00,4400.0,4403.36,4399.11,4400.65,1596,8,0
2026-09-09 12:00:00+00:00,4400.69,4402.31,4397.87,4398.53,1748,8,0
2026-09-09 12:15:00+00:00,4398.56,4400.21,4397.07,4398.36,1742,8,0
2026-09-09 12:30:00+00:00,4398.38,4398.64,4395.42,4396.33,1724,8,0
2026-09-09 12:45:00+00:00,4396.34,4396.34,4388.71,4390.78,1996,8,0
2026-09-09 13:00:00+00:00,4390.73,4393.43,4386.28,4391.15,2106,8,0
2026-09-09 13:15:00+00:00,4391.14,4396.01,4389.34,4394.39,1785,8,0
2026-09-09 13:30:00+00:00,4394.34,4399.32,4393.51,4395.02,1757,8,0
2026-09-09 13:45:00+00:00,4394.89,4403.06,4394.7,4399.68,1980,8,0
2026-09-09 14:00:00+00:00,4399.71,4404.59,4399.71,4403.41,1751,8,0
2026-09-09 14:15:00+00:00,4403.58,4409.1,4401.48,4408.31,1832,8,0
2026-09-09 14:30:00+00:00,4408.27,4408.44,4403.58,4405.55,1894,8,0
2026-09-09 14:45:00+00:00,4405.64,4415.28,4403.5,4407.32,2367,8,0
2026-09-09 15:00:00+00:00,4407.4,4409.38,4399.06,4399.28,2320,11,0
2026-09-09 15:15:00+00:00,4399.29,4400.26,4393.72,4393.72,2453,8,0
2026-09-09 15:30:00+00:00,4393.7,4397.61,4390.95,4395.37,2438,8,0
2026-09-09 15:45:00+00:00,4395.33,4402.25,4395.33,4400.35,2198,8,0
2026-09-09 16:00:00+00:00,4400.16,4413.42,4398.84,4413.08,2788,9,0
2026-09-09 16:15:00+00:00,4413.07,4430.22,4410.65,4429.47,2908,8,0
2026-09-09 16:30:00+00:00,4429.49,4434.08,4413.02,4417.2,3254,12,0
2026-09-09 16:45:00+00:00,4417.19,4423.72,4410.8,4415.13,3094,8,0
2026-09-09 17:00:00+00:00,4415.1,4428.61,4414.43,4423.41,3066,8,0
2026-09-09 17:15:00+00:00,4423.38,4426.16,4410.31,4425.95,3103,8,0
2026-09-09 17:30:00+00:00,4426.01,4427.06,4418.77,4418.94,2788,8,0
2026-09-09 17:45:00+00:00,4419.0,4423.55,4415.0,4418.68,2772,10,0
2026-09-09 18:00:00+00:00,4418.72,4432.13,4381.22,4390.59,3247,10,0
2026-09-09 18:15:00+00:00,4390.74,4395.42,4375.17,4394.63,3322,11,0
2026-09-09 18:30:00+00:00,4394.66,4407.08,4392.62,4403.06,3080,11,0
2026-09-09 18:45:00+00:00,4403.04,4407.2,4398.2,4398.38,2833,13,0
2026-09-09 19:00:00+00:00,4398.47,4403.11,4394.89,4397.91,2754,8,0
2026-09-09 19:15:00+00:00,4397.9,4402.42,4391.69,4401.71,2489,8,0
2026-09-09 19:30:00+00:00,4401.72,4407.75,4399.04,4407.38,2254,8,0
2026-09-09 19:45:00+00:00,4407.4,4410.37,4405.61,4409.66,2220,8,0
2026-09-09 20:00:00+00:00,4409.58,4420.45,4408.98,4416.7,2633,9,0
2026-09-09 20:15:00+00:00,4416.67,4420.59,4414.43,4414.8,2164,10,0
2026-09-09 20:30:00+00:00,4414.88,4417.11,4411.89,4413.61,1968,10,0
2026-09-09 20:45:00+00:00,4413.6,4416.88,4413.39,4416.06,1560,10,0
2026-09-09 21:00:00+00:00,4416.05,4421.49,4415.83,4420.38,1932,10,0
2026-09-09 21:15:00+00:00,4420.39,4420.69,4416.77,4417.84,1736,10,0
2026-09-09 21:30:00+00:00,4417.91,4418.32,4409.57,4409.84,1852,11,0
2026-09-09 21:45:00+00:00,4409.87,4410.11,4401.71,4403.14,2084,10,0
2026-09-09 22:00:00+00:00,4403.22,4404.11,4396.96,4400.25,2145,10,0
2026-09-09 22:15:00+00:00,4400.23,4404.84,4398.67,4399.64,1755,10,0
2026-09-09 22:30:00+00:00,4399.65,4400.89,4395.74,4399.83,1791,11,0
2026-09-09 22:45:00+00:00,4399.82,4401.45,4396.41,4399.22,2085,10,0
2026-09-09 23:00:00+00:00,4399.14,4399.36,4396.38,4397.33,961,10,0
2026-09-09 23:15:00+00:00,4397.32,4397.49,4393.54,4394.81,841,10,0
2026-09-09 23:30:00+00:00,4394.82,4400.84,4394.8,4400.16,741,11,0
2026-09-09 23:45:00+00:00,4400.22,4402.45,4399.34,4399.68,640,21,0
2026-09-10 01:00:00+00:00,4403.76,4406.48,4402.55,4402.86,919,17,0
2026-09-10 01:15:00+00:00,4402.87,4404.4,4400.4,4402.62,670,17,0
2026-09-10 01:30:00+00:00,4402.55,4403.8,4400.03,4401.52,987,17,0
2026-09-10 01:45:00+00:00,4401.49,4401.69,4397.72,4399.71,984,15,0
2026-09-10 02:00:00+00:00,4399.56,4403.04,4398.44,4400.71,1173,11,0
2026-09-10 02:15:00+00:00,4400.61,4402.19,4395.81,4397.64,1115,11,0
2026-09-10 02:30:00+00:00,4397.52,4399.19,4393.4,4394.4,882,11,0
2026-09-10 02:45:00+00:00,4394.43,4395.31,4393.27,4394.25,1210,15,0
2026-09-10 03:00:00+00:00,4394.24,4397.12,4389.82,4395.06,1811,17,0
2026-09-10 03:15:00+00:00,4395.07,4398.52,4392.33,4392.98,1846,15,0
2026-09-10 03:30:00+00:00,4392.95,4401.58,4391.5,4400.99,1869,12,0
2026-09-10 03:45:00+00:00,4400.97,4404.85,4397.96,4401.19,1908,11,0
2026-09-10 04:00:00+00:00,4401.16,4419.01,4400.26,4412.85,2810,17,0
2026-09-10 04:15:00+00:00,4412.84,4416.54,4410.42,4410.49,2689,13,0
2026-09-10 04:30:00+00:00,4410.5,4411.08,4405.19,4409.85,2682,11,0
2026-09-10 04:45:00+00:00,4410.03,4414.5,4408.09,4412.21,2709,11,0
2026-09-10 05:00:00+00:00,4412.2,4418.88,4411.79,4414.19,2511,11,0
2026-09-10 05:15:00+00:00,4414.15,4417.7,4408.15,4417.09,1806,11,0
2026-09-10 05:30:00+00:00,4417.06,4420.82,4411.23,4418.07,2291,11,0
2026-09-10 05:45:00+00:00,4418.14,4420.77,4416.33,4419.4,1945,11,0
2026-09-10 06:00:00+00:00,4419.38,4421.06,4411.69,4412.68,2106,11,0
2026-09-10 06:15:00+00:00,4412.74,4414.88,4409.3,4410.11,1796,11,0
2026-09-10 06:30:00+00:00,4410.13,4412.61,4407.14,4407.9,1197,11,0
2026-09-10 06:45:00+00:00,4407.93,4409.92,4406.93,4409.11,1238,11,0
2026-09-10 07:00:00+00:00,4409.11,4415.52,4409.11,4414.06,1395,11,0
2026-09-10 07:15:00+00:00,4413.89,4415.47,4410.71,4411.75,1059,11,0
2026-09-10 07:30:00+00:00,4411.82,4413.71,4405.69,4406.8,1202,11,0
2026-09-10 07:45:00+00:00,4406.66,4411.69,4406.38,4408.49,1132,11,0
2026-09-10 08:00:00+00:00,4408.54,4418.93,4408.24,4418.93,1569,11,0
2026-09-10 08:15:00+00:00,4418.93,4420.7,4417.12,4420.7,1418,11,0
2026-09-10 08:30:00+00:00,4420.79,4429.59,4417.55,4428.3,2503,16,0
2026-09-10 08:45:00+00:00,4428.24,4431.26,4423.86,4431.08,2343,11,0
2026-09-10 09:00:00+00:00,4431.19,4434.35,4416.04,4416.29,2266,14,0
2026-09-10 09:15:00+00:00,4416.41,4417.6,4410.96,4417.52,2470,13,0
2026-09-10 09:30:00+00:00,4417.56,4426.98,4413.31,4426.7,2214,9,0
2026-09-10 09:45:00+00:00,4426.74,4428.86,4423.75,4425.32,2150,8,0
2026-09-10 10:00:00+00:00,4425.31,4425.49,4413.2,4413.34,2189,8,0
2026-09-10 10:15:00+00:00,4413.35,4415.07,4408.06,4408.39,1884,8,0
2026-09-10 10:30:00+00:00,4408.55,4410.73,4404.14,4409.72,2263,8,0
2026-09-10 10:45:00+00:00,4409.7,4415.31,4409.05,4411.82,1955,8,0
2026-09-10 11:00:00+00:00,4411.86,4412.8,4404.71,4405.79,2201,8,0
2026-09-10 11:15:00+00:00,4405.72,4407.69,4403.98,4405.66,1941,8,0
2026-09-10 11:30:00+00:00,4405.75,4405.97,4394.92,4395.92,2353,8,0
2026-09-10 11:45:00+00:00,4396.0,4398.36,4392.48,4394.93,2287,8,0
2026-09-10 12:00:00+00:00,4394.89,4396.62,4390.08,4394.86,2146,8,0
2026-09-10 12:15:00+00:00,4394.89,4396.89,4391.79,4392.86,1880,8,0
2026-09-10 12:30:00+00:00,4392.84,4393.09,4388.46,4392.8,2101,8,0
2026-09-10 12:45:00+00:00,4393.03,4395.79,4392.58,4394.1,1712,8,0
2026-09-10 13:00:00+00:00,4394.02,4400.03,4390.02,4395.21,2438,8,0
2026-09-10 13:15:00+00:00,4395.19,4400.18,4393.78,4394.14,2143,9,0
2026-09-10 13:30:00+00:00,4394.12,4394.7,4377.92,4383.83,2610,10,0
2026-09-10 13:45:00+00:00,4383.55,4387.64,4375.26,4378.86,2592,9,0
2026-09-10 14:00:00+00:00,4378.84,4384.5,4375.37,4383.49,2744,8,0
2026-09-10 14:15:00+00:00,4383.62,4388.71,4380.49,4385.91,2394,8,0
2026-09-10 14:30:00+00:00,4385.92,4390.76,4384.47,4384.56,2236,8,0
2026-09-10 14:45:00+00:00,4384.71,4385.3,4374.58,4374.69,2550,11,0
2026-09-10 15:00:00+00:00,4374.57,4377.87,4369.9,4375.05,2785,12,0
2026-09-10 15:15:00+00:00,4375.05,4377.1,4361.92,4363.42,2922,8,0
2026-09-10 15:30:00+00:00,4363.93,4372.31,4324.0,4341.59,3372,8,0
2026-09-10 15:45:00+00:00,4341.61,4355.78,4337.39,4340.51,3305,9,0
2026-09-10 16:00:00+00:00,4340.05,4355.36,4339.87,4344.15,3360,8,0
2026-09-10 16:15:00+00:00,4344.16,4357.58,4341.56,4357.32,3214,8,0
2026-09-10 16:30:00+00:00,4357.8,4373.33,4352.42,4364.79,3371,8,0
2026-09-10 16:45:00+00:00,4365.07,4375.83,4362.49,4365.86,3199,8,0
2026-09-10 17:00:00+00:00,4365.91,4375.13,4359.13,4359.42,3253,8,0
2026-09-10 17:15:00+00:00,4359.43,4376.49,4354.06,4363.4,3240,8,0
2026-09-10 17:30:00+00:00,4362.7,4370.34,4356.34,4356.37,3160,9,0
2026-09-10 17:45:00+00:00,4356.34,4361.72,4354.03,4358.02,3111,13,0
2026-09-10 18:00:00+00:00,4358.04,4361.43,4352.65,4359.69,2953,11,0
2026-09-10 18:15:00+00:00,4359.64,4367.78,4358.67,4365.3,2841,8,0
2026-09-10 18:30:00+00:00,4365.43,4372.43,4362.41,4366.13,2760,9,0
2026-09-10 18:45:00+00:00,4366.16,4370.31,4361.29,4365.91,2705,8,0
2026-09-10 19:00:00+00:00,4365.89,4370.04,4354.16,4359.0,2950,8,0
2026-09-10 19:15:00+00:00,4359.01,4363.74,4355.38,4363.01,2572,9,0
2026-09-10 19:30:00+00:00,4362.95,4365.56,4355.84,4356.42,2644,9,0
2026-09-10 19:45:00+00:00,4356.55,4364.31,4356.47,4364.1,2460,8,0
2026-09-10 20:00:00+00:00,4364.17,4367.25,4359.66,4362.51,2512,8,0
2026-09-10 20:15:00+00:00,4362.61,4366.84,4361.36,4365.87,2481,8,0
2026-09-10 20:30:00+00:00,4365.83,4366.29,4355.38,4359.44,2368,9,0
2026-09-10 20:45:00+00:00,4359.46,4360.29,4351.23,4352.64,2280,8,0
2026-09-10 21:00:00+00:00,4352.82,4356.03,4340.44,4340.89,2824,15,0
2026-09-10 21:15:00+00:00,4340.86,4346.34,4337.72,4339.11,2653,9,0
2026-09-10 21:30:00+00:00,4339.06,4339.16,4332.66,4334.1,2538,8,0
2026-09-10 21:45:00+00:00,4334.09,4339.32,4330.67,4333.25,2666,8,0
2026-09-10 22:00:00+00:00,4333.19,4333.19,4314.39,4322.02,2833,13,0
2026-09-10 22:15:00+00:00,4322.01,4330.65,4319.06,4327.21,2405,8,0
2026-09-10 22:30:00+00:00,4327.33,4329.43,4323.67,4324.4,2317,9,0
2026-09-10 22:45:00+00:00,4324.39,4326.01,4320.05,4324.4,2371,8,0
2026-09-10 23:00:00+00:00,4324.42,4324.42,4319.98,4323.01,1539,9,0
2026-09-10 23:15:00+00:00,4323.03,4323.08,4316.37,4318.83,1395,9,0
2026-09-10 23:30:00+00:00,4318.61,4318.61,4315.82,4317.99,1390,13,0
2026-09-10 23:45:00+00:00,4318.01,4318.93,4314.59,4317.06,1274,19,0
2026-09-11 01:00:00+00:00,4320.89,4324.61,4316.94,4321.28,1167,19,0
2026-09-11 01:15:00+00:00,4321.27,4321.87,4318.88,4319.66,864,23,0
2026-09-11 01:30:00+00:00,4319.72,4320.3,4313.67,4316.01,1143,23,0
2026-09-11 01:45:00+00:00,4316.03,4319.26,4315.2,4318.41,896,15,0
2026-09-11 02:00:00+00:00,4318.42,4319.85,4316.58,4319.61,1085,15,0
2026-09-11 02:15:00+00:00,4319.52,4320.47,4317.68,4318.12,775,15,0
2026-09-11 02:30:00+00:00,4318.13,4320.25,4314.67,4316.14,1173,18,0
2026-09-11 02:45:00+00:00,4316.09,4317.91,4311.2,4315.25,1747,15,0
2026-09-11 03:00:00+00:00,4315.22,4323.72,4313.16,4319.05,2476,12,0
2026-09-11 03:15:00+00:00,4319.04,4324.11,4316.96,4323.9,2110,11,0
2026-09-11 03:30:00+00:00,4323.93,4327.6,4319.77,4327.6,2106,11,0
2026-09-11 03:45:00+00:00,4327.58,4333.86,4326.86,4332.13,2165,11,0
2026-09-11 04:00:00+00:00,4332.07,4340.36,4328.15,4333.17,3035,16,0
2026-09-11 04:15:00+00:00,4333.16,4337.35,4320.98,4328.18,2806,11,0
2026-09-11 04:30:00+00:00,4328.1,4334.81,4322.62,4326.35,2707,11,0
2026-09-11 04:45:00+00:00,4326.79,4330.08,4324.03,4329.22,2583,11,0
2026-09-11 05:00:00+00:00,4329.23,4333.51,4327.94,4330.8,2281,11,0
2026-09-11 05:15:00+00:00,4330.79,4334.58,4323.55,4325.23,1927,11,0
2026-09-11 05:30:00+00:00,4325.18,4326.47,4316.88,4318.82,2714,17,0
2026-09-11 05:45:00+00:00,4318.83,4326.76,4315.95,4322.73,2519,11,0
2026-09-11 06:00:00+00:00,4322.7,4326.43,4314.57,4319.58,2526,11,0
2026-09-11 06:15:00+00:00,4319.57,4321.49,4304.38,4309.33,2586,11,0
2026-09-11 06:30:00+00:00,4309.24,4312.51,4306.53,4308.27,2217,11,0
2026-09-11 06:45:00+00:00,4308.28,4308.37,4300.83,4303.83,2249,11,0
2026-09-11 07:00:00+00:00,4303.93,4324.98,4301.97,4321.53,2502,11,0
2026-09-11 07:15:00+00:00,4321.54,4329.2,4319.52,4328.54,2173,11,0
2026-09-11 07:30:00+00:00,4328.64,4332.76,4325.49,4330.42,2090,16,0
2026-09-11 07:45:00+00:00,4330.41,4335.34,4329.11,4331.7,1913,11,0
2026-09-11 08:00:00+00:00,4332.0,4338.09,4328.32,4338.0,2148,11,0
2026-09-11 08:15:00+00:00,4338.04,4339.32,4333.53,4334.7,1904,11,0
2026-09-11 08:30:00+00:00,4334.68,4342.93,4333.85,4342.83,2812,17,0
2026-09-11 08:45:00+00:00,4342.94,4351.86,4339.71,4345.67,2659,12,0
2026-09-11 09:00:00+00:00,4345.68,4360.94,4345.68,4359.07,2749,10,0
2026-09-11 09:15:00+00:00,4359.04,4360.49,4351.36,4351.6,2515,10,0
2026-09-11 09:30:00+00:00,4351.59,4353.98,4347.11,4350.67,2458,9,0
2026-09-11 09:45:00+00:00,4350.71,4355.36,4349.57,4353.01,2316,10,0
2026-09-11 10:00:00+00:00,4352.98,4356.05,4350.15,4351.54,2258,10,0
2026-09-11 10:15:00+00:00,4351.48,4352.48,4346.11,4346.4,2057,10,0
2026-09-11 10:30:00+00:00,4346.36,4347.76,4343.23,4345.09,1920,10,0
2026-09-11 10:45:00+00:00,4345.02,4345.15,4340.61,4344.9,2113,10,0
2026-09-11 11:00:00+00:00,4344.91,4349.4,4342.4,4347.39,2471,11,0
2026-09-11 11:15:00+00:00,4347.43,4357.39,4343.77,4351.66,2472,10,0
2026-09-11 11:30:00+00:00,4351.57,4356.69,4351.28,4352.65,2079,12,0
2026-09-11 11:45:00+00:00,4352.79,4355.05,4345.63,4346.97,2111,11,0
2026-09-11 12:00:00+00:00,4346.99,4353.99,4342.68,4342.68,1994,8,0
2026-09-11 12:15:00+00:00,4342.58,4346.16,4341.65,4343.7,1738,9,0
2026-09-11 12:30:00+00:00,4343.83,4345.06,4340.91,4343.48,1854,8,0
2026-09-11 12:45:00+00:00,4343.48,4347.67,4342.52,4346.27,1768,9,0
2026-09-11 13:00:00+00:00,4346.44,4349.82,4341.84,4346.19,1988,11,0
2026-09-11 13:15:00+00:00,4346.38,4349.96,4345.85,4349.2,1876,11,0
2026-09-11 13:30:00+00:00,4349.29,4349.67,4343.77,4345.09,1915,9,0
2026-09-11 13:45:00+00:00,4345.1,4345.36,4336.76,4337.34,1833,8,0
2026-09-11 14:00:00+00:00,4337.57,4342.55,4334.65,4338.1,2148,8,0
2026-09-11 14:15:00+00:00,4338.05,4341.66,4336.04,4336.49,2066,8,0
2026-09-11 14:30:00+00:00,4336.46,4337.22,4330.21,4334.61,2089,8,0
2026-09-11 14:45:00+00:00,4334.67,4335.68,4330.53,4333.15,2152,8,0
2026-09-11 15:00:00+00:00,4333.6,4334.59,4324.89,4327.76,2363,8,0
2026-09-11 15:15:00+00:00,4327.92,4343.29,4327.61,4341.31,2614,8,0
2026-09-11 15:30:00+00:00,4341.37,4362.39,4292.26,4353.99,3251,8,0
2026-09-11 15:45:00+00:00,4353.89,4390.06,4352.62,4388.8,3306,12,0
2026-09-11 16:00:00+00:00,4388.68,4394.35,4380.7,4389.46,3331,13,0
2026-09-11 16:15:00+00:00,4389.43,4398.55,4380.59,4390.14,3179,12,0
2026-09-11 16:30:00+00:00,4390.27,4400.23,4381.68,4394.73,3366,8,0
2026-09-11 16:45:00+00:00,4394.73,4402.49,4387.25,4401.67,3154,8,0
2026-09-11 17:00:00+00:00,4401.68,4402.34,4381.64,4383.06,3254,8,0
2026-09-11 17:15:00+00:00,4383.07,4385.42,4374.46,4375.08,3205,8,0
2026-09-11 17:30:00+00:00,4375.1,4375.56,4364.8,4371.38,3135,8,0
2026-09-11 17:45:00+00:00,4371.45,4384.2,4370.65,4370.84,3118,9,0
2026-09-11 18:00:00+00:00,4370.85,4372.69,4359.28,4362.18,2973,9,0
2026-09-11 18:15:00+00:00,4362.46,4372.34,4361.51,4370.53,2918,9,0
2026-09-11 18:30:00+00:00,4370.57,4377.12,4369.1,4373.0,2734,8,0
2026-09-11 18:45:00+00:00,4372.94,4373.77,4365.23,4367.13,2631,8,0
2026-09-11 19:00:00+00:00,4367.11,4372.72,4361.03,4361.35,2553,9,0
2026-09-11 19:15:00+00:00,4361.42,4363.95,4351.99,4354.83,2713,11,0
2026-09-11 19:30:00+00:00,4354.88,4365.76,4353.47,4363.59,2686,8,0
2026-09-11 19:45:00+00:00,4363.57,4365.03,4360.34,4361.73,2212,8,0
2026-09-11 20:00:00+00:00,4361.74,4368.54,4360.9,4365.88,2197,9,0
2026-09-11 20:15:00+00:00,4365.54,4369.74,4363.49,4367.02,2382,8,0
2026-09-11 20:30:00+00:00,4366.93,4370.43,4360.05,4362.05,2122,9,0
2026-09-11 20:45:00+00:00,4361.81,4363.8,4357.93,4358.28,2134,8,0
2026-09-11 21:00:00+00:00,4358.26,4360.1,4346.03,4346.88,2202,8,0
2026-09-11 21:15:00+00:00,4346.72,4352.94,4344.25,4350.6,2538,12,0
2026-09-11 21:30:00+00:00,4350.58,4351.53,4345.82,4347.06,2021,8,0
2026-09-11 21:45:00+00:00,4347.09,4347.43,4344.3,4346.96,1950,8,0
2026-09-11 22:00:00+00:00,4347.35,4351.99,4344.44,4351.99,1993,11,0
2026-09-11 22:15:00+00:00,4351.93,4353.73,4347.42,4347.42,1824,8,0
2026-09-11 22:30:00+00:00,4347.58,4348.6,4345.68,4346.65,1805,8,0
2026-09-11 22:45:00+00:00,4346.59,4349.89,4343.25,4349.25,2086,8,0
2026-09-11 23:00:00+00:00,4348.95,4351.91,4348.63,4348.85,1185,8,0
2026-09-11 23:15:00+00:00,4348.8,4350.8,4346.8,4349.31,884,8,0
2026-09-11 23:30:00+00:00,4349.3,4349.55,4345.8,4346.55,815,9,0
2026-09-11 23:45:00+00:00,4346.61,4349.41,4345.58,4348.64,826,16,0
2026-09-14 01:00:00+00:00,4336.88,4341.57,4323.55,4330.98,2476,8,0
2026-09-14 01:15:00+00:00,4331.59,4336.46,4328.43,4336.3,1738,19,0
2026-09-14 01:30:00+00:00,4336.19,4337.82,4333.61,4337.13,1266,19,0
2026-09-14 01:45:00+00:00,4337.18,4339.79,4335.17,4337.77,846,14,0
2026-09-14 02:00:00+00:00,4337.97,4342.38,4337.97,4339.56,763,13,0
2026-09-14 02:15:00+00:00,4339.56,4340.52,4335.74,4339.31,975,18,0
2026-09-14 02:30:00+00:00,4339.1,4341.96,4337.9,4337.9,1198,16,0
2026-09-14 02:45:00+00:00,4337.87,4338.23,4331.89,4332.79,1968,13,0
2026-09-14 03:00:00+00:00,4332.74,4347.46,4329.86,4342.66,2467,19,0
2026-09-14 03:15:00+00:00,4342.57,4345.0,4333.1,4337.86,2178,13,0
2026-09-14 03:30:00+00:00,4337.9,4340.61,4332.24,4338.18,2158,13,0
2026-09-14 03:45:00+00:00,4338.19,4343.34,4337.27,4339.08,2121,13,0
2026-09-14 04:00:00+00:00,4338.47,4344.6,4329.56,4331.58,3186,19,0
2026-09-14 04:15:00+00:00,4331.54,4337.84,4326.24,4335.41,2915,16,0
2026-09-14 04:30:00+00:00,4335.44,4346.56,4328.37,4342.37,2684,13,0
2026-09-14 04:45:00+00:00,4342.44,4355.15,4342.44,4353.36,2420,13,0
2026-09-14 05:00:00+00:00,4353.24,4354.92,4348.49,4349.33,2199,13,0
2026-09-14 05:15:00+00:00,4349.29,4354.04,4348.22,4352.16,1435,16,0
2026-09-14 05:30:00+00:00,4352.89,4355.33,4343.24,4345.66,2384,17,0
2026-09-14 05:45:00+00:00,4345.67,4348.06,4329.97,4330.83,2245,13,0
2026-09-14 06:00:00+00:00,4330.82,4335.98,4327.54,4333.38,2162,13,0
2026-09-14 06:15:00+00:00,4333.42,4336.35,4331.93,4334.78,1769,13,0
2026-09-14 06:30:00+00:00,4334.82,4335.21,4327.15,4328.95,1640,13,0
2026-09-14 06:45:00+00:00,4329.15,4333.51,4328.62,4330.39,1440,13,0
2026-09-14 07:00:00+00:00,4330.32,4331.62,4329.14,4329.18,1259,13,0
2026-09-14 07:15:00+00:00,4329.13,4331.61,4328.86,4331.39,1084,17,0
2026-09-14 07:30:00+00:00,4331.41,4331.61,4323.42,4323.47,1542,19,0
2026-09-14 07:45:00+00:00,4323.39,4331.56,4322.22,4329.55,1563,13,0
2026-09-14 08:00:00+00:00,4329.52,4332.57,4326.6,4330.73,1618,13,0
2026-09-14 08:15:00+00:00,4330.96,4332.13,4326.46,4326.89,1301,13,0
2026-09-14 08:30:00+00:00,4326.59,4337.04,4325.53,4330.97,2527,19,0
2026-09-14 08:45:00+00:00,4331.01,4337.4,4323.35,4337.34,2402,16,0
2026-09-14 09:00:00+00:00,4337.42,4338.63,4327.16,4329.97,2458,8,0
2026-09-14 09:15:00+00:00,4329.98,4332.52,4326.96,4330.31,2223,8,0
2026-09-14 09:30:00+00:00,4330.19,4332.34,4325.19,4327.27,2167,8,0
2026-09-14 09:45:00+00:00,4327.31,4329.7,4320.64,4322.18,2289,8,0
2026-09-14 10:00:00+00:00,4322.19,4324.19,4317.62,4323.89,2414,8,0
2026-09-14 10:15:00+00:00,4323.95,4324.22,4316.34,4316.75,2162,8,0
2026-09-14 10:30:00+00:00,4316.77,4319.46,4315.6,4319.19,2033,8,0
2026-09-14 10:45:00+00:00,4319.31,4321.95,4308.02,4310.85,2242,8,0
2026-09-14 11:00:00+00:00,4310.87,4318.2,4310.82,4313.38,2484,8,0
2026-09-14 11:15:00+00:00,4313.3,4314.38,4310.27,4310.63,2216,8,0
2026-09-14 11:30:00+00:00,4310.65,4315.96,4309.66,4311.8,2230,8,0
2026-09-14 11:45:00+00:00,4311.74,4313.32,4303.29,4306.6,2185,8,0
2026-09-14 12:00:00+00:00,4306.63,4311.65,4305.04,4305.87,2178,8,0
2026-09-14 12:15:00+00:00,4305.78,4306.0,4280.56,4287.99,2725,8,0
2026-09-14 12:30:00+00:00,4287.94,4289.67,4279.38,4281.45,2631,9,0
2026-09-14 12:45:00+00:00,4281.44,4288.29,4278.76,4285.73,2407,8,0
2026-09-14 13:00:00+00:00,4285.52,4289.29,4278.38,4288.53,2301,8,0
2026-09-14 13:15:00+00:00,4288.43,4292.58,4285.88,4291.14,1932,9,0
2026-09-14 13:30:00+00:00,4291.16,4294.93,4289.31,4293.92,1686,9,0
2026-09-14 13:45:00+00:00,4293.88,4296.52,4290.17,4294.74,1699,11,0
2026-09-14 14:00:00+00:00,4294.74,4296.85,4291.17,4292.22,2107,8,0
2026-09-14 14:15:00+00:00,4292.24,4296.86,4291.17,4296.13,1601,8,0
2026-09-14 14:30:00+00:00,4296.02,4296.82,4292.16,4292.38,1861,8,0
2026-09-14 14:45:00+00:00,4292.39,4293.77,4284.36,4287.01,1955,8,0
2026-09-14 15:00:00+00:00,4287.1,4296.71,4285.1,4294.64,2227,14,0
2026-09-14 15:15:00+00:00,4294.71,4297.51,4283.7,4286.04,2637,13,0
2026-09-14 15:30:00+00:00,4286.06,4289.49,4273.54,4283.75,3003,13,0
2026-09-14 15:45:00+00:00,4283.3,4283.51,4265.92,4271.08,2790,8,0
2026-09-14 16:00:00+00:00,4270.97,4272.64,4253.63,4266.42,3132,8,0
2026-09-14 16:15:00+00:00,4266.4,4277.68,4263.9,4273.19,2685,8,0
2026-09-14 16:30:00+00:00,4275.77,4278.33,4267.11,4274.8,3179,9,0
2026-09-14 16:45:00+00:00,4275.01,4281.13,4269.85,4272.73,3149,8,0
2026-09-14 17:00:00+00:00,4272.71,4282.03,4265.1,4281.94,3105,8,0
2026-09-14 17:15:00+00:00,4281.82,4282.97,4264.16,4269.9,2985,8,0
2026-09-14 17:30:00+00:00,4270.04,4277.09,4266.79,4276.85,2823,8,0
2026-09-14 17:45:00+00:00,4276.82,4279.47,4274.06,4279.47,2803,8,0
2026-09-14 18:00:00+00:00,4279.74,4286.51,4272.72,4277.14,3037,11,0
2026-09-14 18:15:00+00:00,4277.11,4284.69,4272.76,4283.63,2716,13,0
2026-09-14 18:30:00+00:00,4283.21,4298.08,4282.85,4294.33,3168,11,0
2026-09-14 18:45:00+00:00,4294.27,4295.02,4286.42,4288.15,2636,8,0
2026-09-14 19:00:00+00:00,4288.23,4297.63,4286.33,4294.46,2440,11,0
2026-09-14 19:15:00+00:00,4294.41,4305.27,4294.39,4299.44,2498,9,0
2026-09-14 19:30:00+00:00,4299.4,4307.62,4298.8,4306.11,2374,8,0
2026-09-14 19:45:00+00:00,4306.1,4317.74,4304.82,4315.85,2839,9,0
2026-09-14 20:00:00+00:00,4315.84,4316.54,4311.42,4311.55,2340,8,0
2026-09-14 20:15:00+00:00,4311.24,4314.12,4309.35,4311.8,2385,9,0
2026-09-14 20:30:00+00:00,4311.83,4313.63,4307.81,4309.93,2191,9,0
2026-09-14 20:45:00+00:00,4309.95,4313.87,4308.65,4311.05,2021,9,0
2026-09-14 21:00:00+00:00,4311.06,4315.46,4308.33,4312.71,2061,8,0
2026-09-14 21:15:00+00:00,4312.69,4312.73,4306.38,4309.51,1875,8,0
2026-09-14 21:30:00+00:00,4309.72,4313.24,4308.6,4309.5,1801,9,0
2026-09-14 21:45:00+00:00,4309.44,4309.77,4304.97,4307.42,1665,9,0
2026-09-14 22:00:00+00:00,4307.41,4307.9,4302.88,4306.06,1713,8,0
2026-09-14 22:15:00+00:00,4306.0,4306.01,4295.95,4296.46,1755,8,0
2026-09-14 22:30:00+00:00,4296.45,4297.38,4290.59,4291.96,1973,8,0
2026-09-14 22:45:00+00:00,4291.91,4291.92,4282.98,4284.41,2235,8,0
2026-09-14 23:00:00+00:00,4284.03,4288.51,4282.38,4287.81,1404,8,0
2026-09-14 23:15:00+00:00,4288.0,4298.31,4287.99,4296.71,1242,8,0
2026-09-14 23:30:00+00:00,4296.79,4299.6,4294.62,4294.86,987,8,0
2026-09-14 23:45:00+00:00,4294.93,4299.43,4294.89,4298.68,865,19,0
2026-09-15 01:00:00+00:00,4298.47,4302.39,4296.56,4296.92,1221,8,0
2026-09-15 01:15:00+00:00,4297.0,4298.23,4292.87,4295.72,1123,13,0
2026-09-15 01:30:00+00:00,4295.74,4298.57,4293.67,4295.61,1068,14,0
2026-09-15 01:45:00+00:00,4295.63,4298.22,4293.2,4295.35,983,14,0
2026-09-15 02:00:00+00:00,4295.21,4297.34,4291.21,4292.19,1283,13,0
2026-09-15 02:15:00+00:00,4292.25,4292.46,4287.24,4289.9,1271,13,0
2026-09-15 02:30:00+00:00,4289.89,4291.69,4287.98,4289.55,1123,13,0
2026-09-15 02:45:00+00:00,4289.6,4289.6,4287.29,4288.0,1110,13,0
2026-09-15 03:00:00+00:00,4287.91,4288.84,4283.43,4286.6,2058,16,0
2026-09-15 03:15:00+00:00,4286.57,4289.43,4283.42,4287.95,1803,18,0
2026-09-15 03:30:00+00:00,4287.89,4292.83,4283.13,4292.42,1749,13,0
2026-09-15 03:45:00+00:00,4292.48,4296.34,4291.63,4292.79,1648,13,0
2026-09-15 04:00:00+00:00,4292.95,4299.67,4287.72,4299.56,2689,19,0
2026-09-15 04:15:00+00:00,4299.52,4305.53,4298.81,4301.53,2246,17,0
2026-09-15 04:30:00+00:00,4301.67,4305.92,4295.19,4298.62,2534,16,0
2026-09-15 04:45:00+00:00,4298.61,4304.93,4294.24,4304.42,2303,13,0
2026-09-15 05:00:00+00:00,4304.81,4311.66,4304.68,4307.29,2212,13,0
2026-09-15 05:15:00+00:00,4307.26,4309.95,4305.37,4309.95,1542,13,0
2026-09-15 05:30:00+00:00,4310.02,4317.15,4307.27,4311.44,2257,14,0
2026-09-15 05:45:00+00:00,4311.31,4317.37,4311.13,4314.07,1961,17,0
2026-09-15 06:00:00+00:00,4314.13,4314.43,4309.92,4310.81,1945,13,0
2026-09-15 06:15:00+00:00,4310.84,4314.27,4309.87,4310.79,1618,13,0
2026-09-15 06:30:00+00:00,4310.81,4313.52,4308.14,4308.68,1547,13,0
2026-09-15 06:45:00+00:00,4308.66,4310.04,4303.36,4303.59,1478,13,0
2026-09-15 07:00:00+00:00,4303.4,4309.58,4302.54,4307.32,1486,13,0
2026-09-15 07:15:00+00:00,4307.37,4308.56,4302.72,4303.59,1503,13,0
2026-09-15 07:30:00+00:00,4303.6,4306.15,4300.72,4305.0,1378,17,0
2026-09-15 07:45:00+00:00,4304.98,4307.88,4304.15,4304.77,1567,13,0
2026-09-15 08:00:00+00:00,4304.81,4307.53,4300.44,4301.54,1596,13,0
2026-09-15 08:15:00+00:00,4301.55,4301.79,4296.42,4297.41,1768,13,0
2026-09-15 08:30:00+00:00,4297.41,4300.12,4289.22,4296.24,2590,13,0
2026-09-15 08:45:00+00:00,4296.22,4299.9,4290.73,4291.01,2185,16,0
2026-09-15 09:00:00+00:00,4290.87,4294.32,4286.02,4289.74,2501,13,0
2026-09-15 09:15:00+00:00,4289.75,4292.26,4287.21,4289.49,2294,13,0
2026-09-15 09:30:00+00:00,4289.45,4291.19,4285.99,4290.69,2128,9,0
2026-09-15 09:45:00+00:00,4290.8,4295.26,4290.52,4293.48,2038,8,0
2026-09-15 10:00:00+00:00,4293.45,4295.31,4286.6,4288.09,2442,8,0
2026-09-15 10:15:00+00:00,4288.1,4292.23,4287.55,4291.93,2180,8,0
2026-09-15 10:30:00+00:00,4291.95,4292.82,4280.91,4283.86,2320,8,0
2026-09-15 10:45:00+00:00,4283.8,4289.76,4276.24,4280.5,2630,11,0
2026-09-15 11:00:00+00:00,4280.57,4280.57,4263.71,4267.88,2800,8,0
2026-09-15 11:15:00+00:00,4267.79,4274.84,4266.88,4273.2,2523,8,0
2026-09-15 11:30:00+00:00,4273.23,4274.82,4267.16,4267.59,2321,8,0
2026-09-15 11:45:00+00:00,4267.6,4269.64,4261.37,4262.38,2098,8,0
2026-09-15 12:00:00+00:00,4262.35,4267.0,4261.53,4265.64,2190,8,0
2026-09-15 12:15:00+00:00,4265.62,4269.45,4261.74,4266.93,2395,9,0
2026-09-15 12:30:00+00:00,4266.96,4272.16,4264.94,4269.58,2029,8,0
2026-09-15 12:45:00+00:00,4269.6,4272.09,4267.91,4268.29,1960,11,0
2026-09-15 13:00:00+00:00,4268.33,4277.27,4268.33,4273.18,2087,8,0
2026-09-15 13:15:00+00:00,4273.15,4274.67,4270.0,4274.49,1785,8,0
2026-09-15 13:30:00+00:00,4274.51,4277.36,4273.69,4274.96,1538,9,0
2026-09-15 13:45:00+00:00,4274.95,4283.86,4274.72,4281.76,1767,8,0
2026-09-15 14:00:00+00:00,4281.64,4283.89,4278.71,4283.67,1880,8,0
2026-09-15 14:15:00+00:00,4283.71,4285.59,4282.56,4283.42,1761,8,0
2026-09-15 14:30:00+00:00,4283.43,4285.0,4280.38,4282.85,1846,8,0
2026-09-15 14:45:00+00:00,4282.86,4286.77,4282.51,4284.69,1884,8,0
2026-09-15 15:00:00+00:00,4284.46,4284.99,4275.98,4278.58,2259,8,0
2026-09-15 15:15:00+00:00,4278.56,4279.22,4271.39,4277.79,2283,8,0
2026-09-15 15:30:00+00:00,4277.78,4286.12,4274.72,4281.19,2471,8,0
2026-09-15 15:45:00+00:00,4281.27,4295.8,4281.13,4290.65,3041,8,0
2026-09-15 16:00:00+00:00,4290.28,4294.45,4283.95,4286.06,2835,8,0
2026-09-15 16:15:00+00:00,4286.07,4293.12,4283.77,4287.31,2618,9,0
2026-09-15 16:30:00+00:00,4287.33,4294.1,4284.13,4289.72,3083,9,0
2026-09-15 16:45:00+00:00,4289.57,4298.42,4288.35,4294.84,2864,8,0
2026-09-15 17:00:00+00:00,4294.88,4299.68,4293.45,4294.55,2876,9,0
2026-09-15 17:15:00+00:00,4294.66,4295.63,4283.13,4284.13,2822,10,0
2026-09-15 17:30:00+00:00,4284.04,4285.98,4275.67,4278.22,2985,8,0
2026-09-15 17:45:00+00:00,4278.19,4282.95,4274.6,4277.2,2867,8,0
2026-09-15 18:00:00+00:00,4277.18,4286.91,4276.62,4286.15,2721,8,0
2026-09-15 18:15:00+00:00,4286.13,4288.37,4283.14,4284.62,2434,9,0
2026-09-15 18:30:00+00:00,4284.8,4291.16,4282.34,4288.57,2502,8,0
2026-09-15 18:45:00+00:00,4288.58,4294.76,4285.03,4289.37,2495,8,0
2026-09-15 19:00:00+00:00,4289.37,4291.67,4286.3,4286.34,2259,8,0
2026-09-15 19:15:00+00:00,4286.33,4297.1,4285.62,4295.71,2343,11,0
2026-09-15 19:30:00+00:00,4295.72,4297.85,4291.61,4296.6,2054,8,0
2026-09-15 19:45:00+00:00,4296.62,4298.32,4294.93,4295.53,1839,8,0
2026-09-15 20:00:00+00:00,4295.57,4299.1,4290.33,4295.34,2103,8,0
2026-09-15 20:15:00+00:00,4295.17,4296.64,4291.67,4293.28,2032,9,0
2026-09-15 20:30:00+00:00,4293.4,4299.03,4292.39,4293.32,1797,8,0
2026-09-15 20:45:00+00:00,4293.3,4296.24,4293.23,4294.84,1637,8,0
2026-09-15 21:00:00+00:00,4294.95,4304.55,4292.98,4302.55,2050,8,0
2026-09-15 21:15:00+00:00,4302.73,4307.09,4302.41,4305.22,2267,11,0
2026-09-15 21:30:00+00:00,4305.2,4308.36,4302.13,4304.82,1982,8,0
2026-09-15 21:45:00+00:00,4304.86,4310.4,4304.52,4308.66,1945,8,0
2026-09-15 22:00:00+00:00,4308.72,4310.68,4300.31,4300.31,1958,8,0
2026-09-15 22:15:00+00:00,4300.29,4302.25,4298.3,4301.27,1683,8,0
2026-09-15 22:30:00+00:00,4301.16,4302.46,4296.91,4296.91,1612,8,0
2026-09-15 22:45:00+00:00,4296.88,4299.81,4294.32,4297.8,1791,9,0
2026-09-15 23:00:00+00:00,4297.81,4299.05,4295.72,4296.39,1161,8,0
2026-09-15 23:15:00+00:00,4296.35,4296.92,4294.16,4295.22,836,8,0
2026-09-15 23:30:00+00:00,4295.3,4296.59,4291.93,4293.01,769,9,0
2026-09-15 23:45:00+00:00,4293.04,4294.39,4291.62,4291.62,740,19,0
2026-09-16 01:00:00+00:00,4293.17,4295.78,4292.58,4292.93,721,8,0
2026-09-16 01:15:00+00:00,4293.08,4298.93,4291.72,4298.79,1166,16,0
2026-09-16 01:30:00+00:00,4298.83,4298.94,4294.47,4294.75,953,11,0
2026-09-16 01:45:00+00:00,4294.69,4295.42,4288.89,4288.95,922,16,0
2026-09-16 02:00:00+00:00,4288.87,4289.49,4284.97,4286.23,1165,12,0
2026-09-16 02:15:00+00:00,4286.13,4287.25,4282.11,4284.41,945,11,0
2026-09-16 02:30:00+00:00,4284.43,4287.7,4282.76,4284.69,1230,11,0
2026-09-16 02:45:00+00:00,4284.71,4286.28,4281.17,4283.48,1143,11,0
2026-09-16 03:00:00+00:00,4283.49,4284.65,4280.64,4282.62,1554,11,0
2026-09-16 03:15:00+00:00,4282.61,4286.31,4281.76,4284.12,1376,11,0
2026-09-16 03:30:00+00:00,4284.08,4285.7,4279.74,4283.73,1353,11,0
2026-09-16 03:45:00+00:00,4283.68,4285.14,4275.53,4277.46,1739,12,0
2026-09-16 04:00:00+00:00,4277.44,4287.78,4276.84,4287.19,2544,15,0
2026-09-16 04:15:00+00:00,4287.21,4293.56,4284.58,4290.55,2159,12,0
2026-09-16 04:30:00+00:00,4290.46,4291.32,4285.81,4288.5,2014,11,0
2026-09-16 04:45:00+00:00,4288.52,4289.04,4280.02,4282.48,2041,11,0
2026-09-16 05:00:00+00:00,4282.46,4294.88,4281.89,4292.5,2204,11,0
2026-09-16 05:15:00+00:00,4292.36,4300.67,4289.98,4298.93,1915,11,0
2026-09-16 05:30:00+00:00,4298.96,4316.01,4298.69,4311.03,2843,14,0
2026-09-16 05:45:00+00:00,4311.01,4323.48,4310.93,4321.74,2516,16,0
2026-09-16 06:00:00+00:00,4321.73,4338.67,4321.55,4336.92,2636,13,0
2026-09-16 06:15:00+00:00,4337.38,4340.97,4331.93,4332.0,2429,11,0
2026-09-16 06:30:00+00:00,4331.77,4332.56,4326.04,4327.11,2043,11,0
2026-09-16 06:45:00+00:00,4327.12,4327.88,4322.79,4327.13,1656,16,0
2026-09-16 07:00:00+00:00,4327.14,4328.51,4325.56,4326.97,1502,14,0
2026-09-16 07:15:00+00:00,4326.93,4328.5,4323.39,4325.77,1369,11,0
2026-09-16 07:30:00+00:00,4325.75,4328.3,4322.97,4322.98,1236,11,0
2026-09-16 07:45:00+00:00,4322.99,4323.49,4320.67,4321.95,1242,11,0
2026-09-16 08:00:00+00:00,4321.95,4324.49,4320.83,4321.67,1572,11,0
2026-09-16 08:15:00+00:00,4321.66,4326.92,4321.6,4324.97,1467,15,0
2026-09-16 08:30:00+00:00,4325.16,4332.92,4324.42,4332.82,2322,15,0
2026-09-16 08:45:00+00:00,4332.84,4333.68,4326.51,4326.51,2125,13,0
2026-09-16 09:00:00+00:00,4326.51,4332.07,4321.6,4325.86,2426,8,0
2026-09-16 09:15:00+00:00,4325.83,4330.21,4324.96,4327.01,2059,8,0
2026-09-16 09:30:00+00:00,4326.92,4328.29,4323.8,4328.07,1951,8,0
2026-09-16 09:45:00+00:00,4327.97,4333.12,4325.38,4332.95,2076,8,0
2026-09-16 10:00:00+00:00,4332.96,4335.85,4330.12,4335.46,2367,8,0
2026-09-16 10:15:00+00:00,4335.43,4337.59,4332.19,4335.65,1952,8,0
2026-09-16 10:30:00+00:00,4335.74,4339.1,4333.69,4336.23,1950,8,0
2026-09-16 10:45:00+00:00,4336.73,4338.11,4328.52,4329.35,1917,8,0
2026-09-16 11:00:00+00:00,4329.28,4329.61,4323.08,4327.51,2156,8,0
2026-09-16 11:15:00+00:00,4327.51,4337.7,4326.7,4334.12,2306,9,0
2026-09-16 11:30:00+00:00,4334.11,4334.31,4323.84,4328.35,2049,10,0
2026-09-16 11:45:00+00:00,4328.36,4331.3,4324.92,4330.4,1872,10,0
2026-09-16 12:00:00+00:00,4330.28,4332.56,4329.72,4332.12,1844,8,0
2026-09-16 12:15:00+00:00,4332.14,4333.98,4327.6,4329.75,2061,8,0
2026-09-16 12:30:00+00:00,4329.73,4337.47,4329.66,4335.09,2153,10,0
2026-09-16 12:45:00+00:00,4335.18,4339.31,4331.43,4338.23,1786,8,0
2026-09-16 13:00:00+00:00,4338.24,4349.06,4337.7,4342.9,2301,10,0
2026-09-16 13:15:00+00:00,4342.85,4348.77,4340.98,4348.05,1937,8,0
2026-09-16 13:30:00+00:00,4348.24,4349.47,4345.9,4349.16,1740,8,0
2026-09-16 13:45:00+00:00,4349.12,4349.67,4345.59,4348.3,1602,8,0
2026-09-16 14:00:00+00:00,4350.83,4353.32,4347.01,4347.19,2331,12,0
2026-09-16 14:15:00+00:00,4347.0,4353.44,4346.62,4350.91,1835,8,0
2026-09-16 14:30:00+00:00,4350.83,4353.27,4347.3,4349.75,2072,8,0
2026-09-16 14:45:00+00:00,4350.01,4350.84,4341.75,4341.86,1891,8,0
2026-09-16 15:00:00+00:00,4341.84,4348.27,4340.67,4343.45,2253,8,0
2026-09-16 15:15:00+00:00,4343.46,4345.78,4337.98,4339.54,2153,8,0
2026-09-16 15:30:00+00:00,4339.67,4345.15,4335.67,4343.9,2168,8,0
2026-09-16 15:45:00+00:00,4343.91,4348.94,4342.65,4347.66,2040,8,0
2026-09-16 16:00:00+00:00,4347.62,4357.22,4343.84,4356.57,2715,10,0
2026-09-16 16:15:00+00:00,4356.6,4360.5,4349.56,4352.15,2593,8,0
2026-09-16 16:30:00+00:00,4352.1,4354.25,4340.42,4340.56,3132,8,0
2026-09-16 16:45:00+00:00,4340.55,4346.6,4335.19,4338.71,2780,8,0
2026-09-16 17:00:00+00:00,4338.72,4340.12,4324.27,4340.07,2987,8,0
2026-09-16 17:15:00+00:00,4340.11,4341.12,4330.89,4338.92,2633,8,0
2026-09-16 17:30:00+00:00,4338.91,4345.96,4335.32,4345.75,2587,9,0
2026-09-16 17:45:00+00:00,4345.65,4356.06,4345.1,4355.14,2747,8,0
2026-09-16 18:00:00+00:00,4355.15,4358.0,4350.09,4353.26,2897,8,0
2026-09-16 18:15:00+00:00,4353.3,4355.18,4344.15,4344.21,2535,8,0
2026-09-16 18:30:00+00:00,4344.65,4352.55,4343.07,4350.64,2389,8,0
2026-09-16 18:45:00+00:00,4350.65,4361.11,4350.03,4352.64,2488,11,0
2026-09-16 19:00:00+00:00,4352.7,4352.96,4346.74,4350.08,2085,9,0
2026-09-16 19:15:00+00:00,4351.06,4352.18,4344.41,4346.01,1894,8,0
2026-09-16 19:30:00+00:00,4346.01,4348.6,4345.12,4347.58,1782,8,0
2026-09-16 19:45:00+00:00,4347.62,4348.7,4343.95,4346.73,1777,8,0
2026-09-16 20:00:00+00:00,4346.72,4346.91,4341.83,4343.73,1871,9,0
2026-09-16 20:15:00+00:00,4343.69,4347.6,4342.63,4346.88,1724,8,0
2026-09-16 20:30:00+00:00,4346.92,4349.99,4343.54,4344.03,1859,8,0
2026-09-16 20:45:00+00:00,4344.07,4364.49,4342.71,4361.36,2126,8,0
2026-09-16 21:00:00+00:00,4358.62,4366.34,4307.97,4310.23,3090,8,0
2026-09-16 21:15:00+00:00,4310.55,4323.33,4306.5,4322.72,3363,10,0
2026-09-16 21:30:00+00:00,4322.57,4323.66,4263.46,4301.33,3236,8,0
2026-09-16 21:45:00+00:00,4301.21,4307.53,4257.53,4260.9,3330,10,0
2026-09-16 22:00:00+00:00,4261.08,4287.15,4235.52,4253.18,3316,12,0
2026-09-16 22:15:00+00:00,4252.89,4257.73,4239.09,4252.64,3378,10,0
2026-09-16 22:30:00+00:00,4252.75,4271.02,4252.58,4265.74,3400,10,0
2026-09-16 22:45:00+00:00,4265.62,4276.68,4264.96,4272.57,3213,9,0
2026-09-16 23:00:00+00:00,4272.27,4273.81,4263.56,4264.85,2310,9,0
2026-09-16 23:15:00+00:00,4264.91,4268.18,4257.35,4260.35,2001,10,0
2026-09-16 23:30:00+00:00,4260.32,4265.33,4258.37,4262.33,1602,11,0
2026-09-16 23:45:00+00:00,4262.43,4266.63,4261.06,4263.34,1256,8,0
2026-09-17 01:00:00+00:00,4263.82,4265.06,4259.05,4259.18,1475,8,0
2026-09-17 01:15:00+00:00,4259.17,4263.45,4257.57,4262.06,1098,17,0
2026-09-17 01:30:00+00:00,4262.03,4276.22,4261.99,4273.22,1440,13,0
2026-09-17 01:45:00+00:00,4273.17,4273.9,4265.7,4266.59,1335,14,0
2026-09-17 02:00:00+00:00,4266.55,4267.8,4258.82,4262.62,1863,14,0
2026-09-17 02:15:00+00:00,4262.71,4273.1,4262.02,4271.82,1495,9,0
2026-09-17 02:30:00+00:00,4271.83,4274.41,4268.58,4273.54,1508,9,0
2026-09-17 02:45:00+00:00,4273.53,4275.54,4271.52,4271.64,1919,9,0
2026-09-17 03:00:00+00:00,4271.69,4286.7,4266.46,4284.9,2470,11,0
2026-09-17 03:15:00+00:00,4284.91,4289.43,4281.6,4284.61,2465,11,0
2026-09-17 03:30:00+00:00,4284.64,4292.25,4282.11,4288.71,2188,9,0
2026-09-17 03:45:00+00:00,4288.87,4289.16,4277.06,4280.13,2436,10,0
2026-09-17 04:00:00+00:00,4280.1,4310.02,4280.1,4298.63,3054,15,0
2026-09-17 04:15:00+00:00,4298.57,4312.54,4298.29,4309.86,2551,13,0
2026-09-17 04:30:00+00:00,4309.89,4318.08,4308.51,4309.3,2740,15,0
2026-09-17 04:45:00+00:00,4308.95,4311.83,4298.14,4300.17,2579,11,0
2026-09-17 05:00:00+00:00,4300.19,4300.89,4281.08,4287.47,2808,14,0
2026-09-17 05:15:00+00:00,4287.35,4292.96,4287.08,4291.67,1984,9,0
2026-09-17 05:30:00+00:00,4291.66,4292.77,4281.48,4288.53,2636,13,0
2026-09-17 05:45:00+00:00,4288.52,4289.63,4273.96,4277.23,2520,9,0
2026-09-17 06:00:00+00:00,4277.22,4286.53,4277.1,4285.08,2253,9,0
2026-09-17 06:15:00+00:00,4285.11,4286.95,4283.19,4285.96,1971,12,0
2026-09-17 06:30:00+00:00,4285.97,4296.31,4285.72,4295.89,1970,13,0
2026-09-17 06:45:00+00:00,4295.88,4297.37,4293.82,4296.05,1620,11,0
2026-09-17 07:00:00+00:00,4296.06,4296.55,4292.92,4293.78,1440,11,0
2026-09-17 07:15:00+00:00,4293.78,4295.72,4291.17,4291.38,1517,11,0
2026-09-17 07:30:00+00:00,4291.37,4296.43,4290.45,4295.36,1545,11,0
2026-09-17 07:45:00+00:00,4295.31,4298.88,4295.29,4297.49,1426,11,0
2026-09-17 08:00:00+00:00,4297.5,4299.09,4294.13,4294.19,1390,11,0
2026-09-17 08:15:00+00:00,4294.15,4294.17,4285.47,4286.4,1716,11,0
2026-09-17 08:30:00+00:00,4286.31,4298.11,4286.31,4297.05,2460,17,0
2026-09-17 08:45:00+00:00,4297.03,4305.26,4296.02,4304.51,2217,14,0
