signal_id,role,bar_utc,open,high,low,close,spread,bar_utc_chart_label
1,context,2026-04-27 08:00:00+00:00,4725.13,4725.58,4718.18,4718.42,8.0,2026.04.27 11:00:00
1,before_spike,2026-04-27 08:15:00+00:00,4718.41,4719.88,4715.94,4718.21,8.0,2026.04.27 11:15:00
1,spike,2026-04-27 08:30:00+00:00,4718.21,4718.4,4709.03,4711.54,8.0,2026.04.27 11:30:00
1,after_spike,2026-04-27 08:45:00+00:00,4711.57,4713.78,4708.63,4710.01,8.0,2026.04.27 11:45:00
1,signal,2026-04-27 09:00:00+00:00,4710.0,4715.68,4709.19,4714.55,8.0,2026.04.27 12:00:00
2,context,2026-04-28 05:00:00+00:00,4670.69,4677.96,4666.56,4677.3,8.0,2026.04.28 08:00:00
2,before_spike,2026-04-28 05:15:00+00:00,4677.36,4679.88,4674.52,4675.53,10.0,2026.04.28 08:15:00
2,spike,2026-04-28 05:30:00+00:00,4675.57,4675.64,4670.58,4671.04,8.0,2026.04.28 08:30:00
2,after_spike,2026-04-28 05:45:00+00:00,4671.06,4671.4,4666.56,4669.25,8.0,2026.04.28 08:45:00
2,signal,2026-04-28 06:00:00+00:00,4669.24,4674.44,4668.57,4673.06,8.0,2026.04.28 09:00:00
3,context,2026-04-28 19:15:00+00:00,4585.24,4586.48,4578.6,4583.57,8.0,2026.04.28 22:15:00
3,before_spike,2026-04-28 19:30:00+00:00,4583.65,4586.93,4581.49,4585.11,8.0,2026.04.28 22:30:00
3,spike,2026-04-28 19:45:00+00:00,4585.0,4594.91,4583.9,4592.28,8.0,2026.04.28 22:45:00
3,after_spike,2026-04-28 20:00:00+00:00,4592.3,4594.99,4588.66,4593.84,8.0,2026.04.28 23:00:00
3,signal,2026-04-28 20:15:00+00:00,4593.76,4597.34,4587.35,4593.54,8.0,2026.04.28 23:15:00
4,context,2026-04-29 03:30:00+00:00,4600.12,4604.84,4599.27,4603.72,8.0,2026.04.29 06:30:00
4,before_spike,2026-04-29 03:45:00+00:00,4603.77,4604.06,4596.25,4600.25,8.0,2026.04.29 06:45:00
4,spike,2026-04-29 04:00:00+00:00,4600.24,4600.39,4575.81,4582.65,8.0,2026.04.29 07:00:00
4,after_spike,2026-04-29 04:15:00+00:00,4582.54,4586.58,4579.28,4580.45,8.0,2026.04.29 07:15:00
4,signal,2026-04-29 04:30:00+00:00,4580.46,4591.5,4578.92,4590.36,10.0,2026.04.29 07:30:00
5,context,2026-04-29 11:15:00+00:00,4565.3,4571.51,4565.18,4566.66,8.0,2026.04.29 14:15:00
5,before_spike,2026-04-29 11:30:00+00:00,4566.49,4568.94,4557.25,4568.23,8.0,2026.04.29 14:30:00
5,spike,2026-04-29 11:45:00+00:00,4568.24,4576.8,4568.18,4573.25,8.0,2026.04.29 14:45:00
5,after_spike,2026-04-29 12:00:00+00:00,4573.35,4575.69,4570.3,4574.27,8.0,2026.04.29 15:00:00
5,signal,2026-04-29 12:15:00+00:00,4574.12,4580.92,4565.8,4565.81,8.0,2026.04.29 15:15:00
6,context,2026-04-30 06:45:00+00:00,4561.55,4561.56,4555.78,4556.3,11.0,2026.04.30 09:45:00
6,before_spike,2026-04-30 07:00:00+00:00,4556.15,4556.73,4550.96,4555.37,8.0,2026.04.30 10:00:00
6,spike,2026-04-30 07:15:00+00:00,4555.44,4557.04,4546.06,4547.37,8.0,2026.04.30 10:15:00
6,after_spike,2026-04-30 07:30:00+00:00,4547.36,4547.73,4540.95,4544.75,8.0,2026.04.30 10:30:00
6,signal,2026-04-30 07:45:00+00:00,4544.68,4549.52,4541.99,4542.14,11.0,2026.04.30 10:45:00
7,context,2026-04-30 09:15:00+00:00,4566.2,4571.05,4563.65,4569.56,8.0,2026.04.30 12:15:00
7,before_spike,2026-04-30 09:30:00+00:00,4569.58,4578.49,4569.58,4575.23,8.0,2026.04.30 12:30:00
7,spike,2026-04-30 09:45:00+00:00,4575.24,4591.6,4574.71,4589.56,8.0,2026.04.30 12:45:00
7,after_spike,2026-04-30 10:00:00+00:00,4589.53,4595.68,4586.26,4591.7,8.0,2026.04.30 13:00:00
7,signal,2026-04-30 10:15:00+00:00,4591.75,4593.78,4584.88,4591.57,8.0,2026.04.30 13:15:00
8,context,2026-05-01 22:00:00+00:00,4623.83,4626.16,4619.98,4625.78,8.0,2026.05.02 01:00:00
8,before_spike,2026-05-01 22:15:00+00:00,4625.79,4627.19,4623.78,4623.82,8.0,2026.05.02 01:15:00
8,spike,2026-05-01 22:30:00+00:00,4624.02,4624.14,4610.84,4611.46,8.0,2026.05.02 01:30:00
8,after_spike,2026-05-01 22:45:00+00:00,4611.38,4614.72,4608.34,4609.46,8.0,2026.05.02 01:45:00
8,signal,2026-05-01 23:00:00+00:00,4610.33,4612.15,4606.48,4610.6,8.0,2026.05.02 02:00:00
9,context,2026-05-04 13:00:00+00:00,4575.49,4575.93,4537.67,4542.1,8.0,2026.05.04 16:00:00
9,before_spike,2026-05-04 13:15:00+00:00,4542.05,4545.31,4526.0,4545.03,8.0,2026.05.04 16:15:00
9,spike,2026-05-04 13:30:00+00:00,4545.04,4564.1,4543.18,4558.7,8.0,2026.05.04 16:30:00
9,after_spike,2026-05-04 13:45:00+00:00,4558.56,4566.95,4558.33,4562.63,8.0,2026.05.04 16:45:00
9,signal,2026-05-04 14:00:00+00:00,4563.02,4570.83,4561.33,4565.41,8.0,2026.05.04 17:00:00
10,context,2026-05-04 20:45:00+00:00,4526.11,4526.68,4521.54,4522.37,8.0,2026.05.04 23:45:00
10,before_spike,2026-05-04 21:00:00+00:00,4522.43,4525.41,4518.69,4520.02,8.0,2026.05.05 00:00:00
10,spike,2026-05-04 21:15:00+00:00,4520.02,4520.34,4509.87,4511.89,8.0,2026.05.05 00:15:00
10,after_spike,2026-05-04 21:30:00+00:00,4511.91,4515.06,4510.63,4511.87,8.0,2026.05.05 00:30:00
10,signal,2026-05-04 21:45:00+00:00,4512.09,4516.58,4510.78,4516.32,8.0,2026.05.05 00:45:00
11,context,2026-05-05 18:45:00+00:00,4573.01,4575.58,4568.17,4568.36,8.0,2026.05.05 21:45:00
11,before_spike,2026-05-05 19:00:00+00:00,4568.34,4568.83,4562.03,4566.26,8.0,2026.05.05 22:00:00
11,spike,2026-05-05 19:15:00+00:00,4566.25,4566.34,4556.57,4560.23,8.0,2026.05.05 22:15:00
11,after_spike,2026-05-05 19:30:00+00:00,4560.36,4560.7,4554.25,4556.39,8.0,2026.05.05 22:30:00
11,signal,2026-05-05 19:45:00+00:00,4556.37,4562.31,4555.19,4560.67,8.0,2026.05.05 22:45:00
12,context,2026-05-06 01:15:00+00:00,4550.59,4550.95,4546.43,4546.79,8.0,2026.05.06 04:15:00
12,before_spike,2026-05-06 01:30:00+00:00,4546.78,4550.93,4546.31,4548.77,8.0,2026.05.06 04:30:00
12,spike,2026-05-06 01:45:00+00:00,4548.64,4577.4,4547.08,4573.12,8.0,2026.05.06 04:45:00
12,after_spike,2026-05-06 02:00:00+00:00,4573.21,4590.62,4569.51,4588.81,10.0,2026.05.06 05:00:00
12,signal,2026-05-06 02:15:00+00:00,4588.75,4589.56,4582.15,4582.23,10.0,2026.05.06 05:15:00
13,context,2026-05-06 13:00:00+00:00,4701.79,4705.75,4695.89,4698.13,8.0,2026.05.06 16:00:00
13,before_spike,2026-05-06 13:15:00+00:00,4698.0,4704.78,4695.54,4704.44,8.0,2026.05.06 16:15:00
13,spike,2026-05-06 13:30:00+00:00,4704.45,4716.02,4704.45,4714.22,8.0,2026.05.06 16:30:00
13,after_spike,2026-05-06 13:45:00+00:00,4714.26,4722.74,4707.59,4717.82,8.0,2026.05.06 16:45:00
13,signal,2026-05-06 14:00:00+00:00,4717.82,4721.41,4709.39,4712.09,8.0,2026.05.06 17:00:00
14,context,2026-05-07 06:15:00+00:00,4705.84,4708.69,4704.27,4704.47,11.0,2026.05.07 09:15:00
14,before_spike,2026-05-07 06:30:00+00:00,4704.56,4704.97,4702.31,4703.84,8.0,2026.05.07 09:30:00
14,spike,2026-05-07 06:45:00+00:00,4703.72,4704.95,4699.0,4699.2,8.0,2026.05.07 09:45:00
14,after_spike,2026-05-07 07:00:00+00:00,4699.17,4700.92,4696.76,4696.82,8.0,2026.05.07 10:00:00
14,signal,2026-05-07 07:15:00+00:00,4696.8,4698.53,4695.11,4696.53,8.0,2026.05.07 10:15:00
15,context,2026-05-07 17:45:00+00:00,4751.6,4763.38,4750.89,4762.77,8.0,2026.05.07 20:45:00
15,before_spike,2026-05-07 18:00:00+00:00,4762.8,4764.73,4754.56,4754.7,8.0,2026.05.07 21:00:00
15,spike,2026-05-07 18:15:00+00:00,4754.83,4756.26,4736.6,4740.22,8.0,2026.05.07 21:15:00
15,after_spike,2026-05-07 18:30:00+00:00,4740.19,4747.18,4739.0,4739.0,8.0,2026.05.07 21:30:00
15,signal,2026-05-07 18:45:00+00:00,4739.02,4739.88,4726.46,4729.29,8.0,2026.05.07 21:45:00
16,context,2026-05-08 12:00:00+00:00,4715.84,4720.41,4713.62,4718.55,8.0,2026.05.08 15:00:00
16,before_spike,2026-05-08 12:15:00+00:00,4718.66,4722.86,4717.81,4718.05,8.0,2026.05.08 15:15:00
16,spike,2026-05-08 12:30:00+00:00,4717.96,4718.72,4709.31,4713.32,8.0,2026.05.08 15:30:00
16,after_spike,2026-05-08 12:45:00+00:00,4713.3,4714.02,4707.43,4711.88,8.0,2026.05.08 15:45:00
16,signal,2026-05-08 13:00:00+00:00,4711.87,4718.94,4711.13,4718.94,10.0,2026.05.08 16:00:00
17,context,2026-05-08 15:00:00+00:00,4717.76,4719.85,4703.84,4704.59,8.0,2026.05.08 18:00:00
17,before_spike,2026-05-08 15:15:00+00:00,4704.58,4710.95,4702.76,4710.19,8.0,2026.05.08 18:15:00
17,spike,2026-05-08 15:30:00+00:00,4710.22,4730.87,4702.98,4723.84,8.0,2026.05.08 18:30:00
17,after_spike,2026-05-08 15:45:00+00:00,4723.87,4731.84,4719.34,4724.68,8.0,2026.05.08 18:45:00
17,signal,2026-05-08 16:00:00+00:00,4724.18,4729.05,4716.68,4720.39,8.0,2026.05.08 19:00:00
18,context,2026-05-08 19:45:00+00:00,4713.82,4716.1,4711.09,4712.23,8.0,2026.05.08 22:45:00
18,before_spike,2026-05-08 20:00:00+00:00,4712.24,4716.04,4712.04,4715.05,8.0,2026.05.08 23:00:00
18,spike,2026-05-08 20:15:00+00:00,4715.07,4721.83,4714.97,4720.57,8.0,2026.05.08 23:15:00
18,after_spike,2026-05-08 20:30:00+00:00,4720.47,4721.72,4719.3,4720.87,8.0,2026.05.08 23:30:00
18,signal,2026-05-08 20:45:00+00:00,4720.89,4722.84,4719.42,4720.86,8.0,2026.05.08 23:45:00
19,context,2026-05-08 22:30:00+00:00,4723.75,4727.41,4721.88,4725.77,8.0,2026.05.09 01:30:00
19,before_spike,2026-05-08 22:45:00+00:00,4725.74,4726.25,4723.76,4724.91,8.0,2026.05.09 01:45:00
19,spike,2026-05-08 23:00:00+00:00,4724.85,4725.08,4718.01,4719.7,8.0,2026.05.09 02:00:00
19,after_spike,2026-05-08 23:15:00+00:00,4719.62,4719.97,4715.18,4717.43,10.0,2026.05.09 02:15:00
19,signal,2026-05-08 23:30:00+00:00,4717.36,4719.21,4715.72,4716.37,10.0,2026.05.09 02:30:00
20,context,2026-05-11 06:15:00+00:00,4687.16,4690.44,4683.95,4689.65,8.0,2026.05.11 09:15:00
20,before_spike,2026-05-11 06:30:00+00:00,4689.63,4690.47,4682.29,4687.91,8.0,2026.05.11 09:30:00
20,spike,2026-05-11 06:45:00+00:00,4687.9,4687.9,4677.08,4678.75,8.0,2026.05.11 09:45:00
20,after_spike,2026-05-11 07:00:00+00:00,4678.97,4679.88,4673.57,4677.56,8.0,2026.05.11 10:00:00
20,signal,2026-05-11 07:15:00+00:00,4677.59,4678.8,4670.4,4671.9,8.0,2026.05.11 10:15:00
21,context,2026-05-11 22:15:00+00:00,4724.88,4725.54,4723.19,4724.3,8.0,2026.05.12 01:15:00
21,before_spike,2026-05-11 22:30:00+00:00,4724.21,4728.64,4722.37,4726.94,8.0,2026.05.12 01:30:00
21,spike,2026-05-11 22:45:00+00:00,4726.97,4736.19,4726.97,4733.84,8.0,2026.05.12 01:45:00
21,after_spike,2026-05-11 23:00:00+00:00,4733.66,4737.9,4730.03,4735.11,8.0,2026.05.12 02:00:00
21,signal,2026-05-11 23:15:00+00:00,4735.09,4735.52,4733.86,4735.34,8.0,2026.05.12 02:15:00
22,context,2026-05-12 03:45:00+00:00,4758.19,4761.98,4748.75,4749.46,8.0,2026.05.12 06:45:00
22,before_spike,2026-05-12 04:00:00+00:00,4749.34,4755.57,4742.28,4746.4,8.0,2026.05.12 07:00:00
22,spike,2026-05-12 04:15:00+00:00,4746.35,4751.66,4733.82,4735.15,8.0,2026.05.12 07:15:00
22,after_spike,2026-05-12 04:30:00+00:00,4735.21,4738.86,4720.31,4729.43,8.0,2026.05.12 07:30:00
22,signal,2026-05-12 04:45:00+00:00,4729.43,4731.53,4723.92,4727.16,8.0,2026.05.12 07:45:00
23,context,2026-05-12 19:30:00+00:00,4668.34,4671.66,4665.01,4669.82,8.0,2026.05.12 22:30:00
23,before_spike,2026-05-12 19:45:00+00:00,4669.81,4674.31,4666.78,4671.19,8.0,2026.05.12 22:45:00
23,spike,2026-05-12 20:00:00+00:00,4671.2,4679.72,4671.2,4677.25,8.0,2026.05.12 23:00:00
23,after_spike,2026-05-12 20:15:00+00:00,4677.21,4682.4,4677.02,4679.39,8.0,2026.05.12 23:15:00
23,signal,2026-05-12 20:30:00+00:00,4679.38,4680.78,4676.07,4679.74,8.0,2026.05.12 23:30:00
24,context,2026-05-12 21:00:00+00:00,4678.92,4683.62,4676.3,4681.34,8.0,2026.05.13 00:00:00
24,before_spike,2026-05-12 21:15:00+00:00,4681.39,4687.74,4680.09,4685.57,8.0,2026.05.13 00:15:00
24,spike,2026-05-12 21:30:00+00:00,4685.2,4697.57,4684.82,4695.31,8.0,2026.05.13 00:30:00
24,after_spike,2026-05-12 21:45:00+00:00,4695.34,4698.23,4690.75,4696.04,8.0,2026.05.13 00:45:00
24,signal,2026-05-12 22:00:00+00:00,4696.05,4702.83,4696.04,4700.02,8.0,2026.05.13 01:00:00
25,context,2026-05-13 05:00:00+00:00,4702.56,4707.66,4699.05,4701.62,8.0,2026.05.13 08:00:00
25,before_spike,2026-05-13 05:15:00+00:00,4701.6,4704.14,4698.31,4699.89,8.0,2026.05.13 08:15:00
25,spike,2026-05-13 05:30:00+00:00,4700.12,4700.35,4694.03,4694.47,8.0,2026.05.13 08:30:00
25,after_spike,2026-05-13 05:45:00+00:00,4694.43,4697.07,4687.53,4691.7,8.0,2026.05.13 08:45:00
25,signal,2026-05-13 06:00:00+00:00,4691.71,4694.62,4688.82,4692.43,8.0,2026.05.13 09:00:00
26,context,2026-05-13 05:45:00+00:00,4694.43,4697.07,4687.53,4691.7,8.0,2026.05.13 08:45:00
26,before_spike,2026-05-13 06:00:00+00:00,4691.71,4694.62,4688.82,4692.43,8.0,2026.05.13 09:00:00
26,spike,2026-05-13 06:15:00+00:00,4692.33,4700.71,4691.14,4700.66,8.0,2026.05.13 09:15:00
26,after_spike,2026-05-13 06:30:00+00:00,4700.69,4705.96,4700.22,4703.96,8.0,2026.05.13 09:30:00
26,signal,2026-05-13 06:45:00+00:00,4703.99,4704.94,4694.29,4695.96,11.0,2026.05.13 09:45:00
27,context,2026-05-13 14:45:00+00:00,4703.45,4705.42,4697.46,4697.47,8.0,2026.05.13 17:45:00
27,before_spike,2026-05-13 15:00:00+00:00,4697.46,4701.72,4693.68,4693.97,8.0,2026.05.13 18:00:00
27,spike,2026-05-13 15:15:00+00:00,4693.94,4694.2,4683.17,4684.84,8.0,2026.05.13 18:15:00
27,after_spike,2026-05-13 15:30:00+00:00,4684.89,4687.89,4676.1,4683.04,8.0,2026.05.13 18:30:00
27,signal,2026-05-13 15:45:00+00:00,4683.01,4685.69,4677.56,4683.95,8.0,2026.05.13 18:45:00
28,context,2026-05-13 21:00:00+00:00,4685.7,4692.75,4684.36,4692.55,8.0,2026.05.14 00:00:00
28,before_spike,2026-05-13 21:15:00+00:00,4692.54,4694.21,4688.79,4692.04,8.0,2026.05.14 00:15:00
28,spike,2026-05-13 21:30:00+00:00,4691.9,4692.84,4685.77,4686.12,8.0,2026.05.14 00:30:00
28,after_spike,2026-05-13 21:45:00+00:00,4686.13,4687.73,4678.29,4684.98,8.0,2026.05.14 00:45:00
28,signal,2026-05-13 22:00:00+00:00,4684.99,4689.19,4683.34,4689.14,8.0,2026.05.14 01:00:00
29,context,2026-05-14 06:45:00+00:00,4676.41,4678.07,4674.04,4675.07,11.0,2026.05.14 09:45:00
29,before_spike,2026-05-14 07:00:00+00:00,4674.99,4682.55,4668.62,4682.18,8.0,2026.05.14 10:00:00
29,spike,2026-05-14 07:15:00+00:00,4682.2,4707.53,4681.91,4702.26,8.0,2026.05.14 10:15:00
29,after_spike,2026-05-14 07:30:00+00:00,4702.31,4712.76,4701.44,4705.01,11.0,2026.05.14 10:30:00
29,signal,2026-05-14 07:45:00+00:00,4704.98,4706.99,4702.43,4702.55,8.0,2026.05.14 10:45:00
30,context,2026-05-14 09:00:00+00:00,4688.91,4694.7,4686.22,4687.8,8.0,2026.05.14 12:00:00
30,before_spike,2026-05-14 09:15:00+00:00,4687.79,4693.11,4686.41,4691.35,8.0,2026.05.14 12:15:00
30,spike,2026-05-14 09:30:00+00:00,4691.34,4699.84,4690.62,4699.07,8.0,2026.05.14 12:30:00
30,after_spike,2026-05-14 09:45:00+00:00,4698.98,4702.47,4694.76,4700.31,8.0,2026.05.14 12:45:00
30,signal,2026-05-14 10:00:00+00:00,4700.17,4702.35,4694.65,4695.3,8.0,2026.05.14 13:00:00
31,context,2026-05-14 22:00:00+00:00,4671.74,4671.91,4666.92,4667.53,8.0,2026.05.15 01:00:00
31,before_spike,2026-05-14 22:15:00+00:00,4667.55,4669.3,4663.31,4663.53,8.0,2026.05.15 01:15:00
31,spike,2026-05-14 22:30:00+00:00,4663.46,4665.53,4655.65,4656.57,8.0,2026.05.15 01:30:00
31,after_spike,2026-05-14 22:45:00+00:00,4656.56,4659.06,4653.11,4654.38,8.0,2026.05.15 01:45:00
31,signal,2026-05-14 23:00:00+00:00,4654.14,4656.97,4649.77,4650.13,8.0,2026.05.15 02:00:00
32,context,2026-05-14 22:30:00+00:00,4663.46,4665.53,4655.65,4656.57,8.0,2026.05.15 01:30:00
32,before_spike,2026-05-14 22:45:00+00:00,4656.56,4659.06,4653.11,4654.38,8.0,2026.05.15 01:45:00
32,spike,2026-05-14 23:00:00+00:00,4654.14,4656.97,4649.77,4650.13,8.0,2026.05.15 02:00:00
32,after_spike,2026-05-14 23:15:00+00:00,4650.05,4651.32,4647.02,4648.21,8.0,2026.05.15 02:15:00
32,signal,2026-05-14 23:30:00+00:00,4648.23,4653.17,4644.61,4650.69,8.0,2026.05.15 02:30:00
33,context,2026-05-15 02:45:00+00:00,4657.45,4657.64,4648.17,4652.09,8.0,2026.05.15 05:45:00
33,before_spike,2026-05-15 03:00:00+00:00,4652.07,4653.72,4642.69,4650.56,8.0,2026.05.15 06:00:00
33,spike,2026-05-15 03:15:00+00:00,4650.57,4658.36,4629.65,4629.8,8.0,2026.05.15 06:15:00
33,after_spike,2026-05-15 03:30:00+00:00,4629.82,4630.75,4613.6,4618.54,8.0,2026.05.15 06:30:00
33,signal,2026-05-15 03:45:00+00:00,4618.53,4630.58,4617.3,4630.26,8.0,2026.05.15 06:45:00
34,context,2026-05-15 08:00:00+00:00,4606.11,4606.51,4588.46,4592.29,8.0,2026.05.15 11:00:00
34,before_spike,2026-05-15 08:15:00+00:00,4592.1,4595.36,4580.69,4588.46,8.0,2026.05.15 11:15:00
34,spike,2026-05-15 08:30:00+00:00,4588.93,4589.39,4563.81,4568.54,8.0,2026.05.15 11:30:00
34,after_spike,2026-05-15 08:45:00+00:00,4568.67,4573.38,4558.67,4559.49,8.0,2026.05.15 11:45:00
34,signal,2026-05-15 09:00:00+00:00,4559.49,4573.32,4556.46,4570.72,8.0,2026.05.15 12:00:00
35,context,2026-05-15 13:15:00+00:00,4561.03,4563.34,4551.76,4551.82,8.0,2026.05.15 16:15:00
35,before_spike,2026-05-15 13:30:00+00:00,4551.83,4556.2,4549.69,4554.81,8.0,2026.05.15 16:30:00
35,spike,2026-05-15 13:45:00+00:00,4555.23,4569.89,4554.27,4566.16,8.0,2026.05.15 16:45:00
35,after_spike,2026-05-15 14:00:00+00:00,4566.22,4570.29,4560.89,4566.45,8.0,2026.05.15 17:00:00
35,signal,2026-05-15 14:15:00+00:00,4566.4,4568.75,4560.17,4562.32,8.0,2026.05.15 17:15:00
36,context,2026-05-18 17:00:00+00:00,4575.74,4575.77,4559.39,4564.58,8.0,2026.05.18 20:00:00
36,before_spike,2026-05-18 17:15:00+00:00,4564.62,4569.22,4554.39,4560.95,8.0,2026.05.18 20:15:00
36,spike,2026-05-18 17:30:00+00:00,4560.92,4562.25,4539.35,4548.22,8.0,2026.05.18 20:30:00
36,after_spike,2026-05-18 17:45:00+00:00,4548.29,4549.07,4538.4,4547.52,8.0,2026.05.18 20:45:00
36,signal,2026-05-18 18:00:00+00:00,4547.37,4548.72,4531.81,4541.41,8.0,2026.05.18 21:00:00
37,context,2026-05-18 19:15:00+00:00,4548.98,4550.75,4534.4,4537.68,8.0,2026.05.18 22:15:00
37,before_spike,2026-05-18 19:30:00+00:00,4537.67,4544.45,4534.89,4542.93,8.0,2026.05.18 22:30:00
37,spike,2026-05-18 19:45:00+00:00,4542.87,4554.86,4542.34,4550.79,8.0,2026.05.18 22:45:00
37,after_spike,2026-05-18 20:00:00+00:00,4550.82,4559.08,4548.14,4553.46,8.0,2026.05.18 23:00:00
37,signal,2026-05-18 20:15:00+00:00,4553.47,4555.61,4551.79,4553.92,8.0,2026.05.18 23:15:00
38,context,2026-05-19 06:30:00+00:00,4549.19,4555.06,4547.02,4547.84,8.0,2026.05.19 09:30:00
38,before_spike,2026-05-19 06:45:00+00:00,4547.85,4549.57,4544.39,4545.1,11.0,2026.05.19 09:45:00
38,spike,2026-05-19 07:00:00+00:00,4545.07,4545.76,4538.82,4540.3,8.0,2026.05.19 10:00:00
38,after_spike,2026-05-19 07:15:00+00:00,4540.31,4543.23,4538.28,4540.26,8.0,2026.05.19 10:15:00
38,signal,2026-05-19 07:30:00+00:00,4540.36,4542.3,4537.93,4539.82,11.0,2026.05.19 10:30:00
39,context,2026-05-19 15:45:00+00:00,4537.44,4541.67,4535.69,4537.23,8.0,2026.05.19 18:45:00
39,before_spike,2026-05-19 16:00:00+00:00,4537.2,4537.45,4514.92,4524.42,8.0,2026.05.19 19:00:00
39,spike,2026-05-19 16:15:00+00:00,4524.48,4526.27,4490.85,4492.01,8.0,2026.05.19 19:15:00
39,after_spike,2026-05-19 16:30:00+00:00,4492.03,4495.65,4464.88,4476.51,8.0,2026.05.19 19:30:00
39,signal,2026-05-19 16:45:00+00:00,4476.54,4511.59,4474.06,4504.3,8.0,2026.05.19 19:45:00
40,context,2026-05-20 03:45:00+00:00,4505.24,4508.73,4498.12,4500.93,11.0,2026.05.20 06:45:00
40,before_spike,2026-05-20 04:00:00+00:00,4500.89,4506.17,4487.93,4492.4,11.0,2026.05.20 07:00:00
40,spike,2026-05-20 04:15:00+00:00,4492.52,4496.7,4472.84,4473.67,11.0,2026.05.20 07:15:00
40,after_spike,2026-05-20 04:30:00+00:00,4473.77,4476.95,4456.02,4466.73,8.0,2026.05.20 07:30:00
40,signal,2026-05-20 04:45:00+00:00,4466.69,4488.59,4463.07,4481.35,11.0,2026.05.20 07:45:00
41,context,2026-05-21 03:30:00+00:00,4543.72,4545.23,4539.74,4543.6,10.0,2026.05.21 06:30:00
41,before_spike,2026-05-21 03:45:00+00:00,4543.58,4548.77,4541.86,4545.33,8.0,2026.05.21 06:45:00
41,spike,2026-05-21 04:00:00+00:00,4545.34,4560.17,4539.99,4560.0,8.0,2026.05.21 07:00:00
41,after_spike,2026-05-21 04:15:00+00:00,4559.97,4567.8,4557.41,4567.27,8.0,2026.05.21 07:15:00
41,signal,2026-05-21 04:30:00+00:00,4567.25,4570.77,4561.67,4567.75,8.0,2026.05.21 07:30:00
42,context,2026-05-21 10:30:00+00:00,4512.89,4517.41,4512.11,4516.4,8.0,2026.05.21 13:30:00
42,before_spike,2026-05-21 10:45:00+00:00,4516.58,4523.19,4514.18,4519.56,8.0,2026.05.21 13:45:00
42,spike,2026-05-21 11:00:00+00:00,4519.58,4535.68,4518.31,4534.14,8.0,2026.05.21 14:00:00
42,after_spike,2026-05-21 11:15:00+00:00,4534.1,4536.73,4529.22,4535.82,8.0,2026.05.21 14:15:00
42,signal,2026-05-21 11:30:00+00:00,4535.71,4535.71,4526.42,4529.13,8.0,2026.05.21 14:30:00
43,context,2026-05-21 19:45:00+00:00,4518.11,4520.31,4516.3,4519.76,8.0,2026.05.21 22:45:00
43,before_spike,2026-05-21 20:00:00+00:00,4519.89,4532.15,4514.54,4525.91,8.0,2026.05.21 23:00:00
43,spike,2026-05-21 20:15:00+00:00,4525.94,4545.71,4525.94,4542.19,8.0,2026.05.21 23:15:00
43,after_spike,2026-05-21 20:30:00+00:00,4542.16,4549.05,4538.77,4548.21,8.0,2026.05.21 23:30:00
43,signal,2026-05-21 20:45:00+00:00,4548.24,4559.32,4545.03,4551.54,8.0,2026.05.21 23:45:00
44,context,2026-05-22 06:00:00+00:00,4523.13,4525.12,4520.66,4521.12,8.0,2026.05.22 09:00:00
44,before_spike,2026-05-22 06:15:00+00:00,4521.08,4522.95,4519.21,4521.85,8.0,2026.05.22 09:15:00
44,spike,2026-05-22 06:30:00+00:00,4521.81,4527.73,4521.71,4526.82,8.0,2026.05.22 09:30:00
44,after_spike,2026-05-22 06:45:00+00:00,4526.74,4529.98,4526.52,4529.47,8.0,2026.05.22 09:45:00
44,signal,2026-05-22 07:00:00+00:00,4529.56,4530.28,4527.88,4529.24,8.0,2026.05.22 10:00:00
45,context,2026-05-22 21:30:00+00:00,4515.42,4520.21,4513.97,4515.23,8.0,2026.05.23 00:30:00
45,before_spike,2026-05-22 21:45:00+00:00,4515.22,4516.04,4512.97,4514.88,8.0,2026.05.23 00:45:00
45,spike,2026-05-22 22:00:00+00:00,4514.92,4515.8,4506.9,4507.27,8.0,2026.05.23 01:00:00
45,after_spike,2026-05-22 22:15:00+00:00,4507.3,4509.04,4506.42,4507.17,8.0,2026.05.23 01:15:00
45,signal,2026-05-22 22:30:00+00:00,4507.31,4510.77,4504.37,4509.65,8.0,2026.05.23 01:30:00
46,context,2026-05-25 10:45:00+00:00,4559.97,4565.17,4558.67,4564.81,8.0,2026.05.25 13:45:00
46,before_spike,2026-05-25 11:00:00+00:00,4564.82,4565.07,4559.64,4561.11,8.0,2026.05.25 14:00:00
46,spike,2026-05-25 11:15:00+00:00,4561.11,4561.37,4553.58,4554.8,8.0,2026.05.25 14:15:00
46,after_spike,2026-05-25 11:30:00+00:00,4554.79,4557.86,4553.27,4554.41,8.0,2026.05.25 14:30:00
46,signal,2026-05-25 11:45:00+00:00,4554.44,4556.46,4553.2,4555.9,8.0,2026.05.25 14:45:00
47,context,2026-05-25 12:00:00+00:00,4555.88,4558.76,4555.05,4555.54,8.0,2026.05.25 15:00:00
47,before_spike,2026-05-25 12:15:00+00:00,4555.51,4558.98,4555.49,4558.91,8.0,2026.05.25 15:15:00
47,spike,2026-05-25 12:30:00+00:00,4558.87,4566.11,4558.43,4565.76,8.0,2026.05.25 15:30:00
47,after_spike,2026-05-25 12:45:00+00:00,4565.75,4569.24,4564.59,4567.56,8.0,2026.05.25 15:45:00
47,signal,2026-05-25 13:00:00+00:00,4567.65,4572.61,4567.63,4571.96,8.0,2026.05.25 16:00:00
48,context,2026-05-25 20:00:00+00:00,4573.57,4577.95,4573.46,4574.19,12.0,2026.05.25 23:00:00
48,before_spike,2026-05-25 20:15:00+00:00,4574.18,4574.66,4570.47,4571.5,12.0,2026.05.25 23:15:00
48,spike,2026-05-25 20:30:00+00:00,4571.48,4571.56,4566.36,4566.76,12.0,2026.05.25 23:30:00
48,after_spike,2026-05-25 20:45:00+00:00,4566.78,4566.8,4563.31,4565.09,12.0,2026.05.25 23:45:00
48,signal,2026-05-25 21:00:00+00:00,4565.08,4571.47,4564.47,4569.15,12.0,2026.05.26 00:00:00
49,context,2026-05-26 05:00:00+00:00,4537.08,4539.55,4535.45,4538.51,10.0,2026.05.26 08:00:00
49,before_spike,2026-05-26 05:15:00+00:00,4538.53,4539.04,4536.4,4536.88,10.0,2026.05.26 08:15:00
49,spike,2026-05-26 05:30:00+00:00,4536.89,4538.61,4533.63,4534.05,10.0,2026.05.26 08:30:00
49,after_spike,2026-05-26 05:45:00+00:00,4533.98,4534.75,4530.02,4532.3,10.0,2026.05.26 08:45:00
49,signal,2026-05-26 06:00:00+00:00,4532.33,4538.34,4532.05,4536.96,10.0,2026.05.26 09:00:00
50,context,2026-05-26 14:00:00+00:00,4534.52,4536.28,4531.69,4531.81,8.0,2026.05.26 17:00:00
50,before_spike,2026-05-26 14:15:00+00:00,4531.82,4532.78,4522.83,4523.71,8.0,2026.05.26 17:15:00
50,spike,2026-05-26 14:30:00+00:00,4523.52,4523.78,4504.48,4509.89,8.0,2026.05.26 17:30:00
50,after_spike,2026-05-26 14:45:00+00:00,4509.89,4515.65,4503.74,4507.25,8.0,2026.05.26 17:45:00
50,signal,2026-05-26 15:00:00+00:00,4507.2,4512.28,4504.52,4510.5,10.0,2026.05.26 18:00:00
51,context,2026-05-26 20:15:00+00:00,4503.76,4507.57,4500.37,4501.56,10.0,2026.05.26 23:15:00
51,before_spike,2026-05-26 20:30:00+00:00,4501.33,4501.68,4497.12,4498.59,10.0,2026.05.26 23:30:00
51,spike,2026-05-26 20:45:00+00:00,4498.64,4501.34,4489.92,4491.07,10.0,2026.05.26 23:45:00
51,after_spike,2026-05-26 21:00:00+00:00,4491.05,4493.4,4482.61,4487.34,10.0,2026.05.27 00:00:00
51,signal,2026-05-26 21:15:00+00:00,4487.24,4496.22,4486.45,4495.29,10.0,2026.05.27 00:15:00
52,context,2026-05-27 04:00:00+00:00,4515.1,4520.96,4512.71,4519.49,9.0,2026.05.27 07:00:00
52,before_spike,2026-05-27 04:15:00+00:00,4519.5,4521.1,4514.49,4515.87,12.0,2026.05.27 07:15:00
52,spike,2026-05-27 04:30:00+00:00,4516.08,4517.09,4509.48,4510.01,9.0,2026.05.27 07:30:00
52,after_spike,2026-05-27 04:45:00+00:00,4510.06,4510.59,4506.95,4507.9,12.0,2026.05.27 07:45:00
52,signal,2026-05-27 05:00:00+00:00,4507.95,4509.63,4502.18,4504.15,9.0,2026.05.27 08:00:00
53,context,2026-05-27 15:30:00+00:00,4454.76,4460.35,4444.76,4447.06,10.0,2026.05.27 18:30:00
53,before_spike,2026-05-27 15:45:00+00:00,4447.12,4448.19,4437.76,4438.89,10.0,2026.05.27 18:45:00
53,spike,2026-05-27 16:00:00+00:00,4438.65,4438.95,4411.03,4416.77,10.0,2026.05.27 19:00:00
53,after_spike,2026-05-27 16:15:00+00:00,4416.67,4421.34,4401.67,4404.91,10.0,2026.05.27 19:15:00
53,signal,2026-05-27 16:30:00+00:00,4404.83,4424.83,4404.45,4419.28,10.0,2026.05.27 19:30:00
54,context,2026-05-27 18:45:00+00:00,4434.15,4438.76,4431.04,4436.44,10.0,2026.05.27 21:45:00
54,before_spike,2026-05-27 19:00:00+00:00,4436.56,4441.95,4434.19,4440.2,10.0,2026.05.27 22:00:00
54,spike,2026-05-27 19:15:00+00:00,4440.24,4447.58,4439.9,4446.88,10.0,2026.05.27 22:15:00
54,after_spike,2026-05-27 19:30:00+00:00,4446.85,4453.19,4445.27,4450.8,10.0,2026.05.27 22:30:00
54,signal,2026-05-27 19:45:00+00:00,4450.82,4453.22,4449.45,4450.86,10.0,2026.05.27 22:45:00
55,context,2026-05-28 06:00:00+00:00,4394.38,4397.87,4390.25,4394.23,10.0,2026.05.28 09:00:00
55,before_spike,2026-05-28 06:15:00+00:00,4394.2,4394.53,4382.2,4387.75,10.0,2026.05.28 09:15:00
55,spike,2026-05-28 06:30:00+00:00,4387.74,4388.03,4370.87,4376.69,10.0,2026.05.28 09:30:00
55,after_spike,2026-05-28 06:45:00+00:00,4376.68,4379.41,4368.45,4374.84,10.0,2026.05.28 09:45:00
55,signal,2026-05-28 07:00:00+00:00,4374.83,4382.15,4369.43,4376.39,10.0,2026.05.28 10:00:00
56,context,2026-05-28 18:45:00+00:00,4479.44,4482.5,4478.45,4482.21,8.0,2026.05.28 21:45:00
56,before_spike,2026-05-28 19:00:00+00:00,4482.24,4485.67,4477.68,4484.34,8.0,2026.05.28 22:00:00
56,spike,2026-05-28 19:15:00+00:00,4484.33,4502.92,4484.03,4500.52,8.0,2026.05.28 22:15:00
56,after_spike,2026-05-28 19:30:00+00:00,4500.69,4506.32,4497.73,4504.35,8.0,2026.05.28 22:30:00
56,signal,2026-05-28 19:45:00+00:00,4504.36,4511.08,4504.34,4511.06,8.0,2026.05.28 22:45:00
57,context,2026-05-28 21:00:00+00:00,4508.99,4516.65,4506.35,4507.75,8.0,2026.05.29 00:00:00
57,before_spike,2026-05-28 21:15:00+00:00,4507.86,4512.68,4505.48,4506.34,8.0,2026.05.29 00:15:00
57,spike,2026-05-28 21:30:00+00:00,4506.43,4506.54,4500.94,4501.77,8.0,2026.05.29 00:30:00
57,after_spike,2026-05-28 21:45:00+00:00,4501.78,4503.68,4498.62,4501.06,8.0,2026.05.29 00:45:00
57,signal,2026-05-28 22:00:00+00:00,4501.07,4503.84,4498.72,4499.66,8.0,2026.05.29 01:00:00
58,context,2026-05-29 06:45:00+00:00,4498.09,4501.7,4496.42,4501.35,10.0,2026.05.29 09:45:00
58,before_spike,2026-05-29 07:00:00+00:00,4501.2,4505.43,4501.05,4502.42,10.0,2026.05.29 10:00:00
58,spike,2026-05-29 07:15:00+00:00,4502.43,4511.83,4502.02,4509.29,10.0,2026.05.29 10:15:00
58,after_spike,2026-05-29 07:30:00+00:00,4509.25,4511.09,4508.53,4510.71,10.0,2026.05.29 10:30:00
58,signal,2026-05-29 07:45:00+00:00,4510.72,4514.8,4508.3,4514.26,10.0,2026.05.29 10:45:00
59,context,2026-05-29 13:00:00+00:00,4531.13,4531.19,4525.62,4528.47,8.0,2026.05.29 16:00:00
59,before_spike,2026-05-29 13:15:00+00:00,4528.46,4530.96,4525.63,4530.47,8.0,2026.05.29 16:15:00
59,spike,2026-05-29 13:30:00+00:00,4530.5,4543.33,4530.39,4538.06,8.0,2026.05.29 16:30:00
59,after_spike,2026-05-29 13:45:00+00:00,4538.1,4541.15,4535.46,4538.51,8.0,2026.05.29 16:45:00
59,signal,2026-05-29 14:00:00+00:00,4538.53,4540.43,4530.89,4532.4,8.0,2026.05.29 17:00:00
60,context,2026-05-29 20:00:00+00:00,4566.5,4568.13,4564.17,4564.95,8.0,2026.05.29 23:00:00
60,before_spike,2026-05-29 20:15:00+00:00,4564.66,4566.96,4560.88,4561.88,8.0,2026.05.29 23:15:00
60,spike,2026-05-29 20:30:00+00:00,4561.92,4562.13,4553.36,4554.23,8.0,2026.05.29 23:30:00
60,after_spike,2026-05-29 20:45:00+00:00,4554.22,4557.71,4551.76,4553.47,8.0,2026.05.29 23:45:00
60,signal,2026-05-29 21:00:00+00:00,4553.48,4558.37,4552.65,4558.21,8.0,2026.05.30 00:00:00
61,context,2026-05-29 23:30:00+00:00,4542.42,4544.15,4541.32,4543.69,8.0,2026.05.30 02:30:00
61,before_spike,2026-05-29 23:45:00+00:00,4543.71,4543.71,4539.47,4540.36,10.0,2026.05.30 02:45:00
61,spike,2026-06-01 01:00:00+00:00,4540.3,4540.3,4518.06,4534.72,9.0,2026.06.01 04:00:00
61,after_spike,2026-06-01 01:15:00+00:00,4534.67,4536.7,4531.36,4533.21,8.0,2026.06.01 04:15:00
61,signal,2026-06-01 01:30:00+00:00,4532.87,4536.62,4530.94,4535.71,8.0,2026.06.01 04:30:00
62,context,2026-06-01 05:00:00+00:00,4524.95,4534.22,4523.75,4532.92,10.0,2026.06.01 08:00:00
62,before_spike,2026-06-01 05:15:00+00:00,4532.95,4535.44,4529.36,4530.35,10.0,2026.06.01 08:15:00
62,spike,2026-06-01 05:30:00+00:00,4530.39,4531.13,4522.03,4522.46,10.0,2026.06.01 08:30:00
62,after_spike,2026-06-01 05:45:00+00:00,4522.51,4524.68,4521.14,4521.42,10.0,2026.06.01 08:45:00
62,signal,2026-06-01 06:00:00+00:00,4521.43,4526.02,4515.54,4519.56,10.0,2026.06.01 09:00:00
63,context,2026-06-02 18:45:00+00:00,4501.78,4506.75,4501.04,4502.29,10.0,2026.06.02 21:45:00
63,before_spike,2026-06-02 19:00:00+00:00,4502.44,4503.76,4497.88,4497.95,10.0,2026.06.02 22:00:00
63,spike,2026-06-02 19:15:00+00:00,4497.97,4498.21,4490.38,4490.4,10.0,2026.06.02 22:15:00
63,after_spike,2026-06-02 19:30:00+00:00,4490.39,4491.41,4486.23,4489.57,10.0,2026.06.02 22:30:00
63,signal,2026-06-02 19:45:00+00:00,4489.59,4492.49,4488.95,4491.95,10.0,2026.06.02 22:45:00
64,context,2026-06-05 18:00:00+00:00,4369.92,4372.65,4353.15,4353.28,10.0,2026.06.05 21:00:00
64,before_spike,2026-06-05 18:15:00+00:00,4353.07,4357.77,4348.33,4351.75,10.0,2026.06.05 21:15:00
64,spike,2026-06-05 18:30:00+00:00,4351.87,4354.86,4335.49,4338.71,10.0,2026.06.05 21:30:00
64,after_spike,2026-06-05 18:45:00+00:00,4338.48,4341.92,4334.03,4335.48,10.0,2026.06.05 21:45:00
64,signal,2026-06-05 19:00:00+00:00,4335.45,4338.83,4328.94,4333.62,10.0,2026.06.05 22:00:00
65,context,2026-06-08 06:15:00+00:00,4304.93,4312.11,4303.68,4307.26,10.0,2026.06.08 09:15:00
65,before_spike,2026-06-08 06:30:00+00:00,4307.28,4310.09,4304.97,4309.95,10.0,2026.06.08 09:30:00
65,spike,2026-06-08 06:45:00+00:00,4309.97,4317.34,4309.41,4316.99,10.0,2026.06.08 09:45:00
65,after_spike,2026-06-08 07:00:00+00:00,4317.18,4320.46,4313.57,4318.79,10.0,2026.06.08 10:00:00
65,signal,2026-06-08 07:15:00+00:00,4318.8,4321.82,4316.0,4320.11,10.0,2026.06.08 10:15:00
66,context,2026-06-08 08:30:00+00:00,4311.87,4313.09,4268.58,4288.07,10.0,2026.06.08 11:30:00
66,before_spike,2026-06-08 08:45:00+00:00,4288.08,4295.92,4285.1,4292.04,8.0,2026.06.08 11:45:00
66,spike,2026-06-08 09:00:00+00:00,4291.99,4308.08,4291.99,4303.62,8.0,2026.06.08 12:00:00
66,after_spike,2026-06-08 09:15:00+00:00,4303.72,4311.43,4299.67,4305.93,8.0,2026.06.08 12:15:00
66,signal,2026-06-08 09:30:00+00:00,4305.95,4306.61,4294.02,4298.38,8.0,2026.06.08 12:30:00
67,context,2026-06-08 10:15:00+00:00,4305.19,4316.96,4300.84,4306.18,8.0,2026.06.08 13:15:00
67,before_spike,2026-06-08 10:30:00+00:00,4306.19,4311.78,4301.48,4301.75,8.0,2026.06.08 13:30:00
67,spike,2026-06-08 10:45:00+00:00,4301.76,4302.71,4294.42,4294.46,8.0,2026.06.08 13:45:00
67,after_spike,2026-06-08 11:00:00+00:00,4294.45,4297.1,4289.57,4291.76,8.0,2026.06.08 14:00:00
67,signal,2026-06-08 11:15:00+00:00,4291.77,4293.65,4285.49,4288.12,8.0,2026.06.08 14:15:00
68,context,2026-06-08 21:30:00+00:00,4342.64,4344.64,4336.38,4336.77,8.0,2026.06.09 00:30:00
68,before_spike,2026-06-08 21:45:00+00:00,4336.79,4337.16,4333.12,4334.7,8.0,2026.06.09 00:45:00
68,spike,2026-06-08 22:00:00+00:00,4334.73,4338.25,4329.61,4329.92,8.0,2026.06.09 01:00:00
68,after_spike,2026-06-08 22:15:00+00:00,4329.91,4331.73,4326.17,4327.84,8.0,2026.06.09 01:15:00
68,signal,2026-06-08 22:30:00+00:00,4327.83,4330.57,4324.34,4325.23,8.0,2026.06.09 01:30:00
69,context,2026-06-09 01:45:00+00:00,4327.57,4328.96,4326.2,4327.91,8.0,2026.06.09 04:45:00
69,before_spike,2026-06-09 02:00:00+00:00,4327.99,4328.97,4325.39,4327.65,8.0,2026.06.09 05:00:00
69,spike,2026-06-09 02:15:00+00:00,4327.71,4328.44,4320.61,4320.66,8.0,2026.06.09 05:15:00
69,after_spike,2026-06-09 02:30:00+00:00,4320.65,4322.51,4315.42,4319.74,8.0,2026.06.09 05:30:00
69,signal,2026-06-09 02:45:00+00:00,4319.76,4320.13,4312.91,4317.85,8.0,2026.06.09 05:45:00
70,context,2026-06-09 03:45:00+00:00,4318.67,4321.26,4315.09,4319.98,8.0,2026.06.09 06:45:00
70,before_spike,2026-06-09 04:00:00+00:00,4319.87,4327.98,4318.64,4324.02,8.0,2026.06.09 07:00:00
70,spike,2026-06-09 04:15:00+00:00,4324.05,4338.04,4322.36,4335.43,8.0,2026.06.09 07:15:00
70,after_spike,2026-06-09 04:30:00+00:00,4335.36,4338.84,4332.87,4335.63,8.0,2026.06.09 07:30:00
70,signal,2026-06-09 04:45:00+00:00,4335.64,4338.38,4333.15,4336.52,8.0,2026.06.09 07:45:00
71,context,2026-06-09 06:30:00+00:00,4336.63,4338.15,4333.67,4337.67,8.0,2026.06.09 09:30:00
71,before_spike,2026-06-09 06:45:00+00:00,4337.84,4342.05,4334.56,4336.71,8.0,2026.06.09 09:45:00
71,spike,2026-06-09 07:00:00+00:00,4336.7,4339.49,4332.31,4332.32,8.0,2026.06.09 10:00:00
71,after_spike,2026-06-09 07:15:00+00:00,4332.33,4332.92,4328.76,4330.52,8.0,2026.06.09 10:15:00
71,signal,2026-06-09 07:30:00+00:00,4330.63,4330.66,4324.18,4328.19,8.0,2026.06.09 10:30:00
72,context,2026-06-09 15:45:00+00:00,4340.74,4344.3,4336.74,4341.32,8.0,2026.06.09 18:45:00
72,before_spike,2026-06-09 16:00:00+00:00,4341.38,4345.46,4338.1,4340.95,8.0,2026.06.09 19:00:00
72,spike,2026-06-09 16:15:00+00:00,4341.11,4341.98,4330.32,4330.91,8.0,2026.06.09 19:15:00
72,after_spike,2026-06-09 16:30:00+00:00,4330.94,4334.43,4325.23,4330.22,8.0,2026.06.09 19:30:00
72,signal,2026-06-09 16:45:00+00:00,4329.98,4363.45,4326.36,4328.72,8.0,2026.06.09 19:45:00
73,context,2026-06-10 01:45:00+00:00,4249.19,4249.99,4232.45,4237.31,8.0,2026.06.10 04:45:00
73,before_spike,2026-06-10 02:00:00+00:00,4237.2,4247.3,4235.61,4236.22,8.0,2026.06.10 05:00:00
73,spike,2026-06-10 02:15:00+00:00,4236.09,4236.58,4222.95,4224.28,8.0,2026.06.10 05:15:00
73,after_spike,2026-06-10 02:30:00+00:00,4224.37,4229.83,4216.6,4218.75,8.0,2026.06.10 05:30:00
73,signal,2026-06-10 02:45:00+00:00,4218.6,4224.69,4210.47,4222.01,8.0,2026.06.10 05:45:00
74,context,2026-06-10 06:45:00+00:00,4179.81,4186.57,4179.6,4184.84,8.0,2026.06.10 09:45:00
74,before_spike,2026-06-10 07:00:00+00:00,4184.88,4187.3,4180.73,4181.5,8.0,2026.06.10 10:00:00
74,spike,2026-06-10 07:15:00+00:00,4181.51,4183.26,4173.68,4174.43,8.0,2026.06.10 10:15:00
74,after_spike,2026-06-10 07:30:00+00:00,4174.44,4175.45,4173.06,4173.59,8.0,2026.06.10 10:30:00
74,signal,2026-06-10 07:45:00+00:00,4173.81,4175.99,4172.5,4174.9,8.0,2026.06.10 10:45:00
75,context,2026-06-10 17:15:00+00:00,4174.32,4175.51,4159.6,4160.89,8.0,2026.06.10 20:15:00
75,before_spike,2026-06-10 17:30:00+00:00,4161.08,4163.41,4149.89,4150.01,8.0,2026.06.10 20:30:00
75,spike,2026-06-10 17:45:00+00:00,4149.97,4151.72,4118.12,4125.11,8.0,2026.06.10 20:45:00
75,after_spike,2026-06-10 18:00:00+00:00,4125.13,4136.63,4119.4,4123.61,8.0,2026.06.10 21:00:00
75,signal,2026-06-10 18:15:00+00:00,4123.32,4136.98,4113.46,4127.73,8.0,2026.06.10 21:15:00
76,context,2026-06-10 21:30:00+00:00,4112.38,4112.74,4104.71,4105.02,8.0,2026.06.11 00:30:00
76,before_spike,2026-06-10 21:45:00+00:00,4105.03,4107.78,4096.99,4101.57,8.0,2026.06.11 00:45:00
76,spike,2026-06-10 22:00:00+00:00,4101.62,4102.09,4087.49,4089.14,8.0,2026.06.11 01:00:00
76,after_spike,2026-06-10 22:15:00+00:00,4089.15,4092.29,4081.61,4084.76,8.0,2026.06.11 01:15:00
76,signal,2026-06-10 22:30:00+00:00,4085.05,4091.96,4082.3,4091.62,8.0,2026.06.11 01:30:00
77,context,2026-06-15 02:15:00+00:00,4283.13,4284.76,4281.16,4283.39,8.0,2026.06.15 05:15:00
77,before_spike,2026-06-15 02:30:00+00:00,4283.45,4286.23,4281.65,4285.06,8.0,2026.06.15 05:30:00
77,spike,2026-06-15 02:45:00+00:00,4285.2,4295.15,4284.28,4294.13,8.0,2026.06.15 05:45:00
77,after_spike,2026-06-15 03:00:00+00:00,4294.15,4301.1,4293.37,4299.95,8.0,2026.06.15 06:00:00
77,signal,2026-06-15 03:15:00+00:00,4300.07,4308.26,4299.73,4300.95,8.0,2026.06.15 06:15:00
78,context,2026-06-15 09:30:00+00:00,4305.04,4307.09,4300.89,4306.44,8.0,2026.06.15 12:30:00
78,before_spike,2026-06-15 09:45:00+00:00,4306.37,4309.84,4304.23,4308.18,8.0,2026.06.15 12:45:00
78,spike,2026-06-15 10:00:00+00:00,4308.21,4314.39,4305.38,4313.59,8.0,2026.06.15 13:00:00
78,after_spike,2026-06-15 10:15:00+00:00,4313.79,4318.85,4313.22,4316.8,8.0,2026.06.15 13:15:00
78,signal,2026-06-15 10:30:00+00:00,4316.91,4317.53,4311.99,4316.69,8.0,2026.06.15 13:30:00
79,context,2026-06-16 03:15:00+00:00,4313.52,4315.8,4306.9,4308.27,8.0,2026.06.16 06:15:00
79,before_spike,2026-06-16 03:30:00+00:00,4308.5,4313.79,4307.86,4311.1,8.0,2026.06.16 06:30:00
79,spike,2026-06-16 03:45:00+00:00,4311.08,4320.83,4310.71,4319.21,8.0,2026.06.16 06:45:00
79,after_spike,2026-06-16 04:00:00+00:00,4319.2,4325.97,4315.6,4320.12,8.0,2026.06.16 07:00:00
79,signal,2026-06-16 04:15:00+00:00,4319.97,4324.03,4316.42,4319.41,8.0,2026.06.16 07:15:00
80,context,2026-06-17 05:15:00+00:00,4342.11,4344.47,4339.64,4340.65,8.0,2026.06.17 08:15:00
80,before_spike,2026-06-17 05:30:00+00:00,4340.62,4343.88,4337.69,4338.77,8.0,2026.06.17 08:30:00
80,spike,2026-06-17 05:45:00+00:00,4338.8,4338.9,4329.76,4331.68,8.0,2026.06.17 08:45:00
80,after_spike,2026-06-17 06:00:00+00:00,4331.51,4334.15,4329.5,4330.55,8.0,2026.06.17 09:00:00
80,signal,2026-06-17 06:15:00+00:00,4330.33,4332.45,4328.64,4331.59,8.0,2026.06.17 09:15:00
81,context,2026-06-17 06:45:00+00:00,4333.23,4333.8,4330.59,4332.34,8.0,2026.06.17 09:45:00
81,before_spike,2026-06-17 07:00:00+00:00,4332.3,4332.38,4328.61,4330.84,8.0,2026.06.17 10:00:00
81,spike,2026-06-17 07:15:00+00:00,4330.75,4334.16,4324.15,4324.62,8.0,2026.06.17 10:15:00
81,after_spike,2026-06-17 07:30:00+00:00,4324.42,4325.76,4317.59,4323.21,8.0,2026.06.17 10:30:00
81,signal,2026-06-17 07:45:00+00:00,4323.2,4326.83,4322.4,4326.83,8.0,2026.06.17 10:45:00
82,context,2026-06-17 15:00:00+00:00,4323.17,4325.04,4319.76,4323.54,8.0,2026.06.17 18:00:00
82,before_spike,2026-06-17 15:15:00+00:00,4323.48,4327.77,4321.82,4325.26,8.0,2026.06.17 18:15:00
82,spike,2026-06-17 15:30:00+00:00,4324.9,4332.19,4323.72,4331.7,8.0,2026.06.17 18:30:00
82,after_spike,2026-06-17 15:45:00+00:00,4331.95,4335.3,4331.08,4333.64,8.0,2026.06.17 18:45:00
82,signal,2026-06-17 16:00:00+00:00,4333.63,4334.32,4324.14,4331.79,8.0,2026.06.17 19:00:00
83,context,2026-06-17 20:00:00+00:00,4360.04,4361.7,4355.98,4359.51,8.0,2026.06.17 23:00:00
83,before_spike,2026-06-17 20:15:00+00:00,4359.5,4364.08,4358.43,4361.33,8.0,2026.06.17 23:15:00
83,spike,2026-06-17 20:30:00+00:00,4361.35,4382.27,4360.86,4376.12,8.0,2026.06.17 23:30:00
83,after_spike,2026-06-17 20:45:00+00:00,4376.13,4381.87,4373.79,4379.96,8.0,2026.06.17 23:45:00
83,signal,2026-06-17 21:00:00+00:00,4379.91,4379.91,4277.74,4284.76,10.0,2026.06.18 00:00:00
84,context,2026-06-18 02:30:00+00:00,4280.13,4282.88,4267.91,4276.24,10.0,2026.06.18 05:30:00
84,before_spike,2026-06-18 02:45:00+00:00,4276.25,4279.61,4272.3,4277.97,10.0,2026.06.18 05:45:00
84,spike,2026-06-18 03:00:00+00:00,4278.01,4299.26,4276.53,4297.44,10.0,2026.06.18 06:00:00
84,after_spike,2026-06-18 03:15:00+00:00,4297.51,4301.37,4294.74,4300.71,10.0,2026.06.18 06:15:00
84,signal,2026-06-18 03:30:00+00:00,4300.72,4311.66,4299.78,4310.99,10.0,2026.06.18 06:30:00
85,context,2026-06-18 15:30:00+00:00,4255.29,4258.65,4241.38,4243.39,8.0,2026.06.18 18:30:00
85,before_spike,2026-06-18 15:45:00+00:00,4243.47,4248.08,4241.07,4246.67,8.0,2026.06.18 18:45:00
85,spike,2026-06-18 16:00:00+00:00,4246.66,4259.46,4245.03,4259.32,8.0,2026.06.18 19:00:00
85,after_spike,2026-06-18 16:15:00+00:00,4259.41,4263.4,4252.85,4263.31,8.0,2026.06.18 19:15:00
85,signal,2026-06-18 16:30:00+00:00,4263.29,4276.69,4263.06,4264.27,8.0,2026.06.18 19:30:00
86,context,2026-06-18 17:45:00+00:00,4244.51,4254.47,4240.21,4252.38,8.0,2026.06.18 20:45:00
86,before_spike,2026-06-18 18:00:00+00:00,4252.35,4254.79,4246.41,4246.68,8.0,2026.06.18 21:00:00
86,spike,2026-06-18 18:15:00+00:00,4246.71,4249.46,4234.49,4235.97,8.0,2026.06.18 21:15:00
86,after_spike,2026-06-18 18:30:00+00:00,4235.82,4236.71,4224.08,4231.58,8.0,2026.06.18 21:30:00
86,signal,2026-06-18 18:45:00+00:00,4231.66,4231.92,4223.17,4226.83,8.0,2026.06.18 21:45:00
87,context,2026-06-18 21:30:00+00:00,4226.45,4226.45,4220.55,4224.86,8.0,2026.06.19 00:30:00
87,before_spike,2026-06-18 21:45:00+00:00,4224.89,4225.38,4218.31,4218.33,8.0,2026.06.19 00:45:00
87,spike,2026-06-18 22:00:00+00:00,4218.34,4219.15,4203.98,4207.41,8.0,2026.06.19 01:00:00
87,after_spike,2026-06-18 22:15:00+00:00,4207.39,4208.69,4202.09,4205.19,8.0,2026.06.19 01:15:00
87,signal,2026-06-18 22:30:00+00:00,4205.18,4214.6,4201.61,4214.06,8.0,2026.06.19 01:30:00
88,context,2026-06-19 04:30:00+00:00,4190.79,4190.97,4184.59,4185.67,8.0,2026.06.19 07:30:00
88,before_spike,2026-06-19 04:45:00+00:00,4185.7,4187.47,4184.1,4184.94,8.0,2026.06.19 07:45:00
88,spike,2026-06-19 05:00:00+00:00,4184.99,4186.34,4178.77,4180.15,8.0,2026.06.19 08:00:00
88,after_spike,2026-06-19 05:15:00+00:00,4180.27,4180.27,4175.09,4179.57,8.0,2026.06.19 08:15:00
88,signal,2026-06-19 05:30:00+00:00,4179.56,4183.75,4177.17,4180.01,8.0,2026.06.19 08:30:00
89,context,2026-06-22 02:00:00+00:00,4156.24,4164.78,4155.45,4158.48,8.0,2026.06.22 05:00:00
89,before_spike,2026-06-22 02:15:00+00:00,4158.54,4159.2,4153.73,4156.92,8.0,2026.06.22 05:15:00
89,spike,2026-06-22 02:30:00+00:00,4156.9,4156.96,4141.96,4145.7,8.0,2026.06.22 05:30:00
89,after_spike,2026-06-22 02:45:00+00:00,4145.64,4147.19,4136.55,4140.29,8.0,2026.06.22 05:45:00
89,signal,2026-06-22 03:00:00+00:00,4140.38,4162.68,4140.06,4161.03,8.0,2026.06.22 06:00:00
90,context,2026-06-22 03:15:00+00:00,4161.1,4170.25,4160.95,4166.95,8.0,2026.06.22 06:15:00
90,before_spike,2026-06-22 03:30:00+00:00,4166.97,4176.39,4165.78,4175.6,8.0,2026.06.22 06:30:00
90,spike,2026-06-22 03:45:00+00:00,4175.69,4201.07,4175.48,4200.88,8.0,2026.06.22 06:45:00
90,after_spike,2026-06-22 04:00:00+00:00,4200.9,4220.8,4200.9,4211.7,8.0,2026.06.22 07:00:00
90,signal,2026-06-22 04:15:00+00:00,4211.79,4214.77,4205.1,4207.37,8.0,2026.06.22 07:15:00
91,context,2026-06-23 03:00:00+00:00,4187.56,4192.3,4178.34,4178.84,8.0,2026.06.23 06:00:00
91,before_spike,2026-06-23 03:15:00+00:00,4178.87,4185.84,4178.8,4183.85,8.0,2026.06.23 06:15:00
91,spike,2026-06-23 03:30:00+00:00,4183.81,4193.64,4182.37,4192.76,8.0,2026.06.23 06:30:00
91,after_spike,2026-06-23 03:45:00+00:00,4192.78,4194.77,4190.03,4193.4,8.0,2026.06.23 06:45:00
91,signal,2026-06-23 04:00:00+00:00,4193.34,4198.42,4185.04,4185.33,8.0,2026.06.23 07:00:00
92,context,2026-06-23 22:15:00+00:00,4121.24,4122.46,4117.43,4121.87,10.0,2026.06.24 01:15:00
92,before_spike,2026-06-23 22:30:00+00:00,4121.86,4124.4,4120.59,4121.05,10.0,2026.06.24 01:30:00
92,spike,2026-06-23 22:45:00+00:00,4121.1,4121.33,4111.76,4111.76,10.0,2026.06.24 01:45:00
92,after_spike,2026-06-23 23:00:00+00:00,4111.78,4113.01,4108.69,4110.14,10.0,2026.06.24 02:00:00
92,signal,2026-06-23 23:15:00+00:00,4110.18,4111.34,4107.4,4110.81,10.0,2026.06.24 02:15:00
93,context,2026-06-24 07:45:00+00:00,4063.69,4067.0,4061.91,4064.54,8.0,2026.06.24 10:45:00
93,before_spike,2026-06-24 08:00:00+00:00,4064.55,4070.13,4060.77,4067.69,8.0,2026.06.24 11:00:00
93,spike,2026-06-24 08:15:00+00:00,4067.62,4074.49,4065.6,4073.47,8.0,2026.06.24 11:15:00
93,after_spike,2026-06-24 08:30:00+00:00,4073.48,4086.16,4072.33,4077.26,8.0,2026.06.24 11:30:00
93,signal,2026-06-24 08:45:00+00:00,4077.18,4080.12,4071.4,4075.87,8.0,2026.06.24 11:45:00
94,context,2026-06-24 15:15:00+00:00,4038.33,4041.99,4006.44,4015.2,8.0,2026.06.24 18:15:00
94,before_spike,2026-06-24 15:30:00+00:00,4015.84,4020.9,4007.21,4013.43,8.0,2026.06.24 18:30:00
94,spike,2026-06-24 15:45:00+00:00,4013.66,4017.67,3987.66,3987.79,8.0,2026.06.24 18:45:00
94,after_spike,2026-06-24 16:00:00+00:00,3987.81,3995.59,3966.8,3971.98,8.0,2026.06.24 19:00:00
94,signal,2026-06-24 16:15:00+00:00,3971.75,3977.25,3964.54,3975.51,8.0,2026.06.24 19:15:00
95,context,2026-06-24 16:00:00+00:00,3987.81,3995.59,3966.8,3971.98,8.0,2026.06.24 19:00:00
95,before_spike,2026-06-24 16:15:00+00:00,3971.75,3977.25,3964.54,3975.51,8.0,2026.06.24 19:15:00
95,spike,2026-06-24 16:30:00+00:00,3975.5,4018.21,3974.19,4015.46,8.0,2026.06.24 19:30:00
95,after_spike,2026-06-24 16:45:00+00:00,4015.45,4042.26,4009.32,4038.29,8.0,2026.06.24 19:45:00
95,signal,2026-06-24 17:00:00+00:00,4038.48,4041.18,4018.94,4019.98,8.0,2026.06.24 20:00:00
96,context,2026-06-26 05:00:00+00:00,4021.59,4023.34,4013.41,4015.22,8.0,2026.06.26 08:00:00
96,before_spike,2026-06-26 05:15:00+00:00,4015.21,4016.76,4003.91,4007.46,8.0,2026.06.26 08:15:00
96,spike,2026-06-26 05:30:00+00:00,4007.48,4009.42,3991.22,3992.35,8.0,2026.06.26 08:30:00
96,after_spike,2026-06-26 05:45:00+00:00,3992.26,3995.57,3983.03,3990.78,8.0,2026.06.26 08:45:00
96,signal,2026-06-26 06:00:00+00:00,3990.7,4000.1,3986.69,3997.74,8.0,2026.06.26 09:00:00
97,context,2026-06-26 08:45:00+00:00,4011.3,4015.47,4005.65,4007.94,8.0,2026.06.26 11:45:00
97,before_spike,2026-06-26 09:00:00+00:00,4008.04,4011.78,4006.75,4009.55,8.0,2026.06.26 12:00:00
97,spike,2026-06-26 09:15:00+00:00,4009.52,4024.98,4008.36,4024.27,8.0,2026.06.26 12:15:00
97,after_spike,2026-06-26 09:30:00+00:00,4024.25,4027.4,4020.94,4025.26,8.0,2026.06.26 12:30:00
97,signal,2026-06-26 09:45:00+00:00,4025.25,4033.23,4021.92,4032.11,8.0,2026.06.26 12:45:00
98,context,2026-06-26 20:00:00+00:00,4085.15,4088.23,4082.49,4083.5,8.0,2026.06.26 23:00:00
98,before_spike,2026-06-26 20:15:00+00:00,4083.51,4085.14,4080.31,4081.53,8.0,2026.06.26 23:15:00
98,spike,2026-06-26 20:30:00+00:00,4081.54,4083.39,4074.16,4076.76,8.0,2026.06.26 23:30:00
98,after_spike,2026-06-26 20:45:00+00:00,4076.81,4077.84,4073.6,4074.75,8.0,2026.06.26 23:45:00
98,signal,2026-06-26 21:00:00+00:00,4074.88,4078.87,4072.38,4076.84,8.0,2026.06.27 00:00:00
99,context,2026-06-30 06:45:00+00:00,3963.27,3971.25,3963.17,3969.91,8.0,2026.06.30 09:45:00
99,before_spike,2026-06-30 07:00:00+00:00,3969.93,3975.25,3968.15,3972.6,8.0,2026.06.30 10:00:00
99,spike,2026-06-30 07:15:00+00:00,3972.14,3983.69,3972.04,3982.77,8.0,2026.06.30 10:15:00
99,after_spike,2026-06-30 07:30:00+00:00,3982.67,3998.17,3982.44,3988.61,8.0,2026.06.30 10:30:00
99,signal,2026-06-30 07:45:00+00:00,3988.59,3991.5,3983.61,3985.52,8.0,2026.06.30 10:45:00
100,context,2026-06-30 08:45:00+00:00,3979.4,3981.79,3976.23,3977.97,8.0,2026.06.30 11:45:00
100,before_spike,2026-06-30 09:00:00+00:00,3977.98,3989.5,3977.98,3987.79,8.0,2026.06.30 12:00:00
100,spike,2026-06-30 09:15:00+00:00,3987.93,4013.33,3984.09,4012.09,8.0,2026.06.30 12:15:00
100,after_spike,2026-06-30 09:30:00+00:00,4012.08,4034.18,4011.15,4024.77,8.0,2026.06.30 12:30:00
100,signal,2026-06-30 09:45:00+00:00,4024.76,4033.41,4024.12,4029.97,8.0,2026.06.30 12:45:00
101,context,2026-06-30 12:15:00+00:00,4018.36,4022.81,4016.22,4017.41,8.0,2026.06.30 15:15:00
101,before_spike,2026-06-30 12:30:00+00:00,4017.42,4018.85,4012.5,4018.52,8.0,2026.06.30 15:30:00
101,spike,2026-06-30 12:45:00+00:00,4018.67,4023.91,4018.36,4023.9,8.0,2026.06.30 15:45:00
101,after_spike,2026-06-30 13:00:00+00:00,4023.83,4026.62,4021.51,4025.77,8.0,2026.06.30 16:00:00
101,signal,2026-06-30 13:15:00+00:00,4025.76,4028.74,4023.87,4028.53,8.0,2026.06.30 16:15:00
102,context,2026-06-30 17:15:00+00:00,4043.52,4063.33,4043.29,4054.67,8.0,2026.06.30 20:15:00
102,before_spike,2026-06-30 17:30:00+00:00,4054.24,4058.5,4044.86,4051.18,8.0,2026.06.30 20:30:00
102,spike,2026-06-30 17:45:00+00:00,4051.13,4051.13,4037.3,4037.3,8.0,2026.06.30 20:45:00
102,after_spike,2026-06-30 18:00:00+00:00,4037.75,4039.14,4032.34,4035.93,8.0,2026.06.30 21:00:00
102,signal,2026-06-30 18:15:00+00:00,4036.0,4036.0,4022.26,4028.2,8.0,2026.06.30 21:15:00
103,context,2026-06-30 21:30:00+00:00,4031.51,4031.58,4028.29,4031.02,10.0,2026.07.01 00:30:00
103,before_spike,2026-06-30 21:45:00+00:00,4030.95,4032.6,4028.48,4028.58,10.0,2026.07.01 00:45:00
103,spike,2026-06-30 22:00:00+00:00,4028.57,4029.52,4023.51,4024.04,10.0,2026.07.01 01:00:00
103,after_spike,2026-06-30 22:15:00+00:00,4024.02,4025.09,4020.97,4021.21,10.0,2026.07.01 01:15:00
103,signal,2026-06-30 22:30:00+00:00,4020.96,4023.01,4020.64,4021.94,10.0,2026.07.01 01:30:00
104,context,2026-07-01 13:30:00+00:00,3987.15,3994.2,3986.53,3987.41,8.0,2026.07.01 16:30:00
104,before_spike,2026-07-01 13:45:00+00:00,3987.56,3998.56,3987.11,3998.35,8.0,2026.07.01 16:45:00
104,spike,2026-07-01 14:00:00+00:00,3998.33,4018.82,3998.04,4016.13,8.0,2026.07.01 17:00:00
104,after_spike,2026-07-01 14:15:00+00:00,4016.0,4027.12,4015.21,4026.7,8.0,2026.07.01 17:15:00
104,signal,2026-07-01 14:30:00+00:00,4026.56,4031.66,4023.19,4029.47,8.0,2026.07.01 17:30:00
105,context,2026-07-01 22:15:00+00:00,4065.47,4066.24,4056.66,4059.03,8.0,2026.07.02 01:15:00
105,before_spike,2026-07-01 22:30:00+00:00,4058.91,4059.75,4053.08,4053.89,8.0,2026.07.02 01:30:00
105,spike,2026-07-01 22:45:00+00:00,4053.9,4054.29,4034.81,4039.28,8.0,2026.07.02 01:45:00
105,after_spike,2026-07-01 23:00:00+00:00,4039.21,4039.64,4028.59,4035.52,8.0,2026.07.02 02:00:00
105,signal,2026-07-01 23:15:00+00:00,4035.45,4039.17,4034.61,4038.46,8.0,2026.07.02 02:15:00
106,context,2026-07-02 05:45:00+00:00,4056.19,4060.99,4054.48,4057.32,8.0,2026.07.02 08:45:00
106,before_spike,2026-07-02 06:00:00+00:00,4057.14,4059.77,4055.55,4057.26,8.0,2026.07.02 09:00:00
106,spike,2026-07-02 06:15:00+00:00,4057.61,4067.24,4057.61,4065.31,8.0,2026.07.02 09:15:00
106,after_spike,2026-07-02 06:30:00+00:00,4065.39,4067.73,4062.09,4065.59,8.0,2026.07.02 09:30:00
106,signal,2026-07-02 06:45:00+00:00,4065.6,4074.03,4063.03,4069.91,8.0,2026.07.02 09:45:00
107,context,2026-07-03 03:30:00+00:00,4137.36,4139.67,4132.99,4136.38,8.0,2026.07.03 06:30:00
107,before_spike,2026-07-03 03:45:00+00:00,4136.3,4151.04,4135.26,4147.14,8.0,2026.07.03 06:45:00
107,spike,2026-07-03 04:00:00+00:00,4147.13,4179.27,4146.66,4176.13,8.0,2026.07.03 07:00:00
107,after_spike,2026-07-03 04:15:00+00:00,4176.18,4194.4,4174.12,4188.01,8.0,2026.07.03 07:15:00
107,signal,2026-07-03 04:30:00+00:00,4188.03,4195.65,4178.72,4179.18,8.0,2026.07.03 07:30:00
108,context,2026-07-03 09:00:00+00:00,4171.32,4171.59,4162.14,4162.28,8.0,2026.07.03 12:00:00
108,before_spike,2026-07-03 09:15:00+00:00,4162.39,4167.23,4160.48,4164.9,8.0,2026.07.03 12:15:00
108,spike,2026-07-03 09:30:00+00:00,4164.88,4173.72,4164.5,4171.06,8.0,2026.07.03 12:30:00
108,after_spike,2026-07-03 09:45:00+00:00,4171.07,4174.5,4170.22,4173.12,8.0,2026.07.03 12:45:00
108,signal,2026-07-03 10:00:00+00:00,4172.9,4181.18,4171.27,4174.16,8.0,2026.07.03 13:00:00
109,context,2026-07-06 10:00:00+00:00,4150.25,4153.51,4147.19,4151.05,8.0,2026.07.06 13:00:00
109,before_spike,2026-07-06 10:15:00+00:00,4151.02,4155.87,4150.3,4152.93,8.0,2026.07.06 13:15:00
109,spike,2026-07-06 10:30:00+00:00,4152.94,4164.44,4151.19,4163.64,8.0,2026.07.06 13:30:00
109,after_spike,2026-07-06 10:45:00+00:00,4163.62,4166.31,4162.13,4164.51,8.0,2026.07.06 13:45:00
109,signal,2026-07-06 11:00:00+00:00,4164.49,4166.14,4157.2,4158.09,8.0,2026.07.06 14:00:00
110,context,2026-07-06 13:00:00+00:00,4143.25,4148.72,4142.15,4148.45,8.0,2026.07.06 16:00:00
110,before_spike,2026-07-06 13:15:00+00:00,4148.3,4150.85,4147.6,4148.95,8.0,2026.07.06 16:15:00
110,spike,2026-07-06 13:30:00+00:00,4148.98,4155.65,4148.79,4154.37,11.0,2026.07.06 16:30:00
110,after_spike,2026-07-06 13:45:00+00:00,4154.32,4155.79,4152.5,4154.88,8.0,2026.07.06 16:45:00
110,signal,2026-07-06 14:00:00+00:00,4155.05,4156.34,4151.55,4154.9,8.0,2026.07.06 17:00:00
111,context,2026-07-07 02:15:00+00:00,4165.56,4165.71,4162.93,4163.37,8.0,2026.07.07 05:15:00
111,before_spike,2026-07-07 02:30:00+00:00,4163.16,4165.34,4160.88,4161.98,8.0,2026.07.07 05:30:00
111,spike,2026-07-07 02:45:00+00:00,4161.97,4163.73,4156.94,4157.35,8.0,2026.07.07 05:45:00
111,after_spike,2026-07-07 03:00:00+00:00,4157.03,4158.45,4152.73,4156.13,8.0,2026.07.07 06:00:00
111,signal,2026-07-07 03:15:00+00:00,4156.32,4160.63,4152.04,4159.82,8.0,2026.07.07 06:15:00
112,context,2026-07-08 19:00:00+00:00,4034.34,4042.95,4033.24,4039.35,8.0,2026.07.08 22:00:00
112,before_spike,2026-07-08 19:15:00+00:00,4039.35,4044.71,4037.75,4043.73,8.0,2026.07.08 22:15:00
112,spike,2026-07-08 19:30:00+00:00,4043.71,4057.5,4039.56,4056.66,8.0,2026.07.08 22:30:00
112,after_spike,2026-07-08 19:45:00+00:00,4056.64,4064.46,4053.55,4063.71,8.0,2026.07.08 22:45:00
112,signal,2026-07-08 20:00:00+00:00,4063.72,4070.46,4059.71,4065.21,8.0,2026.07.08 23:00:00
113,context,2026-07-10 22:15:00+00:00,4101.52,4103.4,4101.23,4101.86,8.0,2026.07.11 01:15:00
113,before_spike,2026-07-10 22:30:00+00:00,4101.79,4103.6,4100.57,4102.57,8.0,2026.07.11 01:30:00
113,spike,2026-07-10 22:45:00+00:00,4102.58,4109.09,4102.42,4108.55,8.0,2026.07.11 01:45:00
113,after_spike,2026-07-10 23:00:00+00:00,4108.53,4115.06,4108.29,4112.24,10.0,2026.07.11 02:00:00
113,signal,2026-07-10 23:15:00+00:00,4112.12,4112.82,4110.73,4111.49,8.0,2026.07.11 02:15:00
114,context,2026-07-13 02:15:00+00:00,4070.31,4075.25,4068.87,4074.74,8.0,2026.07.13 05:15:00
114,before_spike,2026-07-13 02:30:00+00:00,4074.75,4079.21,4071.82,4077.68,10.0,2026.07.13 05:30:00
114,spike,2026-07-13 02:45:00+00:00,4077.69,4084.81,4075.58,4084.34,10.0,2026.07.13 05:45:00
114,after_spike,2026-07-13 03:00:00+00:00,4085.62,4091.17,4080.84,4086.86,8.0,2026.07.13 06:00:00
114,signal,2026-07-13 03:15:00+00:00,4086.85,4087.91,4074.3,4074.7,8.0,2026.07.13 06:15:00
115,context,2026-07-13 16:45:00+00:00,4054.9,4058.32,4042.22,4043.14,8.0,2026.07.13 19:45:00
115,before_spike,2026-07-13 17:00:00+00:00,4043.25,4046.92,4029.67,4035.85,8.0,2026.07.13 20:00:00
115,spike,2026-07-13 17:15:00+00:00,4035.87,4037.29,4002.81,4016.85,8.0,2026.07.13 20:15:00
115,after_spike,2026-07-13 17:30:00+00:00,4016.93,4016.93,4000.46,4005.47,8.0,2026.07.13 20:30:00
115,signal,2026-07-13 17:45:00+00:00,4005.58,4014.76,4002.1,4014.62,8.0,2026.07.13 20:45:00
116,context,2026-07-13 21:00:00+00:00,3993.14,3995.14,3990.0,3993.85,8.0,2026.07.14 00:00:00
116,before_spike,2026-07-13 21:15:00+00:00,3993.87,3996.87,3986.8,3995.15,8.0,2026.07.14 00:15:00
116,spike,2026-07-13 21:30:00+00:00,3995.32,4000.79,3994.07,4000.16,8.0,2026.07.14 00:30:00
116,after_spike,2026-07-13 21:45:00+00:00,4000.18,4005.12,3998.27,4001.48,8.0,2026.07.14 00:45:00
116,signal,2026-07-13 22:00:00+00:00,4001.97,4004.51,3997.9,3998.08,8.0,2026.07.14 01:00:00
117,context,2026-07-13 23:30:00+00:00,3999.82,4000.43,3997.3,4000.06,8.0,2026.07.14 02:30:00
117,before_spike,2026-07-13 23:45:00+00:00,4000.04,4002.09,3997.97,4001.38,10.0,2026.07.14 02:45:00
117,spike,2026-07-14 01:00:00+00:00,4000.23,4006.4,4000.13,4003.98,16.0,2026.07.14 04:00:00
117,after_spike,2026-07-14 01:15:00+00:00,4003.97,4005.91,4003.97,4004.45,10.0,2026.07.14 04:15:00
117,signal,2026-07-14 01:30:00+00:00,4004.2,4005.61,4003.1,4003.97,8.0,2026.07.14 04:30:00
118,context,2026-07-15 04:00:00+00:00,4059.55,4062.12,4055.16,4055.74,8.0,2026.07.15 07:00:00
118,before_spike,2026-07-15 04:15:00+00:00,4055.72,4057.31,4052.67,4054.43,10.0,2026.07.15 07:15:00
118,spike,2026-07-15 04:30:00+00:00,4054.48,4054.73,4036.57,4038.88,8.0,2026.07.15 07:30:00
118,after_spike,2026-07-15 04:45:00+00:00,4038.85,4042.54,4035.62,4037.35,8.0,2026.07.15 07:45:00
118,signal,2026-07-15 05:00:00+00:00,4037.37,4042.3,4034.16,4036.76,8.0,2026.07.15 08:00:00
119,context,2026-07-15 09:45:00+00:00,4032.51,4033.81,4029.71,4032.08,8.0,2026.07.15 12:45:00
119,before_spike,2026-07-15 10:00:00+00:00,4031.98,4034.33,4028.25,4029.37,8.0,2026.07.15 13:00:00
119,spike,2026-07-15 10:15:00+00:00,4029.36,4029.87,4020.06,4024.56,8.0,2026.07.15 13:15:00
119,after_spike,2026-07-15 10:30:00+00:00,4024.54,4027.01,4019.73,4022.88,8.0,2026.07.15 13:30:00
119,signal,2026-07-15 10:45:00+00:00,4022.89,4026.77,4021.39,4024.43,8.0,2026.07.15 13:45:00
120,context,2026-07-15 14:00:00+00:00,4028.14,4032.91,4027.87,4030.35,8.0,2026.07.15 17:00:00
120,before_spike,2026-07-15 14:15:00+00:00,4030.38,4031.29,4027.66,4030.77,8.0,2026.07.15 17:15:00
120,spike,2026-07-15 14:30:00+00:00,4030.83,4039.4,4029.37,4037.5,8.0,2026.07.15 17:30:00
120,after_spike,2026-07-15 14:45:00+00:00,4037.49,4040.26,4035.61,4038.28,8.0,2026.07.15 17:45:00
120,signal,2026-07-15 15:00:00+00:00,4038.39,4042.64,4035.88,4037.9,8.0,2026.07.15 18:00:00
121,context,2026-07-15 15:00:00+00:00,4038.39,4042.64,4035.88,4037.9,8.0,2026.07.15 18:00:00
121,before_spike,2026-07-15 15:15:00+00:00,4037.97,4040.85,4037.53,4039.77,8.0,2026.07.15 18:15:00
121,spike,2026-07-15 15:30:00+00:00,4039.73,4066.11,4039.48,4063.12,8.0,2026.07.15 18:30:00
121,after_spike,2026-07-15 15:45:00+00:00,4063.13,4071.53,4061.05,4067.83,8.0,2026.07.15 18:45:00
121,signal,2026-07-15 16:00:00+00:00,4068.45,4074.06,4061.81,4061.81,8.0,2026.07.15 19:00:00
122,context,2026-07-15 18:30:00+00:00,4049.25,4050.73,4045.03,4049.85,8.0,2026.07.15 21:30:00
122,before_spike,2026-07-15 18:45:00+00:00,4049.87,4051.09,4046.61,4047.25,8.0,2026.07.15 21:45:00
122,spike,2026-07-15 19:00:00+00:00,4047.2,4048.08,4037.39,4038.34,8.0,2026.07.15 22:00:00
122,after_spike,2026-07-15 19:15:00+00:00,4038.39,4040.71,4033.02,4034.76,8.0,2026.07.15 22:15:00
122,signal,2026-07-15 19:30:00+00:00,4034.79,4036.94,4026.84,4028.96,8.0,2026.07.15 22:30:00
123,context,2026-07-15 22:45:00+00:00,4051.1,4057.15,4050.66,4057.09,8.0,2026.07.16 01:45:00
123,before_spike,2026-07-15 23:00:00+00:00,4057.02,4058.43,4055.21,4057.55,8.0,2026.07.16 02:00:00
123,spike,2026-07-15 23:15:00+00:00,4057.61,4062.17,4057.32,4061.29,8.0,2026.07.16 02:15:00
123,after_spike,2026-07-15 23:30:00+00:00,4061.39,4063.13,4060.36,4061.78,8.0,2026.07.16 02:30:00
123,signal,2026-07-15 23:45:00+00:00,4061.48,4063.02,4059.92,4059.92,14.0,2026.07.16 02:45:00
124,context,2026-07-16 15:00:00+00:00,4038.12,4042.84,4027.52,4031.57,8.0,2026.07.16 18:00:00
124,before_spike,2026-07-16 15:15:00+00:00,4031.58,4032.02,4012.63,4024.85,8.0,2026.07.16 18:15:00
124,spike,2026-07-16 15:30:00+00:00,4024.84,4029.37,4000.19,4002.49,8.0,2026.07.16 18:30:00
124,after_spike,2026-07-16 15:45:00+00:00,4002.46,4008.58,3990.2,3992.13,8.0,2026.07.16 18:45:00
124,signal,2026-07-16 16:00:00+00:00,3991.97,3996.53,3973.56,3991.99,8.0,2026.07.16 19:00:00
125,context,2026-07-16 18:30:00+00:00,4010.85,4015.78,4007.12,4009.81,8.0,2026.07.16 21:30:00
125,before_spike,2026-07-16 18:45:00+00:00,4009.79,4012.62,4005.04,4006.46,8.0,2026.07.16 21:45:00
125,spike,2026-07-16 19:00:00+00:00,4006.47,4007.13,3989.5,3989.5,8.0,2026.07.16 22:00:00
125,after_spike,2026-07-16 19:15:00+00:00,3989.18,3991.35,3981.83,3987.53,8.0,2026.07.16 22:15:00
125,signal,2026-07-16 19:30:00+00:00,3987.29,3993.2,3986.99,3992.6,8.0,2026.07.16 22:30:00
126,context,2026-07-17 06:15:00+00:00,3988.68,4008.33,3988.54,4001.28,10.0,2026.07.17 09:15:00
126,before_spike,2026-07-17 06:30:00+00:00,4001.09,4001.59,3995.91,3997.53,10.0,2026.07.17 09:30:00
126,spike,2026-07-17 06:45:00+00:00,3998.07,3998.61,3990.63,3991.4,10.0,2026.07.17 09:45:00
126,after_spike,2026-07-17 07:00:00+00:00,3991.26,3991.68,3987.33,3988.84,10.0,2026.07.17 10:00:00
126,signal,2026-07-17 07:15:00+00:00,3988.87,3990.24,3985.17,3986.28,10.0,2026.07.17 10:15:00
127,context,2026-07-17 15:00:00+00:00,3994.32,3995.83,3988.61,3990.26,8.0,2026.07.17 18:00:00
127,before_spike,2026-07-17 15:15:00+00:00,3990.6,3992.66,3984.65,3987.72,8.0,2026.07.17 18:15:00
127,spike,2026-07-17 15:30:00+00:00,3987.64,3988.62,3965.94,3969.62,8.0,2026.07.17 18:30:00
127,after_spike,2026-07-17 15:45:00+00:00,3970.13,3973.74,3964.6,3966.72,8.0,2026.07.17 18:45:00
127,signal,2026-07-17 16:00:00+00:00,3966.7,3976.35,3960.15,3970.26,8.0,2026.07.17 19:00:00
128,context,2026-07-21 03:00:00+00:00,4006.73,4012.55,4003.85,4010.58,10.0,2026.07.21 06:00:00
128,before_spike,2026-07-21 03:15:00+00:00,4010.61,4018.49,4007.77,4015.06,10.0,2026.07.21 06:15:00
128,spike,2026-07-21 03:30:00+00:00,4015.04,4022.6,4013.99,4022.47,8.0,2026.07.21 06:30:00
128,after_spike,2026-07-21 03:45:00+00:00,4022.54,4027.54,4022.33,4025.27,8.0,2026.07.21 06:45:00
128,signal,2026-07-21 04:00:00+00:00,4025.37,4030.42,4018.96,4029.32,8.0,2026.07.21 07:00:00
129,context,2026-07-21 09:00:00+00:00,4061.47,4072.47,4061.47,4071.31,8.0,2026.07.21 12:00:00
129,before_spike,2026-07-21 09:15:00+00:00,4071.37,4074.49,4068.35,4072.48,8.0,2026.07.21 12:15:00
129,spike,2026-07-21 09:30:00+00:00,4072.47,4080.71,4071.98,4077.11,8.0,2026.07.21 12:30:00
129,after_spike,2026-07-21 09:45:00+00:00,4077.06,4084.16,4077.06,4078.74,8.0,2026.07.21 12:45:00
129,signal,2026-07-21 10:00:00+00:00,4078.59,4080.22,4071.84,4072.13,8.0,2026.07.21 13:00:00
130,context,2026-07-21 16:30:00+00:00,4051.02,4057.47,4044.75,4046.37,8.0,2026.07.21 19:30:00
130,before_spike,2026-07-21 16:45:00+00:00,4046.36,4053.58,4044.3,4053.17,8.0,2026.07.21 19:45:00
130,spike,2026-07-21 17:00:00+00:00,4053.18,4065.25,4051.84,4065.19,8.0,2026.07.21 20:00:00
130,after_spike,2026-07-21 17:15:00+00:00,4065.2,4068.56,4060.34,4068.56,8.0,2026.07.21 20:15:00
130,signal,2026-07-21 17:30:00+00:00,4068.54,4073.03,4062.27,4067.56,8.0,2026.07.21 20:30:00
131,context,2026-07-22 05:30:00+00:00,4124.3,4130.4,4122.29,4128.41,8.0,2026.07.22 08:30:00
131,before_spike,2026-07-22 05:45:00+00:00,4128.28,4130.86,4126.3,4130.78,8.0,2026.07.22 08:45:00
131,spike,2026-07-22 06:00:00+00:00,4130.67,4140.62,4129.26,4137.26,8.0,2026.07.22 09:00:00
131,after_spike,2026-07-22 06:15:00+00:00,4137.15,4141.73,4136.71,4138.26,8.0,2026.07.22 09:15:00
131,signal,2026-07-22 06:30:00+00:00,4138.25,4138.26,4132.52,4133.56,8.0,2026.07.22 09:30:00
132,context,2026-07-23 20:00:00+00:00,4052.05,4055.19,4047.49,4047.59,8.0,2026.07.23 23:00:00
132,before_spike,2026-07-23 20:15:00+00:00,4047.66,4050.59,4046.19,4047.34,8.0,2026.07.23 23:15:00
132,spike,2026-07-23 20:30:00+00:00,4047.32,4049.2,4041.95,4042.93,8.0,2026.07.23 23:30:00
132,after_spike,2026-07-23 20:45:00+00:00,4042.92,4044.36,4041.68,4041.91,8.0,2026.07.23 23:45:00
132,signal,2026-07-23 21:00:00+00:00,4041.88,4044.23,4040.78,4041.96,8.0,2026.07.24 00:00:00
133,context,2026-07-24 09:30:00+00:00,4036.55,4037.13,4033.29,4033.95,8.0,2026.07.24 12:30:00
133,before_spike,2026-07-24 09:45:00+00:00,4033.93,4038.65,4031.72,4035.76,8.0,2026.07.24 12:45:00
133,spike,2026-07-24 10:00:00+00:00,4035.64,4047.45,4035.08,4045.44,8.0,2026.07.24 13:00:00
133,after_spike,2026-07-24 10:15:00+00:00,4045.48,4050.81,4044.11,4048.73,8.0,2026.07.24 13:15:00
133,signal,2026-07-24 10:30:00+00:00,4048.76,4053.68,4045.81,4048.43,8.0,2026.07.24 13:30:00
134,context,2026-07-24 17:30:00+00:00,4066.31,4068.39,4059.62,4060.64,8.0,2026.07.24 20:30:00
134,before_spike,2026-07-24 17:45:00+00:00,4060.74,4066.81,4058.92,4063.65,8.0,2026.07.24 20:45:00
134,spike,2026-07-24 18:00:00+00:00,4063.7,4076.65,4061.9,4074.81,8.0,2026.07.24 21:00:00
134,after_spike,2026-07-24 18:15:00+00:00,4074.76,4082.12,4072.13,4075.11,8.0,2026.07.24 21:15:00
134,signal,2026-07-24 18:30:00+00:00,4075.14,4079.69,4071.93,4072.11,8.0,2026.07.24 21:30:00
135,context,2026-07-24 19:00:00+00:00,4077.45,4077.6,4074.52,4074.99,8.0,2026.07.24 22:00:00
135,before_spike,2026-07-24 19:15:00+00:00,4075.01,4078.51,4073.54,4073.9,8.0,2026.07.24 22:15:00
135,spike,2026-07-24 19:30:00+00:00,4073.84,4074.06,4066.71,4067.75,8.0,2026.07.24 22:30:00
135,after_spike,2026-07-24 19:45:00+00:00,4067.72,4067.75,4064.15,4066.93,8.0,2026.07.24 22:45:00
135,signal,2026-07-24 20:00:00+00:00,4066.96,4068.37,4063.07,4064.21,8.0,2026.07.24 23:00:00
136,context,2026-07-24 20:45:00+00:00,4066.58,4067.36,4063.11,4063.44,8.0,2026.07.24 23:45:00
136,before_spike,2026-07-24 21:00:00+00:00,4063.63,4064.61,4061.34,4061.67,8.0,2026.07.25 00:00:00
136,spike,2026-07-24 21:15:00+00:00,4061.7,4062.99,4055.08,4055.34,8.0,2026.07.25 00:15:00
136,after_spike,2026-07-24 21:30:00+00:00,4055.4,4057.61,4051.74,4052.73,8.0,2026.07.25 00:30:00
136,signal,2026-07-24 21:45:00+00:00,4052.79,4056.47,4052.44,4054.98,8.0,2026.07.25 00:45:00
137,context,2026-07-27 01:30:00+00:00,4085.81,4092.91,4085.38,4091.23,26.0,2026.07.27 04:30:00
137,before_spike,2026-07-27 01:45:00+00:00,4091.34,4093.67,4088.89,4089.68,26.0,2026.07.27 04:45:00
137,spike,2026-07-27 02:00:00+00:00,4089.44,4091.2,4084.39,4084.79,10.0,2026.07.27 05:00:00
137,after_spike,2026-07-27 02:15:00+00:00,4084.91,4086.56,4083.77,4084.77,14.0,2026.07.27 05:15:00
137,signal,2026-07-27 02:30:00+00:00,4084.78,4089.2,4084.6,4088.9,10.0,2026.07.27 05:30:00
138,context,2026-07-27 05:00:00+00:00,4110.56,4110.95,4103.38,4105.55,8.0,2026.07.27 08:00:00
138,before_spike,2026-07-27 05:15:00+00:00,4105.54,4105.92,4102.06,4103.11,8.0,2026.07.27 08:15:00
138,spike,2026-07-27 05:30:00+00:00,4103.12,4103.22,4095.65,4096.58,8.0,2026.07.27 08:30:00
138,after_spike,2026-07-27 05:45:00+00:00,4096.55,4097.68,4093.67,4093.71,8.0,2026.07.27 08:45:00
138,signal,2026-07-27 06:00:00+00:00,4093.67,4095.91,4089.11,4092.01,8.0,2026.07.27 09:00:00
139,context,2026-07-27 08:15:00+00:00,4094.77,4094.77,4086.18,4087.1,8.0,2026.07.27 11:15:00
139,before_spike,2026-07-27 08:30:00+00:00,4087.08,4090.29,4085.8,4088.09,8.0,2026.07.27 11:30:00
139,spike,2026-07-27 08:45:00+00:00,4088.08,4093.71,4084.49,4092.94,8.0,2026.07.27 11:45:00
139,after_spike,2026-07-27 09:00:00+00:00,4093.25,4096.44,4091.71,4094.37,8.0,2026.07.27 12:00:00
139,signal,2026-07-27 09:15:00+00:00,4094.38,4096.51,4091.32,4096.14,8.0,2026.07.27 12:15:00
140,context,2026-07-27 14:30:00+00:00,4097.03,4099.99,4094.75,4095.64,8.0,2026.07.27 17:30:00
140,before_spike,2026-07-27 14:45:00+00:00,4095.65,4097.3,4093.75,4093.92,8.0,2026.07.27 17:45:00
140,spike,2026-07-27 15:00:00+00:00,4093.96,4097.57,4086.31,4087.62,8.0,2026.07.27 18:00:00
140,after_spike,2026-07-27 15:15:00+00:00,4087.55,4088.95,4081.87,4086.75,8.0,2026.07.27 18:15:00
140,signal,2026-07-27 15:30:00+00:00,4086.73,4088.67,4083.25,4086.71,8.0,2026.07.27 18:30:00
141,context,2026-07-27 21:45:00+00:00,4076.26,4079.44,4074.98,4078.05,8.0,2026.07.28 00:45:00
141,before_spike,2026-07-27 22:00:00+00:00,4078.09,4081.81,4076.27,4080.29,8.0,2026.07.28 01:00:00
141,spike,2026-07-27 22:15:00+00:00,4080.37,4088.7,4079.46,4085.78,8.0,2026.07.28 01:15:00
141,after_spike,2026-07-27 22:30:00+00:00,4085.86,4087.2,4083.86,4086.93,8.0,2026.07.28 01:30:00
141,signal,2026-07-27 22:45:00+00:00,4086.95,4089.34,4082.43,4083.36,8.0,2026.07.28 01:45:00
142,context,2026-07-27 22:45:00+00:00,4086.95,4089.34,4082.43,4083.36,8.0,2026.07.28 01:45:00
142,before_spike,2026-07-27 23:00:00+00:00,4083.35,4084.14,4081.5,4082.19,8.0,2026.07.28 02:00:00
142,spike,2026-07-27 23:15:00+00:00,4082.18,4082.23,4078.32,4078.72,8.0,2026.07.28 02:15:00
142,after_spike,2026-07-27 23:30:00+00:00,4078.69,4079.13,4075.93,4077.26,8.0,2026.07.28 02:30:00
142,signal,2026-07-27 23:45:00+00:00,4077.23,4077.36,4075.3,4076.66,8.0,2026.07.28 02:45:00
143,context,2026-07-28 17:30:00+00:00,4022.23,4025.23,4018.86,4022.7,8.0,2026.07.28 20:30:00
143,before_spike,2026-07-28 17:45:00+00:00,4022.69,4029.54,4021.23,4024.51,8.0,2026.07.28 20:45:00
143,spike,2026-07-28 18:00:00+00:00,4024.46,4036.34,4022.22,4033.69,8.0,2026.07.28 21:00:00
143,after_spike,2026-07-28 18:15:00+00:00,4033.71,4040.91,4031.94,4035.38,8.0,2026.07.28 21:15:00
143,signal,2026-07-28 18:30:00+00:00,4035.48,4042.1,4032.47,4041.47,8.0,2026.07.28 21:30:00
144,context,2026-07-29 04:45:00+00:00,4027.62,4028.25,4021.89,4025.89,8.0,2026.07.29 07:45:00
144,before_spike,2026-07-29 05:00:00+00:00,4025.92,4029.18,4023.08,4028.24,8.0,2026.07.29 08:00:00
144,spike,2026-07-29 05:15:00+00:00,4028.15,4035.34,4026.34,4033.01,8.0,2026.07.29 08:15:00
144,after_spike,2026-07-29 05:30:00+00:00,4033.06,4037.89,4030.72,4034.99,8.0,2026.07.29 08:30:00
144,signal,2026-07-29 05:45:00+00:00,4034.84,4035.26,4029.19,4029.57,10.0,2026.07.29 08:45:00
145,context,2026-07-30 05:45:00+00:00,4076.84,4077.06,4063.51,4063.74,8.0,2026.07.30 08:45:00
145,before_spike,2026-07-30 06:00:00+00:00,4063.75,4070.12,4060.63,4063.0,8.0,2026.07.30 09:00:00
145,spike,2026-07-30 06:15:00+00:00,4063.01,4063.93,4052.59,4053.79,8.0,2026.07.30 09:15:00
145,after_spike,2026-07-30 06:30:00+00:00,4053.83,4055.97,4050.71,4052.48,8.0,2026.07.30 09:30:00
145,signal,2026-07-30 06:45:00+00:00,4052.43,4059.8,4052.43,4058.84,8.0,2026.07.30 09:45:00
146,context,2026-07-30 18:30:00+00:00,4096.13,4106.92,4092.61,4105.38,8.0,2026.07.30 21:30:00
146,before_spike,2026-07-30 18:45:00+00:00,4105.42,4110.05,4103.59,4108.22,8.0,2026.07.30 21:45:00
146,spike,2026-07-30 19:00:00+00:00,4108.18,4115.95,4107.78,4114.27,8.0,2026.07.30 22:00:00
146,after_spike,2026-07-30 19:15:00+00:00,4114.19,4119.23,4113.77,4115.98,8.0,2026.07.30 22:15:00
146,signal,2026-07-30 19:30:00+00:00,4116.03,4116.43,4108.4,4108.58,8.0,2026.07.30 22:30:00
147,context,2026-07-31 19:45:00+00:00,4042.59,4045.1,4042.16,4043.4,8.0,2026.07.31 22:45:00
147,before_spike,2026-07-31 20:00:00+00:00,4043.27,4046.44,4041.57,4045.63,8.0,2026.07.31 23:00:00
147,spike,2026-07-31 20:15:00+00:00,4045.62,4053.38,4044.84,4050.49,8.0,2026.07.31 23:15:00
147,after_spike,2026-07-31 20:30:00+00:00,4050.38,4053.19,4047.7,4051.83,8.0,2026.07.31 23:30:00
147,signal,2026-07-31 20:45:00+00:00,4052.15,4054.72,4050.3,4053.78,8.0,2026.07.31 23:45:00
148,context,2026-08-03 21:45:00+00:00,4041.42,4045.0,4040.49,4043.52,8.0,2026.08.04 00:45:00
148,before_spike,2026-08-03 22:00:00+00:00,4043.62,4049.52,4043.62,4046.31,8.0,2026.08.04 01:00:00
148,spike,2026-08-03 22:15:00+00:00,4046.32,4054.33,4046.25,4052.97,8.0,2026.08.04 01:15:00
148,after_spike,2026-08-03 22:30:00+00:00,4053.08,4055.77,4052.06,4054.07,8.0,2026.08.04 01:30:00
148,signal,2026-08-03 22:45:00+00:00,4054.09,4055.64,4051.72,4052.1,8.0,2026.08.04 01:45:00
149,context,2026-08-04 03:15:00+00:00,4063.57,4064.44,4058.16,4059.09,8.0,2026.08.04 06:15:00
149,before_spike,2026-08-04 03:30:00+00:00,4059.11,4060.76,4055.7,4056.4,8.0,2026.08.04 06:30:00
149,spike,2026-08-04 03:45:00+00:00,4056.38,4058.07,4048.76,4049.37,8.0,2026.08.04 06:45:00
149,after_spike,2026-08-04 04:00:00+00:00,4049.3,4050.6,4042.63,4046.89,8.0,2026.08.04 07:00:00
149,signal,2026-08-04 04:15:00+00:00,4046.9,4052.45,4046.9,4049.22,8.0,2026.08.04 07:15:00
150,context,2026-08-04 06:00:00+00:00,4058.75,4060.71,4056.48,4058.24,8.0,2026.08.04 09:00:00
150,before_spike,2026-08-04 06:15:00+00:00,4058.07,4061.73,4057.8,4057.91,8.0,2026.08.04 09:15:00
150,spike,2026-08-04 06:30:00+00:00,4057.9,4058.84,4052.76,4052.85,8.0,2026.08.04 09:30:00
150,after_spike,2026-08-04 06:45:00+00:00,4052.86,4055.52,4052.14,4052.53,8.0,2026.08.04 09:45:00
150,signal,2026-08-04 07:00:00+00:00,4052.59,4056.9,4051.2,4056.81,8.0,2026.08.04 10:00:00
151,context,2026-08-04 14:00:00+00:00,4053.77,4058.83,4052.33,4056.57,10.0,2026.08.04 17:00:00
151,before_spike,2026-08-04 14:15:00+00:00,4056.69,4061.02,4055.53,4060.87,10.0,2026.08.04 17:15:00
151,spike,2026-08-04 14:30:00+00:00,4061.15,4070.33,4059.91,4069.57,8.0,2026.08.04 17:30:00
151,after_spike,2026-08-04 14:45:00+00:00,4069.56,4084.2,4067.02,4074.78,8.0,2026.08.04 17:45:00
151,signal,2026-08-04 15:00:00+00:00,4074.83,4075.71,4060.88,4061.91,8.0,2026.08.04 18:00:00
152,context,2026-08-05 05:00:00+00:00,4101.48,4102.95,4096.49,4099.78,10.0,2026.08.05 08:00:00
152,before_spike,2026-08-05 05:15:00+00:00,4099.8,4108.44,4095.37,4103.58,8.0,2026.08.05 08:15:00
152,spike,2026-08-05 05:30:00+00:00,4103.8,4128.79,4101.48,4128.7,8.0,2026.08.05 08:30:00
152,after_spike,2026-08-05 05:45:00+00:00,4128.16,4135.44,4124.6,4129.32,8.0,2026.08.05 08:45:00
152,signal,2026-08-05 06:00:00+00:00,4129.21,4136.21,4127.05,4135.85,10.0,2026.08.05 09:00:00
153,context,2026-08-05 08:00:00+00:00,4135.55,4138.27,4134.73,4137.34,8.0,2026.08.05 11:00:00
153,before_spike,2026-08-05 08:15:00+00:00,4137.14,4142.19,4135.69,4139.6,8.0,2026.08.05 11:15:00
153,spike,2026-08-05 08:30:00+00:00,4139.61,4159.27,4139.6,4157.32,8.0,2026.08.05 11:30:00
153,after_spike,2026-08-05 08:45:00+00:00,4157.16,4172.87,4157.16,4161.59,8.0,2026.08.05 11:45:00
153,signal,2026-08-05 09:00:00+00:00,4161.57,4174.25,4160.2,4173.12,8.0,2026.08.05 12:00:00
154,context,2026-08-05 16:30:00+00:00,4197.22,4204.35,4192.84,4197.29,8.0,2026.08.05 19:30:00
154,before_spike,2026-08-05 16:45:00+00:00,4197.31,4205.97,4188.98,4205.28,8.0,2026.08.05 19:45:00
154,spike,2026-08-05 17:00:00+00:00,4205.36,4234.91,4202.97,4229.73,8.0,2026.08.05 20:00:00
154,after_spike,2026-08-05 17:15:00+00:00,4229.68,4240.51,4226.77,4236.87,8.0,2026.08.05 20:15:00
154,signal,2026-08-05 17:30:00+00:00,4237.0,4243.37,4228.81,4243.15,8.0,2026.08.05 20:30:00
155,context,2026-08-05 18:45:00+00:00,4255.95,4255.98,4232.39,4232.67,8.0,2026.08.05 21:45:00
155,before_spike,2026-08-05 19:00:00+00:00,4232.72,4236.11,4224.71,4234.35,8.0,2026.08.05 22:00:00
155,spike,2026-08-05 19:15:00+00:00,4234.28,4241.78,4232.76,4241.38,8.0,2026.08.05 22:15:00
155,after_spike,2026-08-05 19:30:00+00:00,4241.45,4246.89,4239.1,4244.59,8.0,2026.08.05 22:30:00
155,signal,2026-08-05 19:45:00+00:00,4244.62,4247.43,4238.43,4242.35,8.0,2026.08.05 22:45:00
156,context,2026-08-06 05:45:00+00:00,4285.83,4287.14,4275.01,4278.52,8.0,2026.08.06 08:45:00
156,before_spike,2026-08-06 06:00:00+00:00,4278.53,4281.01,4274.05,4274.2,8.0,2026.08.06 09:00:00
156,spike,2026-08-06 06:15:00+00:00,4274.19,4274.19,4260.89,4266.24,8.0,2026.08.06 09:15:00
156,after_spike,2026-08-06 06:30:00+00:00,4266.27,4266.76,4261.57,4262.92,8.0,2026.08.06 09:30:00
156,signal,2026-08-06 06:45:00+00:00,4262.94,4265.76,4260.47,4265.59,8.0,2026.08.06 09:45:00
157,context,2026-08-06 18:15:00+00:00,4264.11,4264.16,4250.96,4254.8,8.0,2026.08.06 21:15:00
157,before_spike,2026-08-06 18:30:00+00:00,4254.86,4255.5,4246.41,4251.51,8.0,2026.08.06 21:30:00
157,spike,2026-08-06 18:45:00+00:00,4251.52,4251.53,4229.64,4233.53,8.0,2026.08.06 21:45:00
157,after_spike,2026-08-06 19:00:00+00:00,4233.65,4242.64,4231.03,4232.84,8.0,2026.08.06 22:00:00
157,signal,2026-08-06 19:15:00+00:00,4232.85,4232.97,4223.43,4230.07,8.0,2026.08.06 22:15:00
158,context,2026-08-07 03:00:00+00:00,4251.92,4252.83,4243.35,4244.7,8.0,2026.08.07 06:00:00
158,before_spike,2026-08-07 03:15:00+00:00,4244.8,4246.24,4239.15,4243.97,8.0,2026.08.07 06:15:00
158,spike,2026-08-07 03:30:00+00:00,4243.94,4244.05,4230.18,4234.73,8.0,2026.08.07 06:30:00
158,after_spike,2026-08-07 03:45:00+00:00,4234.77,4236.87,4229.75,4232.79,8.0,2026.08.07 06:45:00
158,signal,2026-08-07 04:00:00+00:00,4232.78,4246.65,4231.43,4244.15,8.0,2026.08.07 07:00:00
159,context,2026-08-07 21:30:00+00:00,4334.39,4338.95,4333.43,4334.26,8.0,2026.08.08 00:30:00
159,before_spike,2026-08-07 21:45:00+00:00,4334.28,4337.53,4332.85,4335.29,8.0,2026.08.08 00:45:00
159,spike,2026-08-07 22:00:00+00:00,4335.2,4345.65,4335.0,4343.01,8.0,2026.08.08 01:00:00
159,after_spike,2026-08-07 22:15:00+00:00,4343.0,4349.85,4342.48,4347.91,8.0,2026.08.08 01:15:00
159,signal,2026-08-07 22:30:00+00:00,4348.12,4348.35,4343.77,4347.35,8.0,2026.08.08 01:30:00
160,context,2026-08-10 06:30:00+00:00,4327.29,4330.01,4324.78,4325.26,8.0,2026.08.10 09:30:00
160,before_spike,2026-08-10 06:45:00+00:00,4325.25,4327.88,4324.56,4326.68,10.0,2026.08.10 09:45:00
160,spike,2026-08-10 07:00:00+00:00,4326.7,4332.73,4323.17,4332.7,8.0,2026.08.10 10:00:00
160,after_spike,2026-08-10 07:15:00+00:00,4332.34,4337.44,4330.84,4334.62,10.0,2026.08.10 10:15:00
160,signal,2026-08-10 07:30:00+00:00,4334.58,4336.26,4329.76,4332.18,8.0,2026.08.10 10:30:00
161,context,2026-08-10 09:00:00+00:00,4347.23,4350.01,4341.92,4347.24,8.0,2026.08.10 12:00:00
161,before_spike,2026-08-10 09:15:00+00:00,4347.15,4349.67,4342.66,4348.26,8.0,2026.08.10 12:15:00
161,spike,2026-08-10 09:30:00+00:00,4348.22,4355.85,4346.01,4355.2,8.0,2026.08.10 12:30:00
161,after_spike,2026-08-10 09:45:00+00:00,4355.21,4359.38,4355.02,4357.74,8.0,2026.08.10 12:45:00
161,signal,2026-08-10 10:00:00+00:00,4357.77,4358.42,4349.76,4350.87,8.0,2026.08.10 13:00:00
162,context,2026-08-10 18:15:00+00:00,4347.43,4352.82,4346.55,4349.72,8.0,2026.08.10 21:15:00
162,before_spike,2026-08-10 18:30:00+00:00,4349.91,4352.59,4348.54,4350.78,8.0,2026.08.10 21:30:00
162,spike,2026-08-10 18:45:00+00:00,4350.91,4360.35,4349.4,4359.18,8.0,2026.08.10 21:45:00
162,after_spike,2026-08-10 19:00:00+00:00,4359.27,4365.56,4357.63,4362.23,8.0,2026.08.10 22:00:00
162,signal,2026-08-10 19:15:00+00:00,4362.27,4365.4,4361.76,4363.57,8.0,2026.08.10 22:15:00
163,context,2026-08-11 08:00:00+00:00,4408.88,4409.01,4399.44,4402.09,8.0,2026.08.11 11:00:00
163,before_spike,2026-08-11 08:15:00+00:00,4402.07,4402.08,4390.96,4392.33,8.0,2026.08.11 11:15:00
163,spike,2026-08-11 08:30:00+00:00,4392.39,4392.39,4372.63,4377.11,8.0,2026.08.11 11:30:00
163,after_spike,2026-08-11 08:45:00+00:00,4377.08,4378.22,4367.54,4375.35,8.0,2026.08.11 11:45:00
163,signal,2026-08-11 09:00:00+00:00,4375.34,4382.52,4371.62,4372.8,8.0,2026.08.11 12:00:00
164,context,2026-08-12 01:15:00+00:00,4374.0,4377.08,4373.36,4376.64,19.0,2026.08.12 04:15:00
164,before_spike,2026-08-12 01:30:00+00:00,4376.61,4378.07,4375.25,4376.35,19.0,2026.08.12 04:30:00
164,spike,2026-08-12 01:45:00+00:00,4376.36,4378.41,4367.3,4368.86,19.0,2026.08.12 04:45:00
164,after_spike,2026-08-12 02:00:00+00:00,4368.94,4369.82,4362.54,4366.59,17.0,2026.08.12 05:00:00
164,signal,2026-08-12 02:15:00+00:00,4366.58,4374.55,4365.24,4372.64,11.0,2026.08.12 05:15:00
165,context,2026-08-12 02:30:00+00:00,4372.77,4372.84,4366.68,4367.92,11.0,2026.08.12 05:30:00
165,before_spike,2026-08-12 02:45:00+00:00,4367.91,4371.82,4367.91,4371.52,15.0,2026.08.12 05:45:00
165,spike,2026-08-12 03:00:00+00:00,4369.97,4379.99,4366.88,4379.25,14.0,2026.08.12 06:00:00
165,after_spike,2026-08-12 03:15:00+00:00,4379.22,4381.73,4374.74,4381.04,11.0,2026.08.12 06:15:00
165,signal,2026-08-12 03:30:00+00:00,4381.32,4383.68,4379.42,4382.84,11.0,2026.08.12 06:30:00
166,context,2026-08-12 04:30:00+00:00,4390.54,4393.19,4385.32,4393.11,12.0,2026.08.12 07:30:00
166,before_spike,2026-08-12 04:45:00+00:00,4393.07,4397.4,4391.14,4396.42,11.0,2026.08.12 07:45:00
166,spike,2026-08-12 05:00:00+00:00,4396.43,4404.74,4394.22,4401.86,14.0,2026.08.12 08:00:00
166,after_spike,2026-08-12 05:15:00+00:00,4401.76,4403.71,4399.44,4402.21,11.0,2026.08.12 08:15:00
166,signal,2026-08-12 05:30:00+00:00,4402.21,4408.22,4397.64,4405.57,11.0,2026.08.12 08:30:00
167,context,2026-08-13 07:30:00+00:00,4398.19,4399.53,4395.14,4395.86,12.0,2026.08.13 10:30:00
167,before_spike,2026-08-13 07:45:00+00:00,4395.82,4398.86,4395.32,4397.81,11.0,2026.08.13 10:45:00
167,spike,2026-08-13 08:00:00+00:00,4397.79,4404.72,4393.16,4404.41,12.0,2026.08.13 11:00:00
167,after_spike,2026-08-13 08:15:00+00:00,4404.44,4407.22,4400.92,4406.33,11.0,2026.08.13 11:15:00
167,signal,2026-08-13 08:30:00+00:00,4406.41,4407.03,4386.47,4387.84,11.0,2026.08.13 11:30:00
168,context,2026-08-14 10:00:00+00:00,4335.75,4337.04,4331.22,4331.26,8.0,2026.08.14 13:00:00
168,before_spike,2026-08-14 10:15:00+00:00,4331.25,4336.48,4329.71,4331.99,8.0,2026.08.14 13:15:00
168,spike,2026-08-14 10:30:00+00:00,4332.01,4340.17,4331.79,4339.72,8.0,2026.08.14 13:30:00
168,after_spike,2026-08-14 10:45:00+00:00,4339.73,4345.24,4339.52,4343.73,8.0,2026.08.14 13:45:00
168,signal,2026-08-14 11:00:00+00:00,4343.72,4348.02,4341.77,4347.48,8.0,2026.08.14 14:00:00
169,context,2026-08-17 11:00:00+00:00,4405.31,4405.31,4397.68,4402.77,8.0,2026.08.17 14:00:00
169,before_spike,2026-08-17 11:15:00+00:00,4402.78,4403.81,4400.49,4401.83,8.0,2026.08.17 14:15:00
169,spike,2026-08-17 11:30:00+00:00,4401.88,4402.19,4396.02,4396.32,8.0,2026.08.17 14:30:00
169,after_spike,2026-08-17 11:45:00+00:00,4396.31,4396.94,4392.57,4395.08,8.0,2026.08.17 14:45:00
169,signal,2026-08-17 12:00:00+00:00,4395.06,4400.64,4393.37,4399.15,8.0,2026.08.17 15:00:00
170,context,2026-08-18 01:45:00+00:00,4414.59,4416.25,4410.54,4411.86,13.0,2026.08.18 04:45:00
170,before_spike,2026-08-18 02:00:00+00:00,4411.81,4414.9,4409.72,4414.73,13.0,2026.08.18 05:00:00
170,spike,2026-08-18 02:15:00+00:00,4414.77,4421.84,4414.77,4420.31,13.0,2026.08.18 05:15:00
170,after_spike,2026-08-18 02:30:00+00:00,4420.31,4422.8,4420.0,4422.65,13.0,2026.08.18 05:30:00
170,signal,2026-08-18 02:45:00+00:00,4422.62,4426.09,4421.6,4425.94,11.0,2026.08.18 05:45:00
171,context,2026-08-18 04:00:00+00:00,4434.63,4436.09,4428.65,4429.34,16.0,2026.08.18 07:00:00
171,before_spike,2026-08-18 04:15:00+00:00,4429.3,4430.81,4420.29,4425.03,15.0,2026.08.18 07:15:00
171,spike,2026-08-18 04:30:00+00:00,4424.99,4426.18,4412.28,4412.28,15.0,2026.08.18 07:30:00
171,after_spike,2026-08-18 04:45:00+00:00,4412.1,4412.23,4404.25,4408.07,14.0,2026.08.18 07:45:00
171,signal,2026-08-18 05:00:00+00:00,4408.13,4408.17,4398.56,4401.03,12.0,2026.08.18 08:00:00
172,context,2026-08-18 18:15:00+00:00,4360.07,4365.37,4351.71,4354.23,8.0,2026.08.18 21:15:00
172,before_spike,2026-08-18 18:30:00+00:00,4354.3,4361.93,4353.87,4357.73,8.0,2026.08.18 21:30:00
172,spike,2026-08-18 18:45:00+00:00,4357.87,4365.83,4357.87,4364.14,8.0,2026.08.18 21:45:00
172,after_spike,2026-08-18 19:00:00+00:00,4364.05,4370.85,4364.05,4367.01,9.0,2026.08.18 22:00:00
172,signal,2026-08-18 19:15:00+00:00,4367.0,4368.88,4363.56,4364.26,9.0,2026.08.18 22:15:00
173,context,2026-08-18 20:00:00+00:00,4363.21,4366.41,4362.87,4366.23,8.0,2026.08.18 23:00:00
173,before_spike,2026-08-18 20:15:00+00:00,4366.24,4367.54,4362.45,4364.73,8.0,2026.08.18 23:15:00
173,spike,2026-08-18 20:30:00+00:00,4364.7,4365.4,4357.96,4358.0,8.0,2026.08.18 23:30:00
173,after_spike,2026-08-18 20:45:00+00:00,4357.94,4359.78,4356.3,4357.73,8.0,2026.08.18 23:45:00
173,signal,2026-08-18 21:00:00+00:00,4357.93,4357.93,4352.16,4357.05,8.0,2026.08.19 00:00:00
174,context,2026-08-19 15:00:00+00:00,4364.67,4370.67,4362.14,4368.39,8.0,2026.08.19 18:00:00
174,before_spike,2026-08-19 15:15:00+00:00,4368.37,4372.99,4366.02,4368.67,8.0,2026.08.19 18:15:00
174,spike,2026-08-19 15:30:00+00:00,4368.79,4420.79,4367.95,4417.17,8.0,2026.08.19 18:30:00
174,after_spike,2026-08-19 15:45:00+00:00,4417.7,4442.21,4411.0,4438.82,11.0,2026.08.19 18:45:00
174,signal,2026-08-19 16:00:00+00:00,4438.85,4460.82,4424.59,4456.3,8.0,2026.08.19 19:00:00
175,context,2026-08-19 21:30:00+00:00,4475.39,4492.17,4472.16,4490.99,8.0,2026.08.20 00:30:00
175,before_spike,2026-08-19 21:45:00+00:00,4490.97,4496.99,4490.04,4495.08,8.0,2026.08.20 00:45:00
175,spike,2026-08-19 22:00:00+00:00,4495.16,4505.77,4494.47,4503.3,8.0,2026.08.20 01:00:00
175,after_spike,2026-08-19 22:15:00+00:00,4503.32,4507.69,4502.66,4507.31,8.0,2026.08.20 01:15:00
175,signal,2026-08-19 22:30:00+00:00,4507.47,4510.68,4502.9,4507.08,8.0,2026.08.20 01:30:00
176,context,2026-08-20 06:45:00+00:00,4497.96,4500.9,4496.93,4498.78,13.0,2026.08.20 09:45:00
176,before_spike,2026-08-20 07:00:00+00:00,4498.82,4499.22,4494.88,4496.49,11.0,2026.08.20 10:00:00
176,spike,2026-08-20 07:15:00+00:00,4496.46,4497.21,4489.97,4490.25,11.0,2026.08.20 10:15:00
176,after_spike,2026-08-20 07:30:00+00:00,4490.31,4490.9,4486.38,4487.2,11.0,2026.08.20 10:30:00
176,signal,2026-08-20 07:45:00+00:00,4487.19,4491.52,4487.03,4488.55,11.0,2026.08.20 10:45:00
177,context,2026-08-20 08:30:00+00:00,4483.11,4486.06,4478.06,4480.68,17.0,2026.08.20 11:30:00
177,before_spike,2026-08-20 08:45:00+00:00,4480.69,4483.22,4477.96,4481.23,13.0,2026.08.20 11:45:00
177,spike,2026-08-20 09:00:00+00:00,4481.3,4493.42,4480.07,4492.94,10.0,2026.08.20 12:00:00
177,after_spike,2026-08-20 09:15:00+00:00,4492.9,4495.96,4491.94,4494.16,8.0,2026.08.20 12:15:00
177,signal,2026-08-20 09:30:00+00:00,4494.14,4495.31,4491.83,4492.48,9.0,2026.08.20 12:30:00
178,context,2026-08-21 10:45:00+00:00,4564.39,4568.01,4560.9,4564.25,8.0,2026.08.21 13:45:00
178,before_spike,2026-08-21 11:00:00+00:00,4564.24,4567.98,4559.23,4565.64,8.0,2026.08.21 14:00:00
178,spike,2026-08-21 11:15:00+00:00,4565.41,4581.84,4563.95,4579.37,8.0,2026.08.21 14:15:00
178,after_spike,2026-08-21 11:30:00+00:00,4579.39,4584.18,4576.49,4582.44,8.0,2026.08.21 14:30:00
178,signal,2026-08-21 11:45:00+00:00,4582.61,4584.97,4580.44,4583.99,8.0,2026.08.21 14:45:00
179,context,2026-08-21 20:30:00+00:00,4622.81,4625.11,4619.39,4619.64,8.0,2026.08.21 23:30:00
179,before_spike,2026-08-21 20:45:00+00:00,4619.7,4622.49,4616.97,4620.01,8.0,2026.08.21 23:45:00
179,spike,2026-08-21 21:00:00+00:00,4620.13,4627.49,4619.82,4623.73,8.0,2026.08.22 00:00:00
179,after_spike,2026-08-21 21:15:00+00:00,4623.75,4626.82,4623.67,4624.34,9.0,2026.08.22 00:15:00
179,signal,2026-08-21 21:30:00+00:00,4624.15,4624.33,4618.78,4620.42,8.0,2026.08.22 00:30:00
180,context,2026-08-24 03:15:00+00:00,4637.37,4640.44,4594.76,4604.69,17.0,2026.08.24 06:15:00
180,before_spike,2026-08-24 03:30:00+00:00,4604.68,4608.55,4601.03,4607.06,11.0,2026.08.24 06:30:00
180,spike,2026-08-24 03:45:00+00:00,4607.07,4623.16,4603.92,4621.84,15.0,2026.08.24 06:45:00
180,after_spike,2026-08-24 04:00:00+00:00,4621.85,4635.16,4618.91,4622.12,14.0,2026.08.24 07:00:00
180,signal,2026-08-24 04:15:00+00:00,4622.13,4625.67,4611.18,4614.67,15.0,2026.08.24 07:15:00
181,context,2026-08-24 12:15:00+00:00,4641.92,4642.02,4634.95,4635.87,8.0,2026.08.24 15:15:00
181,before_spike,2026-08-24 12:30:00+00:00,4635.88,4640.65,4633.02,4639.33,8.0,2026.08.24 15:30:00
181,spike,2026-08-24 12:45:00+00:00,4639.24,4646.04,4638.95,4645.97,8.0,2026.08.24 15:45:00
181,after_spike,2026-08-24 13:00:00+00:00,4645.95,4650.06,4645.5,4648.11,9.0,2026.08.24 16:00:00
181,signal,2026-08-24 13:15:00+00:00,4648.14,4648.59,4642.43,4643.11,8.0,2026.08.24 16:15:00
182,context,2026-08-24 22:00:00+00:00,4636.58,4641.45,4635.85,4636.71,8.0,2026.08.25 01:00:00
182,before_spike,2026-08-24 22:15:00+00:00,4636.69,4645.31,4636.34,4641.5,8.0,2026.08.25 01:15:00
182,spike,2026-08-24 22:30:00+00:00,4641.43,4651.49,4640.22,4650.76,8.0,2026.08.25 01:30:00
182,after_spike,2026-08-24 22:45:00+00:00,4650.77,4656.63,4650.61,4652.33,8.0,2026.08.25 01:45:00
182,signal,2026-08-24 23:00:00+00:00,4652.51,4656.01,4651.07,4651.36,8.0,2026.08.25 02:00:00
183,context,2026-08-25 18:30:00+00:00,4639.84,4659.43,4639.83,4656.22,9.0,2026.08.25 21:30:00
183,before_spike,2026-08-25 18:45:00+00:00,4656.2,4657.24,4648.95,4652.65,8.0,2026.08.25 21:45:00
183,spike,2026-08-25 19:00:00+00:00,4652.65,4653.31,4642.8,4644.77,8.0,2026.08.25 22:00:00
183,after_spike,2026-08-25 19:15:00+00:00,4644.76,4647.24,4637.97,4640.72,8.0,2026.08.25 22:15:00
183,signal,2026-08-25 19:30:00+00:00,4640.73,4645.76,4637.44,4644.55,8.0,2026.08.25 22:30:00
184,context,2026-08-26 04:15:00+00:00,4644.9,4651.13,4644.2,4644.34,16.0,2026.08.26 07:15:00
184,before_spike,2026-08-26 04:30:00+00:00,4644.33,4647.88,4639.88,4645.51,15.0,2026.08.26 07:30:00
184,spike,2026-08-26 04:45:00+00:00,4645.52,4661.67,4643.88,4657.83,11.0,2026.08.26 07:45:00
184,after_spike,2026-08-26 05:00:00+00:00,4657.84,4662.53,4655.76,4660.95,11.0,2026.08.26 08:00:00
184,signal,2026-08-26 05:15:00+00:00,4660.97,4662.5,4657.0,4659.79,11.0,2026.08.26 08:15:00
185,context,2026-08-27 04:15:00+00:00,4624.92,4625.3,4617.17,4618.91,16.0,2026.08.27 07:15:00
185,before_spike,2026-08-27 04:30:00+00:00,4618.9,4631.66,4618.13,4624.11,17.0,2026.08.27 07:30:00
185,spike,2026-08-27 04:45:00+00:00,4624.17,4640.99,4623.95,4640.27,11.0,2026.08.27 07:45:00
185,after_spike,2026-08-27 05:00:00+00:00,4640.29,4643.27,4638.36,4640.85,11.0,2026.08.27 08:00:00
185,signal,2026-08-27 05:15:00+00:00,4640.79,4640.86,4632.95,4633.43,14.0,2026.08.27 08:15:00
186,context,2026-08-27 05:30:00+00:00,4633.37,4634.04,4623.83,4627.53,14.0,2026.08.27 08:30:00
186,before_spike,2026-08-27 05:45:00+00:00,4627.48,4631.57,4624.57,4629.88,11.0,2026.08.27 08:45:00
186,spike,2026-08-27 06:00:00+00:00,4629.83,4635.35,4628.59,4634.45,11.0,2026.08.27 09:00:00
186,after_spike,2026-08-27 06:15:00+00:00,4634.5,4638.84,4633.22,4635.31,11.0,2026.08.27 09:15:00
186,signal,2026-08-27 06:30:00+00:00,4635.35,4635.59,4628.81,4629.29,12.0,2026.08.27 09:30:00
187,context,2026-08-27 06:45:00+00:00,4629.31,4629.61,4624.4,4625.45,14.0,2026.08.27 09:45:00
187,before_spike,2026-08-27 07:00:00+00:00,4625.52,4627.26,4624.42,4625.37,11.0,2026.08.27 10:00:00
187,spike,2026-08-27 07:15:00+00:00,4625.39,4626.98,4620.55,4620.77,11.0,2026.08.27 10:15:00
187,after_spike,2026-08-27 07:30:00+00:00,4620.76,4620.84,4617.26,4619.28,11.0,2026.08.27 10:30:00
187,signal,2026-08-27 07:45:00+00:00,4619.17,4620.63,4617.7,4618.76,11.0,2026.08.27 10:45:00
188,context,2026-08-28 08:30:00+00:00,4584.07,4584.07,4571.68,4572.74,17.0,2026.08.28 11:30:00
188,before_spike,2026-08-28 08:45:00+00:00,4572.76,4577.37,4571.74,4573.29,16.0,2026.08.28 11:45:00
188,spike,2026-08-28 09:00:00+00:00,4573.3,4583.52,4572.43,4581.89,12.0,2026.08.28 12:00:00
188,after_spike,2026-08-28 09:15:00+00:00,4581.87,4585.56,4580.75,4584.97,13.0,2026.08.28 12:15:00
188,signal,2026-08-28 09:30:00+00:00,4584.99,4588.49,4582.91,4588.32,13.0,2026.08.28 12:30:00
189,context,2026-08-28 11:00:00+00:00,4611.84,4614.63,4610.0,4611.76,12.0,2026.08.28 14:00:00
189,before_spike,2026-08-28 11:15:00+00:00,4611.77,4612.39,4608.16,4609.07,11.0,2026.08.28 14:15:00
189,spike,2026-08-28 11:30:00+00:00,4609.06,4611.49,4603.4,4603.69,9.0,2026.08.28 14:30:00
189,after_spike,2026-08-28 11:45:00+00:00,4603.67,4606.2,4601.18,4602.91,8.0,2026.08.28 14:45:00
189,signal,2026-08-28 12:00:00+00:00,4602.9,4604.31,4600.79,4601.7,8.0,2026.08.28 15:00:00
190,context,2026-08-28 18:30:00+00:00,4566.73,4567.54,4533.61,4538.06,8.0,2026.08.28 21:30:00
190,before_spike,2026-08-28 18:45:00+00:00,4538.5,4545.44,4524.52,4524.75,8.0,2026.08.28 21:45:00
190,spike,2026-08-28 19:00:00+00:00,4524.85,4529.19,4497.49,4498.09,8.0,2026.08.28 22:00:00
190,after_spike,2026-08-28 19:15:00+00:00,4498.06,4503.57,4464.5,4480.31,8.0,2026.08.28 22:15:00
190,signal,2026-08-28 19:30:00+00:00,4480.25,4487.35,4466.34,4468.76,8.0,2026.08.28 22:30:00
191,context,2026-09-01 01:30:00+00:00,4449.89,4451.25,4447.35,4447.95,15.0,2026.09.01 04:30:00
191,before_spike,2026-09-01 01:45:00+00:00,4447.94,4448.29,4445.67,4447.0,14.0,2026.09.01 04:45:00
191,spike,2026-09-01 02:00:00+00:00,4447.02,4447.24,4443.93,4444.17,11.0,2026.09.01 05:00:00
191,after_spike,2026-09-01 02:15:00+00:00,4444.18,4444.37,4441.87,4443.33,11.0,2026.09.01 05:15:00
191,signal,2026-09-01 02:30:00+00:00,4443.36,4447.91,4443.22,4445.77,11.0,2026.09.01 05:30:00
192,context,2026-09-01 06:30:00+00:00,4434.04,4438.81,4433.42,4438.55,11.0,2026.09.01 09:30:00
192,before_spike,2026-09-01 06:45:00+00:00,4438.51,4443.25,4436.77,4436.77,11.0,2026.09.01 09:45:00
192,spike,2026-09-01 07:00:00+00:00,4436.7,4437.67,4430.19,4431.13,11.0,2026.09.01 10:00:00
192,after_spike,2026-09-01 07:15:00+00:00,4431.12,4433.67,4429.62,4429.69,11.0,2026.09.01 10:15:00
192,signal,2026-09-01 07:30:00+00:00,4429.67,4430.51,4426.75,4427.78,11.0,2026.09.01 10:30:00
193,context,2026-09-01 08:30:00+00:00,4426.83,4443.57,4424.16,4442.82,17.0,2026.09.01 11:30:00
193,before_spike,2026-09-01 08:45:00+00:00,4442.74,4446.02,4440.09,4440.13,12.0,2026.09.01 11:45:00
193,spike,2026-09-01 09:00:00+00:00,4440.14,4440.58,4431.87,4432.93,9.0,2026.09.01 12:00:00
193,after_spike,2026-09-01 09:15:00+00:00,4432.94,4435.03,4427.71,4429.0,8.0,2026.09.01 12:15:00
193,signal,2026-09-01 09:30:00+00:00,4429.02,4435.22,4428.5,4434.86,8.0,2026.09.01 12:30:00
194,context,2026-09-01 10:45:00+00:00,4418.21,4423.26,4416.98,4420.18,8.0,2026.09.01 13:45:00
194,before_spike,2026-09-01 11:00:00+00:00,4420.19,4420.19,4389.61,4405.49,11.0,2026.09.01 14:00:00
194,spike,2026-09-01 11:15:00+00:00,4405.5,4405.77,4381.85,4383.28,11.0,2026.09.01 14:15:00
194,after_spike,2026-09-01 11:30:00+00:00,4383.16,4383.8,4370.07,4375.57,8.0,2026.09.01 14:30:00
194,signal,2026-09-01 11:45:00+00:00,4375.64,4378.52,4369.47,4370.79,8.0,2026.09.01 14:45:00
195,context,2026-09-01 16:00:00+00:00,4356.29,4357.5,4326.25,4329.61,11.0,2026.09.01 19:00:00
195,before_spike,2026-09-01 16:15:00+00:00,4329.57,4343.8,4326.35,4342.17,8.0,2026.09.01 19:15:00
195,spike,2026-09-01 16:30:00+00:00,4342.37,4362.29,4340.52,4362.01,8.0,2026.09.01 19:30:00
195,after_spike,2026-09-01 16:45:00+00:00,4361.87,4367.13,4354.28,4365.7,8.0,2026.09.01 19:45:00
195,signal,2026-09-01 17:00:00+00:00,4364.91,4370.55,4353.47,4369.37,8.0,2026.09.01 20:00:00
196,context,2026-09-02 20:00:00+00:00,4369.03,4371.81,4367.6,4369.18,8.0,2026.09.02 23:00:00
196,before_spike,2026-09-02 20:15:00+00:00,4369.17,4370.62,4364.77,4370.56,8.0,2026.09.02 23:15:00
196,spike,2026-09-02 20:30:00+00:00,4370.53,4377.66,4366.55,4376.52,8.0,2026.09.02 23:30:00
196,after_spike,2026-09-02 20:45:00+00:00,4376.48,4380.68,4375.41,4376.94,8.0,2026.09.02 23:45:00
196,signal,2026-09-02 21:00:00+00:00,4376.95,4377.56,4370.23,4370.25,8.0,2026.09.03 00:00:00
197,context,2026-09-02 22:00:00+00:00,4374.11,4380.24,4371.77,4379.18,8.0,2026.09.03 01:00:00
197,before_spike,2026-09-02 22:15:00+00:00,4379.2,4383.08,4378.23,4381.14,8.0,2026.09.03 01:15:00
197,spike,2026-09-02 22:30:00+00:00,4381.11,4388.65,4381.11,4388.01,8.0,2026.09.03 01:30:00
197,after_spike,2026-09-02 22:45:00+00:00,4388.0,4391.2,4384.97,4391.01,8.0,2026.09.03 01:45:00
197,signal,2026-09-02 23:00:00+00:00,4391.09,4391.47,4385.93,4385.98,8.0,2026.09.03 02:00:00
198,context,2026-09-03 01:00:00+00:00,4386.47,4393.29,4386.42,4390.05,17.0,2026.09.03 04:00:00
198,before_spike,2026-09-03 01:15:00+00:00,4390.02,4390.87,4387.97,4389.81,17.0,2026.09.03 04:15:00
198,spike,2026-09-03 01:30:00+00:00,4389.79,4389.82,4384.94,4385.0,16.0,2026.09.03 04:30:00
198,after_spike,2026-09-03 01:45:00+00:00,4385.11,4385.3,4383.57,4384.66,11.0,2026.09.03 04:45:00
198,signal,2026-09-03 02:00:00+00:00,4384.7,4386.74,4383.91,4383.96,14.0,2026.09.03 05:00:00
199,context,2026-09-03 07:30:00+00:00,4436.64,4438.37,4435.58,4438.05,11.0,2026.09.03 10:30:00
199,before_spike,2026-09-03 07:45:00+00:00,4438.06,4438.35,4434.09,4437.41,14.0,2026.09.03 10:45:00
199,spike,2026-09-03 08:00:00+00:00,4437.34,4440.19,4429.0,4429.67,17.0,2026.09.03 11:00:00
199,after_spike,2026-09-03 08:15:00+00:00,4429.73,4430.84,4422.78,4424.96,17.0,2026.09.03 11:15:00
199,signal,2026-09-03 08:30:00+00:00,4425.05,4432.56,4422.59,4432.26,17.0,2026.09.03 11:30:00
200,context,2026-09-03 12:00:00+00:00,4434.97,4441.99,4434.19,4438.26,8.0,2026.09.03 15:00:00
200,before_spike,2026-09-03 12:15:00+00:00,4438.25,4438.31,4432.22,4435.28,8.0,2026.09.03 15:15:00
200,spike,2026-09-03 12:30:00+00:00,4435.24,4437.69,4429.86,4430.04,8.0,2026.09.03 15:30:00
200,after_spike,2026-09-03 12:45:00+00:00,4430.02,4430.6,4426.06,4427.76,8.0,2026.09.03 15:45:00
200,signal,2026-09-03 13:00:00+00:00,4427.77,4430.23,4423.41,4424.76,8.0,2026.09.03 16:00:00
201,context,2026-09-04 09:00:00+00:00,4472.06,4473.38,4466.71,4468.94,8.0,2026.09.04 12:00:00
201,before_spike,2026-09-04 09:15:00+00:00,4468.95,4471.86,4466.77,4468.91,8.0,2026.09.04 12:15:00
201,spike,2026-09-04 09:30:00+00:00,4468.9,4469.78,4463.18,4464.25,8.0,2026.09.04 12:30:00
201,after_spike,2026-09-04 09:45:00+00:00,4464.16,4464.46,4460.26,4462.98,8.0,2026.09.04 12:45:00
201,signal,2026-09-04 10:00:00+00:00,4463.0,4471.2,4461.67,4467.88,8.0,2026.09.04 13:00:00
202,context,2026-09-04 15:45:00+00:00,4394.05,4409.91,4381.1,4394.01,13.0,2026.09.04 18:45:00
202,before_spike,2026-09-04 16:00:00+00:00,4394.13,4394.77,4366.53,4394.33,12.0,2026.09.04 19:00:00
202,spike,2026-09-04 16:15:00+00:00,4394.3,4414.58,4391.51,4412.9,12.0,2026.09.04 19:15:00
202,after_spike,2026-09-04 16:30:00+00:00,4412.76,4424.16,4405.37,4423.97,13.0,2026.09.04 19:30:00
202,signal,2026-09-04 16:45:00+00:00,4423.92,4434.72,4413.3,4413.56,8.0,2026.09.04 19:45:00
203,context,2026-09-04 20:00:00+00:00,4436.42,4436.58,4430.05,4434.16,8.0,2026.09.04 23:00:00
203,before_spike,2026-09-04 20:15:00+00:00,4434.1,4440.39,4427.53,4428.58,8.0,2026.09.04 23:15:00
203,spike,2026-09-04 20:30:00+00:00,4428.69,4429.81,4416.48,4417.12,8.0,2026.09.04 23:30:00
203,after_spike,2026-09-04 20:45:00+00:00,4417.26,4421.38,4415.65,4416.58,8.0,2026.09.04 23:45:00
203,signal,2026-09-04 21:00:00+00:00,4416.6,4419.79,4411.97,4419.52,8.0,2026.09.05 00:00:00
204,context,2026-09-08 06:15:00+00:00,4429.64,4440.02,4428.74,4432.01,12.0,2026.09.08 09:15:00
204,before_spike,2026-09-08 06:30:00+00:00,4432.07,4435.02,4430.63,4432.62,12.0,2026.09.08 09:30:00
204,spike,2026-09-08 06:45:00+00:00,4432.61,4438.81,4432.46,4437.84,14.0,2026.09.08 09:45:00
204,after_spike,2026-09-08 07:00:00+00:00,4437.82,4442.94,4437.82,4439.28,11.0,2026.09.08 10:00:00
204,signal,2026-09-08 07:15:00+00:00,4439.26,4440.7,4431.67,4432.57,11.0,2026.09.08 10:15:00
205,context,2026-09-08 10:00:00+00:00,4404.05,4409.77,4402.77,4403.41,8.0,2026.09.08 13:00:00
205,before_spike,2026-09-08 10:15:00+00:00,4403.32,4404.51,4400.65,4401.94,8.0,2026.09.08 13:15:00
205,spike,2026-09-08 10:30:00+00:00,4401.95,4405.73,4391.53,4395.87,8.0,2026.09.08 13:30:00
205,after_spike,2026-09-08 10:45:00+00:00,4395.84,4397.63,4390.2,4392.39,8.0,2026.09.08 13:45:00
205,signal,2026-09-08 11:00:00+00:00,4392.4,4396.14,4388.4,4390.98,8.0,2026.09.08 14:00:00
206,context,2026-09-09 09:30:00+00:00,4398.33,4406.01,4397.15,4400.42,8.0,2026.09.09 12:30:00
206,before_spike,2026-09-09 09:45:00+00:00,4400.41,4401.61,4398.88,4400.66,8.0,2026.09.09 12:45:00
206,spike,2026-09-09 10:00:00+00:00,4400.64,4407.73,4399.31,4406.57,8.0,2026.09.09 13:00:00
206,after_spike,2026-09-09 10:15:00+00:00,4406.37,4408.67,4403.01,4407.75,8.0,2026.09.09 13:15:00
206,signal,2026-09-09 10:30:00+00:00,4407.73,4410.49,4406.54,4410.33,8.0,2026.09.09 13:30:00
207,context,2026-09-10 08:00:00+00:00,4408.54,4418.93,4408.24,4418.93,11.0,2026.09.10 11:00:00
207,before_spike,2026-09-10 08:15:00+00:00,4418.93,4420.7,4417.12,4420.7,11.0,2026.09.10 11:15:00
207,spike,2026-09-10 08:30:00+00:00,4420.79,4429.59,4417.55,4428.3,16.0,2026.09.10 11:30:00
207,after_spike,2026-09-10 08:45:00+00:00,4428.24,4431.26,4423.86,4431.08,11.0,2026.09.10 11:45:00
207,signal,2026-09-10 09:00:00+00:00,4431.19,4434.35,4416.04,4416.29,14.0,2026.09.10 12:00:00
208,context,2026-09-10 09:30:00+00:00,4417.56,4426.98,4413.31,4426.7,9.0,2026.09.10 12:30:00
208,before_spike,2026-09-10 09:45:00+00:00,4426.74,4428.86,4423.75,4425.32,8.0,2026.09.10 12:45:00
208,spike,2026-09-10 10:00:00+00:00,4425.31,4425.49,4413.2,4413.34,8.0,2026.09.10 13:00:00
208,after_spike,2026-09-10 10:15:00+00:00,4413.35,4415.07,4408.06,4408.39,8.0,2026.09.10 13:15:00
208,signal,2026-09-10 10:30:00+00:00,4408.55,4410.73,4404.14,4409.72,8.0,2026.09.10 13:30:00
209,context,2026-09-10 13:00:00+00:00,4394.02,4400.03,4390.02,4395.21,8.0,2026.09.10 16:00:00
209,before_spike,2026-09-10 13:15:00+00:00,4395.19,4400.18,4393.78,4394.14,9.0,2026.09.10 16:15:00
209,spike,2026-09-10 13:30:00+00:00,4394.12,4394.7,4377.92,4383.83,10.0,2026.09.10 16:30:00
209,after_spike,2026-09-10 13:45:00+00:00,4383.55,4387.64,4375.26,4378.86,9.0,2026.09.10 16:45:00
209,signal,2026-09-10 14:00:00+00:00,4378.84,4384.5,4375.37,4383.49,8.0,2026.09.10 17:00:00
210,context,2026-09-10 15:00:00+00:00,4374.57,4377.87,4369.9,4375.05,12.0,2026.09.10 18:00:00
210,before_spike,2026-09-10 15:15:00+00:00,4375.05,4377.1,4361.92,4363.42,8.0,2026.09.10 18:15:00
210,spike,2026-09-10 15:30:00+00:00,4363.93,4372.31,4324.0,4341.59,8.0,2026.09.10 18:30:00
210,after_spike,2026-09-10 15:45:00+00:00,4341.61,4355.78,4337.39,4340.51,9.0,2026.09.10 18:45:00
210,signal,2026-09-10 16:00:00+00:00,4340.05,4355.36,4339.87,4344.15,8.0,2026.09.10 19:00:00
211,context,2026-09-10 20:30:00+00:00,4365.83,4366.29,4355.38,4359.44,9.0,2026.09.10 23:30:00
211,before_spike,2026-09-10 20:45:00+00:00,4359.46,4360.29,4351.23,4352.64,8.0,2026.09.10 23:45:00
211,spike,2026-09-10 21:00:00+00:00,4352.82,4356.03,4340.44,4340.89,15.0,2026.09.11 00:00:00
211,after_spike,2026-09-10 21:15:00+00:00,4340.86,4346.34,4337.72,4339.11,9.0,2026.09.11 00:15:00
211,signal,2026-09-10 21:30:00+00:00,4339.06,4339.16,4332.66,4334.1,8.0,2026.09.11 00:30:00
212,context,2026-09-10 22:45:00+00:00,4324.39,4326.01,4320.05,4324.4,8.0,2026.09.11 01:45:00
212,before_spike,2026-09-10 23:00:00+00:00,4324.42,4324.42,4319.98,4323.01,9.0,2026.09.11 02:00:00
212,spike,2026-09-10 23:15:00+00:00,4323.03,4323.08,4316.37,4318.83,9.0,2026.09.11 02:15:00
212,after_spike,2026-09-10 23:30:00+00:00,4318.61,4318.61,4315.82,4317.99,13.0,2026.09.11 02:30:00
212,signal,2026-09-10 23:45:00+00:00,4318.01,4318.93,4314.59,4317.06,19.0,2026.09.11 02:45:00
213,context,2026-09-11 05:45:00+00:00,4318.83,4326.76,4315.95,4322.73,11.0,2026.09.11 08:45:00
213,before_spike,2026-09-11 06:00:00+00:00,4322.7,4326.43,4314.57,4319.58,11.0,2026.09.11 09:00:00
213,spike,2026-09-11 06:15:00+00:00,4319.57,4321.49,4304.38,4309.33,11.0,2026.09.11 09:15:00
213,after_spike,2026-09-11 06:30:00+00:00,4309.24,4312.51,4306.53,4308.27,11.0,2026.09.11 09:30:00
213,signal,2026-09-11 06:45:00+00:00,4308.28,4308.37,4300.83,4303.83,11.0,2026.09.11 09:45:00
214,context,2026-09-11 09:45:00+00:00,4350.71,4355.36,4349.57,4353.01,10.0,2026.09.11 12:45:00
214,before_spike,2026-09-11 10:00:00+00:00,4352.98,4356.05,4350.15,4351.54,10.0,2026.09.11 13:00:00
214,spike,2026-09-11 10:15:00+00:00,4351.48,4352.48,4346.11,4346.4,10.0,2026.09.11 13:15:00
214,after_spike,2026-09-11 10:30:00+00:00,4346.36,4347.76,4343.23,4345.09,10.0,2026.09.11 13:30:00
214,signal,2026-09-11 10:45:00+00:00,4345.02,4345.15,4340.61,4344.9,10.0,2026.09.11 13:45:00
215,context,2026-09-11 10:45:00+00:00,4345.02,4345.15,4340.61,4344.9,10.0,2026.09.11 13:45:00
215,before_spike,2026-09-11 11:00:00+00:00,4344.91,4349.4,4342.4,4347.39,11.0,2026.09.11 14:00:00
215,spike,2026-09-11 11:15:00+00:00,4347.43,4357.39,4343.77,4351.66,10.0,2026.09.11 14:15:00
215,after_spike,2026-09-11 11:30:00+00:00,4351.57,4356.69,4351.28,4352.65,12.0,2026.09.11 14:30:00
215,signal,2026-09-11 11:45:00+00:00,4352.79,4355.05,4345.63,4346.97,11.0,2026.09.11 14:45:00
216,context,2026-09-11 15:15:00+00:00,4327.92,4343.29,4327.61,4341.31,8.0,2026.09.11 18:15:00
216,before_spike,2026-09-11 15:30:00+00:00,4341.37,4362.39,4292.26,4353.99,8.0,2026.09.11 18:30:00
216,spike,2026-09-11 15:45:00+00:00,4353.89,4390.06,4352.62,4388.8,12.0,2026.09.11 18:45:00
216,after_spike,2026-09-11 16:00:00+00:00,4388.68,4394.35,4380.7,4389.46,13.0,2026.09.11 19:00:00
216,signal,2026-09-11 16:15:00+00:00,4389.43,4398.55,4380.59,4390.14,12.0,2026.09.11 19:15:00
217,context,2026-09-14 11:45:00+00:00,4311.74,4313.32,4303.29,4306.6,8.0,2026.09.14 14:45:00
217,before_spike,2026-09-14 12:00:00+00:00,4306.63,4311.65,4305.04,4305.87,8.0,2026.09.14 15:00:00
217,spike,2026-09-14 12:15:00+00:00,4305.78,4306.0,4280.56,4287.99,8.0,2026.09.14 15:15:00
217,after_spike,2026-09-14 12:30:00+00:00,4287.94,4289.67,4279.38,4281.45,9.0,2026.09.14 15:30:00
217,signal,2026-09-14 12:45:00+00:00,4281.44,4288.29,4278.76,4285.73,8.0,2026.09.14 15:45:00
218,context,2026-09-15 03:30:00+00:00,4287.89,4292.83,4283.13,4292.42,13.0,2026.09.15 06:30:00
218,before_spike,2026-09-15 03:45:00+00:00,4292.48,4296.34,4291.63,4292.79,13.0,2026.09.15 06:45:00
218,spike,2026-09-15 04:00:00+00:00,4292.95,4299.67,4287.72,4299.56,19.0,2026.09.15 07:00:00
218,after_spike,2026-09-15 04:15:00+00:00,4299.52,4305.53,4298.81,4301.53,17.0,2026.09.15 07:15:00
218,signal,2026-09-15 04:30:00+00:00,4301.67,4305.92,4295.19,4298.62,16.0,2026.09.15 07:30:00
219,context,2026-09-15 13:15:00+00:00,4273.15,4274.67,4270.0,4274.49,8.0,2026.09.15 16:15:00
219,before_spike,2026-09-15 13:30:00+00:00,4274.51,4277.36,4273.69,4274.96,9.0,2026.09.15 16:30:00
219,spike,2026-09-15 13:45:00+00:00,4274.95,4283.86,4274.72,4281.76,8.0,2026.09.15 16:45:00
219,after_spike,2026-09-15 14:00:00+00:00,4281.64,4283.89,4278.71,4283.67,8.0,2026.09.15 17:00:00
219,signal,2026-09-15 14:15:00+00:00,4283.71,4285.59,4282.56,4283.42,8.0,2026.09.15 17:15:00
220,context,2026-09-15 16:45:00+00:00,4289.57,4298.42,4288.35,4294.84,8.0,2026.09.15 19:45:00
220,before_spike,2026-09-15 17:00:00+00:00,4294.88,4299.68,4293.45,4294.55,9.0,2026.09.15 20:00:00
220,spike,2026-09-15 17:15:00+00:00,4294.66,4295.63,4283.13,4284.13,10.0,2026.09.15 20:15:00
220,after_spike,2026-09-15 17:30:00+00:00,4284.04,4285.98,4275.67,4278.22,8.0,2026.09.15 20:30:00
220,signal,2026-09-15 17:45:00+00:00,4278.19,4282.95,4274.6,4277.2,8.0,2026.09.15 20:45:00
221,context,2026-09-15 20:30:00+00:00,4293.4,4299.03,4292.39,4293.32,8.0,2026.09.15 23:30:00
221,before_spike,2026-09-15 20:45:00+00:00,4293.3,4296.24,4293.23,4294.84,8.0,2026.09.15 23:45:00
221,spike,2026-09-15 21:00:00+00:00,4294.95,4304.55,4292.98,4302.55,8.0,2026.09.16 00:00:00
221,after_spike,2026-09-15 21:15:00+00:00,4302.73,4307.09,4302.41,4305.22,11.0,2026.09.16 00:15:00
221,signal,2026-09-15 21:30:00+00:00,4305.2,4308.36,4302.13,4304.82,8.0,2026.09.16 00:30:00
222,context,2026-09-16 09:15:00+00:00,4325.83,4330.21,4324.96,4327.01,8.0,2026.09.16 12:15:00
222,before_spike,2026-09-16 09:30:00+00:00,4326.92,4328.29,4323.8,4328.07,8.0,2026.09.16 12:30:00
222,spike,2026-09-16 09:45:00+00:00,4327.97,4333.12,4325.38,4332.95,8.0,2026.09.16 12:45:00
222,after_spike,2026-09-16 10:00:00+00:00,4332.96,4335.85,4330.12,4335.46,8.0,2026.09.16 13:00:00
222,signal,2026-09-16 10:15:00+00:00,4335.43,4337.59,4332.19,4335.65,8.0,2026.09.16 13:15:00
223,context,2026-09-16 16:00:00+00:00,4347.62,4357.22,4343.84,4356.57,10.0,2026.09.16 19:00:00
223,before_spike,2026-09-16 16:15:00+00:00,4356.6,4360.5,4349.56,4352.15,8.0,2026.09.16 19:15:00
223,spike,2026-09-16 16:30:00+00:00,4352.1,4354.25,4340.42,4340.56,8.0,2026.09.16 19:30:00
223,after_spike,2026-09-16 16:45:00+00:00,4340.55,4346.6,4335.19,4338.71,8.0,2026.09.16 19:45:00
223,signal,2026-09-16 17:00:00+00:00,4338.72,4340.12,4324.27,4340.07,8.0,2026.09.16 20:00:00
224,context,2026-09-17 06:00:00+00:00,4277.22,4286.53,4277.1,4285.08,9.0,2026.09.17 09:00:00
224,before_spike,2026-09-17 06:15:00+00:00,4285.11,4286.95,4283.19,4285.96,12.0,2026.09.17 09:15:00
224,spike,2026-09-17 06:30:00+00:00,4285.97,4296.31,4285.72,4295.89,13.0,2026.09.17 09:30:00
224,after_spike,2026-09-17 06:45:00+00:00,4295.88,4297.37,4293.82,4296.05,11.0,2026.09.17 09:45:00
224,signal,2026-09-17 07:00:00+00:00,4296.06,4296.55,4292.92,4293.78,11.0,2026.09.17 10:00:00
